"path","status","category","rationale","presentInPreSealBaseline","acceptedCommitCandidate"
"apps/api/src/server.ts","M","A. ACCEPTED_CORE_IMPLEMENTATION","Production dependency in the accepted compact-ingestion/selection implementation and provenance fingerprint.","True","True"
"apps/api/src/structures/compactCanonical.ts","??","A. ACCEPTED_CORE_IMPLEMENTATION","Production dependency in the accepted compact-ingestion/selection implementation and provenance fingerprint.","True","True"
"apps/api/src/structures/ingestion.ts","M","A. ACCEPTED_CORE_IMPLEMENTATION","Production dependency in the accepted compact-ingestion/selection implementation and provenance fingerprint.","True","True"
"apps/api/src/structures/ingestionProfiler.ts","??","A. ACCEPTED_CORE_IMPLEMENTATION","Production dependency in the accepted compact-ingestion/selection implementation and provenance fingerprint.","True","True"
"apps/web/src/App.tsx","M","A. ACCEPTED_CORE_IMPLEMENTATION","Production dependency in the accepted compact-ingestion/selection implementation and provenance fingerprint.","True","True"
"apps/web/src/components/ConsolePanel.tsx","M","A. ACCEPTED_CORE_IMPLEMENTATION","Production dependency in the accepted compact-ingestion/selection implementation and provenance fingerprint.","True","True"
"apps/web/src/components/InspectorPanel.tsx","M","A. ACCEPTED_CORE_IMPLEMENTATION","Production dependency in the accepted compact-ingestion/selection implementation and provenance fingerprint.","True","True"
"apps/web/src/components/MolecularCanvas.tsx","M","A. ACCEPTED_CORE_IMPLEMENTATION","Production dependency in the accepted compact-ingestion/selection implementation and provenance fingerprint.","True","True"
"apps/web/src/components/StatusBar.tsx","M","A. ACCEPTED_CORE_IMPLEMENTATION","Production dependency in the accepted compact-ingestion/selection implementation and provenance fingerprint.","True","True"
"apps/web/src/components/StructurePanel.tsx","M","A. ACCEPTED_CORE_IMPLEMENTATION","Production dependency in the accepted compact-ingestion/selection implementation and provenance fingerprint.","True","True"
"apps/web/src/editing/editFoundation.ts","M","A. ACCEPTED_CORE_IMPLEMENTATION","Production dependency in the accepted compact-ingestion/selection implementation and provenance fingerprint.","True","True"
"apps/web/src/interaction/picking.ts","M","A. ACCEPTED_CORE_IMPLEMENTATION","Production dependency in the accepted compact-ingestion/selection implementation and provenance fingerprint.","True","True"
"apps/web/src/lib/apiClient.ts","M","A. ACCEPTED_CORE_IMPLEMENTATION","Production dependency in the accepted compact-ingestion/selection implementation and provenance fingerprint.","True","True"
"apps/web/src/rendering/presentationState.ts","M","A. ACCEPTED_CORE_IMPLEMENTATION","Production dependency in the accepted compact-ingestion/selection implementation and provenance fingerprint.","True","True"
"apps/web/src/rendering/styleProfiles.ts","M","A. ACCEPTED_CORE_IMPLEMENTATION","Production dependency in the accepted compact-ingestion/selection implementation and provenance fingerprint.","True","True"
"apps/web/src/rendering/ThreeDMolViewerAdapter.ts","M","A. ACCEPTED_CORE_IMPLEMENTATION","Production dependency in the accepted compact-ingestion/selection implementation and provenance fingerprint.","True","True"
"apps/web/src/selection/compactSelectionEngine.ts","??","A. ACCEPTED_CORE_IMPLEMENTATION","Production dependency in the accepted compact-ingestion/selection implementation and provenance fingerprint.","True","True"
"apps/web/src/selection/selectionEngine.ts","M","A. ACCEPTED_CORE_IMPLEMENTATION","Production dependency in the accepted compact-ingestion/selection implementation and provenance fingerprint.","True","True"
"apps/web/src/structures/compactCanonical.ts","??","A. ACCEPTED_CORE_IMPLEMENTATION","Production dependency in the accepted compact-ingestion/selection implementation and provenance fingerprint.","True","True"
"apps/web/src/workspace/workspaceModel.ts","M","A. ACCEPTED_CORE_IMPLEMENTATION","Production dependency in the accepted compact-ingestion/selection implementation and provenance fingerprint.","True","True"
"outputs/server-dev.err.log","??","F. BULK_EVIDENCE — DO NOT COMMIT","Bulk evidence, runtime output, or generated artifact; retained locally/external and excluded.","True","False"
"outputs/server-dev.out.log","??","F. BULK_EVIDENCE — DO NOT COMMIT","Bulk evidence, runtime output, or generated artifact; retained locally/external and excluded.","True","False"
"packages/contracts/src/index.ts","M","A. ACCEPTED_CORE_IMPLEMENTATION","Production dependency in the accepted compact-ingestion/selection implementation and provenance fingerprint.","True","True"
"verification/evidence/analysis-interaction-scroll.png","M","F. BULK_EVIDENCE — DO NOT COMMIT","Bulk evidence, runtime output, or generated artifact; retained locally/external and excluded.","True","False"
"verification/evidence/closure-empty-state.png","M","F. BULK_EVIDENCE — DO NOT COMMIT","Bulk evidence, runtime output, or generated artifact; retained locally/external and excluded.","True","False"
"verification/evidence/closure-rcsb-1crn-cartoon.png","M","F. BULK_EVIDENCE — DO NOT COMMIT","Bulk evidence, runtime output, or generated artifact; retained locally/external and excluded.","True","False"
"verification/evidence/closure-responsive-canvas.png","M","F. BULK_EVIDENCE — DO NOT COMMIT","Bulk evidence, runtime output, or generated artifact; retained locally/external and excluded.","True","False"
"verification/evidence/closure-uploaded-cartoon-ligand-sticks.png","M","F. BULK_EVIDENCE — DO NOT COMMIT","Bulk evidence, runtime output, or generated artifact; retained locally/external and excluded.","True","False"
"verification/evidence/final-pymol-acceptance/16-cross-feature/01-camera-color-selection.png","M","F. BULK_EVIDENCE — DO NOT COMMIT","Bulk evidence, runtime output, or generated artifact; retained locally/external and excluded.","True","False"
"verification/evidence/final-pymol-acceptance/16-cross-feature/02-r07-r08-r09-r10.png","M","F. BULK_EVIDENCE — DO NOT COMMIT","Bulk evidence, runtime output, or generated artifact; retained locally/external and excluded.","True","False"
"verification/evidence/manual-gate-01/vdw-after-rotation.png","M","F. BULK_EVIDENCE — DO NOT COMMIT","Bulk evidence, runtime output, or generated artifact; retained locally/external and excluded.","True","False"
"verification/evidence/manual-gate-01/vdw-surface-visible.png","M","F. BULK_EVIDENCE — DO NOT COMMIT","Bulk evidence, runtime output, or generated artifact; retained locally/external and excluded.","True","False"
"verification/evidence/manual-gate-01/view-orthographic.png","M","F. BULK_EVIDENCE — DO NOT COMMIT","Bulk evidence, runtime output, or generated artifact; retained locally/external and excluded.","True","False"
"verification/evidence/manual-gate-02/01-4djw-only-fit-console-expanded.png","M","F. BULK_EVIDENCE — DO NOT COMMIT","Bulk evidence, runtime output, or generated artifact; retained locally/external and excluded.","True","False"
"verification/evidence/manual-gate-02/02-4djw-only-fit-console-collapsed.png","M","F. BULK_EVIDENCE — DO NOT COMMIT","Bulk evidence, runtime output, or generated artifact; retained locally/external and excluded.","True","False"
"verification/evidence/manual-gate-02/03-4djw-centered-after-pan.png","M","F. BULK_EVIDENCE — DO NOT COMMIT","Bulk evidence, runtime output, or generated artifact; retained locally/external and excluded.","True","False"
"verification/evidence/manual-gate-02/04-4djw-one-atom-selection-global-center.png","M","F. BULK_EVIDENCE — DO NOT COMMIT","Bulk evidence, runtime output, or generated artifact; retained locally/external and excluded.","True","False"
"verification/evidence/manual-gate-02/05-4djw-rotation-angle-1.png","M","F. BULK_EVIDENCE — DO NOT COMMIT","Bulk evidence, runtime output, or generated artifact; retained locally/external and excluded.","True","False"
"verification/evidence/manual-gate-02/06-4djw-rotation-angle-2.png","M","F. BULK_EVIDENCE — DO NOT COMMIT","Bulk evidence, runtime output, or generated artifact; retained locally/external and excluded.","True","False"
"verification/evidence/manual-gate-02/07-4djw-rotation-angle-3.png","M","F. BULK_EVIDENCE — DO NOT COMMIT","Bulk evidence, runtime output, or generated artifact; retained locally/external and excluded.","True","False"
"verification/evidence/manual-gate-02/08-4djw-orthographic-fit.png","M","F. BULK_EVIDENCE — DO NOT COMMIT","Bulk evidence, runtime output, or generated artifact; retained locally/external and excluded.","True","False"
"verification/evidence/manual-gate-02/09-1crn-only-fit.png","M","F. BULK_EVIDENCE — DO NOT COMMIT","Bulk evidence, runtime output, or generated artifact; retained locally/external and excluded.","True","False"
"verification/evidence/manual-gate-02/10-two-objects-fit.png","M","F. BULK_EVIDENCE — DO NOT COMMIT","Bulk evidence, runtime output, or generated artifact; retained locally/external and excluded.","True","False"
"verification/evidence/manual-gate-02/11-console-overlay-full-canvas.png","M","F. BULK_EVIDENCE — DO NOT COMMIT","Bulk evidence, runtime output, or generated artifact; retained locally/external and excluded.","True","False"
"verification/evidence/manual-gate-02/12-post-resize-fit-1366x768.png","M","F. BULK_EVIDENCE — DO NOT COMMIT","Bulk evidence, runtime output, or generated artifact; retained locally/external and excluded.","True","False"
"verification/evidence/manual-gate-03-selection/01-single-atom.png","M","F. BULK_EVIDENCE — DO NOT COMMIT","Bulk evidence, runtime output, or generated artifact; retained locally/external and excluded.","True","False"
"verification/evidence/manual-gate-03-selection/02-residue.png","M","F. BULK_EVIDENCE — DO NOT COMMIT","Bulk evidence, runtime output, or generated artifact; retained locally/external and excluded.","True","False"
"verification/evidence/manual-gate-03-selection/03-chain.png","M","F. BULK_EVIDENCE — DO NOT COMMIT","Bulk evidence, runtime output, or generated artifact; retained locally/external and excluded.","True","False"
"verification/evidence/manual-gate-03-selection/04-ligand.png","M","F. BULK_EVIDENCE — DO NOT COMMIT","Bulk evidence, runtime output, or generated artifact; retained locally/external and excluded.","True","False"
"verification/evidence/manual-gate-03-selection/05-large-selection.png","M","F. BULK_EVIDENCE — DO NOT COMMIT","Bulk evidence, runtime output, or generated artifact; retained locally/external and excluded.","True","False"
"verification/evidence/manual-gate-03-selection/06-clear-selection.png","M","F. BULK_EVIDENCE — DO NOT COMMIT","Bulk evidence, runtime output, or generated artifact; retained locally/external and excluded.","True","False"
"verification/evidence/manual-gate-03-selection/07-multi-object-isolation.png","M","F. BULK_EVIDENCE — DO NOT COMMIT","Bulk evidence, runtime output, or generated artifact; retained locally/external and excluded.","True","False"
"verification/evidence/manual-gate-03-selection/08-selected-after-rotation.png","M","F. BULK_EVIDENCE — DO NOT COMMIT","Bulk evidence, runtime output, or generated artifact; retained locally/external and excluded.","True","False"
"verification/evidence/manual-gate-03-selection/09-selected-after-representation-change.png","M","F. BULK_EVIDENCE — DO NOT COMMIT","Bulk evidence, runtime output, or generated artifact; retained locally/external and excluded.","True","False"
"verification/evidence/manual-gate-03b-selection/01-residue-autofocus.png","M","F. BULK_EVIDENCE — DO NOT COMMIT","Bulk evidence, runtime output, or generated artifact; retained locally/external and excluded.","True","False"
"verification/evidence/manual-gate-03b-selection/02-residue-emphasis.png","M","F. BULK_EVIDENCE — DO NOT COMMIT","Bulk evidence, runtime output, or generated artifact; retained locally/external and excluded.","True","False"
"verification/evidence/manual-gate-03b-selection/03-chain-cartoon.png","M","F. BULK_EVIDENCE — DO NOT COMMIT","Bulk evidence, runtime output, or generated artifact; retained locally/external and excluded.","True","False"
"verification/evidence/manual-gate-03b-selection/04-chain-stick.png","M","F. BULK_EVIDENCE — DO NOT COMMIT","Bulk evidence, runtime output, or generated artifact; retained locally/external and excluded.","True","False"
"verification/evidence/manual-gate-03b-selection/05-chain-ball-stick.png","M","F. BULK_EVIDENCE — DO NOT COMMIT","Bulk evidence, runtime output, or generated artifact; retained locally/external and excluded.","True","False"
"verification/evidence/manual-gate-03b-selection/06-ligand-focus.png","M","F. BULK_EVIDENCE — DO NOT COMMIT","Bulk evidence, runtime output, or generated artifact; retained locally/external and excluded.","True","False"
"verification/evidence/manual-gate-03b-selection/07-ligand-representation-change.png","M","F. BULK_EVIDENCE — DO NOT COMMIT","Bulk evidence, runtime output, or generated artifact; retained locally/external and excluded.","True","False"
"verification/evidence/manual-gate-03b-selection/08-selection-color-change.png","M","F. BULK_EVIDENCE — DO NOT COMMIT","Bulk evidence, runtime output, or generated artifact; retained locally/external and excluded.","True","False"
"verification/evidence/manual-gate-03b-selection/09-clear-restored.png","M","F. BULK_EVIDENCE — DO NOT COMMIT","Bulk evidence, runtime output, or generated artifact; retained locally/external and excluded.","True","False"
"verification/evidence/manual-gate-03b-selection/10-multi-object-scope.png","M","F. BULK_EVIDENCE — DO NOT COMMIT","Bulk evidence, runtime output, or generated artifact; retained locally/external and excluded.","True","False"
"verification/evidence/r07-b2/bond-order-replacement.png","M","F. BULK_EVIDENCE — DO NOT COMMIT","Bulk evidence, runtime output, or generated artifact; retained locally/external and excluded.","True","False"
"verification/evidence/r07-b2/delete-selected.png","M","F. BULK_EVIDENCE — DO NOT COMMIT","Bulk evidence, runtime output, or generated artifact; retained locally/external and excluded.","True","False"
"verification/evidence/r07-b3/hydrogen-addition.png","M","F. BULK_EVIDENCE — DO NOT COMMIT","Bulk evidence, runtime output, or generated artifact; retained locally/external and excluded.","True","False"
"verification/evidence/r07-b3/hydrogen-refill.png","M","F. BULK_EVIDENCE — DO NOT COMMIT","Bulk evidence, runtime output, or generated artifact; retained locally/external and excluded.","True","False"
"verification/evidence/r07-operational-closure/01-two-real-objects.png","M","F. BULK_EVIDENCE — DO NOT COMMIT","Bulk evidence, runtime output, or generated artifact; retained locally/external and excluded.","True","False"
"verification/evidence/r07-operational-closure/02-object-a-off.png","M","F. BULK_EVIDENCE — DO NOT COMMIT","Bulk evidence, runtime output, or generated artifact; retained locally/external and excluded.","True","False"
"verification/evidence/r07-operational-closure/03-object-b-off.png","M","F. BULK_EVIDENCE — DO NOT COMMIT","Bulk evidence, runtime output, or generated artifact; retained locally/external and excluded.","True","False"
"verification/evidence/r07-operational-closure/04-real-object-selection.png","M","F. BULK_EVIDENCE — DO NOT COMMIT","Bulk evidence, runtime output, or generated artifact; retained locally/external and excluded.","True","False"
"verification/evidence/r07-operational-closure/05-history-root.png","M","F. BULK_EVIDENCE — DO NOT COMMIT","Bulk evidence, runtime output, or generated artifact; retained locally/external and excluded.","True","False"
"verification/evidence/r07-operational-closure/06-history-after-edit.png","M","F. BULK_EVIDENCE — DO NOT COMMIT","Bulk evidence, runtime output, or generated artifact; retained locally/external and excluded.","True","False"
"verification/evidence/r07-operational-closure/07-undo.png","M","F. BULK_EVIDENCE — DO NOT COMMIT","Bulk evidence, runtime output, or generated artifact; retained locally/external and excluded.","True","False"
"verification/evidence/r07-operational-closure/08-redo.png","M","F. BULK_EVIDENCE — DO NOT COMMIT","Bulk evidence, runtime output, or generated artifact; retained locally/external and excluded.","True","False"
"verification/evidence/r07-operational-closure/09-b2-delete-selected.png","M","F. BULK_EVIDENCE — DO NOT COMMIT","Bulk evidence, runtime output, or generated artifact; retained locally/external and excluded.","True","False"
"verification/evidence/r07-operational-closure/10-b2-bond.png","M","F. BULK_EVIDENCE — DO NOT COMMIT","Bulk evidence, runtime output, or generated artifact; retained locally/external and excluded.","True","False"
"verification/evidence/r07-operational-closure/11-b3-add-h.png","M","F. BULK_EVIDENCE — DO NOT COMMIT","Bulk evidence, runtime output, or generated artifact; retained locally/external and excluded.","True","False"
"verification/evidence/r07-operational-closure/12-b3-refill-h.png","M","F. BULK_EVIDENCE — DO NOT COMMIT","Bulk evidence, runtime output, or generated artifact; retained locally/external and excluded.","True","False"
"verification/evidence/r07-operational-closure/13-b3-remove-h.png","M","F. BULK_EVIDENCE — DO NOT COMMIT","Bulk evidence, runtime output, or generated artifact; retained locally/external and excluded.","True","False"
"verification/evidence/r07-operational-closure/14-b3-attach.png","M","F. BULK_EVIDENCE — DO NOT COMMIT","Bulk evidence, runtime output, or generated artifact; retained locally/external and excluded.","True","False"
"verification/evidence/r07-operational-closure/15-b3-replace.png","M","F. BULK_EVIDENCE — DO NOT COMMIT","Bulk evidence, runtime output, or generated artifact; retained locally/external and excluded.","True","False"
"verification/evidence/r07-operational-closure/16-picked-edit.png","M","F. BULK_EVIDENCE — DO NOT COMMIT","Bulk evidence, runtime output, or generated artifact; retained locally/external and excluded.","True","False"
"verification/evidence/r07-operational-closure/17-object-isolation.png","M","F. BULK_EVIDENCE — DO NOT COMMIT","Bulk evidence, runtime output, or generated artifact; retained locally/external and excluded.","True","False"
"verification/evidence/r08/ui/01-rms-current-result.png","M","F. BULK_EVIDENCE — DO NOT COMMIT","Bulk evidence, runtime output, or generated artifact; retained locally/external and excluded.","True","False"
"verification/evidence/r08/ui/02-rms-fit-result.png","M","F. BULK_EVIDENCE — DO NOT COMMIT","Bulk evidence, runtime output, or generated artifact; retained locally/external and excluded.","True","False"
"verification/evidence/r08/ui/03-fit-apply-before.png","M","F. BULK_EVIDENCE — DO NOT COMMIT","Bulk evidence, runtime output, or generated artifact; retained locally/external and excluded.","True","False"
"verification/evidence/r08/ui/04-fit-apply-after.png","M","F. BULK_EVIDENCE — DO NOT COMMIT","Bulk evidence, runtime output, or generated artifact; retained locally/external and excluded.","True","False"
"verification/evidence/r08/ui/05-fit-undo.png","M","F. BULK_EVIDENCE — DO NOT COMMIT","Bulk evidence, runtime output, or generated artifact; retained locally/external and excluded.","True","False"
"verification/evidence/r08/ui/06-fit-redo.png","M","F. BULK_EVIDENCE — DO NOT COMMIT","Bulk evidence, runtime output, or generated artifact; retained locally/external and excluded.","True","False"
"verification/evidence/r08/ui/07-pair-fit.png","M","F. BULK_EVIDENCE — DO NOT COMMIT","Bulk evidence, runtime output, or generated artifact; retained locally/external and excluded.","True","False"
"verification/evidence/r08/ui/08-align-before.png","M","F. BULK_EVIDENCE — DO NOT COMMIT","Bulk evidence, runtime output, or generated artifact; retained locally/external and excluded.","True","False"
"verification/evidence/r08/ui/09-align-after.png","M","F. BULK_EVIDENCE — DO NOT COMMIT","Bulk evidence, runtime output, or generated artifact; retained locally/external and excluded.","True","False"
"verification/evidence/r08/ui/10-align-result-panel.png","M","F. BULK_EVIDENCE — DO NOT COMMIT","Bulk evidence, runtime output, or generated artifact; retained locally/external and excluded.","True","False"
"verification/evidence/r08/ui/11-refinement-rejected-pairs.png","M","F. BULK_EVIDENCE — DO NOT COMMIT","Bulk evidence, runtime output, or generated artifact; retained locally/external and excluded.","True","False"
"verification/evidence/r08/ui/12-alignment-object.png","M","F. BULK_EVIDENCE — DO NOT COMMIT","Bulk evidence, runtime output, or generated artifact; retained locally/external and excluded.","True","False"
"verification/evidence/r08/ui/13-multi-state-analysis.png","M","F. BULK_EVIDENCE — DO NOT COMMIT","Bulk evidence, runtime output, or generated artifact; retained locally/external and excluded.","True","False"
"verification/evidence/r08/ui/14-stale-result.png","M","F. BULK_EVIDENCE — DO NOT COMMIT","Bulk evidence, runtime output, or generated artifact; retained locally/external and excluded.","True","False"
"verification/evidence/r08/ui/15-unsupported-super.png","M","F. BULK_EVIDENCE — DO NOT COMMIT","Bulk evidence, runtime output, or generated artifact; retained locally/external and excluded.","True","False"
"verification/evidence/r08/ui/16-unsupported-ce.png","M","F. BULK_EVIDENCE — DO NOT COMMIT","Bulk evidence, runtime output, or generated artifact; retained locally/external and excluded.","True","False"
"verification/evidence/r09/acquisition/01-two-object-workspace-before-save.png","M","F. BULK_EVIDENCE — DO NOT COMMIT","Bulk evidence, runtime output, or generated artifact; retained locally/external and excluded.","True","False"
"verification/evidence/r09/export/09-export-dialog.png","M","F. BULK_EVIDENCE — DO NOT COMMIT","Bulk evidence, runtime output, or generated artifact; retained locally/external and excluded.","True","False"
"verification/evidence/r09/export/10-export-loss-warning.png","M","F. BULK_EVIDENCE — DO NOT COMMIT","Bulk evidence, runtime output, or generated artifact; retained locally/external and excluded.","True","False"
"verification/evidence/r09/export/11-export-success.png","M","F. BULK_EVIDENCE — DO NOT COMMIT","Bulk evidence, runtime output, or generated artifact; retained locally/external and excluded.","True","False"
"verification/evidence/r09/migration/15-revision-conflict.png","M","F. BULK_EVIDENCE — DO NOT COMMIT","Bulk evidence, runtime output, or generated artifact; retained locally/external and excluded.","True","False"
"verification/evidence/r09/restore/12-restored-selection-result.png","M","F. BULK_EVIDENCE — DO NOT COMMIT","Bulk evidence, runtime output, or generated artifact; retained locally/external and excluded.","True","False"
"verification/evidence/r09/restore/13-r08-result-restored.png","M","F. BULK_EVIDENCE — DO NOT COMMIT","Bulk evidence, runtime output, or generated artifact; retained locally/external and excluded.","True","False"
"verification/evidence/r09/restore/14-degraded-or-failed-restore.png","M","F. BULK_EVIDENCE — DO NOT COMMIT","Bulk evidence, runtime output, or generated artifact; retained locally/external and excluded.","True","False"
"verification/evidence/r09/scenes/06-scene-a.png","M","F. BULK_EVIDENCE — DO NOT COMMIT","Bulk evidence, runtime output, or generated artifact; retained locally/external and excluded.","True","False"
"verification/evidence/r09/scenes/07-scene-b.png","M","F. BULK_EVIDENCE — DO NOT COMMIT","Bulk evidence, runtime output, or generated artifact; retained locally/external and excluded.","True","False"
"verification/evidence/r09/scenes/08-scene-recall-a.png","M","F. BULK_EVIDENCE — DO NOT COMMIT","Bulk evidence, runtime output, or generated artifact; retained locally/external and excluded.","True","False"
"verification/evidence/r09/sessions/02-save-session-revision.png","M","F. BULK_EVIDENCE — DO NOT COMMIT","Bulk evidence, runtime output, or generated artifact; retained locally/external and excluded.","True","False"
"verification/evidence/r09/sessions/03-modified-workspace-second-save.png","M","F. BULK_EVIDENCE — DO NOT COMMIT","Bulk evidence, runtime output, or generated artifact; retained locally/external and excluded.","True","False"
"verification/evidence/r09/sessions/04-reopen-first-revision.png","M","F. BULK_EVIDENCE — DO NOT COMMIT","Bulk evidence, runtime output, or generated artifact; retained locally/external and excluded.","True","False"
"verification/evidence/r09/sessions/05-reopen-latest-revision.png","M","F. BULK_EVIDENCE — DO NOT COMMIT","Bulk evidence, runtime output, or generated artifact; retained locally/external and excluded.","True","False"
"verification/evidence/selection-bycell.png","M","F. BULK_EVIDENCE — DO NOT COMMIT","Bulk evidence, runtime output, or generated artifact; retained locally/external and excluded.","True","False"
"verification/evidence/selection-console-matrix.png","M","F. BULK_EVIDENCE — DO NOT COMMIT","Bulk evidence, runtime output, or generated artifact; retained locally/external and excluded.","True","False"
"verification/evidence/selection-cross-object-spatial.png","M","F. BULK_EVIDENCE — DO NOT COMMIT","Bulk evidence, runtime output, or generated artifact; retained locally/external and excluded.","True","False"
"verification/evidence/selection-multi-object-surfaces.png","M","F. BULK_EVIDENCE — DO NOT COMMIT","Bulk evidence, runtime output, or generated artifact; retained locally/external and excluded.","True","False"
"verification/evidence/selection-object-create.png","M","F. BULK_EVIDENCE — DO NOT COMMIT","Bulk evidence, runtime output, or generated artifact; retained locally/external and excluded.","True","False"
"verification/evidence/selection-polymer-nucleic-mmcif.png","M","F. BULK_EVIDENCE — DO NOT COMMIT","Bulk evidence, runtime output, or generated artifact; retained locally/external and excluded.","True","False"
"verification/evidence/selection-ribbon-color.png","M","F. BULK_EVIDENCE — DO NOT COMMIT","Bulk evidence, runtime output, or generated artifact; retained locally/external and excluded.","True","False"
"verification/evidence/selection-state-lineage.png","M","F. BULK_EVIDENCE — DO NOT COMMIT","Bulk evidence, runtime output, or generated artifact; retained locally/external and excluded.","True","False"
"verification/evidence/uploaded-cartoon-ligand-sticks.png","M","F. BULK_EVIDENCE — DO NOT COMMIT","Bulk evidence, runtime output, or generated artifact; retained locally/external and excluded.","True","False"
"verification/evidence/visualization-final/space-filling-ligand-only.png","M","F. BULK_EVIDENCE — DO NOT COMMIT","Bulk evidence, runtime output, or generated artifact; retained locally/external and excluded.","True","False"
"verification/evidence/visualization-final/uploaded-protein-cartoon-ligand-sticks.png","M","F. BULK_EVIDENCE — DO NOT COMMIT","Bulk evidence, runtime output, or generated artifact; retained locally/external and excluded.","True","False"
"verification/final-rearchitecture/evidence/SLICE_B_PQR_IMPORT.png","M","F. BULK_EVIDENCE — DO NOT COMMIT","Bulk evidence, runtime output, or generated artifact; retained locally/external and excluded.","True","False"
"verification/final-rearchitecture/evidence/SLICE_B_SDF_IMPORT.png","M","F. BULK_EVIDENCE — DO NOT COMMIT","Bulk evidence, runtime output, or generated artifact; retained locally/external and excluded.","True","False"
"verification/final-rearchitecture/evidence/SLICE_D_ANALYZE_RAIL.png","M","F. BULK_EVIDENCE — DO NOT COMMIT","Bulk evidence, runtime output, or generated artifact; retained locally/external and excluded.","True","False"
"verification/final-rearchitecture/evidence/SLICE_E_EDIT_RAIL.png","M","F. BULK_EVIDENCE — DO NOT COMMIT","Bulk evidence, runtime output, or generated artifact; retained locally/external and excluded.","True","False"
"verification/final-rearchitecture/evidence/SLICE_F_SELECT_RAIL.png","M","F. BULK_EVIDENCE — DO NOT COMMIT","Bulk evidence, runtime output, or generated artifact; retained locally/external and excluded.","True","False"
"verification/final-rearchitecture/evidence/SLICE_G_XYZ_IMPORT.png","M","F. BULK_EVIDENCE — DO NOT COMMIT","Bulk evidence, runtime output, or generated artifact; retained locally/external and excluded.","True","False"
"verification/final-rearchitecture/evidence/SLICE_H_1CRN_HIDDEN.png","M","F. BULK_EVIDENCE — DO NOT COMMIT","Bulk evidence, runtime output, or generated artifact; retained locally/external and excluded.","True","False"
"verification/final-rearchitecture/evidence/SLICE_H_4DJW_HIDDEN.png","M","F. BULK_EVIDENCE — DO NOT COMMIT","Bulk evidence, runtime output, or generated artifact; retained locally/external and excluded.","True","False"
"verification/final-rearchitecture/evidence/SLICE_H_4DJW_LOADED.png","M","F. BULK_EVIDENCE — DO NOT COMMIT","Bulk evidence, runtime output, or generated artifact; retained locally/external and excluded.","True","False"
"verification/final-rearchitecture/evidence/SLICE_H_BOTH_VISIBLE_FIT_ALL.png","M","F. BULK_EVIDENCE — DO NOT COMMIT","Bulk evidence, runtime output, or generated artifact; retained locally/external and excluded.","True","False"
"verification/final-rearchitecture/evidence/SLICE_H_BOTH_VISIBLE_RESTORED.png","M","F. BULK_EVIDENCE — DO NOT COMMIT","Bulk evidence, runtime output, or generated artifact; retained locally/external and excluded.","True","False"
"verification/final-rearchitecture/evidence/SLICE_H_LOCAL_TWO_OBJECTS.png","M","F. BULK_EVIDENCE — DO NOT COMMIT","Bulk evidence, runtime output, or generated artifact; retained locally/external and excluded.","True","False"
"verification/final-rearchitecture/evidence/SLICE_I_LIGAND_CONTEXT.png","M","F. BULK_EVIDENCE — DO NOT COMMIT","Bulk evidence, runtime output, or generated artifact; retained locally/external and excluded.","True","False"
"verification/final-rearchitecture/evidence/SLICE_J_DENSITY_MAP.png","M","F. BULK_EVIDENCE — DO NOT COMMIT","Bulk evidence, runtime output, or generated artifact; retained locally/external and excluded.","True","False"
"verification/final-rearchitecture/evidence/SLICE_J_FASTA_VIEWER.png","M","F. BULK_EVIDENCE — DO NOT COMMIT","Bulk evidence, runtime output, or generated artifact; retained locally/external and excluded.","True","False"
"verification/final-rearchitecture/evidence/SLICE_J_IMPORT_DIALOG_OPEN.png","M","F. BULK_EVIDENCE — DO NOT COMMIT","Bulk evidence, runtime output, or generated artifact; retained locally/external and excluded.","True","False"
"verification/final-rearchitecture/evidence/SLICE_J_IMPORT_DIALOG_SEQUENCE.png","M","F. BULK_EVIDENCE — DO NOT COMMIT","Bulk evidence, runtime output, or generated artifact; retained locally/external and excluded.","True","False"
"verification/final-rearchitecture/evidence/SLICE_J_TRAJECTORY.png","M","F. BULK_EVIDENCE — DO NOT COMMIT","Bulk evidence, runtime output, or generated artifact; retained locally/external and excluded.","True","False"
"verification/large-molecule-4v6f/19-lm-imp-001-fix/00-baseline/INGESTION_CODE_MAP.md","??","E. GENERATED_REPORT_METADATA","Generated campaign metadata or report retained for audit; not automatically staged.","True","False"
"verification/large-molecule-4v6f/19-lm-imp-001-fix/01-profile/fix-120s.events.jsonl","??","F. BULK_EVIDENCE — DO NOT COMMIT","Bulk evidence, runtime output, or generated artifact; retained locally/external and excluded.","True","False"
"verification/large-molecule-4v6f/19-lm-imp-001-fix/01-profile/fix-120s.memory.jsonl","??","F. BULK_EVIDENCE — DO NOT COMMIT","Bulk evidence, runtime output, or generated artifact; retained locally/external and excluded.","True","False"
"verification/large-molecule-4v6f/19-lm-imp-001-fix/01-profile/fix-120s.result.json","??","E. GENERATED_REPORT_METADATA","Generated campaign metadata or report retained for audit; not automatically staged.","True","False"
"verification/large-molecule-4v6f/19-lm-imp-001-fix/01-profile/fix-120s.stderr.log","??","F. BULK_EVIDENCE — DO NOT COMMIT","Bulk evidence, runtime output, or generated artifact; retained locally/external and excluded.","True","False"
"verification/large-molecule-4v6f/19-lm-imp-001-fix/01-profile/fix-120s.stdout.log","??","F. BULK_EVIDENCE — DO NOT COMMIT","Bulk evidence, runtime output, or generated artifact; retained locally/external and excluded.","True","False"
"verification/large-molecule-4v6f/19-lm-imp-001-fix/01-profile/fix-120s.window-summary.json","??","E. GENERATED_REPORT_METADATA","Generated campaign metadata or report retained for audit; not automatically staged.","True","False"
"verification/large-molecule-4v6f/19-lm-imp-001-fix/01-profile/fix-30s.events.jsonl","??","F. BULK_EVIDENCE — DO NOT COMMIT","Bulk evidence, runtime output, or generated artifact; retained locally/external and excluded.","True","False"
"verification/large-molecule-4v6f/19-lm-imp-001-fix/01-profile/fix-30s.memory.jsonl","??","F. BULK_EVIDENCE — DO NOT COMMIT","Bulk evidence, runtime output, or generated artifact; retained locally/external and excluded.","True","False"
"verification/large-molecule-4v6f/19-lm-imp-001-fix/01-profile/fix-30s.result.json","??","E. GENERATED_REPORT_METADATA","Generated campaign metadata or report retained for audit; not automatically staged.","True","False"
"verification/large-molecule-4v6f/19-lm-imp-001-fix/01-profile/fix-30s.stderr.log","??","F. BULK_EVIDENCE — DO NOT COMMIT","Bulk evidence, runtime output, or generated artifact; retained locally/external and excluded.","True","False"
"verification/large-molecule-4v6f/19-lm-imp-001-fix/01-profile/fix-30s.stdout.log","??","F. BULK_EVIDENCE — DO NOT COMMIT","Bulk evidence, runtime output, or generated artifact; retained locally/external and excluded.","True","False"
"verification/large-molecule-4v6f/19-lm-imp-001-fix/01-profile/fix-30s.window-summary.json","??","E. GENERATED_REPORT_METADATA","Generated campaign metadata or report retained for audit; not automatically staged.","True","False"
"verification/large-molecule-4v6f/19-lm-imp-001-fix/01-profile/fix-60s.events.jsonl","??","F. BULK_EVIDENCE — DO NOT COMMIT","Bulk evidence, runtime output, or generated artifact; retained locally/external and excluded.","True","False"
"verification/large-molecule-4v6f/19-lm-imp-001-fix/01-profile/fix-60s.memory.jsonl","??","F. BULK_EVIDENCE — DO NOT COMMIT","Bulk evidence, runtime output, or generated artifact; retained locally/external and excluded.","True","False"
"verification/large-molecule-4v6f/19-lm-imp-001-fix/01-profile/fix-60s.result.json","??","E. GENERATED_REPORT_METADATA","Generated campaign metadata or report retained for audit; not automatically staged.","True","False"
"verification/large-molecule-4v6f/19-lm-imp-001-fix/01-profile/fix-60s.stderr.log","??","F. BULK_EVIDENCE — DO NOT COMMIT","Bulk evidence, runtime output, or generated artifact; retained locally/external and excluded.","True","False"
"verification/large-molecule-4v6f/19-lm-imp-001-fix/01-profile/fix-60s.stdout.log","??","F. BULK_EVIDENCE — DO NOT COMMIT","Bulk evidence, runtime output, or generated artifact; retained locally/external and excluded.","True","False"
"verification/large-molecule-4v6f/19-lm-imp-001-fix/01-profile/fix-60s.window-summary.json","??","E. GENERATED_REPORT_METADATA","Generated campaign metadata or report retained for audit; not automatically staged.","True","False"
"verification/large-molecule-4v6f/19-lm-imp-001-fix/01-profile/http-upload-data/source-artifacts/source_local_upload_a48b6f9865ed1dff0e45d1992b9d20633582de6675c16d0b9a4abc75d595e56f.bin","??","G. LARGE_TEST_FIXTURE — DO NOT COMMIT UNLESS POLICY EXPLICITLY ALLOWS","Large fixture or source data; record identity/hash rather than store in Git.","True","False"
"verification/large-molecule-4v6f/19-lm-imp-001-fix/01-profile/http-upload.client.stderr.log","??","F. BULK_EVIDENCE — DO NOT COMMIT","Bulk evidence, runtime output, or generated artifact; retained locally/external and excluded.","True","False"
"verification/large-molecule-4v6f/19-lm-imp-001-fix/01-profile/http-upload.client.stdout.log","??","F. BULK_EVIDENCE — DO NOT COMMIT","Bulk evidence, runtime output, or generated artifact; retained locally/external and excluded.","True","False"
"verification/large-molecule-4v6f/19-lm-imp-001-fix/01-profile/http-upload.events.jsonl","??","F. BULK_EVIDENCE — DO NOT COMMIT","Bulk evidence, runtime output, or generated artifact; retained locally/external and excluded.","True","False"
"verification/large-molecule-4v6f/19-lm-imp-001-fix/01-profile/http-upload.response.json","??","E. GENERATED_REPORT_METADATA","Generated campaign metadata or report retained for audit; not automatically staged.","True","False"
"verification/large-molecule-4v6f/19-lm-imp-001-fix/01-profile/http-upload.server.stderr.log","??","F. BULK_EVIDENCE — DO NOT COMMIT","Bulk evidence, runtime output, or generated artifact; retained locally/external and excluded.","True","False"
"verification/large-molecule-4v6f/19-lm-imp-001-fix/01-profile/http-upload.server.stdout.log","??","F. BULK_EVIDENCE — DO NOT COMMIT","Bulk evidence, runtime output, or generated artifact; retained locally/external and excluded.","True","False"
"verification/large-molecule-4v6f/19-lm-imp-001-fix/01-profile/http-upload.summary.json","??","E. GENERATED_REPORT_METADATA","Generated campaign metadata or report retained for audit; not automatically staged.","True","False"
"verification/large-molecule-4v6f/19-lm-imp-001-fix/01-profile/LM_IMP_001_FIXED_PROFILE_SUMMARY.json","??","E. GENERATED_REPORT_METADATA","Generated campaign metadata or report retained for audit; not automatically staged.","True","False"
"verification/large-molecule-4v6f/19-lm-imp-001-fix/01-profile/LM_IMP_001_FIXED_PROFILE_SUMMARY.md","??","E. GENERATED_REPORT_METADATA","Generated campaign metadata or report retained for audit; not automatically staged.","True","False"
"verification/large-molecule-4v6f/19-lm-imp-001-fix/01-profile/LM_IMP_001_PROFILE_SUMMARY.json","??","E. GENERATED_REPORT_METADATA","Generated campaign metadata or report retained for audit; not automatically staged.","True","False"
"verification/large-molecule-4v6f/19-lm-imp-001-fix/01-profile/LM_IMP_001_PROFILE_SUMMARY.md","??","E. GENERATED_REPORT_METADATA","Generated campaign metadata or report retained for audit; not automatically staged.","True","False"
"verification/large-molecule-4v6f/19-lm-imp-001-fix/01-profile/profile-120s.events.jsonl","??","F. BULK_EVIDENCE — DO NOT COMMIT","Bulk evidence, runtime output, or generated artifact; retained locally/external and excluded.","True","False"
"verification/large-molecule-4v6f/19-lm-imp-001-fix/01-profile/profile-120s.memory.jsonl","??","F. BULK_EVIDENCE — DO NOT COMMIT","Bulk evidence, runtime output, or generated artifact; retained locally/external and excluded.","True","False"
"verification/large-molecule-4v6f/19-lm-imp-001-fix/01-profile/profile-120s.result.json","??","E. GENERATED_REPORT_METADATA","Generated campaign metadata or report retained for audit; not automatically staged.","True","False"
"verification/large-molecule-4v6f/19-lm-imp-001-fix/01-profile/profile-120s.stderr.log","??","F. BULK_EVIDENCE — DO NOT COMMIT","Bulk evidence, runtime output, or generated artifact; retained locally/external and excluded.","True","False"
"verification/large-molecule-4v6f/19-lm-imp-001-fix/01-profile/profile-120s.stdout.log","??","F. BULK_EVIDENCE — DO NOT COMMIT","Bulk evidence, runtime output, or generated artifact; retained locally/external and excluded.","True","False"
"verification/large-molecule-4v6f/19-lm-imp-001-fix/01-profile/profile-120s.window-summary.json","??","E. GENERATED_REPORT_METADATA","Generated campaign metadata or report retained for audit; not automatically staged.","True","False"
"verification/large-molecule-4v6f/19-lm-imp-001-fix/01-profile/profile-30s.events.jsonl","??","F. BULK_EVIDENCE — DO NOT COMMIT","Bulk evidence, runtime output, or generated artifact; retained locally/external and excluded.","True","False"
"verification/large-molecule-4v6f/19-lm-imp-001-fix/01-profile/profile-30s.memory.jsonl","??","F. BULK_EVIDENCE — DO NOT COMMIT","Bulk evidence, runtime output, or generated artifact; retained locally/external and excluded.","True","False"
"verification/large-molecule-4v6f/19-lm-imp-001-fix/01-profile/profile-30s.result.json","??","E. GENERATED_REPORT_METADATA","Generated campaign metadata or report retained for audit; not automatically staged.","True","False"
"verification/large-molecule-4v6f/19-lm-imp-001-fix/01-profile/profile-30s.stderr.log","??","F. BULK_EVIDENCE — DO NOT COMMIT","Bulk evidence, runtime output, or generated artifact; retained locally/external and excluded.","True","False"
"verification/large-molecule-4v6f/19-lm-imp-001-fix/01-profile/profile-30s.stdout.log","??","F. BULK_EVIDENCE — DO NOT COMMIT","Bulk evidence, runtime output, or generated artifact; retained locally/external and excluded.","True","False"
"verification/large-molecule-4v6f/19-lm-imp-001-fix/01-profile/profile-30s.window-summary.json","??","E. GENERATED_REPORT_METADATA","Generated campaign metadata or report retained for audit; not automatically staged.","True","False"
"verification/large-molecule-4v6f/19-lm-imp-001-fix/01-profile/profile-60s.events.jsonl","??","F. BULK_EVIDENCE — DO NOT COMMIT","Bulk evidence, runtime output, or generated artifact; retained locally/external and excluded.","True","False"
"verification/large-molecule-4v6f/19-lm-imp-001-fix/01-profile/profile-60s.memory.jsonl","??","F. BULK_EVIDENCE — DO NOT COMMIT","Bulk evidence, runtime output, or generated artifact; retained locally/external and excluded.","True","False"
"verification/large-molecule-4v6f/19-lm-imp-001-fix/01-profile/profile-60s.result.json","??","E. GENERATED_REPORT_METADATA","Generated campaign metadata or report retained for audit; not automatically staged.","True","False"
"verification/large-molecule-4v6f/19-lm-imp-001-fix/01-profile/profile-60s.stderr.log","??","F. BULK_EVIDENCE — DO NOT COMMIT","Bulk evidence, runtime output, or generated artifact; retained locally/external and excluded.","True","False"
"verification/large-molecule-4v6f/19-lm-imp-001-fix/01-profile/profile-60s.stdout.log","??","F. BULK_EVIDENCE — DO NOT COMMIT","Bulk evidence, runtime output, or generated artifact; retained locally/external and excluded.","True","False"
"verification/large-molecule-4v6f/19-lm-imp-001-fix/01-profile/profile-60s.window-summary.json","??","E. GENERATED_REPORT_METADATA","Generated campaign metadata or report retained for audit; not automatically staged.","True","False"
"verification/large-molecule-4v6f/19-lm-imp-001-fix/01-profile/profile-http-upload.mjs","??","E. GENERATED_REPORT_METADATA","Generated campaign metadata or report retained for audit; not automatically staged.","True","False"
"verification/large-molecule-4v6f/19-lm-imp-001-fix/01-profile/profile-ingest.ts","??","E. GENERATED_REPORT_METADATA","Generated campaign metadata or report retained for audit; not automatically staged.","True","False"
"verification/large-molecule-4v6f/19-lm-imp-001-fix/01-profile/run-http-profile.ps1","??","E. GENERATED_REPORT_METADATA","Generated campaign metadata or report retained for audit; not automatically staged.","True","False"
"verification/large-molecule-4v6f/19-lm-imp-001-fix/01-profile/run-profile-window.ps1","??","E. GENERATED_REPORT_METADATA","Generated campaign metadata or report retained for audit; not automatically staged.","True","False"
"verification/large-molecule-4v6f/19-lm-imp-001-fix/01-profile/summarize-profile.mjs","??","E. GENERATED_REPORT_METADATA","Generated campaign metadata or report retained for audit; not automatically staged.","True","False"
"verification/large-molecule-4v6f/19-lm-imp-001-fix/02-identity-audit/LM_IMP_001_IDENTITY_AUDIT.json","??","E. GENERATED_REPORT_METADATA","Generated campaign metadata or report retained for audit; not automatically staged.","True","False"
"verification/large-molecule-4v6f/19-lm-imp-001-fix/02-identity-audit/LM_IMP_001_IDENTITY_AUDIT.md","??","E. GENERATED_REPORT_METADATA","Generated campaign metadata or report retained for audit; not automatically staged.","True","False"
"verification/large-molecule-4v6f/19-lm-imp-001-fix/03-memory/http-upload-data/source-artifacts/source_local_upload_a48b6f9865ed1dff0e45d1992b9d20633582de6675c16d0b9a4abc75d595e56f.bin","??","G. LARGE_TEST_FIXTURE — DO NOT COMMIT UNLESS POLICY EXPLICITLY ALLOWS","Large fixture or source data; record identity/hash rather than store in Git.","True","False"
"verification/large-molecule-4v6f/19-lm-imp-001-fix/03-memory/http-upload.client.stderr.log","??","F. BULK_EVIDENCE — DO NOT COMMIT","Bulk evidence, runtime output, or generated artifact; retained locally/external and excluded.","True","False"
"verification/large-molecule-4v6f/19-lm-imp-001-fix/03-memory/http-upload.client.stdout.log","??","F. BULK_EVIDENCE — DO NOT COMMIT","Bulk evidence, runtime output, or generated artifact; retained locally/external and excluded.","True","False"
"verification/large-molecule-4v6f/19-lm-imp-001-fix/03-memory/http-upload.events.jsonl","??","F. BULK_EVIDENCE — DO NOT COMMIT","Bulk evidence, runtime output, or generated artifact; retained locally/external and excluded.","True","False"
"verification/large-molecule-4v6f/19-lm-imp-001-fix/03-memory/http-upload.response.json","??","E. GENERATED_REPORT_METADATA","Generated campaign metadata or report retained for audit; not automatically staged.","True","False"
"verification/large-molecule-4v6f/19-lm-imp-001-fix/03-memory/http-upload.server.stderr.log","??","F. BULK_EVIDENCE — DO NOT COMMIT","Bulk evidence, runtime output, or generated artifact; retained locally/external and excluded.","True","False"
"verification/large-molecule-4v6f/19-lm-imp-001-fix/03-memory/http-upload.server.stdout.log","??","F. BULK_EVIDENCE — DO NOT COMMIT","Bulk evidence, runtime output, or generated artifact; retained locally/external and excluded.","True","False"
"verification/large-molecule-4v6f/19-lm-imp-001-fix/03-memory/http-upload.summary.json","??","E. GENERATED_REPORT_METADATA","Generated campaign metadata or report retained for audit; not automatically staged.","True","False"
"verification/large-molecule-4v6f/19-lm-imp-001-fix/03-memory/LM_IMP_001_MEMORY_REPORT.json","??","E. GENERATED_REPORT_METADATA","Generated campaign metadata or report retained for audit; not automatically staged.","True","False"
"verification/large-molecule-4v6f/19-lm-imp-001-fix/03-memory/LM_IMP_001_MEMORY_REPORT.md","??","E. GENERATED_REPORT_METADATA","Generated campaign metadata or report retained for audit; not automatically staged.","True","False"
"verification/large-molecule-4v6f/19-lm-imp-001-fix/04-algorithm/LM_IMP_001_ALGORITHM_AUDIT.json","??","E. GENERATED_REPORT_METADATA","Generated campaign metadata or report retained for audit; not automatically staged.","True","False"
"verification/large-molecule-4v6f/19-lm-imp-001-fix/04-algorithm/LM_IMP_001_ALGORITHM_AUDIT.md","??","E. GENERATED_REPORT_METADATA","Generated campaign metadata or report retained for audit; not automatically staged.","True","False"
"verification/large-molecule-4v6f/19-lm-imp-001-fix/04-algorithm/LM_IMP_001_SIZE_LADDER.json","??","E. GENERATED_REPORT_METADATA","Generated campaign metadata or report retained for audit; not automatically staged.","True","False"
"verification/large-molecule-4v6f/19-lm-imp-001-fix/04-algorithm/LM_IMP_001_SIZE_LADDER.md","??","E. GENERATED_REPORT_METADATA","Generated campaign metadata or report retained for audit; not automatically staged.","True","False"
"verification/large-molecule-4v6f/19-lm-imp-001-fix/04-algorithm/run-size-ladder.ts","??","E. GENERATED_REPORT_METADATA","Generated campaign metadata or report retained for audit; not automatically staged.","True","False"
"verification/large-molecule-4v6f/19-lm-imp-001-fix/04-algorithm/size-ladder-fixtures/ladder-1000.pdb","??","G. LARGE_TEST_FIXTURE — DO NOT COMMIT UNLESS POLICY EXPLICITLY ALLOWS","Large fixture or source data; record identity/hash rather than store in Git.","True","False"
"verification/large-molecule-4v6f/19-lm-imp-001-fix/04-algorithm/size-ladder-fixtures/ladder-10000.pdb","??","G. LARGE_TEST_FIXTURE — DO NOT COMMIT UNLESS POLICY EXPLICITLY ALLOWS","Large fixture or source data; record identity/hash rather than store in Git.","True","False"
"verification/large-molecule-4v6f/19-lm-imp-001-fix/04-algorithm/size-ladder-fixtures/ladder-100000.pdb","??","G. LARGE_TEST_FIXTURE — DO NOT COMMIT UNLESS POLICY EXPLICITLY ALLOWS","Large fixture or source data; record identity/hash rather than store in Git.","True","False"
"verification/large-molecule-4v6f/19-lm-imp-001-fix/04-algorithm/size-ladder-fixtures/ladder-300000.pdb","??","G. LARGE_TEST_FIXTURE — DO NOT COMMIT UNLESS POLICY EXPLICITLY ALLOWS","Large fixture or source data; record identity/hash rather than store in Git.","True","False"
"verification/large-molecule-4v6f/19-lm-imp-001-fix/04-algorithm/size-ladder-fixtures/ladder-50000.pdb","??","G. LARGE_TEST_FIXTURE — DO NOT COMMIT UNLESS POLICY EXPLICITLY ALLOWS","Large fixture or source data; record identity/hash rather than store in Git.","True","False"
"verification/large-molecule-4v6f/19-lm-imp-001-fix/05-progressive-render/LM_IMP_001_PROGRESSIVE_RENDER_REPORT.json","??","E. GENERATED_REPORT_METADATA","Generated campaign metadata or report retained for audit; not automatically staged.","True","False"
"verification/large-molecule-4v6f/19-lm-imp-001-fix/05-progressive-render/LM_IMP_001_PROGRESSIVE_RENDER_REPORT.md","??","E. GENERATED_REPORT_METADATA","Generated campaign metadata or report retained for audit; not automatically staged.","True","False"
"verification/large-molecule-4v6f/19-lm-imp-001-fix/05-progressive-render/LM_IMP_001_progressive-final_4V6F.png","??","F. BULK_EVIDENCE — DO NOT COMMIT","Bulk evidence, runtime output, or generated artifact; retained locally/external and excluded.","True","False"
"verification/large-molecule-4v6f/19-lm-imp-001-fix/05-progressive-render/LM_IMP_001_progressive-final_BROWSER.json","??","E. GENERATED_REPORT_METADATA","Generated campaign metadata or report retained for audit; not automatically staged.","True","False"
"verification/large-molecule-4v6f/19-lm-imp-001-fix/05-progressive-render/LM_IMP_001_progressive-final2_BROWSER.json","??","E. GENERATED_REPORT_METADATA","Generated campaign metadata or report retained for audit; not automatically staged.","True","False"
"verification/large-molecule-4v6f/19-lm-imp-001-fix/05-progressive-render/LM_IMP_001_progressive-fixed_4V6F.png","??","F. BULK_EVIDENCE — DO NOT COMMIT","Bulk evidence, runtime output, or generated artifact; retained locally/external and excluded.","True","False"
"verification/large-molecule-4v6f/19-lm-imp-001-fix/05-progressive-render/LM_IMP_001_progressive-fixed_BROWSER.json","??","E. GENERATED_REPORT_METADATA","Generated campaign metadata or report retained for audit; not automatically staged.","True","False"
"verification/large-molecule-4v6f/19-lm-imp-001-fix/05-progressive-render/LM_IMP_001_progressive-two-phase_4V6F.png","??","F. BULK_EVIDENCE — DO NOT COMMIT","Bulk evidence, runtime output, or generated artifact; retained locally/external and excluded.","True","False"
"verification/large-molecule-4v6f/19-lm-imp-001-fix/05-progressive-render/LM_IMP_001_progressive-two-phase_BROWSER.json","??","E. GENERATED_REPORT_METADATA","Generated campaign metadata or report retained for audit; not automatically staged.","True","False"
"verification/large-molecule-4v6f/19-lm-imp-001-fix/06-ui-state/baseline-browser.mjs","??","E. GENERATED_REPORT_METADATA","Generated campaign metadata or report retained for audit; not automatically staged.","True","False"
"verification/large-molecule-4v6f/19-lm-imp-001-fix/06-ui-state/LM_IMP_001_after_4V6F.png","??","F. BULK_EVIDENCE — DO NOT COMMIT","Bulk evidence, runtime output, or generated artifact; retained locally/external and excluded.","True","False"
"verification/large-molecule-4v6f/19-lm-imp-001-fix/06-ui-state/LM_IMP_001_after_BROWSER.json","??","E. GENERATED_REPORT_METADATA","Generated campaign metadata or report retained for audit; not automatically staged.","True","False"
"verification/large-molecule-4v6f/19-lm-imp-001-fix/06-ui-state/LM_IMP_001_after-debug_4V6F.png","??","F. BULK_EVIDENCE — DO NOT COMMIT","Bulk evidence, runtime output, or generated artifact; retained locally/external and excluded.","True","False"
"verification/large-molecule-4v6f/19-lm-imp-001-fix/06-ui-state/LM_IMP_001_after-debug_BROWSER.json","??","E. GENERATED_REPORT_METADATA","Generated campaign metadata or report retained for audit; not automatically staged.","True","False"
"verification/large-molecule-4v6f/19-lm-imp-001-fix/06-ui-state/LM_IMP_001_after-error_4V6F.png","??","F. BULK_EVIDENCE — DO NOT COMMIT","Bulk evidence, runtime output, or generated artifact; retained locally/external and excluded.","True","False"
"verification/large-molecule-4v6f/19-lm-imp-001-fix/06-ui-state/LM_IMP_001_after-error_BROWSER.json","??","E. GENERATED_REPORT_METADATA","Generated campaign metadata or report retained for audit; not automatically staged.","True","False"
"verification/large-molecule-4v6f/19-lm-imp-001-fix/06-ui-state/LM_IMP_001_after-fix-debug_BROWSER.json","??","E. GENERATED_REPORT_METADATA","Generated campaign metadata or report retained for audit; not automatically staged.","True","False"
"verification/large-molecule-4v6f/19-lm-imp-001-fix/06-ui-state/LM_IMP_001_after-lifecycle_BROWSER.json","??","E. GENERATED_REPORT_METADATA","Generated campaign metadata or report retained for audit; not automatically staged.","True","False"
"verification/large-molecule-4v6f/19-lm-imp-001-fix/06-ui-state/LM_IMP_001_after-root-fix_BROWSER.json","??","E. GENERATED_REPORT_METADATA","Generated campaign metadata or report retained for audit; not automatically staged.","True","False"
"verification/large-molecule-4v6f/19-lm-imp-001-fix/06-ui-state/LM_IMP_001_BASELINE_BROWSER.json","??","E. GENERATED_REPORT_METADATA","Generated campaign metadata or report retained for audit; not automatically staged.","True","False"
"verification/large-molecule-4v6f/19-lm-imp-001-fix/06-ui-state/LM_IMP_001_compact-native_4V6F.png","??","F. BULK_EVIDENCE — DO NOT COMMIT","Bulk evidence, runtime output, or generated artifact; retained locally/external and excluded.","True","False"
"verification/large-molecule-4v6f/19-lm-imp-001-fix/06-ui-state/LM_IMP_001_compact-native_BROWSER.json","??","E. GENERATED_REPORT_METADATA","Generated campaign metadata or report retained for audit; not automatically staged.","True","False"
"verification/large-molecule-4v6f/19-lm-imp-001-fix/06-ui-state/LM_IMP_001_lifecycle-final_4V6F.png","??","F. BULK_EVIDENCE — DO NOT COMMIT","Bulk evidence, runtime output, or generated artifact; retained locally/external and excluded.","True","False"
"verification/large-molecule-4v6f/19-lm-imp-001-fix/06-ui-state/LM_IMP_001_lifecycle-final_BROWSER.json","??","E. GENERATED_REPORT_METADATA","Generated campaign metadata or report retained for audit; not automatically staged.","True","False"
"verification/large-molecule-4v6f/19-lm-imp-001-fix/06-ui-state/LM_IMP_001_UI_STATE_REPORT.json","??","E. GENERATED_REPORT_METADATA","Generated campaign metadata or report retained for audit; not automatically staged.","True","False"
"verification/large-molecule-4v6f/19-lm-imp-001-fix/06-ui-state/LM_IMP_001_UI_STATE_REPORT.md","??","E. GENERATED_REPORT_METADATA","Generated campaign metadata or report retained for audit; not automatically staged.","True","False"
"verification/large-molecule-4v6f/19-lm-imp-001-fix/07-4v6f-retest/LM_IMP_001_4V6F_RETEST_REPORT.json","??","E. GENERATED_REPORT_METADATA","Generated campaign metadata or report retained for audit; not automatically staged.","True","False"
"verification/large-molecule-4v6f/19-lm-imp-001-fix/07-4v6f-retest/LM_IMP_001_4V6F_RETEST_REPORT.md","??","E. GENERATED_REPORT_METADATA","Generated campaign metadata or report retained for audit; not automatically staged.","True","False"
"verification/large-molecule-4v6f/19-lm-imp-001-fix/08-selection-smoke/LM_IMP_001_SELECTION_CAMERA_SMOKE_4V6F.png","??","F. BULK_EVIDENCE — DO NOT COMMIT","Bulk evidence, runtime output, or generated artifact; retained locally/external and excluded.","True","False"
"verification/large-molecule-4v6f/19-lm-imp-001-fix/08-selection-smoke/LM_IMP_001_SELECTION_CAMERA_SMOKE.json","??","E. GENERATED_REPORT_METADATA","Generated campaign metadata or report retained for audit; not automatically staged.","True","False"
"verification/large-molecule-4v6f/19-lm-imp-001-fix/08-selection-smoke/selection-camera-final.stderr.log","??","F. BULK_EVIDENCE — DO NOT COMMIT","Bulk evidence, runtime output, or generated artifact; retained locally/external and excluded.","True","False"
"verification/large-molecule-4v6f/19-lm-imp-001-fix/08-selection-smoke/selection-camera-final.stdout.log","??","F. BULK_EVIDENCE — DO NOT COMMIT","Bulk evidence, runtime output, or generated artifact; retained locally/external and excluded.","True","False"
"verification/large-molecule-4v6f/19-lm-imp-001-fix/08-selection-smoke/selection-camera-smoke.mjs","??","E. GENERATED_REPORT_METADATA","Generated campaign metadata or report retained for audit; not automatically staged.","True","False"
"verification/large-molecule-4v6f/19-lm-imp-001-fix/08-selection-smoke/selection-camera.stderr.log","??","F. BULK_EVIDENCE — DO NOT COMMIT","Bulk evidence, runtime output, or generated artifact; retained locally/external and excluded.","True","False"
"verification/large-molecule-4v6f/19-lm-imp-001-fix/08-selection-smoke/selection-camera.stdout.log","??","F. BULK_EVIDENCE — DO NOT COMMIT","Bulk evidence, runtime output, or generated artifact; retained locally/external and excluded.","True","False"
"verification/large-molecule-4v6f/19-lm-imp-001-fix/09-regression/LM_IMP_001_REGRESSION_REPORT.json","??","E. GENERATED_REPORT_METADATA","Generated campaign metadata or report retained for audit; not automatically staged.","True","False"
"verification/large-molecule-4v6f/19-lm-imp-001-fix/09-regression/LM_IMP_001_REGRESSION_REPORT.md","??","E. GENERATED_REPORT_METADATA","Generated campaign metadata or report retained for audit; not automatically staged.","True","False"
"verification/large-molecule-4v6f/19-lm-imp-001-fix/10-drive/LM_IMP_001_DRIVE_MIRROR_REPORT.json","??","E. GENERATED_REPORT_METADATA","Generated campaign metadata or report retained for audit; not automatically staged.","True","False"
"verification/large-molecule-4v6f/19-lm-imp-001-fix/10-drive/LM_IMP_001_DRIVE_MIRROR_REPORT.md","??","E. GENERATED_REPORT_METADATA","Generated campaign metadata or report retained for audit; not automatically staged.","True","False"
"verification/large-molecule-4v6f/19-lm-imp-001-fix/11-final/LM_IMP_001_FINAL_ACCEPTANCE_REPORT.json","??","E. GENERATED_REPORT_METADATA","Generated campaign metadata or report retained for audit; not automatically staged.","True","True"
"verification/large-molecule-4v6f/19-lm-imp-001-fix/11-final/LM_IMP_001_FINAL_ACCEPTANCE_REPORT.md","??","C. ACCEPTED_DOCUMENTATION","Compact acceptance report retained as source-of-truth documentation.","True","True"
"verification/large-molecule-4v6f/20-selection-a-bf-4v6f/00-baseline/WORKTREE_BASELINE.json","??","E. GENERATED_REPORT_METADATA","Generated campaign metadata or report retained for audit; not automatically staged.","True","False"
"verification/large-molecule-4v6f/20-selection-a-bf-4v6f/00-baseline/WORKTREE_BASELINE.txt","??","E. GENERATED_REPORT_METADATA","Generated campaign metadata or report retained for audit; not automatically staged.","True","False"
"verification/large-molecule-4v6f/20-selection-a-bf-4v6f/01-corpus/build-large-replay-manifest.mjs","??","E. GENERATED_REPORT_METADATA","Generated campaign metadata or report retained for audit; not automatically staged.","True","False"
"verification/large-molecule-4v6f/20-selection-a-bf-4v6f/01-corpus/LARGE_SELECTION_CORPUS_AUDIT.json","??","E. GENERATED_REPORT_METADATA","Generated campaign metadata or report retained for audit; not automatically staged.","True","False"
"verification/large-molecule-4v6f/20-selection-a-bf-4v6f/01-corpus/LARGE_SELECTION_REPLAY_MANIFEST.csv","??","E. GENERATED_REPORT_METADATA","Generated campaign metadata or report retained for audit; not automatically staged.","True","False"
"verification/large-molecule-4v6f/20-selection-a-bf-4v6f/01-corpus/LARGE_SELECTION_REPLAY_MANIFEST.json","??","E. GENERATED_REPORT_METADATA","Generated campaign metadata or report retained for audit; not automatically staged.","True","False"
"verification/large-molecule-4v6f/20-selection-a-bf-4v6f/02-load/A-001__RECORD.json","??","E. GENERATED_REPORT_METADATA","Generated campaign metadata or report retained for audit; not automatically staged.","True","False"
"verification/large-molecule-4v6f/20-selection-a-bf-4v6f/02-load/A-002__RECORD.json","??","E. GENERATED_REPORT_METADATA","Generated campaign metadata or report retained for audit; not automatically staged.","True","False"
"verification/large-molecule-4v6f/20-selection-a-bf-4v6f/02-load/A-003__RECORD.json","??","E. GENERATED_REPORT_METADATA","Generated campaign metadata or report retained for audit; not automatically staged.","True","False"
"verification/large-molecule-4v6f/20-selection-a-bf-4v6f/02-load/A-004__RECORD.json","??","E. GENERATED_REPORT_METADATA","Generated campaign metadata or report retained for audit; not automatically staged.","True","False"
"verification/large-molecule-4v6f/20-selection-a-bf-4v6f/02-load/A-005__RECORD.json","??","E. GENERATED_REPORT_METADATA","Generated campaign metadata or report retained for audit; not automatically staged.","True","False"
"verification/large-molecule-4v6f/20-selection-a-bf-4v6f/02-load/A-006__RECORD.json","??","E. GENERATED_REPORT_METADATA","Generated campaign metadata or report retained for audit; not automatically staged.","True","False"
"verification/large-molecule-4v6f/20-selection-a-bf-4v6f/02-load/A-007__RECORD.json","??","E. GENERATED_REPORT_METADATA","Generated campaign metadata or report retained for audit; not automatically staged.","True","False"
"verification/large-molecule-4v6f/20-selection-a-bf-4v6f/02-load/A-008__RECORD.json","??","E. GENERATED_REPORT_METADATA","Generated campaign metadata or report retained for audit; not automatically staged.","True","False"
"verification/large-molecule-4v6f/20-selection-a-bf-4v6f/02-load/A-009__RECORD.json","??","E. GENERATED_REPORT_METADATA","Generated campaign metadata or report retained for audit; not automatically staged.","True","False"
"verification/large-molecule-4v6f/20-selection-a-bf-4v6f/02-load/A-010__RECORD.json","??","E. GENERATED_REPORT_METADATA","Generated campaign metadata or report retained for audit; not automatically staged.","True","False"
"verification/large-molecule-4v6f/20-selection-a-bf-4v6f/02-load/A-011__RECORD.json","??","E. GENERATED_REPORT_METADATA","Generated campaign metadata or report retained for audit; not automatically staged.","True","False"
"verification/large-molecule-4v6f/20-selection-a-bf-4v6f/02-load/A-012__RECORD.json","??","E. GENERATED_REPORT_METADATA","Generated campaign metadata or report retained for audit; not automatically staged.","True","False"
"verification/large-molecule-4v6f/20-selection-a-bf-4v6f/02-load/A-013__RECORD.json","??","E. GENERATED_REPORT_METADATA","Generated campaign metadata or report retained for audit; not automatically staged.","True","False"
"verification/large-molecule-4v6f/20-selection-a-bf-4v6f/02-load/A-014__RECORD.json","??","E. GENERATED_REPORT_METADATA","Generated campaign metadata or report retained for audit; not automatically staged.","True","False"
"verification/large-molecule-4v6f/20-selection-a-bf-4v6f/02-load/A-015__RECORD.json","??","E. GENERATED_REPORT_METADATA","Generated campaign metadata or report retained for audit; not automatically staged.","True","False"
"verification/large-molecule-4v6f/20-selection-a-bf-4v6f/02-load/A-016__RECORD.json","??","E. GENERATED_REPORT_METADATA","Generated campaign metadata or report retained for audit; not automatically staged.","True","False"
"verification/large-molecule-4v6f/20-selection-a-bf-4v6f/02-load/A-017__RECORD.json","??","E. GENERATED_REPORT_METADATA","Generated campaign metadata or report retained for audit; not automatically staged.","True","False"
"verification/large-molecule-4v6f/20-selection-a-bf-4v6f/02-load/A-018__RECORD.json","??","E. GENERATED_REPORT_METADATA","Generated campaign metadata or report retained for audit; not automatically staged.","True","False"
"verification/large-molecule-4v6f/20-selection-a-bf-4v6f/02-load/A-019__RECORD.json","??","E. GENERATED_REPORT_METADATA","Generated campaign metadata or report retained for audit; not automatically staged.","True","False"
"verification/large-molecule-4v6f/20-selection-a-bf-4v6f/02-load/A-020__RECORD.json","??","E. GENERATED_REPORT_METADATA","Generated campaign metadata or report retained for audit; not automatically staged.","True","False"
"verification/large-molecule-4v6f/20-selection-a-bf-4v6f/02-load/AA-001__RECORD.json","??","E. GENERATED_REPORT_METADATA","Generated campaign metadata or report retained for audit; not automatically staged.","True","False"
"verification/large-molecule-4v6f/20-selection-a-bf-4v6f/02-load/AA-002__RECORD.json","??","E. GENERATED_REPORT_METADATA","Generated campaign metadata or report retained for audit; not automatically staged.","True","False"
"verification/large-molecule-4v6f/20-selection-a-bf-4v6f/02-load/AA-003__RECORD.json","??","E. GENERATED_REPORT_METADATA","Generated campaign metadata or report retained for audit; not automatically staged.","True","False"
"verification/large-molecule-4v6f/20-selection-a-bf-4v6f/02-load/AA-004__RECORD.json","??","E. GENERATED_REPORT_METADATA","Generated campaign metadata or report retained for audit; not automatically staged.","True","False"
"verification/large-molecule-4v6f/20-selection-a-bf-4v6f/02-load/AB-001__RECORD.json","??","E. GENERATED_REPORT_METADATA","Generated campaign metadata or report retained for audit; not automatically staged.","True","False"
"verification/large-molecule-4v6f/20-selection-a-bf-4v6f/02-load/AB-002__RECORD.json","??","E. GENERATED_REPORT_METADATA","Generated campaign metadata or report retained for audit; not automatically staged.","True","False"
"verification/large-molecule-4v6f/20-selection-a-bf-4v6f/02-load/AB-003__RECORD.json","??","E. GENERATED_REPORT_METADATA","Generated campaign metadata or report retained for audit; not automatically staged.","True","False"
"verification/large-molecule-4v6f/20-selection-a-bf-4v6f/02-load/AB-004__RECORD.json","??","E. GENERATED_REPORT_METADATA","Generated campaign metadata or report retained for audit; not automatically staged.","True","False"
"verification/large-molecule-4v6f/20-selection-a-bf-4v6f/02-load/AB-005__RECORD.json","??","E. GENERATED_REPORT_METADATA","Generated campaign metadata or report retained for audit; not automatically staged.","True","False"
"verification/large-molecule-4v6f/20-selection-a-bf-4v6f/02-load/AC-001__RECORD.json","??","E. GENERATED_REPORT_METADATA","Generated campaign metadata or report retained for audit; not automatically staged.","True","False"
"verification/large-molecule-4v6f/20-selection-a-bf-4v6f/02-load/AC-002__RECORD.json","??","E. GENERATED_REPORT_METADATA","Generated campaign metadata or report retained for audit; not automatically staged.","True","False"
"verification/large-molecule-4v6f/20-selection-a-bf-4v6f/02-load/AC-003__RECORD.json","??","E. GENERATED_REPORT_METADATA","Generated campaign metadata or report retained for audit; not automatically staged.","True","False"
"verification/large-molecule-4v6f/20-selection-a-bf-4v6f/02-load/AC-004__RECORD.json","??","E. GENERATED_REPORT_METADATA","Generated campaign metadata or report retained for audit; not automatically staged.","True","False"
"verification/large-molecule-4v6f/20-selection-a-bf-4v6f/02-load/AC-005__RECORD.json","??","E. GENERATED_REPORT_METADATA","Generated campaign metadata or report retained for audit; not automatically staged.","True","False"
"verification/large-molecule-4v6f/20-selection-a-bf-4v6f/02-load/AD-001__RECORD.json","??","E. GENERATED_REPORT_METADATA","Generated campaign metadata or report retained for audit; not automatically staged.","True","False"
"verification/large-molecule-4v6f/20-selection-a-bf-4v6f/02-load/AD-002__RECORD.json","??","E. GENERATED_REPORT_METADATA","Generated campaign metadata or report retained for audit; not automatically staged.","True","False"
"verification/large-molecule-4v6f/20-selection-a-bf-4v6f/02-load/AD-003__RECORD.json","??","E. GENERATED_REPORT_METADATA","Generated campaign metadata or report retained for audit; not automatically staged.","True","False"
"verification/large-molecule-4v6f/20-selection-a-bf-4v6f/02-load/AD-004__RECORD.json","??","E. GENERATED_REPORT_METADATA","Generated campaign metadata or report retained for audit; not automatically staged.","True","False"
"verification/large-molecule-4v6f/20-selection-a-bf-4v6f/02-load/AD-005__RECORD.json","??","E. GENERATED_REPORT_METADATA","Generated campaign metadata or report retained for audit; not automatically staged.","True","False"
"verification/large-molecule-4v6f/20-selection-a-bf-4v6f/02-load/AD-006__RECORD.json","??","E. GENERATED_REPORT_METADATA","Generated campaign metadata or report retained for audit; not automatically staged.","True","False"
"verification/large-molecule-4v6f/20-selection-a-bf-4v6f/02-load/AE-001__RECORD.json","??","E. GENERATED_REPORT_METADATA","Generated campaign metadata or report retained for audit; not automatically staged.","True","False"
"verification/large-molecule-4v6f/20-selection-a-bf-4v6f/02-load/AF-001__RECORD.json","??","E. GENERATED_REPORT_METADATA","Generated campaign metadata or report retained for audit; not automatically staged.","True","False"
"verification/large-molecule-4v6f/20-selection-a-bf-4v6f/02-load/AG-001__RECORD.json","??","E. GENERATED_REPORT_METADATA","Generated campaign metadata or report retained for audit; not automatically staged.","True","False"
"verification/large-molecule-4v6f/20-selection-a-bf-4v6f/02-load/AG-002__RECORD.json","??","E. GENERATED_REPORT_METADATA","Generated campaign metadata or report retained for audit; not automatically staged.","True","False"
"verification/large-molecule-4v6f/20-selection-a-bf-4v6f/02-load/AG-003__RECORD.json","??","E. GENERATED_REPORT_METADATA","Generated campaign metadata or report retained for audit; not automatically staged.","True","False"
"verification/large-molecule-4v6f/20-selection-a-bf-4v6f/02-load/AG-004__RECORD.json","??","E. GENERATED_REPORT_METADATA","Generated campaign metadata or report retained for audit; not automatically staged.","True","False"
"verification/large-molecule-4v6f/20-selection-a-bf-4v6f/02-load/AG-005__RECORD.json","??","E. GENERATED_REPORT_METADATA","Generated campaign metadata or report retained for audit; not automatically staged.","True","False"
"verification/large-molecule-4v6f/20-selection-a-bf-4v6f/02-load/AG-006__RECORD.json","??","E. GENERATED_REPORT_METADATA","Generated campaign metadata or report retained for audit; not automatically staged.","True","False"
"verification/large-molecule-4v6f/20-selection-a-bf-4v6f/02-load/AG-007__RECORD.json","??","E. GENERATED_REPORT_METADATA","Generated campaign metadata or report retained for audit; not automatically staged.","True","False"
"verification/large-molecule-4v6f/20-selection-a-bf-4v6f/02-load/AG-008__RECORD.json","??","E. GENERATED_REPORT_METADATA","Generated campaign metadata or report retained for audit; not automatically staged.","True","False"
"verification/large-molecule-4v6f/20-selection-a-bf-4v6f/02-load/AG-009__RECORD.json","??","E. GENERATED_REPORT_METADATA","Generated campaign metadata or report retained for audit; not automatically staged.","True","False"
"verification/large-molecule-4v6f/20-selection-a-bf-4v6f/02-load/AH-001__RECORD.json","??","E. GENERATED_REPORT_METADATA","Generated campaign metadata or report retained for audit; not automatically staged.","True","False"
"verification/large-molecule-4v6f/20-selection-a-bf-4v6f/02-load/AH-002__RECORD.json","??","E. GENERATED_REPORT_METADATA","Generated campaign metadata or report retained for audit; not automatically staged.","True","False"
"verification/large-molecule-4v6f/20-selection-a-bf-4v6f/02-load/AH-003__RECORD.json","??","E. GENERATED_REPORT_METADATA","Generated campaign metadata or report retained for audit; not automatically staged.","True","False"
"verification/large-molecule-4v6f/20-selection-a-bf-4v6f/02-load/AH-004__RECORD.json","??","E. GENERATED_REPORT_METADATA","Generated campaign metadata or report retained for audit; not automatically staged.","True","False"
"verification/large-molecule-4v6f/20-selection-a-bf-4v6f/02-load/AH-005__RECORD.json","??","E. GENERATED_REPORT_METADATA","Generated campaign metadata or report retained for audit; not automatically staged.","True","False"
"verification/large-molecule-4v6f/20-selection-a-bf-4v6f/02-load/AH-006__RECORD.json","??","E. GENERATED_REPORT_METADATA","Generated campaign metadata or report retained for audit; not automatically staged.","True","False"
"verification/large-molecule-4v6f/20-selection-a-bf-4v6f/02-load/AH-007__RECORD.json","??","E. GENERATED_REPORT_METADATA","Generated campaign metadata or report retained for audit; not automatically staged.","True","False"
"verification/large-molecule-4v6f/20-selection-a-bf-4v6f/02-load/AH-008__RECORD.json","??","E. GENERATED_REPORT_METADATA","Generated campaign metadata or report retained for audit; not automatically staged.","True","False"
"verification/large-molecule-4v6f/20-selection-a-bf-4v6f/02-load/AH-009__RECORD.json","??","E. GENERATED_REPORT_METADATA","Generated campaign metadata or report retained for audit; not automatically staged.","True","False"
"verification/large-molecule-4v6f/20-selection-a-bf-4v6f/02-load/AH-010__RECORD.json","??","E. GENERATED_REPORT_METADATA","Generated campaign metadata or report retained for audit; not automatically staged.","True","False"
"verification/large-molecule-4v6f/20-selection-a-bf-4v6f/02-load/AH-011__RECORD.json","??","E. GENERATED_REPORT_METADATA","Generated campaign metadata or report retained for audit; not automatically staged.","True","False"
"verification/large-molecule-4v6f/20-selection-a-bf-4v6f/02-load/AH-012__RECORD.json","??","E. GENERATED_REPORT_METADATA","Generated campaign metadata or report retained for audit; not automatically staged.","True","False"
"verification/large-molecule-4v6f/20-selection-a-bf-4v6f/02-load/AH-013__RECORD.json","??","E. GENERATED_REPORT_METADATA","Generated campaign metadata or report retained for audit; not automatically staged.","True","False"
"verification/large-molecule-4v6f/20-selection-a-bf-4v6f/02-load/AH-014__RECORD.json","??","E. GENERATED_REPORT_METADATA","Generated campaign metadata or report retained for audit; not automatically staged.","True","False"
"verification/large-molecule-4v6f/20-selection-a-bf-4v6f/02-load/AH-015__RECORD.json","??","E. GENERATED_REPORT_METADATA","Generated campaign metadata or report retained for audit; not automatically staged.","True","False"
"verification/large-molecule-4v6f/20-selection-a-bf-4v6f/02-load/AH-016__RECORD.json","??","E. GENERATED_REPORT_METADATA","Generated campaign metadata or report retained for audit; not automatically staged.","True","False"
"verification/large-molecule-4v6f/20-selection-a-bf-4v6f/02-load/AH-017__RECORD.json","??","E. GENERATED_REPORT_METADATA","Generated campaign metadata or report retained for audit; not automatically staged.","True","False"
"verification/large-molecule-4v6f/20-selection-a-bf-4v6f/02-load/AH-018__RECORD.json","??","E. GENERATED_REPORT_METADATA","Generated campaign metadata or report retained for audit; not automatically staged.","True","False"
"verification/large-molecule-4v6f/20-selection-a-bf-4v6f/02-load/AH-019__RECORD.json","??","E. GENERATED_REPORT_METADATA","Generated campaign metadata or report retained for audit; not automatically staged.","True","False"
"verification/large-molecule-4v6f/20-selection-a-bf-4v6f/02-load/AI-001__RECORD.json","??","E. GENERATED_REPORT_METADATA","Generated campaign metadata or report retained for audit; not automatically staged.","True","False"
"verification/large-molecule-4v6f/20-selection-a-bf-4v6f/02-load/AI-002__RECORD.json","??","E. GENERATED_REPORT_METADATA","Generated campaign metadata or report retained for audit; not automatically staged.","True","False"
"verification/large-molecule-4v6f/20-selection-a-bf-4v6f/02-load/AI-003__RECORD.json","??","E. GENERATED_REPORT_METADATA","Generated campaign metadata or report retained for audit; not automatically staged.","True","False"
"verification/large-molecule-4v6f/20-selection-a-bf-4v6f/02-load/AI-004__RECORD.json","??","E. GENERATED_REPORT_METADATA","Generated campaign metadata or report retained for audit; not automatically staged.","True","False"
"verification/large-molecule-4v6f/20-selection-a-bf-4v6f/02-load/AI-005__RECORD.json","??","E. GENERATED_REPORT_METADATA","Generated campaign metadata or report retained for audit; not automatically staged.","True","False"
"verification/large-molecule-4v6f/20-selection-a-bf-4v6f/02-load/AI-006__RECORD.json","??","E. GENERATED_REPORT_METADATA","Generated campaign metadata or report retained for audit; not automatically staged.","True","False"
"verification/large-molecule-4v6f/20-selection-a-bf-4v6f/02-load/AJ-001__RECORD.json","??","E. GENERATED_REPORT_METADATA","Generated campaign metadata or report retained for audit; not automatically staged.","True","False"
"verification/large-molecule-4v6f/20-selection-a-bf-4v6f/02-load/AJ-002__RECORD.json","??","E. GENERATED_REPORT_METADATA","Generated campaign metadata or report retained for audit; not automatically staged.","True","False"
"verification/large-molecule-4v6f/20-selection-a-bf-4v6f/02-load/AJ-003__RECORD.json","??","E. GENERATED_REPORT_METADATA","Generated campaign metadata or report retained for audit; not automatically staged.","True","False"
"verification/large-molecule-4v6f/20-selection-a-bf-4v6f/02-load/AJ-004__RECORD.json","??","E. GENERATED_REPORT_METADATA","Generated campaign metadata or report retained for audit; not automatically staged.","True","False"
"verification/large-molecule-4v6f/20-selection-a-bf-4v6f/02-load/AJ-005__RECORD.json","??","E. GENERATED_REPORT_METADATA","Generated campaign metadata or report retained for audit; not automatically staged.","True","False"
"verification/large-molecule-4v6f/20-selection-a-bf-4v6f/02-load/AJ-006__RECORD.json","??","E. GENERATED_REPORT_METADATA","Generated campaign metadata or report retained for audit; not automatically staged.","True","False"
"verification/large-molecule-4v6f/20-selection-a-bf-4v6f/02-load/AJ-007__RECORD.json","??","E. GENERATED_REPORT_METADATA","Generated campaign metadata or report retained for audit; not automatically staged.","True","False"
"verification/large-molecule-4v6f/20-selection-a-bf-4v6f/02-load/AJ-008__RECORD.json","??","E. GENERATED_REPORT_METADATA","Generated campaign metadata or report retained for audit; not automatically staged.","True","False"
"verification/large-molecule-4v6f/20-selection-a-bf-4v6f/02-load/AK-001__RECORD.json","??","E. GENERATED_REPORT_METADATA","Generated campaign metadata or report retained for audit; not automatically staged.","True","False"
"verification/large-molecule-4v6f/20-selection-a-bf-4v6f/02-load/AK-002__RECORD.json","??","E. GENERATED_REPORT_METADATA","Generated campaign metadata or report retained for audit; not automatically staged.","True","False"
"verification/large-molecule-4v6f/20-selection-a-bf-4v6f/02-load/AK-003__RECORD.json","??","E. GENERATED_REPORT_METADATA","Generated campaign metadata or report retained for audit; not automatically staged.","True","False"
"verification/large-molecule-4v6f/20-selection-a-bf-4v6f/02-load/AL-001__RECORD.json","??","E. GENERATED_REPORT_METADATA","Generated campaign metadata or report retained for audit; not automatically staged.","True","False"
"verification/large-molecule-4v6f/20-selection-a-bf-4v6f/02-load/AL-002__RECORD.json","??","E. GENERATED_REPORT_METADATA","Generated campaign metadata or report retained for audit; not automatically staged.","True","False"
"verification/large-molecule-4v6f/20-selection-a-bf-4v6f/02-load/AL-003__RECORD.json","??","E. GENERATED_REPORT_METADATA","Generated campaign metadata or report retained for audit; not automatically staged.","True","False"
"verification/large-molecule-4v6f/20-selection-a-bf-4v6f/02-load/AL-004__RECORD.json","??","E. GENERATED_REPORT_METADATA","Generated campaign metadata or report retained for audit; not automatically staged.","True","False"
"verification/large-molecule-4v6f/20-selection-a-bf-4v6f/02-load/AL-005__RECORD.json","??","E. GENERATED_REPORT_METADATA","Generated campaign metadata or report retained for audit; not automatically staged.","True","False"
"verification/large-molecule-4v6f/20-selection-a-bf-4v6f/02-load/AM-001__RECORD.json","??","E. GENERATED_REPORT_METADATA","Generated campaign metadata or report retained for audit; not automatically staged.","True","False"
"verification/large-molecule-4v6f/20-selection-a-bf-4v6f/02-load/AM-002__RECORD.json","??","E. GENERATED_REPORT_METADATA","Generated campaign metadata or report retained for audit; not automatically staged.","True","False"
"verification/large-molecule-4v6f/20-selection-a-bf-4v6f/02-load/AM-003__RECORD.json","??","E. GENERATED_REPORT_METADATA","Generated campaign metadata or report retained for audit; not automatically staged.","True","False"
"verification/large-molecule-4v6f/20-selection-a-bf-4v6f/02-load/AN-001__RECORD.json","??","E. GENERATED_REPORT_METADATA","Generated campaign metadata or report retained for audit; not automatically staged.","True","False"
"verification/large-molecule-4v6f/20-selection-a-bf-4v6f/02-load/AN-002__RECORD.json","??","E. GENERATED_REPORT_METADATA","Generated campaign metadata or report retained for audit; not automatically staged.","True","False"
"verification/large-molecule-4v6f/20-selection-a-bf-4v6f/02-load/AN-003__RECORD.json","??","E. GENERATED_REPORT_METADATA","Generated campaign metadata or report retained for audit; not automatically staged.","True","False"
"verification/large-molecule-4v6f/20-selection-a-bf-4v6f/02-load/AN-004__RECORD.json","??","E. GENERATED_REPORT_METADATA","Generated campaign metadata or report retained for audit; not automatically staged.","True","False"
"verification/large-molecule-4v6f/20-selection-a-bf-4v6f/02-load/AN-005__RECORD.json","??","E. GENERATED_REPORT_METADATA","Generated campaign metadata or report retained for audit; not automatically staged.","True","False"
"verification/large-molecule-4v6f/20-selection-a-bf-4v6f/02-load/AN-006__RECORD.json","??","E. GENERATED_REPORT_METADATA","Generated campaign metadata or report retained for audit; not automatically staged.","True","False"
"verification/large-molecule-4v6f/20-selection-a-bf-4v6f/02-load/AN-007__RECORD.json","??","E. GENERATED_REPORT_METADATA","Generated campaign metadata or report retained for audit; not automatically staged.","True","False"
"verification/large-molecule-4v6f/20-selection-a-bf-4v6f/02-load/AN-008__RECORD.json","??","E. GENERATED_REPORT_METADATA","Generated campaign metadata or report retained for audit; not automatically staged.","True","False"
"verification/large-molecule-4v6f/20-selection-a-bf-4v6f/02-load/AN-009__RECORD.json","??","E. GENERATED_REPORT_METADATA","Generated campaign metadata or report retained for audit; not automatically staged.","True","False"
"verification/large-molecule-4v6f/20-selection-a-bf-4v6f/02-load/AN-010__RECORD.json","??","E. GENERATED_REPORT_METADATA","Generated campaign metadata or report retained for audit; not automatically staged.","True","False"
"verification/large-molecule-4v6f/20-selection-a-bf-4v6f/02-load/AN-011__RECORD.json","??","E. GENERATED_REPORT_METADATA","Generated campaign metadata or report retained for audit; not automatically staged.","True","False"
"verification/large-molecule-4v6f/20-selection-a-bf-4v6f/02-load/AN-012__RECORD.json","??","E. GENERATED_REPORT_METADATA","Generated campaign metadata or report retained for audit; not automatically staged.","True","False"
"verification/large-molecule-4v6f/20-selection-a-bf-4v6f/02-load/AN-013__RECORD.json","??","E. GENERATED_REPORT_METADATA","Generated campaign metadata or report retained for audit; not automatically staged.","True","False"
"verification/large-molecule-4v6f/20-selection-a-bf-4v6f/02-load/AO-001__RECORD.json","??","E. GENERATED_REPORT_METADATA","Generated campaign metadata or report retained for audit; not automatically staged.","True","False"
"verification/large-molecule-4v6f/20-selection-a-bf-4v6f/02-load/AO-002__RECORD.json","??","E. GENERATED_REPORT_METADATA","Generated campaign metadata or report retained for audit; not automatically staged.","True","False"
"verification/large-molecule-4v6f/20-selection-a-bf-4v6f/02-load/AO-003__RECORD.json","??","E. GENERATED_REPORT_METADATA","Generated campaign metadata or report retained for audit; not automatically staged.","True","False"
"verification/large-molecule-4v6f/20-selection-a-bf-4v6f/02-load/AO-004__RECORD.json","??","E. GENERATED_REPORT_METADATA","Generated campaign metadata or report retained for audit; not automatically staged.","True","False"
"verification/large-molecule-4v6f/20-selection-a-bf-4v6f/02-load/AP-001__RECORD.json","??","E. GENERATED_REPORT_METADATA","Generated campaign metadata or report retained for audit; not automatically staged.","True","False"
"verification/large-molecule-4v6f/20-selection-a-bf-4v6f/02-load/AP-002__RECORD.json","??","E. GENERATED_REPORT_METADATA","Generated campaign metadata or report retained for audit; not automatically staged.","True","False"
"verification/large-molecule-4v6f/20-selection-a-bf-4v6f/02-load/AP-003__RECORD.json","??","E. GENERATED_REPORT_METADATA","Generated campaign metadata or report retained for audit; not automatically staged.","True","False"
"verification/large-molecule-4v6f/20-selection-a-bf-4v6f/02-load/AP-004__RECORD.json","??","E. GENERATED_REPORT_METADATA","Generated campaign metadata or report retained for audit; not automatically staged.","True","False"
"verification/large-molecule-4v6f/20-selection-a-bf-4v6f/02-load/AP-005__RECORD.json","??","E. GENERATED_REPORT_METADATA","Generated campaign metadata or report retained for audit; not automatically staged.","True","False"
"verification/large-molecule-4v6f/20-selection-a-bf-4v6f/02-load/AQ-001__RECORD.json","??","E. GENERATED_REPORT_METADATA","Generated campaign metadata or report retained for audit; not automatically staged.","True","False"
"verification/large-molecule-4v6f/20-selection-a-bf-4v6f/02-load/AQ-002__RECORD.json","??","E. GENERATED_REPORT_METADATA","Generated campaign metadata or report retained for audit; not automatically staged.","True","False"
"verification/large-molecule-4v6f/20-selection-a-bf-4v6f/02-load/AQ-003__RECORD.json","??","E. GENERATED_REPORT_METADATA","Generated campaign metadata or report retained for audit; not automatically staged.","True","False"
"verification/large-molecule-4v6f/20-selection-a-bf-4v6f/02-load/AQ-004__RECORD.json","??","E. GENERATED_REPORT_METADATA","Generated campaign metadata or report retained for audit; not automatically staged.","True","False"
"verification/large-molecule-4v6f/20-selection-a-bf-4v6f/02-load/AQ-005__RECORD.json","??","E. GENERATED_REPORT_METADATA","Generated campaign metadata or report retained for audit; not automatically staged.","True","False"
"verification/large-molecule-4v6f/20-selection-a-bf-4v6f/02-load/AR-001__RECORD.json","??","E. GENERATED_REPORT_METADATA","Generated campaign metadata or report retained for audit; not automatically staged.","True","False"
"verification/large-molecule-4v6f/20-selection-a-bf-4v6f/02-load/AR-002__RECORD.json","??","E. GENERATED_REPORT_METADATA","Generated campaign metadata or report retained for audit; not automatically staged.","True","False"
"verification/large-molecule-4v6f/20-selection-a-bf-4v6f/02-load/AR-003__RECORD.json","??","E. GENERATED_REPORT_METADATA","Generated campaign metadata or report retained for audit; not automatically staged.","True","False"
"verification/large-molecule-4v6f/20-selection-a-bf-4v6f/02-load/AS-001__RECORD.json","??","E. GENERATED_REPORT_METADATA","Generated campaign metadata or report retained for audit; not automatically staged.","True","False"
"verification/large-molecule-4v6f/20-selection-a-bf-4v6f/02-load/AS-002__RECORD.json","??","E. GENERATED_REPORT_METADATA","Generated campaign metadata or report retained for audit; not automatically staged.","True","False"
"verification/large-molecule-4v6f/20-selection-a-bf-4v6f/02-load/AS-003__RECORD.json","??","E. GENERATED_REPORT_METADATA","Generated campaign metadata or report retained for audit; not automatically staged.","True","False"
"verification/large-molecule-4v6f/20-selection-a-bf-4v6f/02-load/AS-004__RECORD.json","??","E. GENERATED_REPORT_METADATA","Generated campaign metadata or report retained for audit; not automatically staged.","True","False"
"verification/large-molecule-4v6f/20-selection-a-bf-4v6f/02-load/AS-005__RECORD.json","??","E. GENERATED_REPORT_METADATA","Generated campaign metadata or report retained for audit; not automatically staged.","True","False"
"verification/large-molecule-4v6f/20-selection-a-bf-4v6f/02-load/AS-006__RECORD.json","??","E. GENERATED_REPORT_METADATA","Generated campaign metadata or report retained for audit; not automatically staged.","True","False"
"verification/large-molecule-4v6f/20-selection-a-bf-4v6f/02-load/AS-007__RECORD.json","??","E. GENERATED_REPORT_METADATA","Generated campaign metadata or report retained for audit; not automatically staged.","True","False"
"verification/large-molecule-4v6f/20-selection-a-bf-4v6f/02-load/AT-001__RECORD.json","??","E. GENERATED_REPORT_METADATA","Generated campaign metadata or report retained for audit; not automatically staged.","True","False"
"verification/large-molecule-4v6f/20-selection-a-bf-4v6f/02-load/AT-002__RECORD.json","??","E. GENERATED_REPORT_METADATA","Generated campaign metadata or report retained for audit; not automatically staged.","True","False"
"verification/large-molecule-4v6f/20-selection-a-bf-4v6f/02-load/AT-003__RECORD.json","??","E. GENERATED_REPORT_METADATA","Generated campaign metadata or report retained for audit; not automatically staged.","True","False"
"verification/large-molecule-4v6f/20-selection-a-bf-4v6f/02-load/AT-004__RECORD.json","??","E. GENERATED_REPORT_METADATA","Generated campaign metadata or report retained for audit; not automatically staged.","True","False"
"verification/large-molecule-4v6f/20-selection-a-bf-4v6f/02-load/AU-001__RECORD.json","??","E. GENERATED_REPORT_METADATA","Generated campaign metadata or report retained for audit; not automatically staged.","True","False"
"verification/large-molecule-4v6f/20-selection-a-bf-4v6f/02-load/AU-002__RECORD.json","??","E. GENERATED_REPORT_METADATA","Generated campaign metadata or report retained for audit; not automatically staged.","True","False"
"verification/large-molecule-4v6f/20-selection-a-bf-4v6f/02-load/AU-003__RECORD.json","??","E. GENERATED_REPORT_METADATA","Generated campaign metadata or report retained for audit; not automatically staged.","True","False"
"verification/large-molecule-4v6f/20-selection-a-bf-4v6f/02-load/AU-004__RECORD.json","??","E. GENERATED_REPORT_METADATA","Generated campaign metadata or report retained for audit; not automatically staged.","True","False"
"verification/large-molecule-4v6f/20-selection-a-bf-4v6f/02-load/AU-005__RECORD.json","??","E. GENERATED_REPORT_METADATA","Generated campaign metadata or report retained for audit; not automatically staged.","True","False"
"verification/large-molecule-4v6f/20-selection-a-bf-4v6f/02-load/AV-001-01__RECORD.json","??","E. GENERATED_REPORT_METADATA","Generated campaign metadata or report retained for audit; not automatically staged.","True","False"
"verification/large-molecule-4v6f/20-selection-a-bf-4v6f/02-load/AV-001-02__RECORD.json","??","E. GENERATED_REPORT_METADATA","Generated campaign metadata or report retained for audit; not automatically staged.","True","False"
"verification/large-molecule-4v6f/20-selection-a-bf-4v6f/02-load/AV-001-03__RECORD.json","??","E. GENERATED_REPORT_METADATA","Generated campaign metadata or report retained for audit; not automatically staged.","True","False"
"verification/large-molecule-4v6f/20-selection-a-bf-4v6f/02-load/AV-001-04__RECORD.json","??","E. GENERATED_REPORT_METADATA","Generated campaign metadata or report retained for audit; not automatically staged.","True","False"
"verification/large-molecule-4v6f/20-selection-a-bf-4v6f/02-load/AV-001-05__RECORD.json","??","E. GENERATED_REPORT_METADATA","Generated campaign metadata or report retained for audit; not automatically staged.","True","False"
"verification/large-molecule-4v6f/20-selection-a-bf-4v6f/02-load/AV-001-06__RECORD.json","??","E. GENERATED_REPORT_METADATA","Generated campaign metadata or report retained for audit; not automatically staged.","True","False"
"verification/large-molecule-4v6f/20-selection-a-bf-4v6f/02-load/AV-002-01__RECORD.json","??","E. GENERATED_REPORT_METADATA","Generated campaign metadata or report retained for audit; not automatically staged.","True","False"
"verification/large-molecule-4v6f/20-selection-a-bf-4v6f/02-load/AV-002-02__RECORD.json","??","E. GENERATED_REPORT_METADATA","Generated campaign metadata or report retained for audit; not automatically staged.","True","False"
"verification/large-molecule-4v6f/20-selection-a-bf-4v6f/02-load/AV-002-03__RECORD.json","??","E. GENERATED_REPORT_METADATA","Generated campaign metadata or report retained for audit; not automatically staged.","True","False"
"verification/large-molecule-4v6f/20-selection-a-bf-4v6f/02-load/AV-002-04__RECORD.json","??","E. GENERATED_REPORT_METADATA","Generated campaign metadata or report retained for audit; not automatically staged.","True","False"
"verification/large-molecule-4v6f/20-selection-a-bf-4v6f/02-load/AV-002-05__RECORD.json","??","E. GENERATED_REPORT_METADATA","Generated campaign metadata or report retained for audit; not automatically staged.","True","False"
"verification/large-molecule-4v6f/20-selection-a-bf-4v6f/02-load/AV-002-06__RECORD.json","??","E. GENERATED_REPORT_METADATA","Generated campaign metadata or report retained for audit; not automatically staged.","True","False"
"verification/large-molecule-4v6f/20-selection-a-bf-4v6f/02-load/AV-003-01__RECORD.json","??","E. GENERATED_REPORT_METADATA","Generated campaign metadata or report retained for audit; not automatically staged.","True","False"
"verification/large-molecule-4v6f/20-selection-a-bf-4v6f/02-load/AV-003-02__RECORD.json","??","E. GENERATED_REPORT_METADATA","Generated campaign metadata or report retained for audit; not automatically staged.","True","False"
"verification/large-molecule-4v6f/20-selection-a-bf-4v6f/02-load/AV-003-03__RECORD.json","??","E. GENERATED_REPORT_METADATA","Generated campaign metadata or report retained for audit; not automatically staged.","True","False"
"verification/large-molecule-4v6f/20-selection-a-bf-4v6f/02-load/AV-003-04__RECORD.json","??","E. GENERATED_REPORT_METADATA","Generated campaign metadata or report retained for audit; not automatically staged.","True","False"
"verification/large-molecule-4v6f/20-selection-a-bf-4v6f/02-load/AV-003-05__RECORD.json","??","E. GENERATED_REPORT_METADATA","Generated campaign metadata or report retained for audit; not automatically staged.","True","False"
"verification/large-molecule-4v6f/20-selection-a-bf-4v6f/02-load/AV-003-06__RECORD.json","??","E. GENERATED_REPORT_METADATA","Generated campaign metadata or report retained for audit; not automatically staged.","True","False"
"verification/large-molecule-4v6f/20-selection-a-bf-4v6f/02-load/AV-004-01__RECORD.json","??","E. GENERATED_REPORT_METADATA","Generated campaign metadata or report retained for audit; not automatically staged.","True","False"
"verification/large-molecule-4v6f/20-selection-a-bf-4v6f/02-load/AV-004-02__RECORD.json","??","E. GENERATED_REPORT_METADATA","Generated campaign metadata or report retained for audit; not automatically staged.","True","False"
"verification/large-molecule-4v6f/20-selection-a-bf-4v6f/02-load/AV-004-03__RECORD.json","??","E. GENERATED_REPORT_METADATA","Generated campaign metadata or report retained for audit; not automatically staged.","True","False"
"verification/large-molecule-4v6f/20-selection-a-bf-4v6f/02-load/AV-004-04__RECORD.json","??","E. GENERATED_REPORT_METADATA","Generated campaign metadata or report retained for audit; not automatically staged.","True","False"
"verification/large-molecule-4v6f/20-selection-a-bf-4v6f/02-load/AV-004-05__RECORD.json","??","E. GENERATED_REPORT_METADATA","Generated campaign metadata or report retained for audit; not automatically staged.","True","False"
"verification/large-molecule-4v6f/20-selection-a-bf-4v6f/02-load/AV-004-06__RECORD.json","??","E. GENERATED_REPORT_METADATA","Generated campaign metadata or report retained for audit; not automatically staged.","True","False"
"verification/large-molecule-4v6f/20-selection-a-bf-4v6f/02-load/AV-005-01__RECORD.json","??","E. GENERATED_REPORT_METADATA","Generated campaign metadata or report retained for audit; not automatically staged.","True","False"
"verification/large-molecule-4v6f/20-selection-a-bf-4v6f/02-load/AV-005-02__RECORD.json","??","E. GENERATED_REPORT_METADATA","Generated campaign metadata or report retained for audit; not automatically staged.","True","False"
"verification/large-molecule-4v6f/20-selection-a-bf-4v6f/02-load/AV-005-03__RECORD.json","??","E. GENERATED_REPORT_METADATA","Generated campaign metadata or report retained for audit; not automatically staged.","True","False"
"verification/large-molecule-4v6f/20-selection-a-bf-4v6f/02-load/AV-005-04__RECORD.json","??","E. GENERATED_REPORT_METADATA","Generated campaign metadata or report retained for audit; not automatically staged.","True","False"
"verification/large-molecule-4v6f/20-selection-a-bf-4v6f/02-load/AV-005-05__RECORD.json","??","E. GENERATED_REPORT_METADATA","Generated campaign metadata or report retained for audit; not automatically staged.","True","False"
"verification/large-molecule-4v6f/20-selection-a-bf-4v6f/02-load/AV-005-06__RECORD.json","??","E. GENERATED_REPORT_METADATA","Generated campaign metadata or report retained for audit; not automatically staged.","True","False"
"verification/large-molecule-4v6f/20-selection-a-bf-4v6f/02-load/AV-006-01__RECORD.json","??","E. GENERATED_REPORT_METADATA","Generated campaign metadata or report retained for audit; not automatically staged.","True","False"
"verification/large-molecule-4v6f/20-selection-a-bf-4v6f/02-load/AV-006-02__RECORD.json","??","E. GENERATED_REPORT_METADATA","Generated campaign metadata or report retained for audit; not automatically staged.","True","False"
"verification/large-molecule-4v6f/20-selection-a-bf-4v6f/02-load/AV-006-03__RECORD.json","??","E. GENERATED_REPORT_METADATA","Generated campaign metadata or report retained for audit; not automatically staged.","True","False"
"verification/large-molecule-4v6f/20-selection-a-bf-4v6f/02-load/AV-006-04__RECORD.json","??","E. GENERATED_REPORT_METADATA","Generated campaign metadata or report retained for audit; not automatically staged.","True","False"
"verification/large-molecule-4v6f/20-selection-a-bf-4v6f/02-load/AV-006-05__RECORD.json","??","E. GENERATED_REPORT_METADATA","Generated campaign metadata or report retained for audit; not automatically staged.","True","False"
"verification/large-molecule-4v6f/20-selection-a-bf-4v6f/02-load/AV-006-06__RECORD.json","??","E. GENERATED_REPORT_METADATA","Generated campaign metadata or report retained for audit; not automatically staged.","True","False"
"verification/large-molecule-4v6f/20-selection-a-bf-4v6f/02-load/AV-007-01__RECORD.json","??","E. GENERATED_REPORT_METADATA","Generated campaign metadata or report retained for audit; not automatically staged.","True","False"
"verification/large-molecule-4v6f/20-selection-a-bf-4v6f/02-load/AV-007-02__RECORD.json","??","E. GENERATED_REPORT_METADATA","Generated campaign metadata or report retained for audit; not automatically staged.","True","False"
"verification/large-molecule-4v6f/20-selection-a-bf-4v6f/02-load/AV-007-03__RECORD.json","??","E. GENERATED_REPORT_METADATA","Generated campaign metadata or report retained for audit; not automatically staged.","True","False"
"verification/large-molecule-4v6f/20-selection-a-bf-4v6f/02-load/AV-007-04__RECORD.json","??","E. GENERATED_REPORT_METADATA","Generated campaign metadata or report retained for audit; not automatically staged.","True","False"
"verification/large-molecule-4v6f/20-selection-a-bf-4v6f/02-load/AV-007-05__RECORD.json","??","E. GENERATED_REPORT_METADATA","Generated campaign metadata or report retained for audit; not automatically staged.","True","False"
"verification/large-molecule-4v6f/20-selection-a-bf-4v6f/02-load/AV-007-06__RECORD.json","??","E. GENERATED_REPORT_METADATA","Generated campaign metadata or report retained for audit; not automatically staged.","True","False"
"verification/large-molecule-4v6f/20-selection-a-bf-4v6f/02-load/AV-008-01__RECORD.json","??","E. GENERATED_REPORT_METADATA","Generated campaign metadata or report retained for audit; not automatically staged.","True","False"
"verification/large-molecule-4v6f/20-selection-a-bf-4v6f/02-load/AV-008-02__RECORD.json","??","E. GENERATED_REPORT_METADATA","Generated campaign metadata or report retained for audit; not automatically staged.","True","False"
"verification/large-molecule-4v6f/20-selection-a-bf-4v6f/02-load/AV-008-03__RECORD.json","??","E. GENERATED_REPORT_METADATA","Generated campaign metadata or report retained for audit; not automatically staged.","True","False"
"verification/large-molecule-4v6f/20-selection-a-bf-4v6f/02-load/AV-008-04__RECORD.json","??","E. GENERATED_REPORT_METADATA","Generated campaign metadata or report retained for audit; not automatically staged.","True","False"
"verification/large-molecule-4v6f/20-selection-a-bf-4v6f/02-load/AV-008-05__RECORD.json","??","E. GENERATED_REPORT_METADATA","Generated campaign metadata or report retained for audit; not automatically staged.","True","False"
"verification/large-molecule-4v6f/20-selection-a-bf-4v6f/02-load/AV-008-06__RECORD.json","??","E. GENERATED_REPORT_METADATA","Generated campaign metadata or report retained for audit; not automatically staged.","True","False"
"verification/large-molecule-4v6f/20-selection-a-bf-4v6f/02-load/AV-009-01__RECORD.json","??","E. GENERATED_REPORT_METADATA","Generated campaign metadata or report retained for audit; not automatically staged.","True","False"
"verification/large-molecule-4v6f/20-selection-a-bf-4v6f/02-load/AV-009-02__RECORD.json","??","E. GENERATED_REPORT_METADATA","Generated campaign metadata or report retained for audit; not automatically staged.","True","False"
"verification/large-molecule-4v6f/20-selection-a-bf-4v6f/02-load/AV-009-03__RECORD.json","??","E. GENERATED_REPORT_METADATA","Generated campaign metadata or report retained for audit; not automatically staged.","True","False"
"verification/large-molecule-4v6f/20-selection-a-bf-4v6f/02-load/AV-009-04__RECORD.json","??","E. GENERATED_REPORT_METADATA","Generated campaign metadata or report retained for audit; not automatically staged.","True","False"
"verification/large-molecule-4v6f/20-selection-a-bf-4v6f/02-load/AV-009-05__RECORD.json","??","E. GENERATED_REPORT_METADATA","Generated campaign metadata or report retained for audit; not automatically staged.","True","False"
"verification/large-molecule-4v6f/20-selection-a-bf-4v6f/02-load/AV-009-06__RECORD.json","??","E. GENERATED_REPORT_METADATA","Generated campaign metadata or report retained for audit; not automatically staged.","True","False"
"verification/large-molecule-4v6f/20-selection-a-bf-4v6f/02-load/AV-010-01__RECORD.json","??","E. GENERATED_REPORT_METADATA","Generated campaign metadata or report retained for audit; not automatically staged.","True","False"
"verification/large-molecule-4v6f/20-selection-a-bf-4v6f/02-load/AV-010-02__RECORD.json","??","E. GENERATED_REPORT_METADATA","Generated campaign metadata or report retained for audit; not automatically staged.","True","False"
"verification/large-molecule-4v6f/20-selection-a-bf-4v6f/02-load/AV-010-03__RECORD.json","??","E. GENERATED_REPORT_METADATA","Generated campaign metadata or report retained for audit; not automatically staged.","True","False"
"verification/large-molecule-4v6f/20-selection-a-bf-4v6f/02-load/AV-010-04__RECORD.json","??","E. GENERATED_REPORT_METADATA","Generated campaign metadata or report retained for audit; not automatically staged.","True","False"
"verification/large-molecule-4v6f/20-selection-a-bf-4v6f/02-load/AV-010-05__RECORD.json","??","E. GENERATED_REPORT_METADATA","Generated campaign metadata or report retained for audit; not automatically staged.","True","False"
"verification/large-molecule-4v6f/20-selection-a-bf-4v6f/02-load/AV-010-06__RECORD.json","??","E. GENERATED_REPORT_METADATA","Generated campaign metadata or report retained for audit; not automatically staged.","True","False"
"verification/large-molecule-4v6f/20-selection-a-bf-4v6f/02-load/AV-011-01__RECORD.json","??","E. GENERATED_REPORT_METADATA","Generated campaign metadata or report retained for audit; not automatically staged.","True","False"
"verification/large-molecule-4v6f/20-selection-a-bf-4v6f/02-load/AV-011-02__RECORD.json","??","E. GENERATED_REPORT_METADATA","Generated campaign metadata or report retained for audit; not automatically staged.","True","False"
"verification/large-molecule-4v6f/20-selection-a-bf-4v6f/02-load/AV-011-03__RECORD.json","??","E. GENERATED_REPORT_METADATA","Generated campaign metadata or report retained for audit; not automatically staged.","True","False"
"verification/large-molecule-4v6f/20-selection-a-bf-4v6f/02-load/AV-011-04__RECORD.json","??","E. GENERATED_REPORT_METADATA","Generated campaign metadata or report retained for audit; not automatically staged.","True","False"
"verification/large-molecule-4v6f/20-selection-a-bf-4v6f/02-load/AV-011-05__RECORD.json","??","E. GENERATED_REPORT_METADATA","Generated campaign metadata or report retained for audit; not automatically staged.","True","False"
"verification/large-molecule-4v6f/20-selection-a-bf-4v6f/02-load/AV-011-06__RECORD.json","??","E. GENERATED_REPORT_METADATA","Generated campaign metadata or report retained for audit; not automatically staged.","True","False"
"verification/large-molecule-4v6f/20-selection-a-bf-4v6f/02-load/AV-012-01__RECORD.json","??","E. GENERATED_REPORT_METADATA","Generated campaign metadata or report retained for audit; not automatically staged.","True","False"
"verification/large-molecule-4v6f/20-selection-a-bf-4v6f/02-load/AV-012-02__RECORD.json","??","E. GENERATED_REPORT_METADATA","Generated campaign metadata or report retained for audit; not automatically staged.","True","False"
"verification/large-molecule-4v6f/20-selection-a-bf-4v6f/02-load/AV-012-03__RECORD.json","??","E. GENERATED_REPORT_METADATA","Generated campaign metadata or report retained for audit; not automatically staged.","True","False"
"verification/large-molecule-4v6f/20-selection-a-bf-4v6f/02-load/AV-012-04__RECORD.json","??","E. GENERATED_REPORT_METADATA","Generated campaign metadata or report retained for audit; not automatically staged.","True","False"
"verification/large-molecule-4v6f/20-selection-a-bf-4v6f/02-load/AV-012-05__RECORD.json","??","E. GENERATED_REPORT_METADATA","Generated campaign metadata or report retained for audit; not automatically staged.","True","False"
"verification/large-molecule-4v6f/20-selection-a-bf-4v6f/02-load/AV-012-06__RECORD.json","??","E. GENERATED_REPORT_METADATA","Generated campaign metadata or report retained for audit; not automatically staged.","True","False"
"verification/large-molecule-4v6f/20-selection-a-bf-4v6f/02-load/AV-013-01__RECORD.json","??","E. GENERATED_REPORT_METADATA","Generated campaign metadata or report retained for audit; not automatically staged.","True","False"
"verification/large-molecule-4v6f/20-selection-a-bf-4v6f/02-load/AV-013-02__RECORD.json","??","E. GENERATED_REPORT_METADATA","Generated campaign metadata or report retained for audit; not automatically staged.","True","False"
"verification/large-molecule-4v6f/20-selection-a-bf-4v6f/02-load/AV-013-03__RECORD.json","??","E. GENERATED_REPORT_METADATA","Generated campaign metadata or report retained for audit; not automatically staged.","True","False"
"verification/large-molecule-4v6f/20-selection-a-bf-4v6f/02-load/AV-013-04__RECORD.json","??","E. GENERATED_REPORT_METADATA","Generated campaign metadata or report retained for audit; not automatically staged.","True","False"
"verification/large-molecule-4v6f/20-selection-a-bf-4v6f/02-load/AV-013-05__RECORD.json","??","E. GENERATED_REPORT_METADATA","Generated campaign metadata or report retained for audit; not automatically staged.","True","False"
"verification/large-molecule-4v6f/20-selection-a-bf-4v6f/02-load/AV-013-06__RECORD.json","??","E. GENERATED_REPORT_METADATA","Generated campaign metadata or report retained for audit; not automatically staged.","True","False"
"verification/large-molecule-4v6f/20-selection-a-bf-4v6f/02-load/AV-014-01__RECORD.json","??","E. GENERATED_REPORT_METADATA","Generated campaign metadata or report retained for audit; not automatically staged.","True","False"
"verification/large-molecule-4v6f/20-selection-a-bf-4v6f/02-load/AV-014-02__RECORD.json","??","E. GENERATED_REPORT_METADATA","Generated campaign metadata or report retained for audit; not automatically staged.","True","False"
"verification/large-molecule-4v6f/20-selection-a-bf-4v6f/02-load/AV-014-03__RECORD.json","??","E. GENERATED_REPORT_METADATA","Generated campaign metadata or report retained for audit; not automatically staged.","True","False"
"verification/large-molecule-4v6f/20-selection-a-bf-4v6f/02-load/AV-014-04__RECORD.json","??","E. GENERATED_REPORT_METADATA","Generated campaign metadata or report retained for audit; not automatically staged.","True","False"
"verification/large-molecule-4v6f/20-selection-a-bf-4v6f/02-load/AV-014-05__RECORD.json","??","E. GENERATED_REPORT_METADATA","Generated campaign metadata or report retained for audit; not automatically staged.","True","False"
"verification/large-molecule-4v6f/20-selection-a-bf-4v6f/02-load/AV-014-06__RECORD.json","??","E. GENERATED_REPORT_METADATA","Generated campaign metadata or report retained for audit; not automatically staged.","True","False"
"verification/large-molecule-4v6f/20-selection-a-bf-4v6f/02-load/AV-015-01__RECORD.json","??","E. GENERATED_REPORT_METADATA","Generated campaign metadata or report retained for audit; not automatically staged.","True","False"
"verification/large-molecule-4v6f/20-selection-a-bf-4v6f/02-load/AV-015-02__RECORD.json","??","E. GENERATED_REPORT_METADATA","Generated campaign metadata or report retained for audit; not automatically staged.","True","False"
"verification/large-molecule-4v6f/20-selection-a-bf-4v6f/02-load/AV-015-03__RECORD.json","??","E. GENERATED_REPORT_METADATA","Generated campaign metadata or report retained for audit; not automatically staged.","True","False"
"verification/large-molecule-4v6f/20-selection-a-bf-4v6f/02-load/AV-015-04__RECORD.json","??","E. GENERATED_REPORT_METADATA","Generated campaign metadata or report retained for audit; not automatically staged.","True","False"
"verification/large-molecule-4v6f/20-selection-a-bf-4v6f/02-load/AV-015-05__RECORD.json","??","E. GENERATED_REPORT_METADATA","Generated campaign metadata or report retained for audit; not automatically staged.","True","False"
"verification/large-molecule-4v6f/20-selection-a-bf-4v6f/02-load/AV-015-06__RECORD.json","??","E. GENERATED_REPORT_METADATA","Generated campaign metadata or report retained for audit; not automatically staged.","True","False"
"verification/large-molecule-4v6f/20-selection-a-bf-4v6f/02-load/AV-016-01__RECORD.json","??","E. GENERATED_REPORT_METADATA","Generated campaign metadata or report retained for audit; not automatically staged.","True","False"
"verification/large-molecule-4v6f/20-selection-a-bf-4v6f/02-load/AV-016-02__RECORD.json","??","E. GENERATED_REPORT_METADATA","Generated campaign metadata or report retained for audit; not automatically staged.","True","False"
"verification/large-molecule-4v6f/20-selection-a-bf-4v6f/02-load/AV-016-03__RECORD.json","??","E. GENERATED_REPORT_METADATA","Generated campaign metadata or report retained for audit; not automatically staged.","True","False"
"verification/large-molecule-4v6f/20-selection-a-bf-4v6f/02-load/AV-016-04__RECORD.json","??","E. GENERATED_REPORT_METADATA","Generated campaign metadata or report retained for audit; not automatically staged.","True","False"
"verification/large-molecule-4v6f/20-selection-a-bf-4v6f/02-load/AV-016-05__RECORD.json","??","E. GENERATED_REPORT_METADATA","Generated campaign metadata or report retained for audit; not automatically staged.","True","False"
"verification/large-molecule-4v6f/20-selection-a-bf-4v6f/02-load/AV-016-06__RECORD.json","??","E. GENERATED_REPORT_METADATA","Generated campaign metadata or report retained for audit; not automatically staged.","True","False"
"verification/large-molecule-4v6f/20-selection-a-bf-4v6f/02-load/AV-017-01__RECORD.json","??","E. GENERATED_REPORT_METADATA","Generated campaign metadata or report retained for audit; not automatically staged.","True","False"
"verification/large-molecule-4v6f/20-selection-a-bf-4v6f/02-load/AV-017-02__RECORD.json","??","E. GENERATED_REPORT_METADATA","Generated campaign metadata or report retained for audit; not automatically staged.","True","False"
"verification/large-molecule-4v6f/20-selection-a-bf-4v6f/02-load/AV-017-03__RECORD.json","??","E. GENERATED_REPORT_METADATA","Generated campaign metadata or report retained for audit; not automatically staged.","True","False"
"verification/large-molecule-4v6f/20-selection-a-bf-4v6f/02-load/AV-017-04__RECORD.json","??","E. GENERATED_REPORT_METADATA","Generated campaign metadata or report retained for audit; not automatically staged.","True","False"
"verification/large-molecule-4v6f/20-selection-a-bf-4v6f/02-load/AV-017-05__RECORD.json","??","E. GENERATED_REPORT_METADATA","Generated campaign metadata or report retained for audit; not automatically staged.","True","False"
"verification/large-molecule-4v6f/20-selection-a-bf-4v6f/02-load/AV-017-06__RECORD.json","??","E. GENERATED_REPORT_METADATA","Generated campaign metadata or report retained for audit; not automatically staged.","True","False"
"verification/large-molecule-4v6f/20-selection-a-bf-4v6f/02-load/AV-018-01__RECORD.json","??","E. GENERATED_REPORT_METADATA","Generated campaign metadata or report retained for audit; not automatically staged.","True","False"
"verification/large-molecule-4v6f/20-selection-a-bf-4v6f/02-load/AV-018-02__RECORD.json","??","E. GENERATED_REPORT_METADATA","Generated campaign metadata or report retained for audit; not automatically staged.","True","False"
"verification/large-molecule-4v6f/20-selection-a-bf-4v6f/02-load/AV-018-03__RECORD.json","??","E. GENERATED_REPORT_METADATA","Generated campaign metadata or report retained for audit; not automatically staged.","True","False"
"verification/large-molecule-4v6f/20-selection-a-bf-4v6f/02-load/AV-018-04__RECORD.json","??","E. GENERATED_REPORT_METADATA","Generated campaign metadata or report retained for audit; not automatically staged.","True","False"
"verification/large-molecule-4v6f/20-selection-a-bf-4v6f/02-load/AV-018-05__RECORD.json","??","E. GENERATED_REPORT_METADATA","Generated campaign metadata or report retained for audit; not automatically staged.","True","False"
"verification/large-molecule-4v6f/20-selection-a-bf-4v6f/02-load/AV-018-06__RECORD.json","??","E. GENERATED_REPORT_METADATA","Generated campaign metadata or report retained for audit; not automatically staged.","True","False"
"verification/large-molecule-4v6f/20-selection-a-bf-4v6f/02-load/AV-019-01__RECORD.json","??","E. GENERATED_REPORT_METADATA","Generated campaign metadata or report retained for audit; not automatically staged.","True","False"
"verification/large-molecule-4v6f/20-selection-a-bf-4v6f/02-load/AV-019-02__RECORD.json","??","E. GENERATED_REPORT_METADATA","Generated campaign metadata or report retained for audit; not automatically staged.","True","False"
"verification/large-molecule-4v6f/20-selection-a-bf-4v6f/02-load/AV-019-03__RECORD.json","??","E. GENERATED_REPORT_METADATA","Generated campaign metadata or report retained for audit; not automatically staged.","True","False"
"verification/large-molecule-4v6f/20-selection-a-bf-4v6f/02-load/AV-019-04__RECORD.json","??","E. GENERATED_REPORT_METADATA","Generated campaign metadata or report retained for audit; not automatically staged.","True","False"
"verification/large-molecule-4v6f/20-selection-a-bf-4v6f/02-load/AV-019-05__RECORD.json","??","E. GENERATED_REPORT_METADATA","Generated campaign metadata or report retained for audit; not automatically staged.","True","False"
"verification/large-molecule-4v6f/20-selection-a-bf-4v6f/02-load/AV-019-06__RECORD.json","??","E. GENERATED_REPORT_METADATA","Generated campaign metadata or report retained for audit; not automatically staged.","True","False"
"verification/large-molecule-4v6f/20-selection-a-bf-4v6f/02-load/AV-020-01__RECORD.json","??","E. GENERATED_REPORT_METADATA","Generated campaign metadata or report retained for audit; not automatically staged.","True","False"
"verification/large-molecule-4v6f/20-selection-a-bf-4v6f/02-load/AV-020-02__RECORD.json","??","E. GENERATED_REPORT_METADATA","Generated campaign metadata or report retained for audit; not automatically staged.","True","False"
"verification/large-molecule-4v6f/20-selection-a-bf-4v6f/02-load/AV-020-03__RECORD.json","??","E. GENERATED_REPORT_METADATA","Generated campaign metadata or report retained for audit; not automatically staged.","True","False"
"verification/large-molecule-4v6f/20-selection-a-bf-4v6f/02-load/AV-020-04__RECORD.json","??","E. GENERATED_REPORT_METADATA","Generated campaign metadata or report retained for audit; not automatically staged.","True","False"
"verification/large-molecule-4v6f/20-selection-a-bf-4v6f/02-load/AV-020-05__RECORD.json","??","E. GENERATED_REPORT_METADATA","Generated campaign metadata or report retained for audit; not automatically staged.","True","False"
"verification/large-molecule-4v6f/20-selection-a-bf-4v6f/02-load/AV-020-06__RECORD.json","??","E. GENERATED_REPORT_METADATA","Generated campaign metadata or report retained for audit; not automatically staged.","True","False"
"verification/large-molecule-4v6f/20-selection-a-bf-4v6f/02-load/AW-001-001__RECORD.json","??","E. GENERATED_REPORT_METADATA","Generated campaign metadata or report retained for audit; not automatically staged.","True","False"
"verification/large-molecule-4v6f/20-selection-a-bf-4v6f/02-load/AW-001-002__RECORD.json","??","E. GENERATED_REPORT_METADATA","Generated campaign metadata or report retained for audit; not automatically staged.","True","False"
"verification/large-molecule-4v6f/20-selection-a-bf-4v6f/02-load/AW-001-003__RECORD.json","??","E. GENERATED_REPORT_METADATA","Generated campaign metadata or report retained for audit; not automatically staged.","True","False"
"verification/large-molecule-4v6f/20-selection-a-bf-4v6f/02-load/AW-001-004__RECORD.json","??","E. GENERATED_REPORT_METADATA","Generated campaign metadata or report retained for audit; not automatically staged.","True","False"
"verification/large-molecule-4v6f/20-selection-a-bf-4v6f/02-load/AW-001-005__RECORD.json","??","E. GENERATED_REPORT_METADATA","Generated campaign metadata or report retained for audit; not automatically staged.","True","False"
"verification/large-molecule-4v6f/20-selection-a-bf-4v6f/02-load/AW-001-006__RECORD.json","??","E. GENERATED_REPORT_METADATA","Generated campaign metadata or report retained for audit; not automatically staged.","True","False"
"verification/large-molecule-4v6f/20-selection-a-bf-4v6f/02-load/AW-001-007__RECORD.json","??","E. GENERATED_REPORT_METADATA","Generated campaign metadata or report retained for audit; not automatically staged.","True","False"
"verification/large-molecule-4v6f/20-selection-a-bf-4v6f/02-load/AW-001-008__RECORD.json","??","E. GENERATED_REPORT_METADATA","Generated campaign metadata or report retained for audit; not automatically staged.","True","False"
"verification/large-molecule-4v6f/20-selection-a-bf-4v6f/02-load/AW-002-001__RECORD.json","??","E. GENERATED_REPORT_METADATA","Generated campaign metadata or report retained for audit; not automatically staged.","True","False"
"verification/large-molecule-4v6f/20-selection-a-bf-4v6f/02-load/AW-002-002__RECORD.json","??","E. GENERATED_REPORT_METADATA","Generated campaign metadata or report retained for audit; not automatically staged.","True","False"
"verification/large-molecule-4v6f/20-selection-a-bf-4v6f/02-load/AW-002-003__RECORD.json","??","E. GENERATED_REPORT_METADATA","Generated campaign metadata or report retained for audit; not automatically staged.","True","False"
"verification/large-molecule-4v6f/20-selection-a-bf-4v6f/02-load/AW-002-004__RECORD.json","??","E. GENERATED_REPORT_METADATA","Generated campaign metadata or report retained for audit; not automatically staged.","True","False"
"verification/large-molecule-4v6f/20-selection-a-bf-4v6f/02-load/AW-002-005__RECORD.json","??","E. GENERATED_REPORT_METADATA","Generated campaign metadata or report retained for audit; not automatically staged.","True","False"
"verification/large-molecule-4v6f/20-selection-a-bf-4v6f/02-load/AW-002-006__RECORD.json","??","E. GENERATED_REPORT_METADATA","Generated campaign metadata or report retained for audit; not automatically staged.","True","False"
"verification/large-molecule-4v6f/20-selection-a-bf-4v6f/02-load/AW-002-007__RECORD.json","??","E. GENERATED_REPORT_METADATA","Generated campaign metadata or report retained for audit; not automatically staged.","True","False"
"verification/large-molecule-4v6f/20-selection-a-bf-4v6f/02-load/AW-002-008__RECORD.json","??","E. GENERATED_REPORT_METADATA","Generated campaign metadata or report retained for audit; not automatically staged.","True","False"
"verification/large-molecule-4v6f/20-selection-a-bf-4v6f/02-load/AW-003-001__RECORD.json","??","E. GENERATED_REPORT_METADATA","Generated campaign metadata or report retained for audit; not automatically staged.","True","False"
"verification/large-molecule-4v6f/20-selection-a-bf-4v6f/02-load/AW-003-002__RECORD.json","??","E. GENERATED_REPORT_METADATA","Generated campaign metadata or report retained for audit; not automatically staged.","True","False"
"verification/large-molecule-4v6f/20-selection-a-bf-4v6f/02-load/AW-003-003__RECORD.json","??","E. GENERATED_REPORT_METADATA","Generated campaign metadata or report retained for audit; not automatically staged.","True","False"
"verification/large-molecule-4v6f/20-selection-a-bf-4v6f/02-load/AW-003-004__RECORD.json","??","E. GENERATED_REPORT_METADATA","Generated campaign metadata or report retained for audit; not automatically staged.","True","False"
"verification/large-molecule-4v6f/20-selection-a-bf-4v6f/02-load/AW-003-005__RECORD.json","??","E. GENERATED_REPORT_METADATA","Generated campaign metadata or report retained for audit; not automatically staged.","True","False"
"verification/large-molecule-4v6f/20-selection-a-bf-4v6f/02-load/AW-003-006__RECORD.json","??","E. GENERATED_REPORT_METADATA","Generated campaign metadata or report retained for audit; not automatically staged.","True","False"
"verification/large-molecule-4v6f/20-selection-a-bf-4v6f/02-load/AW-003-007__RECORD.json","??","E. GENERATED_REPORT_METADATA","Generated campaign metadata or report retained for audit; not automatically staged.","True","False"
"verification/large-molecule-4v6f/20-selection-a-bf-4v6f/02-load/AW-003-008__RECORD.json","??","E. GENERATED_REPORT_METADATA","Generated campaign metadata or report retained for audit; not automatically staged.","True","False"
"verification/large-molecule-4v6f/20-selection-a-bf-4v6f/02-load/AW-004-001__RECORD.json","??","E. GENERATED_REPORT_METADATA","Generated campaign metadata or report retained for audit; not automatically staged.","True","False"
"verification/large-molecule-4v6f/20-selection-a-bf-4v6f/02-load/AW-004-002__RECORD.json","??","E. GENERATED_REPORT_METADATA","Generated campaign metadata or report retained for audit; not automatically staged.","True","False"
"verification/large-molecule-4v6f/20-selection-a-bf-4v6f/02-load/AW-004-003__RECORD.json","??","E. GENERATED_REPORT_METADATA","Generated campaign metadata or report retained for audit; not automatically staged.","True","False"
"verification/large-molecule-4v6f/20-selection-a-bf-4v6f/02-load/AW-004-004__RECORD.json","??","E. GENERATED_REPORT_METADATA","Generated campaign metadata or report retained for audit; not automatically staged.","True","False"
"verification/large-molecule-4v6f/20-selection-a-bf-4v6f/02-load/AW-004-005__RECORD.json","??","E. GENERATED_REPORT_METADATA","Generated campaign metadata or report retained for audit; not automatically staged.","True","False"
"verification/large-molecule-4v6f/20-selection-a-bf-4v6f/02-load/AW-004-006__RECORD.json","??","E. GENERATED_REPORT_METADATA","Generated campaign metadata or report retained for audit; not automatically staged.","True","False"
"verification/large-molecule-4v6f/20-selection-a-bf-4v6f/02-load/AW-004-007__RECORD.json","??","E. GENERATED_REPORT_METADATA","Generated campaign metadata or report retained for audit; not automatically staged.","True","False"
"verification/large-molecule-4v6f/20-selection-a-bf-4v6f/02-load/AW-004-008__RECORD.json","??","E. GENERATED_REPORT_METADATA","Generated campaign metadata or report retained for audit; not automatically staged.","True","False"
"verification/large-molecule-4v6f/20-selection-a-bf-4v6f/02-load/AW-005-001__RECORD.json","??","E. GENERATED_REPORT_METADATA","Generated campaign metadata or report retained for audit; not automatically staged.","True","False"
"verification/large-molecule-4v6f/20-selection-a-bf-4v6f/02-load/AW-005-002__RECORD.json","??","E. GENERATED_REPORT_METADATA","Generated campaign metadata or report retained for audit; not automatically staged.","True","False"
"verification/large-molecule-4v6f/20-selection-a-bf-4v6f/02-load/AW-005-003__RECORD.json","??","E. GENERATED_REPORT_METADATA","Generated campaign metadata or report retained for audit; not automatically staged.","True","False"
"verification/large-molecule-4v6f/20-selection-a-bf-4v6f/02-load/AW-005-004__RECORD.json","??","E. GENERATED_REPORT_METADATA","Generated campaign metadata or report retained for audit; not automatically staged.","True","False"
"verification/large-molecule-4v6f/20-selection-a-bf-4v6f/02-load/AW-005-005__RECORD.json","??","E. GENERATED_REPORT_METADATA","Generated campaign metadata or report retained for audit; not automatically staged.","True","False"
"verification/large-molecule-4v6f/20-selection-a-bf-4v6f/02-load/AW-005-006__RECORD.json","??","E. GENERATED_REPORT_METADATA","Generated campaign metadata or report retained for audit; not automatically staged.","True","False"
"verification/large-molecule-4v6f/20-selection-a-bf-4v6f/02-load/AW-005-007__RECORD.json","??","E. GENERATED_REPORT_METADATA","Generated campaign metadata or report retained for audit; not automatically staged.","True","False"
"verification/large-molecule-4v6f/20-selection-a-bf-4v6f/02-load/AW-005-008__RECORD.json","??","E. GENERATED_REPORT_METADATA","Generated campaign metadata or report retained for audit; not automatically staged.","True","False"
"verification/large-molecule-4v6f/20-selection-a-bf-4v6f/02-load/AW-006-001__RECORD.json","??","E. GENERATED_REPORT_METADATA","Generated campaign metadata or report retained for audit; not automatically staged.","True","False"
"verification/large-molecule-4v6f/20-selection-a-bf-4v6f/02-load/AW-006-002__RECORD.json","??","E. GENERATED_REPORT_METADATA","Generated campaign metadata or report retained for audit; not automatically staged.","True","False"
"verification/large-molecule-4v6f/20-selection-a-bf-4v6f/02-load/AW-006-003__RECORD.json","??","E. GENERATED_REPORT_METADATA","Generated campaign metadata or report retained for audit; not automatically staged.","True","False"
"verification/large-molecule-4v6f/20-selection-a-bf-4v6f/02-load/AW-006-004__RECORD.json","??","E. GENERATED_REPORT_METADATA","Generated campaign metadata or report retained for audit; not automatically staged.","True","False"
"verification/large-molecule-4v6f/20-selection-a-bf-4v6f/02-load/AW-006-005__RECORD.json","??","E. GENERATED_REPORT_METADATA","Generated campaign metadata or report retained for audit; not automatically staged.","True","False"
"verification/large-molecule-4v6f/20-selection-a-bf-4v6f/02-load/AW-006-006__RECORD.json","??","E. GENERATED_REPORT_METADATA","Generated campaign metadata or report retained for audit; not automatically staged.","True","False"
"verification/large-molecule-4v6f/20-selection-a-bf-4v6f/02-load/AW-006-007__RECORD.json","??","E. GENERATED_REPORT_METADATA","Generated campaign metadata or report retained for audit; not automatically staged.","True","False"
"verification/large-molecule-4v6f/20-selection-a-bf-4v6f/02-load/AW-006-008__RECORD.json","??","E. GENERATED_REPORT_METADATA","Generated campaign metadata or report retained for audit; not automatically staged.","True","False"
"verification/large-molecule-4v6f/20-selection-a-bf-4v6f/02-load/AW-007-001__RECORD.json","??","E. GENERATED_REPORT_METADATA","Generated campaign metadata or report retained for audit; not automatically staged.","True","False"
"verification/large-molecule-4v6f/20-selection-a-bf-4v6f/02-load/AW-007-002__RECORD.json","??","E. GENERATED_REPORT_METADATA","Generated campaign metadata or report retained for audit; not automatically staged.","True","False"
"verification/large-molecule-4v6f/20-selection-a-bf-4v6f/02-load/AW-007-003__RECORD.json","??","E. GENERATED_REPORT_METADATA","Generated campaign metadata or report retained for audit; not automatically staged.","True","False"
"verification/large-molecule-4v6f/20-selection-a-bf-4v6f/02-load/AW-007-004__RECORD.json","??","E. GENERATED_REPORT_METADATA","Generated campaign metadata or report retained for audit; not automatically staged.","True","False"
"verification/large-molecule-4v6f/20-selection-a-bf-4v6f/02-load/AW-007-005__RECORD.json","??","E. GENERATED_REPORT_METADATA","Generated campaign metadata or report retained for audit; not automatically staged.","True","False"
"verification/large-molecule-4v6f/20-selection-a-bf-4v6f/02-load/AW-007-006__RECORD.json","??","E. GENERATED_REPORT_METADATA","Generated campaign metadata or report retained for audit; not automatically staged.","True","False"
"verification/large-molecule-4v6f/20-selection-a-bf-4v6f/02-load/AW-007-007__RECORD.json","??","E. GENERATED_REPORT_METADATA","Generated campaign metadata or report retained for audit; not automatically staged.","True","False"
"verification/large-molecule-4v6f/20-selection-a-bf-4v6f/02-load/AW-007-008__RECORD.json","??","E. GENERATED_REPORT_METADATA","Generated campaign metadata or report retained for audit; not automatically staged.","True","False"
"verification/large-molecule-4v6f/20-selection-a-bf-4v6f/02-load/AW-008-001__RECORD.json","??","E. GENERATED_REPORT_METADATA","Generated campaign metadata or report retained for audit; not automatically staged.","True","False"
"verification/large-molecule-4v6f/20-selection-a-bf-4v6f/02-load/AW-008-002__RECORD.json","??","E. GENERATED_REPORT_METADATA","Generated campaign metadata or report retained for audit; not automatically staged.","True","False"
"verification/large-molecule-4v6f/20-selection-a-bf-4v6f/02-load/AW-008-003__RECORD.json","??","E. GENERATED_REPORT_METADATA","Generated campaign metadata or report retained for audit; not automatically staged.","True","False"
"verification/large-molecule-4v6f/20-selection-a-bf-4v6f/02-load/AW-008-004__RECORD.json","??","E. GENERATED_REPORT_METADATA","Generated campaign metadata or report retained for audit; not automatically staged.","True","False"
"verification/large-molecule-4v6f/20-selection-a-bf-4v6f/02-load/AW-008-005__RECORD.json","??","E. GENERATED_REPORT_METADATA","Generated campaign metadata or report retained for audit; not automatically staged.","True","False"
"verification/large-molecule-4v6f/20-selection-a-bf-4v6f/02-load/AW-008-006__RECORD.json","??","E. GENERATED_REPORT_METADATA","Generated campaign metadata or report retained for audit; not automatically staged.","True","False"
"verification/large-molecule-4v6f/20-selection-a-bf-4v6f/02-load/AW-008-007__RECORD.json","??","E. GENERATED_REPORT_METADATA","Generated campaign metadata or report retained for audit; not automatically staged.","True","False"
"verification/large-molecule-4v6f/20-selection-a-bf-4v6f/02-load/AW-008-008__RECORD.json","??","E. GENERATED_REPORT_METADATA","Generated campaign metadata or report retained for audit; not automatically staged.","True","False"
"verification/large-molecule-4v6f/20-selection-a-bf-4v6f/02-load/AW-009-001__RECORD.json","??","E. GENERATED_REPORT_METADATA","Generated campaign metadata or report retained for audit; not automatically staged.","True","False"
"verification/large-molecule-4v6f/20-selection-a-bf-4v6f/02-load/AW-009-002__RECORD.json","??","E. GENERATED_REPORT_METADATA","Generated campaign metadata or report retained for audit; not automatically staged.","True","False"
"verification/large-molecule-4v6f/20-selection-a-bf-4v6f/02-load/AW-009-003__RECORD.json","??","E. GENERATED_REPORT_METADATA","Generated campaign metadata or report retained for audit; not automatically staged.","True","False"
"verification/large-molecule-4v6f/20-selection-a-bf-4v6f/02-load/AW-009-004__RECORD.json","??","E. GENERATED_REPORT_METADATA","Generated campaign metadata or report retained for audit; not automatically staged.","True","False"
"verification/large-molecule-4v6f/20-selection-a-bf-4v6f/02-load/AW-009-005__RECORD.json","??","E. GENERATED_REPORT_METADATA","Generated campaign metadata or report retained for audit; not automatically staged.","True","False"
"verification/large-molecule-4v6f/20-selection-a-bf-4v6f/02-load/AW-009-006__RECORD.json","??","E. GENERATED_REPORT_METADATA","Generated campaign metadata or report retained for audit; not automatically staged.","True","False"
"verification/large-molecule-4v6f/20-selection-a-bf-4v6f/02-load/AW-009-007__RECORD.json","??","E. GENERATED_REPORT_METADATA","Generated campaign metadata or report retained for audit; not automatically staged.","True","False"
"verification/large-molecule-4v6f/20-selection-a-bf-4v6f/02-load/AW-009-008__RECORD.json","??","E. GENERATED_REPORT_METADATA","Generated campaign metadata or report retained for audit; not automatically staged.","True","False"
"verification/large-molecule-4v6f/20-selection-a-bf-4v6f/02-load/AW-010-001__RECORD.json","??","E. GENERATED_REPORT_METADATA","Generated campaign metadata or report retained for audit; not automatically staged.","True","False"
"verification/large-molecule-4v6f/20-selection-a-bf-4v6f/02-load/AW-010-002__RECORD.json","??","E. GENERATED_REPORT_METADATA","Generated campaign metadata or report retained for audit; not automatically staged.","True","False"
"verification/large-molecule-4v6f/20-selection-a-bf-4v6f/02-load/AW-010-003__RECORD.json","??","E. GENERATED_REPORT_METADATA","Generated campaign metadata or report retained for audit; not automatically staged.","True","False"
"verification/large-molecule-4v6f/20-selection-a-bf-4v6f/02-load/AW-010-004__RECORD.json","??","E. GENERATED_REPORT_METADATA","Generated campaign metadata or report retained for audit; not automatically staged.","True","False"
"verification/large-molecule-4v6f/20-selection-a-bf-4v6f/02-load/AW-010-005__RECORD.json","??","E. GENERATED_REPORT_METADATA","Generated campaign metadata or report retained for audit; not automatically staged.","True","False"
"verification/large-molecule-4v6f/20-selection-a-bf-4v6f/02-load/AW-010-006__RECORD.json","??","E. GENERATED_REPORT_METADATA","Generated campaign metadata or report retained for audit; not automatically staged.","True","False"
"verification/large-molecule-4v6f/20-selection-a-bf-4v6f/02-load/AW-010-007__RECORD.json","??","E. GENERATED_REPORT_METADATA","Generated campaign metadata or report retained for audit; not automatically staged.","True","False"
"verification/large-molecule-4v6f/20-selection-a-bf-4v6f/02-load/AW-010-008__RECORD.json","??","E. GENERATED_REPORT_METADATA","Generated campaign metadata or report retained for audit; not automatically staged.","True","False"
"verification/large-molecule-4v6f/20-selection-a-bf-4v6f/02-load/AX-001__RECORD.json","??","E. GENERATED_REPORT_METADATA","Generated campaign metadata or report retained for audit; not automatically staged.","True","False"
"verification/large-molecule-4v6f/20-selection-a-bf-4v6f/02-load/AX-002__RECORD.json","??","E. GENERATED_REPORT_METADATA","Generated campaign metadata or report retained for audit; not automatically staged.","True","False"
"verification/large-molecule-4v6f/20-selection-a-bf-4v6f/02-load/AX-003__RECORD.json","??","E. GENERATED_REPORT_METADATA","Generated campaign metadata or report retained for audit; not automatically staged.","True","False"
"verification/large-molecule-4v6f/20-selection-a-bf-4v6f/02-load/AY-001__RECORD.json","??","E. GENERATED_REPORT_METADATA","Generated campaign metadata or report retained for audit; not automatically staged.","True","False"
"verification/large-molecule-4v6f/20-selection-a-bf-4v6f/02-load/AZ-001__RECORD.json","??","E. GENERATED_REPORT_METADATA","Generated campaign metadata or report retained for audit; not automatically staged.","True","False"
"verification/large-molecule-4v6f/20-selection-a-bf-4v6f/02-load/AZ-002__RECORD.json","??","E. GENERATED_REPORT_METADATA","Generated campaign metadata or report retained for audit; not automatically staged.","True","False"
"verification/large-molecule-4v6f/20-selection-a-bf-4v6f/02-load/AZ-003__RECORD.json","??","E. GENERATED_REPORT_METADATA","Generated campaign metadata or report retained for audit; not automatically staged.","True","False"
"verification/large-molecule-4v6f/20-selection-a-bf-4v6f/02-load/B-001__RECORD.json","??","E. GENERATED_REPORT_METADATA","Generated campaign metadata or report retained for audit; not automatically staged.","True","False"
"verification/large-molecule-4v6f/20-selection-a-bf-4v6f/02-load/B-002__RECORD.json","??","E. GENERATED_REPORT_METADATA","Generated campaign metadata or report retained for audit; not automatically staged.","True","False"
"verification/large-molecule-4v6f/20-selection-a-bf-4v6f/02-load/B-003__RECORD.json","??","E. GENERATED_REPORT_METADATA","Generated campaign metadata or report retained for audit; not automatically staged.","True","False"
"verification/large-molecule-4v6f/20-selection-a-bf-4v6f/02-load/B-004__RECORD.json","??","E. GENERATED_REPORT_METADATA","Generated campaign metadata or report retained for audit; not automatically staged.","True","False"
"verification/large-molecule-4v6f/20-selection-a-bf-4v6f/02-load/B-005__RECORD.json","??","E. GENERATED_REPORT_METADATA","Generated campaign metadata or report retained for audit; not automatically staged.","True","False"
"verification/large-molecule-4v6f/20-selection-a-bf-4v6f/02-load/B-006__RECORD.json","??","E. GENERATED_REPORT_METADATA","Generated campaign metadata or report retained for audit; not automatically staged.","True","False"
"verification/large-molecule-4v6f/20-selection-a-bf-4v6f/02-load/BA-001__RECORD.json","??","E. GENERATED_REPORT_METADATA","Generated campaign metadata or report retained for audit; not automatically staged.","True","False"
"verification/large-molecule-4v6f/20-selection-a-bf-4v6f/02-load/BA-002__RECORD.json","??","E. GENERATED_REPORT_METADATA","Generated campaign metadata or report retained for audit; not automatically staged.","True","False"
"verification/large-molecule-4v6f/20-selection-a-bf-4v6f/02-load/BA-003__RECORD.json","??","E. GENERATED_REPORT_METADATA","Generated campaign metadata or report retained for audit; not automatically staged.","True","False"
"verification/large-molecule-4v6f/20-selection-a-bf-4v6f/02-load/BA-004__RECORD.json","??","E. GENERATED_REPORT_METADATA","Generated campaign metadata or report retained for audit; not automatically staged.","True","False"
"verification/large-molecule-4v6f/20-selection-a-bf-4v6f/02-load/BA-005__RECORD.json","??","E. GENERATED_REPORT_METADATA","Generated campaign metadata or report retained for audit; not automatically staged.","True","False"
"verification/large-molecule-4v6f/20-selection-a-bf-4v6f/02-load/BA-006__RECORD.json","??","E. GENERATED_REPORT_METADATA","Generated campaign metadata or report retained for audit; not automatically staged.","True","False"
"verification/large-molecule-4v6f/20-selection-a-bf-4v6f/02-load/BA-007__RECORD.json","??","E. GENERATED_REPORT_METADATA","Generated campaign metadata or report retained for audit; not automatically staged.","True","False"
"verification/large-molecule-4v6f/20-selection-a-bf-4v6f/02-load/BA-008__RECORD.json","??","E. GENERATED_REPORT_METADATA","Generated campaign metadata or report retained for audit; not automatically staged.","True","False"
"verification/large-molecule-4v6f/20-selection-a-bf-4v6f/02-load/BA-009__RECORD.json","??","E. GENERATED_REPORT_METADATA","Generated campaign metadata or report retained for audit; not automatically staged.","True","False"
"verification/large-molecule-4v6f/20-selection-a-bf-4v6f/02-load/BB-001__RECORD.json","??","E. GENERATED_REPORT_METADATA","Generated campaign metadata or report retained for audit; not automatically staged.","True","False"
"verification/large-molecule-4v6f/20-selection-a-bf-4v6f/02-load/BB-002__RECORD.json","??","E. GENERATED_REPORT_METADATA","Generated campaign metadata or report retained for audit; not automatically staged.","True","False"
"verification/large-molecule-4v6f/20-selection-a-bf-4v6f/02-load/BB-003__RECORD.json","??","E. GENERATED_REPORT_METADATA","Generated campaign metadata or report retained for audit; not automatically staged.","True","False"
"verification/large-molecule-4v6f/20-selection-a-bf-4v6f/02-load/BB-004__RECORD.json","??","E. GENERATED_REPORT_METADATA","Generated campaign metadata or report retained for audit; not automatically staged.","True","False"
"verification/large-molecule-4v6f/20-selection-a-bf-4v6f/02-load/BB-005__RECORD.json","??","E. GENERATED_REPORT_METADATA","Generated campaign metadata or report retained for audit; not automatically staged.","True","False"
"verification/large-molecule-4v6f/20-selection-a-bf-4v6f/02-load/BB-006__RECORD.json","??","E. GENERATED_REPORT_METADATA","Generated campaign metadata or report retained for audit; not automatically staged.","True","False"
"verification/large-molecule-4v6f/20-selection-a-bf-4v6f/02-load/BB-007__RECORD.json","??","E. GENERATED_REPORT_METADATA","Generated campaign metadata or report retained for audit; not automatically staged.","True","False"
"verification/large-molecule-4v6f/20-selection-a-bf-4v6f/02-load/BB-008__RECORD.json","??","E. GENERATED_REPORT_METADATA","Generated campaign metadata or report retained for audit; not automatically staged.","True","False"
"verification/large-molecule-4v6f/20-selection-a-bf-4v6f/02-load/BC-001__RECORD.json","??","E. GENERATED_REPORT_METADATA","Generated campaign metadata or report retained for audit; not automatically staged.","True","False"
"verification/large-molecule-4v6f/20-selection-a-bf-4v6f/02-load/BC-002__RECORD.json","??","E. GENERATED_REPORT_METADATA","Generated campaign metadata or report retained for audit; not automatically staged.","True","False"
"verification/large-molecule-4v6f/20-selection-a-bf-4v6f/02-load/BC-003__RECORD.json","??","E. GENERATED_REPORT_METADATA","Generated campaign metadata or report retained for audit; not automatically staged.","True","False"
"verification/large-molecule-4v6f/20-selection-a-bf-4v6f/02-load/BC-004__RECORD.json","??","E. GENERATED_REPORT_METADATA","Generated campaign metadata or report retained for audit; not automatically staged.","True","False"
"verification/large-molecule-4v6f/20-selection-a-bf-4v6f/02-load/BC-005__RECORD.json","??","E. GENERATED_REPORT_METADATA","Generated campaign metadata or report retained for audit; not automatically staged.","True","False"
"verification/large-molecule-4v6f/20-selection-a-bf-4v6f/02-load/BC-006__RECORD.json","??","E. GENERATED_REPORT_METADATA","Generated campaign metadata or report retained for audit; not automatically staged.","True","False"
"verification/large-molecule-4v6f/20-selection-a-bf-4v6f/02-load/BC-007__RECORD.json","??","E. GENERATED_REPORT_METADATA","Generated campaign metadata or report retained for audit; not automatically staged.","True","False"
"verification/large-molecule-4v6f/20-selection-a-bf-4v6f/02-load/BD-001__RECORD.json","??","E. GENERATED_REPORT_METADATA","Generated campaign metadata or report retained for audit; not automatically staged.","True","False"
"verification/large-molecule-4v6f/20-selection-a-bf-4v6f/02-load/BD-002__RECORD.json","??","E. GENERATED_REPORT_METADATA","Generated campaign metadata or report retained for audit; not automatically staged.","True","False"
"verification/large-molecule-4v6f/20-selection-a-bf-4v6f/02-load/BD-003__RECORD.json","??","E. GENERATED_REPORT_METADATA","Generated campaign metadata or report retained for audit; not automatically staged.","True","False"
"verification/large-molecule-4v6f/20-selection-a-bf-4v6f/02-load/BD-004__RECORD.json","??","E. GENERATED_REPORT_METADATA","Generated campaign metadata or report retained for audit; not automatically staged.","True","False"
"verification/large-molecule-4v6f/20-selection-a-bf-4v6f/02-load/BD-005__RECORD.json","??","E. GENERATED_REPORT_METADATA","Generated campaign metadata or report retained for audit; not automatically staged.","True","False"
"verification/large-molecule-4v6f/20-selection-a-bf-4v6f/02-load/BD-006__RECORD.json","??","E. GENERATED_REPORT_METADATA","Generated campaign metadata or report retained for audit; not automatically staged.","True","False"
"verification/large-molecule-4v6f/20-selection-a-bf-4v6f/02-load/BD-007__RECORD.json","??","E. GENERATED_REPORT_METADATA","Generated campaign metadata or report retained for audit; not automatically staged.","True","False"
"verification/large-molecule-4v6f/20-selection-a-bf-4v6f/02-load/BE-001__RECORD.json","??","E. GENERATED_REPORT_METADATA","Generated campaign metadata or report retained for audit; not automatically staged.","True","False"
"verification/large-molecule-4v6f/20-selection-a-bf-4v6f/02-load/BE-002__RECORD.json","??","E. GENERATED_REPORT_METADATA","Generated campaign metadata or report retained for audit; not automatically staged.","True","False"
"verification/large-molecule-4v6f/20-selection-a-bf-4v6f/02-load/BE-003__RECORD.json","??","E. GENERATED_REPORT_METADATA","Generated campaign metadata or report retained for audit; not automatically staged.","True","False"
"verification/large-molecule-4v6f/20-selection-a-bf-4v6f/02-load/BE-004__RECORD.json","??","E. GENERATED_REPORT_METADATA","Generated campaign metadata or report retained for audit; not automatically staged.","True","False"
"verification/large-molecule-4v6f/20-selection-a-bf-4v6f/02-load/BE-005__RECORD.json","??","E. GENERATED_REPORT_METADATA","Generated campaign metadata or report retained for audit; not automatically staged.","True","False"
"verification/large-molecule-4v6f/20-selection-a-bf-4v6f/02-load/BE-006__RECORD.json","??","E. GENERATED_REPORT_METADATA","Generated campaign metadata or report retained for audit; not automatically staged.","True","False"
"verification/large-molecule-4v6f/20-selection-a-bf-4v6f/02-load/BE-007__RECORD.json","??","E. GENERATED_REPORT_METADATA","Generated campaign metadata or report retained for audit; not automatically staged.","True","False"
"verification/large-molecule-4v6f/20-selection-a-bf-4v6f/02-load/BE-008__RECORD.json","??","E. GENERATED_REPORT_METADATA","Generated campaign metadata or report retained for audit; not automatically staged.","True","False"
"verification/large-molecule-4v6f/20-selection-a-bf-4v6f/02-load/C-001__RECORD.json","??","E. GENERATED_REPORT_METADATA","Generated campaign metadata or report retained for audit; not automatically staged.","True","False"
"verification/large-molecule-4v6f/20-selection-a-bf-4v6f/02-load/C-002__RECORD.json","??","E. GENERATED_REPORT_METADATA","Generated campaign metadata or report retained for audit; not automatically staged.","True","False"
"verification/large-molecule-4v6f/20-selection-a-bf-4v6f/02-load/C-003__RECORD.json","??","E. GENERATED_REPORT_METADATA","Generated campaign metadata or report retained for audit; not automatically staged.","True","False"
"verification/large-molecule-4v6f/20-selection-a-bf-4v6f/02-load/C-004__RECORD.json","??","E. GENERATED_REPORT_METADATA","Generated campaign metadata or report retained for audit; not automatically staged.","True","False"
"verification/large-molecule-4v6f/20-selection-a-bf-4v6f/02-load/C-005__RECORD.json","??","E. GENERATED_REPORT_METADATA","Generated campaign metadata or report retained for audit; not automatically staged.","True","False"
"verification/large-molecule-4v6f/20-selection-a-bf-4v6f/02-load/C-006__RECORD.json","??","E. GENERATED_REPORT_METADATA","Generated campaign metadata or report retained for audit; not automatically staged.","True","False"
"verification/large-molecule-4v6f/20-selection-a-bf-4v6f/02-load/C-007__RECORD.json","??","E. GENERATED_REPORT_METADATA","Generated campaign metadata or report retained for audit; not automatically staged.","True","False"
"verification/large-molecule-4v6f/20-selection-a-bf-4v6f/02-load/D-001__RECORD.json","??","E. GENERATED_REPORT_METADATA","Generated campaign metadata or report retained for audit; not automatically staged.","True","False"
"verification/large-molecule-4v6f/20-selection-a-bf-4v6f/02-load/D-002__RECORD.json","??","E. GENERATED_REPORT_METADATA","Generated campaign metadata or report retained for audit; not automatically staged.","True","False"
"verification/large-molecule-4v6f/20-selection-a-bf-4v6f/02-load/D-003__RECORD.json","??","E. GENERATED_REPORT_METADATA","Generated campaign metadata or report retained for audit; not automatically staged.","True","False"
"verification/large-molecule-4v6f/20-selection-a-bf-4v6f/02-load/D-004__RECORD.json","??","E. GENERATED_REPORT_METADATA","Generated campaign metadata or report retained for audit; not automatically staged.","True","False"
"verification/large-molecule-4v6f/20-selection-a-bf-4v6f/02-load/D-005__RECORD.json","??","E. GENERATED_REPORT_METADATA","Generated campaign metadata or report retained for audit; not automatically staged.","True","False"
"verification/large-molecule-4v6f/20-selection-a-bf-4v6f/02-load/D-006__RECORD.json","??","E. GENERATED_REPORT_METADATA","Generated campaign metadata or report retained for audit; not automatically staged.","True","False"
"verification/large-molecule-4v6f/20-selection-a-bf-4v6f/02-load/D-007__RECORD.json","??","E. GENERATED_REPORT_METADATA","Generated campaign metadata or report retained for audit; not automatically staged.","True","False"
"verification/large-molecule-4v6f/20-selection-a-bf-4v6f/02-load/D-008__RECORD.json","??","E. GENERATED_REPORT_METADATA","Generated campaign metadata or report retained for audit; not automatically staged.","True","False"
"verification/large-molecule-4v6f/20-selection-a-bf-4v6f/02-load/E-001__RECORD.json","??","E. GENERATED_REPORT_METADATA","Generated campaign metadata or report retained for audit; not automatically staged.","True","False"
"verification/large-molecule-4v6f/20-selection-a-bf-4v6f/02-load/E-002__RECORD.json","??","E. GENERATED_REPORT_METADATA","Generated campaign metadata or report retained for audit; not automatically staged.","True","False"
"verification/large-molecule-4v6f/20-selection-a-bf-4v6f/02-load/E-003__RECORD.json","??","E. GENERATED_REPORT_METADATA","Generated campaign metadata or report retained for audit; not automatically staged.","True","False"
"verification/large-molecule-4v6f/20-selection-a-bf-4v6f/02-load/E-004__RECORD.json","??","E. GENERATED_REPORT_METADATA","Generated campaign metadata or report retained for audit; not automatically staged.","True","False"
"verification/large-molecule-4v6f/20-selection-a-bf-4v6f/02-load/E-005__RECORD.json","??","E. GENERATED_REPORT_METADATA","Generated campaign metadata or report retained for audit; not automatically staged.","True","False"
"verification/large-molecule-4v6f/20-selection-a-bf-4v6f/02-load/E-006__RECORD.json","??","E. GENERATED_REPORT_METADATA","Generated campaign metadata or report retained for audit; not automatically staged.","True","False"
"verification/large-molecule-4v6f/20-selection-a-bf-4v6f/02-load/E-007__RECORD.json","??","E. GENERATED_REPORT_METADATA","Generated campaign metadata or report retained for audit; not automatically staged.","True","False"
"verification/large-molecule-4v6f/20-selection-a-bf-4v6f/02-load/F-001__RECORD.json","??","E. GENERATED_REPORT_METADATA","Generated campaign metadata or report retained for audit; not automatically staged.","True","False"
"verification/large-molecule-4v6f/20-selection-a-bf-4v6f/02-load/F-002__RECORD.json","??","E. GENERATED_REPORT_METADATA","Generated campaign metadata or report retained for audit; not automatically staged.","True","False"
"verification/large-molecule-4v6f/20-selection-a-bf-4v6f/02-load/F-003__RECORD.json","??","E. GENERATED_REPORT_METADATA","Generated campaign metadata or report retained for audit; not automatically staged.","True","False"
"verification/large-molecule-4v6f/20-selection-a-bf-4v6f/02-load/F-004__RECORD.json","??","E. GENERATED_REPORT_METADATA","Generated campaign metadata or report retained for audit; not automatically staged.","True","False"
"verification/large-molecule-4v6f/20-selection-a-bf-4v6f/02-load/F-005__RECORD.json","??","E. GENERATED_REPORT_METADATA","Generated campaign metadata or report retained for audit; not automatically staged.","True","False"
"verification/large-molecule-4v6f/20-selection-a-bf-4v6f/02-load/F-006__RECORD.json","??","E. GENERATED_REPORT_METADATA","Generated campaign metadata or report retained for audit; not automatically staged.","True","False"
"verification/large-molecule-4v6f/20-selection-a-bf-4v6f/02-load/F-007__RECORD.json","??","E. GENERATED_REPORT_METADATA","Generated campaign metadata or report retained for audit; not automatically staged.","True","False"
"verification/large-molecule-4v6f/20-selection-a-bf-4v6f/02-load/F-008__RECORD.json","??","E. GENERATED_REPORT_METADATA","Generated campaign metadata or report retained for audit; not automatically staged.","True","False"
"verification/large-molecule-4v6f/20-selection-a-bf-4v6f/02-load/G-001__RECORD.json","??","E. GENERATED_REPORT_METADATA","Generated campaign metadata or report retained for audit; not automatically staged.","True","False"
"verification/large-molecule-4v6f/20-selection-a-bf-4v6f/02-load/G-002__RECORD.json","??","E. GENERATED_REPORT_METADATA","Generated campaign metadata or report retained for audit; not automatically staged.","True","False"
"verification/large-molecule-4v6f/20-selection-a-bf-4v6f/02-load/G-003__RECORD.json","??","E. GENERATED_REPORT_METADATA","Generated campaign metadata or report retained for audit; not automatically staged.","True","False"
"verification/large-molecule-4v6f/20-selection-a-bf-4v6f/02-load/G-004__RECORD.json","??","E. GENERATED_REPORT_METADATA","Generated campaign metadata or report retained for audit; not automatically staged.","True","False"
"verification/large-molecule-4v6f/20-selection-a-bf-4v6f/02-load/G-005__RECORD.json","??","E. GENERATED_REPORT_METADATA","Generated campaign metadata or report retained for audit; not automatically staged.","True","False"
"verification/large-molecule-4v6f/20-selection-a-bf-4v6f/02-load/G-006__RECORD.json","??","E. GENERATED_REPORT_METADATA","Generated campaign metadata or report retained for audit; not automatically staged.","True","False"
"verification/large-molecule-4v6f/20-selection-a-bf-4v6f/02-load/G-007__RECORD.json","??","E. GENERATED_REPORT_METADATA","Generated campaign metadata or report retained for audit; not automatically staged.","True","False"
"verification/large-molecule-4v6f/20-selection-a-bf-4v6f/02-load/G-008__RECORD.json","??","E. GENERATED_REPORT_METADATA","Generated campaign metadata or report retained for audit; not automatically staged.","True","False"
"verification/large-molecule-4v6f/20-selection-a-bf-4v6f/02-load/G-009__RECORD.json","??","E. GENERATED_REPORT_METADATA","Generated campaign metadata or report retained for audit; not automatically staged.","True","False"
"verification/large-molecule-4v6f/20-selection-a-bf-4v6f/02-load/H-001__RECORD.json","??","E. GENERATED_REPORT_METADATA","Generated campaign metadata or report retained for audit; not automatically staged.","True","False"
"verification/large-molecule-4v6f/20-selection-a-bf-4v6f/02-load/H-002__RECORD.json","??","E. GENERATED_REPORT_METADATA","Generated campaign metadata or report retained for audit; not automatically staged.","True","False"
"verification/large-molecule-4v6f/20-selection-a-bf-4v6f/02-load/H-003__RECORD.json","??","E. GENERATED_REPORT_METADATA","Generated campaign metadata or report retained for audit; not automatically staged.","True","False"
"verification/large-molecule-4v6f/20-selection-a-bf-4v6f/02-load/H-004__RECORD.json","??","E. GENERATED_REPORT_METADATA","Generated campaign metadata or report retained for audit; not automatically staged.","True","False"
"verification/large-molecule-4v6f/20-selection-a-bf-4v6f/02-load/H-005__RECORD.json","??","E. GENERATED_REPORT_METADATA","Generated campaign metadata or report retained for audit; not automatically staged.","True","False"
"verification/large-molecule-4v6f/20-selection-a-bf-4v6f/02-load/H-006__RECORD.json","??","E. GENERATED_REPORT_METADATA","Generated campaign metadata or report retained for audit; not automatically staged.","True","False"
"verification/large-molecule-4v6f/20-selection-a-bf-4v6f/02-load/H-007__RECORD.json","??","E. GENERATED_REPORT_METADATA","Generated campaign metadata or report retained for audit; not automatically staged.","True","False"
"verification/large-molecule-4v6f/20-selection-a-bf-4v6f/02-load/H-008__RECORD.json","??","E. GENERATED_REPORT_METADATA","Generated campaign metadata or report retained for audit; not automatically staged.","True","False"
"verification/large-molecule-4v6f/20-selection-a-bf-4v6f/02-load/H-009__RECORD.json","??","E. GENERATED_REPORT_METADATA","Generated campaign metadata or report retained for audit; not automatically staged.","True","False"
"verification/large-molecule-4v6f/20-selection-a-bf-4v6f/02-load/H-010__RECORD.json","??","E. GENERATED_REPORT_METADATA","Generated campaign metadata or report retained for audit; not automatically staged.","True","False"
"verification/large-molecule-4v6f/20-selection-a-bf-4v6f/02-load/H-011__RECORD.json","??","E. GENERATED_REPORT_METADATA","Generated campaign metadata or report retained for audit; not automatically staged.","True","False"
"verification/large-molecule-4v6f/20-selection-a-bf-4v6f/02-load/I-001__RECORD.json","??","E. GENERATED_REPORT_METADATA","Generated campaign metadata or report retained for audit; not automatically staged.","True","False"
"verification/large-molecule-4v6f/20-selection-a-bf-4v6f/02-load/I-002__RECORD.json","??","E. GENERATED_REPORT_METADATA","Generated campaign metadata or report retained for audit; not automatically staged.","True","False"
"verification/large-molecule-4v6f/20-selection-a-bf-4v6f/02-load/I-003__RECORD.json","??","E. GENERATED_REPORT_METADATA","Generated campaign metadata or report retained for audit; not automatically staged.","True","False"
"verification/large-molecule-4v6f/20-selection-a-bf-4v6f/02-load/I-004__RECORD.json","??","E. GENERATED_REPORT_METADATA","Generated campaign metadata or report retained for audit; not automatically staged.","True","False"
"verification/large-molecule-4v6f/20-selection-a-bf-4v6f/02-load/I-005__RECORD.json","??","E. GENERATED_REPORT_METADATA","Generated campaign metadata or report retained for audit; not automatically staged.","True","False"
"verification/large-molecule-4v6f/20-selection-a-bf-4v6f/02-load/I-006__RECORD.json","??","E. GENERATED_REPORT_METADATA","Generated campaign metadata or report retained for audit; not automatically staged.","True","False"
"verification/large-molecule-4v6f/20-selection-a-bf-4v6f/02-load/J-001__RECORD.json","??","E. GENERATED_REPORT_METADATA","Generated campaign metadata or report retained for audit; not automatically staged.","True","False"
"verification/large-molecule-4v6f/20-selection-a-bf-4v6f/02-load/J-002__RECORD.json","??","E. GENERATED_REPORT_METADATA","Generated campaign metadata or report retained for audit; not automatically staged.","True","False"
"verification/large-molecule-4v6f/20-selection-a-bf-4v6f/02-load/J-003__RECORD.json","??","E. GENERATED_REPORT_METADATA","Generated campaign metadata or report retained for audit; not automatically staged.","True","False"
"verification/large-molecule-4v6f/20-selection-a-bf-4v6f/02-load/J-004__RECORD.json","??","E. GENERATED_REPORT_METADATA","Generated campaign metadata or report retained for audit; not automatically staged.","True","False"
"verification/large-molecule-4v6f/20-selection-a-bf-4v6f/02-load/J-005__RECORD.json","??","E. GENERATED_REPORT_METADATA","Generated campaign metadata or report retained for audit; not automatically staged.","True","False"
"verification/large-molecule-4v6f/20-selection-a-bf-4v6f/02-load/J-006__RECORD.json","??","E. GENERATED_REPORT_METADATA","Generated campaign metadata or report retained for audit; not automatically staged.","True","False"
"verification/large-molecule-4v6f/20-selection-a-bf-4v6f/02-load/J-007__RECORD.json","??","E. GENERATED_REPORT_METADATA","Generated campaign metadata or report retained for audit; not automatically staged.","True","False"
"verification/large-molecule-4v6f/20-selection-a-bf-4v6f/02-load/J-008__RECORD.json","??","E. GENERATED_REPORT_METADATA","Generated campaign metadata or report retained for audit; not automatically staged.","True","False"
"verification/large-molecule-4v6f/20-selection-a-bf-4v6f/02-load/K-001__RECORD.json","??","E. GENERATED_REPORT_METADATA","Generated campaign metadata or report retained for audit; not automatically staged.","True","False"
"verification/large-molecule-4v6f/20-selection-a-bf-4v6f/02-load/K-002__RECORD.json","??","E. GENERATED_REPORT_METADATA","Generated campaign metadata or report retained for audit; not automatically staged.","True","False"
"verification/large-molecule-4v6f/20-selection-a-bf-4v6f/02-load/K-003__RECORD.json","??","E. GENERATED_REPORT_METADATA","Generated campaign metadata or report retained for audit; not automatically staged.","True","False"
"verification/large-molecule-4v6f/20-selection-a-bf-4v6f/02-load/K-004__RECORD.json","??","E. GENERATED_REPORT_METADATA","Generated campaign metadata or report retained for audit; not automatically staged.","True","False"
"verification/large-molecule-4v6f/20-selection-a-bf-4v6f/02-load/K-005__RECORD.json","??","E. GENERATED_REPORT_METADATA","Generated campaign metadata or report retained for audit; not automatically staged.","True","False"
"verification/large-molecule-4v6f/20-selection-a-bf-4v6f/02-load/K-006__RECORD.json","??","E. GENERATED_REPORT_METADATA","Generated campaign metadata or report retained for audit; not automatically staged.","True","False"
"verification/large-molecule-4v6f/20-selection-a-bf-4v6f/02-load/K-007__RECORD.json","??","E. GENERATED_REPORT_METADATA","Generated campaign metadata or report retained for audit; not automatically staged.","True","False"
"verification/large-molecule-4v6f/20-selection-a-bf-4v6f/02-load/K-008__RECORD.json","??","E. GENERATED_REPORT_METADATA","Generated campaign metadata or report retained for audit; not automatically staged.","True","False"
"verification/large-molecule-4v6f/20-selection-a-bf-4v6f/02-load/K-009__RECORD.json","??","E. GENERATED_REPORT_METADATA","Generated campaign metadata or report retained for audit; not automatically staged.","True","False"
"verification/large-molecule-4v6f/20-selection-a-bf-4v6f/02-load/L-001__RECORD.json","??","E. GENERATED_REPORT_METADATA","Generated campaign metadata or report retained for audit; not automatically staged.","True","False"
"verification/large-molecule-4v6f/20-selection-a-bf-4v6f/02-load/L-002__RECORD.json","??","E. GENERATED_REPORT_METADATA","Generated campaign metadata or report retained for audit; not automatically staged.","True","False"
"verification/large-molecule-4v6f/20-selection-a-bf-4v6f/02-load/L-003__RECORD.json","??","E. GENERATED_REPORT_METADATA","Generated campaign metadata or report retained for audit; not automatically staged.","True","False"
"verification/large-molecule-4v6f/20-selection-a-bf-4v6f/02-load/LARGE_4V6F_PROGRAMMATIC_RESULTS.json","??","E. GENERATED_REPORT_METADATA","Generated campaign metadata or report retained for audit; not automatically staged.","True","False"
"verification/large-molecule-4v6f/20-selection-a-bf-4v6f/02-load/LARGE_4V6F_UI_REPLAY_RESULTS.json","??","E. GENERATED_REPORT_METADATA","Generated campaign metadata or report retained for audit; not automatically staged.","True","False"
"verification/large-molecule-4v6f/20-selection-a-bf-4v6f/02-load/LMX-SP-001__RECORD.json","??","E. GENERATED_REPORT_METADATA","Generated campaign metadata or report retained for audit; not automatically staged.","True","False"
"verification/large-molecule-4v6f/20-selection-a-bf-4v6f/02-load/LMX-SP-002__RECORD.json","??","E. GENERATED_REPORT_METADATA","Generated campaign metadata or report retained for audit; not automatically staged.","True","False"
"verification/large-molecule-4v6f/20-selection-a-bf-4v6f/02-load/LMX-SP-003__RECORD.json","??","E. GENERATED_REPORT_METADATA","Generated campaign metadata or report retained for audit; not automatically staged.","True","False"
"verification/large-molecule-4v6f/20-selection-a-bf-4v6f/02-load/LMX-SP-004__RECORD.json","??","E. GENERATED_REPORT_METADATA","Generated campaign metadata or report retained for audit; not automatically staged.","True","False"
"verification/large-molecule-4v6f/20-selection-a-bf-4v6f/02-load/LMX-SP-005__RECORD.json","??","E. GENERATED_REPORT_METADATA","Generated campaign metadata or report retained for audit; not automatically staged.","True","False"
"verification/large-molecule-4v6f/20-selection-a-bf-4v6f/02-load/LMX-SP-006__RECORD.json","??","E. GENERATED_REPORT_METADATA","Generated campaign metadata or report retained for audit; not automatically staged.","True","False"
"verification/large-molecule-4v6f/20-selection-a-bf-4v6f/02-load/LMX-SP-007__RECORD.json","??","E. GENERATED_REPORT_METADATA","Generated campaign metadata or report retained for audit; not automatically staged.","True","False"
"verification/large-molecule-4v6f/20-selection-a-bf-4v6f/02-load/LMX-SP-008__RECORD.json","??","E. GENERATED_REPORT_METADATA","Generated campaign metadata or report retained for audit; not automatically staged.","True","False"
"verification/large-molecule-4v6f/20-selection-a-bf-4v6f/02-load/LMX-SP-009__RECORD.json","??","E. GENERATED_REPORT_METADATA","Generated campaign metadata or report retained for audit; not automatically staged.","True","False"
"verification/large-molecule-4v6f/20-selection-a-bf-4v6f/02-load/M-001__RECORD.json","??","E. GENERATED_REPORT_METADATA","Generated campaign metadata or report retained for audit; not automatically staged.","True","False"
"verification/large-molecule-4v6f/20-selection-a-bf-4v6f/02-load/M-002__RECORD.json","??","E. GENERATED_REPORT_METADATA","Generated campaign metadata or report retained for audit; not automatically staged.","True","False"
"verification/large-molecule-4v6f/20-selection-a-bf-4v6f/02-load/N-001__RECORD.json","??","E. GENERATED_REPORT_METADATA","Generated campaign metadata or report retained for audit; not automatically staged.","True","False"
"verification/large-molecule-4v6f/20-selection-a-bf-4v6f/02-load/N-002__RECORD.json","??","E. GENERATED_REPORT_METADATA","Generated campaign metadata or report retained for audit; not automatically staged.","True","False"
"verification/large-molecule-4v6f/20-selection-a-bf-4v6f/02-load/N-003__RECORD.json","??","E. GENERATED_REPORT_METADATA","Generated campaign metadata or report retained for audit; not automatically staged.","True","False"
"verification/large-molecule-4v6f/20-selection-a-bf-4v6f/02-load/O-001__RECORD.json","??","E. GENERATED_REPORT_METADATA","Generated campaign metadata or report retained for audit; not automatically staged.","True","False"
"verification/large-molecule-4v6f/20-selection-a-bf-4v6f/02-load/O-002__RECORD.json","??","E. GENERATED_REPORT_METADATA","Generated campaign metadata or report retained for audit; not automatically staged.","True","False"
"verification/large-molecule-4v6f/20-selection-a-bf-4v6f/02-load/O-003__RECORD.json","??","E. GENERATED_REPORT_METADATA","Generated campaign metadata or report retained for audit; not automatically staged.","True","False"
"verification/large-molecule-4v6f/20-selection-a-bf-4v6f/02-load/O-004__RECORD.json","??","E. GENERATED_REPORT_METADATA","Generated campaign metadata or report retained for audit; not automatically staged.","True","False"
"verification/large-molecule-4v6f/20-selection-a-bf-4v6f/02-load/O-005__RECORD.json","??","E. GENERATED_REPORT_METADATA","Generated campaign metadata or report retained for audit; not automatically staged.","True","False"
"verification/large-molecule-4v6f/20-selection-a-bf-4v6f/02-load/O-006__RECORD.json","??","E. GENERATED_REPORT_METADATA","Generated campaign metadata or report retained for audit; not automatically staged.","True","False"
"verification/large-molecule-4v6f/20-selection-a-bf-4v6f/02-load/O-007__RECORD.json","??","E. GENERATED_REPORT_METADATA","Generated campaign metadata or report retained for audit; not automatically staged.","True","False"
"verification/large-molecule-4v6f/20-selection-a-bf-4v6f/02-load/O-008__RECORD.json","??","E. GENERATED_REPORT_METADATA","Generated campaign metadata or report retained for audit; not automatically staged.","True","False"
"verification/large-molecule-4v6f/20-selection-a-bf-4v6f/02-load/P-001__RECORD.json","??","E. GENERATED_REPORT_METADATA","Generated campaign metadata or report retained for audit; not automatically staged.","True","False"
"verification/large-molecule-4v6f/20-selection-a-bf-4v6f/02-load/P-002__RECORD.json","??","E. GENERATED_REPORT_METADATA","Generated campaign metadata or report retained for audit; not automatically staged.","True","False"
"verification/large-molecule-4v6f/20-selection-a-bf-4v6f/02-load/P-003__RECORD.json","??","E. GENERATED_REPORT_METADATA","Generated campaign metadata or report retained for audit; not automatically staged.","True","False"
"verification/large-molecule-4v6f/20-selection-a-bf-4v6f/02-load/Q-001__RECORD.json","??","E. GENERATED_REPORT_METADATA","Generated campaign metadata or report retained for audit; not automatically staged.","True","False"
"verification/large-molecule-4v6f/20-selection-a-bf-4v6f/02-load/Q-002__RECORD.json","??","E. GENERATED_REPORT_METADATA","Generated campaign metadata or report retained for audit; not automatically staged.","True","False"
"verification/large-molecule-4v6f/20-selection-a-bf-4v6f/02-load/R-001__RECORD.json","??","E. GENERATED_REPORT_METADATA","Generated campaign metadata or report retained for audit; not automatically staged.","True","False"
"verification/large-molecule-4v6f/20-selection-a-bf-4v6f/02-load/R-002__RECORD.json","??","E. GENERATED_REPORT_METADATA","Generated campaign metadata or report retained for audit; not automatically staged.","True","False"
"verification/large-molecule-4v6f/20-selection-a-bf-4v6f/02-load/R-003__RECORD.json","??","E. GENERATED_REPORT_METADATA","Generated campaign metadata or report retained for audit; not automatically staged.","True","False"
"verification/large-molecule-4v6f/20-selection-a-bf-4v6f/02-load/run-large-programmatic.ts","??","E. GENERATED_REPORT_METADATA","Generated campaign metadata or report retained for audit; not automatically staged.","True","False"
"verification/large-molecule-4v6f/20-selection-a-bf-4v6f/02-load/run-large-ui-replay.mjs","??","E. GENERATED_REPORT_METADATA","Generated campaign metadata or report retained for audit; not automatically staged.","True","False"
"verification/large-molecule-4v6f/20-selection-a-bf-4v6f/02-load/run-ui-evidence-recovery.mjs","??","E. GENERATED_REPORT_METADATA","Generated campaign metadata or report retained for audit; not automatically staged.","True","False"
"verification/large-molecule-4v6f/20-selection-a-bf-4v6f/02-load/S-001__RECORD.json","??","E. GENERATED_REPORT_METADATA","Generated campaign metadata or report retained for audit; not automatically staged.","True","False"
"verification/large-molecule-4v6f/20-selection-a-bf-4v6f/02-load/S-002__RECORD.json","??","E. GENERATED_REPORT_METADATA","Generated campaign metadata or report retained for audit; not automatically staged.","True","False"
"verification/large-molecule-4v6f/20-selection-a-bf-4v6f/02-load/S-003__RECORD.json","??","E. GENERATED_REPORT_METADATA","Generated campaign metadata or report retained for audit; not automatically staged.","True","False"
"verification/large-molecule-4v6f/20-selection-a-bf-4v6f/02-load/S-004__RECORD.json","??","E. GENERATED_REPORT_METADATA","Generated campaign metadata or report retained for audit; not automatically staged.","True","False"
"verification/large-molecule-4v6f/20-selection-a-bf-4v6f/02-load/T-001__RECORD.json","??","E. GENERATED_REPORT_METADATA","Generated campaign metadata or report retained for audit; not automatically staged.","True","False"
"verification/large-molecule-4v6f/20-selection-a-bf-4v6f/02-load/T-002__RECORD.json","??","E. GENERATED_REPORT_METADATA","Generated campaign metadata or report retained for audit; not automatically staged.","True","False"
"verification/large-molecule-4v6f/20-selection-a-bf-4v6f/02-load/U-001__RECORD.json","??","E. GENERATED_REPORT_METADATA","Generated campaign metadata or report retained for audit; not automatically staged.","True","False"
"verification/large-molecule-4v6f/20-selection-a-bf-4v6f/02-load/U-002__RECORD.json","??","E. GENERATED_REPORT_METADATA","Generated campaign metadata or report retained for audit; not automatically staged.","True","False"
"verification/large-molecule-4v6f/20-selection-a-bf-4v6f/02-load/U-003__RECORD.json","??","E. GENERATED_REPORT_METADATA","Generated campaign metadata or report retained for audit; not automatically staged.","True","False"
"verification/large-molecule-4v6f/20-selection-a-bf-4v6f/02-load/U-004__RECORD.json","??","E. GENERATED_REPORT_METADATA","Generated campaign metadata or report retained for audit; not automatically staged.","True","False"
"verification/large-molecule-4v6f/20-selection-a-bf-4v6f/02-load/U-005__RECORD.json","??","E. GENERATED_REPORT_METADATA","Generated campaign metadata or report retained for audit; not automatically staged.","True","False"
"verification/large-molecule-4v6f/20-selection-a-bf-4v6f/02-load/U-006__RECORD.json","??","E. GENERATED_REPORT_METADATA","Generated campaign metadata or report retained for audit; not automatically staged.","True","False"
"verification/large-molecule-4v6f/20-selection-a-bf-4v6f/02-load/V-001__RECORD.json","??","E. GENERATED_REPORT_METADATA","Generated campaign metadata or report retained for audit; not automatically staged.","True","False"
"verification/large-molecule-4v6f/20-selection-a-bf-4v6f/02-load/V-002__RECORD.json","??","E. GENERATED_REPORT_METADATA","Generated campaign metadata or report retained for audit; not automatically staged.","True","False"
"verification/large-molecule-4v6f/20-selection-a-bf-4v6f/02-load/V-003__RECORD.json","??","E. GENERATED_REPORT_METADATA","Generated campaign metadata or report retained for audit; not automatically staged.","True","False"
"verification/large-molecule-4v6f/20-selection-a-bf-4v6f/02-load/W-001__RECORD.json","??","E. GENERATED_REPORT_METADATA","Generated campaign metadata or report retained for audit; not automatically staged.","True","False"
"verification/large-molecule-4v6f/20-selection-a-bf-4v6f/02-load/W-002__RECORD.json","??","E. GENERATED_REPORT_METADATA","Generated campaign metadata or report retained for audit; not automatically staged.","True","False"
"verification/large-molecule-4v6f/20-selection-a-bf-4v6f/02-load/W-003__RECORD.json","??","E. GENERATED_REPORT_METADATA","Generated campaign metadata or report retained for audit; not automatically staged.","True","False"
"verification/large-molecule-4v6f/20-selection-a-bf-4v6f/02-load/W-004__RECORD.json","??","E. GENERATED_REPORT_METADATA","Generated campaign metadata or report retained for audit; not automatically staged.","True","False"
"verification/large-molecule-4v6f/20-selection-a-bf-4v6f/02-load/W-005__RECORD.json","??","E. GENERATED_REPORT_METADATA","Generated campaign metadata or report retained for audit; not automatically staged.","True","False"
"verification/large-molecule-4v6f/20-selection-a-bf-4v6f/02-load/X-001__RECORD.json","??","E. GENERATED_REPORT_METADATA","Generated campaign metadata or report retained for audit; not automatically staged.","True","False"
"verification/large-molecule-4v6f/20-selection-a-bf-4v6f/02-load/X-002__RECORD.json","??","E. GENERATED_REPORT_METADATA","Generated campaign metadata or report retained for audit; not automatically staged.","True","False"
"verification/large-molecule-4v6f/20-selection-a-bf-4v6f/02-load/X-003__RECORD.json","??","E. GENERATED_REPORT_METADATA","Generated campaign metadata or report retained for audit; not automatically staged.","True","False"
"verification/large-molecule-4v6f/20-selection-a-bf-4v6f/02-load/X-004__RECORD.json","??","E. GENERATED_REPORT_METADATA","Generated campaign metadata or report retained for audit; not automatically staged.","True","False"
"verification/large-molecule-4v6f/20-selection-a-bf-4v6f/02-load/Y-001__RECORD.json","??","E. GENERATED_REPORT_METADATA","Generated campaign metadata or report retained for audit; not automatically staged.","True","False"
"verification/large-molecule-4v6f/20-selection-a-bf-4v6f/02-load/Y-002__RECORD.json","??","E. GENERATED_REPORT_METADATA","Generated campaign metadata or report retained for audit; not automatically staged.","True","False"
"verification/large-molecule-4v6f/20-selection-a-bf-4v6f/02-load/Y-003__RECORD.json","??","E. GENERATED_REPORT_METADATA","Generated campaign metadata or report retained for audit; not automatically staged.","True","False"
"verification/large-molecule-4v6f/20-selection-a-bf-4v6f/02-load/Y-004__RECORD.json","??","E. GENERATED_REPORT_METADATA","Generated campaign metadata or report retained for audit; not automatically staged.","True","False"
"verification/large-molecule-4v6f/20-selection-a-bf-4v6f/02-load/Y-005__RECORD.json","??","E. GENERATED_REPORT_METADATA","Generated campaign metadata or report retained for audit; not automatically staged.","True","False"
"verification/large-molecule-4v6f/20-selection-a-bf-4v6f/02-load/Z-001__RECORD.json","??","E. GENERATED_REPORT_METADATA","Generated campaign metadata or report retained for audit; not automatically staged.","True","False"
"verification/large-molecule-4v6f/20-selection-a-bf-4v6f/02-load/Z-002__RECORD.json","??","E. GENERATED_REPORT_METADATA","Generated campaign metadata or report retained for audit; not automatically staged.","True","False"
"verification/large-molecule-4v6f/20-selection-a-bf-4v6f/02-load/Z-003__RECORD.json","??","E. GENERATED_REPORT_METADATA","Generated campaign metadata or report retained for audit; not automatically staged.","True","False"
"verification/large-molecule-4v6f/20-selection-a-bf-4v6f/02-load/Z-004__RECORD.json","??","E. GENERATED_REPORT_METADATA","Generated campaign metadata or report retained for audit; not automatically staged.","True","False"
"verification/large-molecule-4v6f/20-selection-a-bf-4v6f/36-pymol-oracle/4V6F_PYMOL_ORACLE_ENVIRONMENT.json","??","E. GENERATED_REPORT_METADATA","Generated campaign metadata or report retained for audit; not automatically staged.","True","False"
"verification/large-molecule-4v6f/20-selection-a-bf-4v6f/37-performance/4V6F_SELECTION_TAIL_REVIEW.json","??","E. GENERATED_REPORT_METADATA","Generated campaign metadata or report retained for audit; not automatically staged.","True","True"
"verification/large-molecule-4v6f/20-selection-a-bf-4v6f/37-performance/4V6F_SELECTION_TAIL_REVIEW.md","??","C. ACCEPTED_DOCUMENTATION","Compact acceptance report retained as source-of-truth documentation.","True","True"
"verification/large-molecule-4v6f/20-selection-a-bf-4v6f/37-performance/AF-001_MAX_QUERY_RETEST.json","??","E. GENERATED_REPORT_METADATA","Generated campaign metadata or report retained for audit; not automatically staged.","True","False"
"verification/large-molecule-4v6f/20-selection-a-bf-4v6f/37-performance/build-tail-review.mjs","??","E. GENERATED_REPORT_METADATA","Generated campaign metadata or report retained for audit; not automatically staged.","True","False"
"verification/large-molecule-4v6f/20-selection-a-bf-4v6f/37-performance/run-max-query-retest.ts","??","E. GENERATED_REPORT_METADATA","Generated campaign metadata or report retained for audit; not automatically staged.","True","False"
"verification/large-molecule-4v6f/20-selection-a-bf-4v6f/40-drive/4V6F_DRIVE_HIERARCHY_AUDIT.json","??","E. GENERATED_REPORT_METADATA","Generated campaign metadata or report retained for audit; not automatically staged.","True","True"
"verification/large-molecule-4v6f/20-selection-a-bf-4v6f/40-drive/4V6F_SELECTION_DRIVE_MANIFEST.csv","??","E. GENERATED_REPORT_METADATA","Generated campaign metadata or report retained for audit; not automatically staged.","True","False"
"verification/large-molecule-4v6f/20-selection-a-bf-4v6f/40-drive/4V6F_SELECTION_DRIVE_MANIFEST.json","??","E. GENERATED_REPORT_METADATA","Generated campaign metadata or report retained for audit; not automatically staged.","True","True"
"verification/large-molecule-4v6f/20-selection-a-bf-4v6f/40-drive/4V6F_SELECTION_DRIVE_READBACK_AUDIT.json","??","E. GENERATED_REPORT_METADATA","Generated campaign metadata or report retained for audit; not automatically staged.","True","True"
"verification/large-molecule-4v6f/20-selection-a-bf-4v6f/40-drive/4V6F_SELECTION_DRIVE_UPLOAD_MAP.json","??","E. GENERATED_REPORT_METADATA","Generated campaign metadata or report retained for audit; not automatically staged.","True","False"
"verification/large-molecule-4v6f/20-selection-a-bf-4v6f/40-drive/build-drive-manifest.mjs","??","E. GENERATED_REPORT_METADATA","Generated campaign metadata or report retained for audit; not automatically staged.","True","False"
"verification/large-molecule-4v6f/20-selection-a-bf-4v6f/40-drive/DRIVE_PLACEMENT_CORRECTIONS.json","??","E. GENERATED_REPORT_METADATA","Generated campaign metadata or report retained for audit; not automatically staged.","True","False"
"verification/large-molecule-4v6f/20-selection-a-bf-4v6f/41-final/4V6F_FINAL_EVIDENCE_READBACK_SUMMARY.json","??","E. GENERATED_REPORT_METADATA","Generated campaign metadata or report retained for audit; not automatically staged.","True","True"
"verification/large-molecule-4v6f/20-selection-a-bf-4v6f/41-final/4V6F_PYMOL_CONFORMANCE_MATRIX.csv","??","D. ACCEPTED_GOVERNANCE / CONTRACT","Checkpoint governance, provenance, or freeze-control artifact.","True","True"
"verification/large-molecule-4v6f/20-selection-a-bf-4v6f/41-final/4V6F_PYMOL_CONFORMANCE_MATRIX.json","??","D. ACCEPTED_GOVERNANCE / CONTRACT","Checkpoint governance, provenance, or freeze-control artifact.","True","True"
"verification/large-molecule-4v6f/20-selection-a-bf-4v6f/41-final/4V6F_PYMOL_CONFORMANCE_MATRIX.md","??","C. ACCEPTED_DOCUMENTATION","Compact acceptance report retained as source-of-truth documentation.","True","True"
"verification/large-molecule-4v6f/20-selection-a-bf-4v6f/41-final/4V6F_SELECTION_A_BF_RESULTS.csv","??","E. GENERATED_REPORT_METADATA","Generated campaign metadata or report retained for audit; not automatically staged.","True","False"
"verification/large-molecule-4v6f/20-selection-a-bf-4v6f/41-final/4V6F_SELECTION_A_BF_RESULTS.json","??","E. GENERATED_REPORT_METADATA","Generated campaign metadata or report retained for audit; not automatically staged.","True","False"
"verification/large-molecule-4v6f/20-selection-a-bf-4v6f/41-final/4V6F_SELECTION_DEFECT_MATRIX.md","??","E. GENERATED_REPORT_METADATA","Generated campaign metadata or report retained for audit; not automatically staged.","True","False"
"verification/large-molecule-4v6f/20-selection-a-bf-4v6f/41-final/4V6F_SELECTION_PERFORMANCE_SUMMARY.json","??","E. GENERATED_REPORT_METADATA","Generated campaign metadata or report retained for audit; not automatically staged.","True","True"
"verification/large-molecule-4v6f/20-selection-a-bf-4v6f/41-final/4V6F_SELECTION_REPRODUCIBILITY_FINGERPRINT.json","??","E. GENERATED_REPORT_METADATA","Generated campaign metadata or report retained for audit; not automatically staged.","True","True"
"verification/large-molecule-4v6f/20-selection-a-bf-4v6f/41-final/4V6F_SELECTION_SCOPED_COMMIT_PLAN.md","??","C. ACCEPTED_DOCUMENTATION","Compact acceptance report retained as source-of-truth documentation.","True","True"
"verification/large-molecule-4v6f/20-selection-a-bf-4v6f/41-final/4V6F_SELECTION_SUBSYSTEM_LOCK.json","??","D. ACCEPTED_GOVERNANCE / CONTRACT","Checkpoint governance, provenance, or freeze-control artifact.","True","True"
"verification/large-molecule-4v6f/20-selection-a-bf-4v6f/41-final/4V6F_SELECTION_TEST_ID_AUDIT.json","??","E. GENERATED_REPORT_METADATA","Generated campaign metadata or report retained for audit; not automatically staged.","True","False"
"verification/large-molecule-4v6f/20-selection-a-bf-4v6f/41-final/4V6F_SELECTION_VISUAL_REVIEW.json","??","E. GENERATED_REPORT_METADATA","Generated campaign metadata or report retained for audit; not automatically staged.","True","False"
"verification/large-molecule-4v6f/20-selection-a-bf-4v6f/41-final/build-contact-sheets.py","??","E. GENERATED_REPORT_METADATA","Generated campaign metadata or report retained for audit; not automatically staged.","True","False"
"verification/large-molecule-4v6f/20-selection-a-bf-4v6f/41-final/build-final-artifacts.mjs","??","E. GENERATED_REPORT_METADATA","Generated campaign metadata or report retained for audit; not automatically staged.","True","False"
"verification/large-molecule-4v6f/20-selection-a-bf-4v6f/41-final/build-reproducibility-fingerprint.mjs","??","E. GENERATED_REPORT_METADATA","Generated campaign metadata or report retained for audit; not automatically staged.","True","False"
"verification/large-molecule-4v6f/20-selection-a-bf-4v6f/41-final/build-selection-lock.mjs","??","E. GENERATED_REPORT_METADATA","Generated campaign metadata or report retained for audit; not automatically staged.","True","False"
"verification/large-molecule-4v6f/20-selection-a-bf-4v6f/41-final/build-visual-review.mjs","??","E. GENERATED_REPORT_METADATA","Generated campaign metadata or report retained for audit; not automatically staged.","True","False"
"verification/large-molecule-4v6f/20-selection-a-bf-4v6f/41-final/contact-sheets/CONTACT_001.png","??","F. BULK_EVIDENCE — DO NOT COMMIT","Bulk evidence, runtime output, or generated artifact; retained locally/external and excluded.","True","False"
"verification/large-molecule-4v6f/20-selection-a-bf-4v6f/41-final/contact-sheets/CONTACT_002.png","??","F. BULK_EVIDENCE — DO NOT COMMIT","Bulk evidence, runtime output, or generated artifact; retained locally/external and excluded.","True","False"
"verification/large-molecule-4v6f/20-selection-a-bf-4v6f/41-final/contact-sheets/CONTACT_003.png","??","F. BULK_EVIDENCE — DO NOT COMMIT","Bulk evidence, runtime output, or generated artifact; retained locally/external and excluded.","True","False"
"verification/large-molecule-4v6f/20-selection-a-bf-4v6f/41-final/contact-sheets/CONTACT_004.png","??","F. BULK_EVIDENCE — DO NOT COMMIT","Bulk evidence, runtime output, or generated artifact; retained locally/external and excluded.","True","False"
"verification/large-molecule-4v6f/20-selection-a-bf-4v6f/41-final/contact-sheets/CONTACT_005.png","??","F. BULK_EVIDENCE — DO NOT COMMIT","Bulk evidence, runtime output, or generated artifact; retained locally/external and excluded.","True","False"
"verification/large-molecule-4v6f/20-selection-a-bf-4v6f/41-final/contact-sheets/CONTACT_006.png","??","F. BULK_EVIDENCE — DO NOT COMMIT","Bulk evidence, runtime output, or generated artifact; retained locally/external and excluded.","True","False"
"verification/large-molecule-4v6f/20-selection-a-bf-4v6f/41-final/contact-sheets/CONTACT_007.png","??","F. BULK_EVIDENCE — DO NOT COMMIT","Bulk evidence, runtime output, or generated artifact; retained locally/external and excluded.","True","False"
"verification/large-molecule-4v6f/20-selection-a-bf-4v6f/41-final/contact-sheets/CONTACT_008.png","??","F. BULK_EVIDENCE — DO NOT COMMIT","Bulk evidence, runtime output, or generated artifact; retained locally/external and excluded.","True","False"
"verification/large-molecule-4v6f/20-selection-a-bf-4v6f/41-final/contact-sheets/CONTACT_009.png","??","F. BULK_EVIDENCE — DO NOT COMMIT","Bulk evidence, runtime output, or generated artifact; retained locally/external and excluded.","True","False"
"verification/large-molecule-4v6f/20-selection-a-bf-4v6f/41-final/contact-sheets/CONTACT_010.png","??","F. BULK_EVIDENCE — DO NOT COMMIT","Bulk evidence, runtime output, or generated artifact; retained locally/external and excluded.","True","False"
"verification/large-molecule-4v6f/20-selection-a-bf-4v6f/41-final/contact-sheets/CONTACT_011.png","??","F. BULK_EVIDENCE — DO NOT COMMIT","Bulk evidence, runtime output, or generated artifact; retained locally/external and excluded.","True","False"
"verification/large-molecule-4v6f/20-selection-a-bf-4v6f/41-final/contact-sheets/CONTACT_012.png","??","F. BULK_EVIDENCE — DO NOT COMMIT","Bulk evidence, runtime output, or generated artifact; retained locally/external and excluded.","True","False"
"verification/large-molecule-4v6f/20-selection-a-bf-4v6f/41-final/contact-sheets/CONTACT_013.png","??","F. BULK_EVIDENCE — DO NOT COMMIT","Bulk evidence, runtime output, or generated artifact; retained locally/external and excluded.","True","False"
"verification/large-molecule-4v6f/20-selection-a-bf-4v6f/41-final/contact-sheets/CONTACT_014.png","??","F. BULK_EVIDENCE — DO NOT COMMIT","Bulk evidence, runtime output, or generated artifact; retained locally/external and excluded.","True","False"
"verification/large-molecule-4v6f/20-selection-a-bf-4v6f/41-final/contact-sheets/CONTACT_015.png","??","F. BULK_EVIDENCE — DO NOT COMMIT","Bulk evidence, runtime output, or generated artifact; retained locally/external and excluded.","True","False"
"verification/large-molecule-4v6f/20-selection-a-bf-4v6f/41-final/contact-sheets/CONTACT_016.png","??","F. BULK_EVIDENCE — DO NOT COMMIT","Bulk evidence, runtime output, or generated artifact; retained locally/external and excluded.","True","False"
"verification/large-molecule-4v6f/20-selection-a-bf-4v6f/41-final/contact-sheets/CONTACT_017.png","??","F. BULK_EVIDENCE — DO NOT COMMIT","Bulk evidence, runtime output, or generated artifact; retained locally/external and excluded.","True","False"
"verification/large-molecule-4v6f/20-selection-a-bf-4v6f/41-final/contact-sheets/CONTACT_018.png","??","F. BULK_EVIDENCE — DO NOT COMMIT","Bulk evidence, runtime output, or generated artifact; retained locally/external and excluded.","True","False"
"verification/large-molecule-4v6f/20-selection-a-bf-4v6f/41-final/contact-sheets/CONTACT_019.png","??","F. BULK_EVIDENCE — DO NOT COMMIT","Bulk evidence, runtime output, or generated artifact; retained locally/external and excluded.","True","False"
"verification/large-molecule-4v6f/20-selection-a-bf-4v6f/41-final/contact-sheets/CONTACT_020.png","??","F. BULK_EVIDENCE — DO NOT COMMIT","Bulk evidence, runtime output, or generated artifact; retained locally/external and excluded.","True","False"
"verification/large-molecule-4v6f/20-selection-a-bf-4v6f/41-final/contact-sheets/CONTACT_021.png","??","F. BULK_EVIDENCE — DO NOT COMMIT","Bulk evidence, runtime output, or generated artifact; retained locally/external and excluded.","True","False"
"verification/large-molecule-4v6f/20-selection-a-bf-4v6f/41-final/contact-sheets/CONTACT_022.png","??","F. BULK_EVIDENCE — DO NOT COMMIT","Bulk evidence, runtime output, or generated artifact; retained locally/external and excluded.","True","False"
"verification/large-molecule-4v6f/20-selection-a-bf-4v6f/41-final/contact-sheets/CONTACT_023.png","??","F. BULK_EVIDENCE — DO NOT COMMIT","Bulk evidence, runtime output, or generated artifact; retained locally/external and excluded.","True","False"
"verification/large-molecule-4v6f/20-selection-a-bf-4v6f/41-final/contact-sheets/CONTACT_024.png","??","F. BULK_EVIDENCE — DO NOT COMMIT","Bulk evidence, runtime output, or generated artifact; retained locally/external and excluded.","True","False"
"verification/large-molecule-4v6f/20-selection-a-bf-4v6f/41-final/contact-sheets/CONTACT_025.png","??","F. BULK_EVIDENCE — DO NOT COMMIT","Bulk evidence, runtime output, or generated artifact; retained locally/external and excluded.","True","False"
"verification/large-molecule-4v6f/20-selection-a-bf-4v6f/41-final/contact-sheets/CONTACT_026.png","??","F. BULK_EVIDENCE — DO NOT COMMIT","Bulk evidence, runtime output, or generated artifact; retained locally/external and excluded.","True","False"
"verification/large-molecule-4v6f/20-selection-a-bf-4v6f/41-final/contact-sheets/CONTACT_027.png","??","F. BULK_EVIDENCE — DO NOT COMMIT","Bulk evidence, runtime output, or generated artifact; retained locally/external and excluded.","True","False"
"verification/large-molecule-4v6f/20-selection-a-bf-4v6f/41-final/contact-sheets/CONTACT_028.png","??","F. BULK_EVIDENCE — DO NOT COMMIT","Bulk evidence, runtime output, or generated artifact; retained locally/external and excluded.","True","False"
"verification/large-molecule-4v6f/20-selection-a-bf-4v6f/41-final/contact-sheets/CONTACT_029.png","??","F. BULK_EVIDENCE — DO NOT COMMIT","Bulk evidence, runtime output, or generated artifact; retained locally/external and excluded.","True","False"
"verification/large-molecule-4v6f/20-selection-a-bf-4v6f/41-final/contact-sheets/CONTACT_030.png","??","F. BULK_EVIDENCE — DO NOT COMMIT","Bulk evidence, runtime output, or generated artifact; retained locally/external and excluded.","True","False"
"verification/large-molecule-4v6f/20-selection-a-bf-4v6f/41-final/contact-sheets/CONTACT_031.png","??","F. BULK_EVIDENCE — DO NOT COMMIT","Bulk evidence, runtime output, or generated artifact; retained locally/external and excluded.","True","False"
"verification/large-molecule-4v6f/20-selection-a-bf-4v6f/41-final/contact-sheets/CONTACT_032.png","??","F. BULK_EVIDENCE — DO NOT COMMIT","Bulk evidence, runtime output, or generated artifact; retained locally/external and excluded.","True","False"
"verification/large-molecule-4v6f/20-selection-a-bf-4v6f/41-final/contact-sheets/CONTACT_033.png","??","F. BULK_EVIDENCE — DO NOT COMMIT","Bulk evidence, runtime output, or generated artifact; retained locally/external and excluded.","True","False"
"verification/large-molecule-4v6f/20-selection-a-bf-4v6f/41-final/contact-sheets/CONTACT_034.png","??","F. BULK_EVIDENCE — DO NOT COMMIT","Bulk evidence, runtime output, or generated artifact; retained locally/external and excluded.","True","False"
"verification/large-molecule-4v6f/20-selection-a-bf-4v6f/41-final/FINAL_4V6F_SELECTION_A_BF_REPORT.json","??","E. GENERATED_REPORT_METADATA","Generated campaign metadata or report retained for audit; not automatically staged.","True","True"
"verification/large-molecule-4v6f/20-selection-a-bf-4v6f/41-final/FINAL_4V6F_SELECTION_A_BF_REPORT.md","??","E. GENERATED_REPORT_METADATA","Generated campaign metadata or report retained for audit; not automatically staged.","True","True"
"verification/large-molecule-4v6f/20-selection-a-bf-4v6f/41-final/FINAL_4V6F_SELECTION_SEAL_AUDIT.json","??","E. GENERATED_REPORT_METADATA","Generated campaign metadata or report retained for audit; not automatically staged.","True","True"
"verification/large-molecule-4v6f/20-selection-a-bf-4v6f/41-final/FINAL_4V6F_SELECTION_SEAL_AUDIT.md","??","C. ACCEPTED_DOCUMENTATION","Compact acceptance report retained as source-of-truth documentation.","True","True"
"verification/large-molecule-4v6f/20-selection-a-bf-4v6f/41-final/supplemental-live-captures/G-006__organic-and-elem-c__EMPTY_VALID.png","??","F. BULK_EVIDENCE — DO NOT COMMIT","Bulk evidence, runtime output, or generated artifact; retained locally/external and excluded.","True","False"
"verification/large-molecule-4v6f/20-selection-a-bf-4v6f/41-final/supplemental-live-captures/H-001__polymer-protein-and-chain-a__EMPTY_VALID.png","??","F. BULK_EVIDENCE — DO NOT COMMIT","Bulk evidence, runtime output, or generated artifact; retained locally/external and excluded.","True","False"
"verification/large-molecule-4v6f/20-selection-a-bf-4v6f/41-final/supplemental-live-captures/H-002__polymer-protein-or-organic__PASS.png","??","F. BULK_EVIDENCE — DO NOT COMMIT","Bulk evidence, runtime output, or generated artifact; retained locally/external and excluded.","True","False"
"verification/large-molecule-4v6f/20-selection-a-bf-4v6f/41-final/supplemental-live-captures/H-003__not-solvent__PASS.png","??","F. BULK_EVIDENCE — DO NOT COMMIT","Bulk evidence, runtime output, or generated artifact; retained locally/external and excluded.","True","False"
"verification/large-molecule-4v6f/20-selection-a-bf-4v6f/41-final/supplemental-live-captures/H-004__not-polymer__PASS.png","??","F. BULK_EVIDENCE — DO NOT COMMIT","Bulk evidence, runtime output, or generated artifact; retained locally/external and excluded.","True","False"
"verification/large-molecule-4v6f/20-selection-a-bf-4v6f/41-final/supplemental-live-captures/H-005__chain-a-and-name-ca__EMPTY_VALID.png","??","F. BULK_EVIDENCE — DO NOT COMMIT","Bulk evidence, runtime output, or generated artifact; retained locally/external and excluded.","True","False"
"verification/large-molecule-4v6f/20-selection-a-bf-4v6f/41-final/supplemental-live-captures/H-006__chain-a-and-resn-ala-or-resn-gly__EMPTY_VALID.png","??","F. BULK_EVIDENCE — DO NOT COMMIT","Bulk evidence, runtime output, or generated artifact; retained locally/external and excluded.","True","False"
"verification/large-molecule-4v6f/20-selection-a-bf-4v6f/41-final/supplemental-live-captures/H-007__chain-a-or-chain-b-and-name-ca__EMPTY_VALID.png","??","F. BULK_EVIDENCE — DO NOT COMMIT","Bulk evidence, runtime output, or generated artifact; retained locally/external and excluded.","True","False"
"verification/large-molecule-4v6f/20-selection-a-bf-4v6f/evidence/A/A-001__all__PASS.png","??","F. BULK_EVIDENCE — DO NOT COMMIT","Bulk evidence, runtime output, or generated artifact; retained locally/external and excluded.","True","False"
"verification/large-molecule-4v6f/20-selection-a-bf-4v6f/evidence/A/A-002__none__EMPTY_VALID.png","??","F. BULK_EVIDENCE — DO NOT COMMIT","Bulk evidence, runtime output, or generated artifact; retained locally/external and excluded.","True","False"
"verification/large-molecule-4v6f/20-selection-a-bf-4v6f/evidence/A/A-003__enabled__PASS.png","??","F. BULK_EVIDENCE — DO NOT COMMIT","Bulk evidence, runtime output, or generated artifact; retained locally/external and excluded.","True","False"
"verification/large-molecule-4v6f/20-selection-a-bf-4v6f/evidence/A/A-004__present__PASS.png","??","F. BULK_EVIDENCE — DO NOT COMMIT","Bulk evidence, runtime output, or generated artifact; retained locally/external and excluded.","True","False"
"verification/large-molecule-4v6f/20-selection-a-bf-4v6f/evidence/A/A-005__visible__PASS.png","??","F. BULK_EVIDENCE — DO NOT COMMIT","Bulk evidence, runtime output, or generated artifact; retained locally/external and excluded.","True","False"
"verification/large-molecule-4v6f/20-selection-a-bf-4v6f/evidence/A/A-006__polymer__PASS.png","??","F. BULK_EVIDENCE — DO NOT COMMIT","Bulk evidence, runtime output, or generated artifact; retained locally/external and excluded.","True","False"
"verification/large-molecule-4v6f/20-selection-a-bf-4v6f/evidence/A/A-007__polymer-protein__PASS.png","??","F. BULK_EVIDENCE — DO NOT COMMIT","Bulk evidence, runtime output, or generated artifact; retained locally/external and excluded.","True","False"
"verification/large-molecule-4v6f/20-selection-a-bf-4v6f/evidence/A/A-008__polymer-nucleic__PASS.png","??","F. BULK_EVIDENCE — DO NOT COMMIT","Bulk evidence, runtime output, or generated artifact; retained locally/external and excluded.","True","False"
"verification/large-molecule-4v6f/20-selection-a-bf-4v6f/evidence/A/A-009__organic__EMPTY_VALID.png","??","F. BULK_EVIDENCE — DO NOT COMMIT","Bulk evidence, runtime output, or generated artifact; retained locally/external and excluded.","True","False"
"verification/large-molecule-4v6f/20-selection-a-bf-4v6f/evidence/A/A-010__inorganic__PASS.png","??","F. BULK_EVIDENCE — DO NOT COMMIT","Bulk evidence, runtime output, or generated artifact; retained locally/external and excluded.","True","False"
"verification/large-molecule-4v6f/20-selection-a-bf-4v6f/evidence/A/A-011__solvent__PASS.png","??","F. BULK_EVIDENCE — DO NOT COMMIT","Bulk evidence, runtime output, or generated artifact; retained locally/external and excluded.","True","False"
"verification/large-molecule-4v6f/20-selection-a-bf-4v6f/evidence/A/A-012__metals__PASS.png","??","F. BULK_EVIDENCE — DO NOT COMMIT","Bulk evidence, runtime output, or generated artifact; retained locally/external and excluded.","True","False"
"verification/large-molecule-4v6f/20-selection-a-bf-4v6f/evidence/A/A-013__hydrogens__EMPTY_VALID.png","??","F. BULK_EVIDENCE — DO NOT COMMIT","Bulk evidence, runtime output, or generated artifact; retained locally/external and excluded.","True","False"
"verification/large-molecule-4v6f/20-selection-a-bf-4v6f/evidence/A/A-014__hetatm__PASS.png","??","F. BULK_EVIDENCE — DO NOT COMMIT","Bulk evidence, runtime output, or generated artifact; retained locally/external and excluded.","True","False"
"verification/large-molecule-4v6f/20-selection-a-bf-4v6f/evidence/A/A-015__backbone__PASS.png","??","F. BULK_EVIDENCE — DO NOT COMMIT","Bulk evidence, runtime output, or generated artifact; retained locally/external and excluded.","True","False"
"verification/large-molecule-4v6f/20-selection-a-bf-4v6f/evidence/A/A-016__sidechain__PASS.png","??","F. BULK_EVIDENCE — DO NOT COMMIT","Bulk evidence, runtime output, or generated artifact; retained locally/external and excluded.","True","False"
"verification/large-molecule-4v6f/20-selection-a-bf-4v6f/evidence/A/A-017__guide__PERFORMANCE_TIMEOUT.png","??","F. BULK_EVIDENCE — DO NOT COMMIT","Bulk evidence, runtime output, or generated artifact; retained locally/external and excluded.","True","False"
"verification/large-molecule-4v6f/20-selection-a-bf-4v6f/evidence/A/A-018__bonded__PASS.png","??","F. BULK_EVIDENCE — DO NOT COMMIT","Bulk evidence, runtime output, or generated artifact; retained locally/external and excluded.","True","False"
"verification/large-molecule-4v6f/20-selection-a-bf-4v6f/evidence/A/A-019__donors__IMPLEMENTED_WITH_LIMITATION.png","??","F. BULK_EVIDENCE — DO NOT COMMIT","Bulk evidence, runtime output, or generated artifact; retained locally/external and excluded.","True","False"
"verification/large-molecule-4v6f/20-selection-a-bf-4v6f/evidence/A/A-020__acceptors__IMPLEMENTED_WITH_LIMITATION.png","??","F. BULK_EVIDENCE — DO NOT COMMIT","Bulk evidence, runtime output, or generated artifact; retained locally/external and excluded.","True","False"
"verification/large-molecule-4v6f/20-selection-a-bf-4v6f/evidence/AA/AA-001__show-cartoon-polymer-protein__PASS.png","??","F. BULK_EVIDENCE — DO NOT COMMIT","Bulk evidence, runtime output, or generated artifact; retained locally/external and excluded.","True","False"
"verification/large-molecule-4v6f/20-selection-a-bf-4v6f/evidence/AA/AA-002__rep-cartoon__EMPTY_VALID.png","??","F. BULK_EVIDENCE — DO NOT COMMIT","Bulk evidence, runtime output, or generated artifact; retained locally/external and excluded.","True","False"
"verification/large-molecule-4v6f/20-selection-a-bf-4v6f/evidence/AA/AA-003__hide-cartoon-polymer-protein__PASS.png","??","F. BULK_EVIDENCE — DO NOT COMMIT","Bulk evidence, runtime output, or generated artifact; retained locally/external and excluded.","True","False"
"verification/large-molecule-4v6f/20-selection-a-bf-4v6f/evidence/AA/AA-004__rep-cartoon__EMPTY_VALID.png","??","F. BULK_EVIDENCE — DO NOT COMMIT","Bulk evidence, runtime output, or generated artifact; retained locally/external and excluded.","True","False"
"verification/large-molecule-4v6f/20-selection-a-bf-4v6f/evidence/AB/AB-001__color-blue-chain-a__PASS.png","??","F. BULK_EVIDENCE — DO NOT COMMIT","Bulk evidence, runtime output, or generated artifact; retained locally/external and excluded.","True","False"
"verification/large-molecule-4v6f/20-selection-a-bf-4v6f/evidence/AB/AB-002__color-blue__PASS.png","??","F. BULK_EVIDENCE — DO NOT COMMIT","Bulk evidence, runtime output, or generated artifact; retained locally/external and excluded.","True","False"
"verification/large-molecule-4v6f/20-selection-a-bf-4v6f/evidence/AB/AB-003__color-red-chain-a__PASS.png","??","F. BULK_EVIDENCE — DO NOT COMMIT","Bulk evidence, runtime output, or generated artifact; retained locally/external and excluded.","True","False"
"verification/large-molecule-4v6f/20-selection-a-bf-4v6f/evidence/AB/AB-004__color-blue__PASS.png","??","F. BULK_EVIDENCE — DO NOT COMMIT","Bulk evidence, runtime output, or generated artifact; retained locally/external and excluded.","True","False"
"verification/large-molecule-4v6f/20-selection-a-bf-4v6f/evidence/AB/AB-005__color-red__PASS.png","??","F. BULK_EVIDENCE — DO NOT COMMIT","Bulk evidence, runtime output, or generated artifact; retained locally/external and excluded.","True","False"
"verification/large-molecule-4v6f/20-selection-a-bf-4v6f/evidence/AC/AC-001__select-active-site-byres-polymer-protein-within-4-of-organic__EMPTY_VALID.png","??","F. BULK_EVIDENCE — DO NOT COMMIT","Bulk evidence, runtime output, or generated artifact; retained locally/external and excluded.","True","False"
"verification/large-molecule-4v6f/20-selection-a-bf-4v6f/evidence/AC/AC-002__active-site__EMPTY_VALID.png","??","F. BULK_EVIDENCE — DO NOT COMMIT","Bulk evidence, runtime output, or generated artifact; retained locally/external and excluded.","True","False"
"verification/large-molecule-4v6f/20-selection-a-bf-4v6f/evidence/AC/AC-003__active-site__EMPTY_VALID.png","??","F. BULK_EVIDENCE — DO NOT COMMIT","Bulk evidence, runtime output, or generated artifact; retained locally/external and excluded.","True","False"
"verification/large-molecule-4v6f/20-selection-a-bf-4v6f/evidence/AC/AC-004__active-site__EMPTY_VALID.png","??","F. BULK_EVIDENCE — DO NOT COMMIT","Bulk evidence, runtime output, or generated artifact; retained locally/external and excluded.","True","False"
"verification/large-molecule-4v6f/20-selection-a-bf-4v6f/evidence/AC/AC-005__does-not-exist__EMPTY_VALID.png","??","F. BULK_EVIDENCE — DO NOT COMMIT","Bulk evidence, runtime output, or generated artifact; retained locally/external and excluded.","True","False"
"verification/large-molecule-4v6f/20-selection-a-bf-4v6f/evidence/AD/AD-001__select-ligand-test-organic__EMPTY_VALID.png","??","F. BULK_EVIDENCE — DO NOT COMMIT","Bulk evidence, runtime output, or generated artifact; retained locally/external and excluded.","True","False"
"verification/large-molecule-4v6f/20-selection-a-bf-4v6f/evidence/AD/AD-002__select-pocket-test-byres-polymer-protein-within-4-of-ligand-test__EMPTY_VALID.png","??","F. BULK_EVIDENCE — DO NOT COMMIT","Bulk evidence, runtime output, or generated artifact; retained locally/external and excluded.","True","False"
"verification/large-molecule-4v6f/20-selection-a-bf-4v6f/evidence/AD/AD-003__pocket-test-and-chain-a__EMPTY_VALID.png","??","F. BULK_EVIDENCE — DO NOT COMMIT","Bulk evidence, runtime output, or generated artifact; retained locally/external and excluded.","True","False"
"verification/large-molecule-4v6f/20-selection-a-bf-4v6f/evidence/AD/AD-004__pocket-test-and-name-ca__EMPTY_VALID.png","??","F. BULK_EVIDENCE — DO NOT COMMIT","Bulk evidence, runtime output, or generated artifact; retained locally/external and excluded.","True","False"
"verification/large-molecule-4v6f/20-selection-a-bf-4v6f/evidence/AD/AD-005__not-pocket-test__PASS.png","??","F. BULK_EVIDENCE — DO NOT COMMIT","Bulk evidence, runtime output, or generated artifact; retained locally/external and excluded.","True","False"
"verification/large-molecule-4v6f/20-selection-a-bf-4v6f/evidence/AD/AD-006__bychain-pocket-test__EMPTY_VALID.png","??","F. BULK_EVIDENCE — DO NOT COMMIT","Bulk evidence, runtime output, or generated artifact; retained locally/external and excluded.","True","False"
"verification/large-molecule-4v6f/20-selection-a-bf-4v6f/evidence/AE/AE-001__model-mini-protein-pdb-in-model-mini-protein-pdb__EMPTY_VALID.png","??","F. BULK_EVIDENCE — DO NOT COMMIT","Bulk evidence, runtime output, or generated artifact; retained locally/external and excluded.","True","False"
"verification/large-molecule-4v6f/20-selection-a-bf-4v6f/evidence/AF/AF-001__model-mini-protein-pdb-like-model-mini-protein-pdb__EMPTY_VALID.png","??","F. BULK_EVIDENCE — DO NOT COMMIT","Bulk evidence, runtime output, or generated artifact; retained locally/external and excluded.","True","False"
"verification/large-molecule-4v6f/20-selection-a-bf-4v6f/evidence/AG/AG-001__chain-zzz__EMPTY_VALID.png","??","F. BULK_EVIDENCE — DO NOT COMMIT","Bulk evidence, runtime output, or generated artifact; retained locally/external and excluded.","True","False"
"verification/large-molecule-4v6f/20-selection-a-bf-4v6f/evidence/AG/AG-002__resi-999999__EMPTY_VALID.png","??","F. BULK_EVIDENCE — DO NOT COMMIT","Bulk evidence, runtime output, or generated artifact; retained locally/external and excluded.","True","False"
"verification/large-molecule-4v6f/20-selection-a-bf-4v6f/evidence/AG/AG-003__resn-zzz__EMPTY_VALID.png","??","F. BULK_EVIDENCE — DO NOT COMMIT","Bulk evidence, runtime output, or generated artifact; retained locally/external and excluded.","True","False"
"verification/large-molecule-4v6f/20-selection-a-bf-4v6f/evidence/AG/AG-004__name-doesnotexist__EMPTY_VALID.png","??","F. BULK_EVIDENCE — DO NOT COMMIT","Bulk evidence, runtime output, or generated artifact; retained locally/external and excluded.","True","False"
"verification/large-molecule-4v6f/20-selection-a-bf-4v6f/evidence/AG/AG-005__elem-xe__EMPTY_VALID.png","??","F. BULK_EVIDENCE — DO NOT COMMIT","Bulk evidence, runtime output, or generated artifact; retained locally/external and excluded.","True","False"
"verification/large-molecule-4v6f/20-selection-a-bf-4v6f/evidence/AG/AG-006__model-does-not-exist__EMPTY_VALID.png","??","F. BULK_EVIDENCE — DO NOT COMMIT","Bulk evidence, runtime output, or generated artifact; retained locally/external and excluded.","True","False"
"verification/large-molecule-4v6f/20-selection-a-bf-4v6f/evidence/AG/AG-007__polymer-nucleic__PASS.png","??","F. BULK_EVIDENCE — DO NOT COMMIT","Bulk evidence, runtime output, or generated artifact; retained locally/external and excluded.","True","False"
"verification/large-molecule-4v6f/20-selection-a-bf-4v6f/evidence/AG/AG-008__metals__PASS.png","??","F. BULK_EVIDENCE — DO NOT COMMIT","Bulk evidence, runtime output, or generated artifact; retained locally/external and excluded.","True","False"
"verification/large-molecule-4v6f/20-selection-a-bf-4v6f/evidence/AG/AG-009__hydrogens__EMPTY_VALID.png","??","F. BULK_EVIDENCE — DO NOT COMMIT","Bulk evidence, runtime output, or generated artifact; retained locally/external and excluded.","True","False"
"verification/large-molecule-4v6f/20-selection-a-bf-4v6f/evidence/AH/AH-001__chain__EMPTY_VALID.png","??","F. BULK_EVIDENCE — DO NOT COMMIT","Bulk evidence, runtime output, or generated artifact; retained locally/external and excluded.","True","False"
"verification/large-molecule-4v6f/20-selection-a-bf-4v6f/evidence/AH/AH-002__resi__EMPTY_VALID.png","??","F. BULK_EVIDENCE — DO NOT COMMIT","Bulk evidence, runtime output, or generated artifact; retained locally/external and excluded.","True","False"
"verification/large-molecule-4v6f/20-selection-a-bf-4v6f/evidence/AH/AH-003__name__EMPTY_VALID.png","??","F. BULK_EVIDENCE — DO NOT COMMIT","Bulk evidence, runtime output, or generated artifact; retained locally/external and excluded.","True","False"
"verification/large-molecule-4v6f/20-selection-a-bf-4v6f/evidence/AH/AH-004__elem__EMPTY_VALID.png","??","F. BULK_EVIDENCE — DO NOT COMMIT","Bulk evidence, runtime output, or generated artifact; retained locally/external and excluded.","True","False"
"verification/large-molecule-4v6f/20-selection-a-bf-4v6f/evidence/AH/AH-005__within-4-of__EMPTY_VALID.png","??","F. BULK_EVIDENCE — DO NOT COMMIT","Bulk evidence, runtime output, or generated artifact; retained locally/external and excluded.","True","False"
"verification/large-molecule-4v6f/20-selection-a-bf-4v6f/evidence/AH/AH-006__all-within-of-organic__EMPTY_VALID.png","??","F. BULK_EVIDENCE — DO NOT COMMIT","Bulk evidence, runtime output, or generated artifact; retained locally/external and excluded.","True","False"
"verification/large-molecule-4v6f/20-selection-a-bf-4v6f/evidence/AH/AH-007__byres__EMPTY_VALID.png","??","F. BULK_EVIDENCE — DO NOT COMMIT","Bulk evidence, runtime output, or generated artifact; retained locally/external and excluded.","True","False"
"verification/large-molecule-4v6f/20-selection-a-bf-4v6f/evidence/AH/AH-008__neighbor__EMPTY_VALID.png","??","F. BULK_EVIDENCE — DO NOT COMMIT","Bulk evidence, runtime output, or generated artifact; retained locally/external and excluded.","True","False"
"verification/large-molecule-4v6f/20-selection-a-bf-4v6f/evidence/AH/AH-009__extend__EMPTY_VALID.png","??","F. BULK_EVIDENCE — DO NOT COMMIT","Bulk evidence, runtime output, or generated artifact; retained locally/external and excluded.","True","False"
"verification/large-molecule-4v6f/20-selection-a-bf-4v6f/evidence/AH/AH-010__all-and__EMPTY_VALID.png","??","F. BULK_EVIDENCE — DO NOT COMMIT","Bulk evidence, runtime output, or generated artifact; retained locally/external and excluded.","True","False"
"verification/large-molecule-4v6f/20-selection-a-bf-4v6f/evidence/AH/AH-011__or-all__EMPTY_VALID.png","??","F. BULK_EVIDENCE — DO NOT COMMIT","Bulk evidence, runtime output, or generated artifact; retained locally/external and excluded.","True","False"
"verification/large-molecule-4v6f/20-selection-a-bf-4v6f/evidence/AH/AH-012__not__EMPTY_VALID.png","??","F. BULK_EVIDENCE — DO NOT COMMIT","Bulk evidence, runtime output, or generated artifact; retained locally/external and excluded.","True","False"
"verification/large-molecule-4v6f/20-selection-a-bf-4v6f/evidence/AH/AH-013__chain-a__PASS.png","??","F. BULK_EVIDENCE — DO NOT COMMIT","Bulk evidence, runtime output, or generated artifact; retained locally/external and excluded.","True","False"
"verification/large-molecule-4v6f/20-selection-a-bf-4v6f/evidence/AH/AH-014__chain-a__PASS.png","??","F. BULK_EVIDENCE — DO NOT COMMIT","Bulk evidence, runtime output, or generated artifact; retained locally/external and excluded.","True","False"
"verification/large-molecule-4v6f/20-selection-a-bf-4v6f/evidence/AH/AH-015__resi-abc__EMPTY_VALID.png","??","F. BULK_EVIDENCE — DO NOT COMMIT","Bulk evidence, runtime output, or generated artifact; retained locally/external and excluded.","True","False"
"verification/large-molecule-4v6f/20-selection-a-bf-4v6f/evidence/AH/AH-016__b__EMPTY_VALID.png","??","F. BULK_EVIDENCE — DO NOT COMMIT","Bulk evidence, runtime output, or generated artifact; retained locally/external and excluded.","True","False"
"verification/large-molecule-4v6f/20-selection-a-bf-4v6f/evidence/AH/AH-017__q__EMPTY_VALID.png","??","F. BULK_EVIDENCE — DO NOT COMMIT","Bulk evidence, runtime output, or generated artifact; retained locally/external and excluded.","True","False"
"verification/large-molecule-4v6f/20-selection-a-bf-4v6f/evidence/AH/AH-018__unknown-selector-xyz__EMPTY_VALID.png","??","F. BULK_EVIDENCE — DO NOT COMMIT","Bulk evidence, runtime output, or generated artifact; retained locally/external and excluded.","True","False"
"verification/large-molecule-4v6f/20-selection-a-bf-4v6f/evidence/AH/AH-019__chain-a-and-and-name-ca__EMPTY_VALID.png","??","F. BULK_EVIDENCE — DO NOT COMMIT","Bulk evidence, runtime output, or generated artifact; retained locally/external and excluded.","True","False"
"verification/large-molecule-4v6f/20-selection-a-bf-4v6f/evidence/AI/AI-001__all-within-1-of-organic__EMPTY_VALID.png","??","F. BULK_EVIDENCE — DO NOT COMMIT","Bulk evidence, runtime output, or generated artifact; retained locally/external and excluded.","True","False"
"verification/large-molecule-4v6f/20-selection-a-bf-4v6f/evidence/AI/AI-002__all-within-nan-of-organic__EMPTY_VALID.png","??","F. BULK_EVIDENCE — DO NOT COMMIT","Bulk evidence, runtime output, or generated artifact; retained locally/external and excluded.","True","False"
"verification/large-molecule-4v6f/20-selection-a-bf-4v6f/evidence/AI/AI-003__all-within-infinity-of-organic__EMPTY_VALID.png","??","F. BULK_EVIDENCE — DO NOT COMMIT","Bulk evidence, runtime output, or generated artifact; retained locally/external and excluded.","True","False"
"verification/large-molecule-4v6f/20-selection-a-bf-4v6f/evidence/AI/AI-004__all-within-abc-of-organic__EMPTY_VALID.png","??","F. BULK_EVIDENCE — DO NOT COMMIT","Bulk evidence, runtime output, or generated artifact; retained locally/external and excluded.","True","False"
"verification/large-molecule-4v6f/20-selection-a-bf-4v6f/evidence/AI/AI-005__organic-expand-2__EMPTY_VALID.png","??","F. BULK_EVIDENCE — DO NOT COMMIT","Bulk evidence, runtime output, or generated artifact; retained locally/external and excluded.","True","False"
"verification/large-molecule-4v6f/20-selection-a-bf-4v6f/evidence/AI/AI-006__resi-4-9__EMPTY_VALID.png","??","F. BULK_EVIDENCE — DO NOT COMMIT","Bulk evidence, runtime output, or generated artifact; retained locally/external and excluded.","True","False"
"verification/large-molecule-4v6f/20-selection-a-bf-4v6f/evidence/AJ/AJ-001__chain-a__PASS.png","??","F. BULK_EVIDENCE — DO NOT COMMIT","Bulk evidence, runtime output, or generated artifact; retained locally/external and excluded.","True","False"
"verification/large-molecule-4v6f/20-selection-a-bf-4v6f/evidence/AJ/AJ-002__chain-a__PASS.png","??","F. BULK_EVIDENCE — DO NOT COMMIT","Bulk evidence, runtime output, or generated artifact; retained locally/external and excluded.","True","False"
"verification/large-molecule-4v6f/20-selection-a-bf-4v6f/evidence/AJ/AJ-003__chain-a__PASS.png","??","F. BULK_EVIDENCE — DO NOT COMMIT","Bulk evidence, runtime output, or generated artifact; retained locally/external and excluded.","True","False"
"verification/large-molecule-4v6f/20-selection-a-bf-4v6f/evidence/AJ/AJ-004__chain-a__PASS.png","??","F. BULK_EVIDENCE — DO NOT COMMIT","Bulk evidence, runtime output, or generated artifact; retained locally/external and excluded.","True","False"
"verification/large-molecule-4v6f/20-selection-a-bf-4v6f/evidence/AJ/AJ-005__chain-a__PASS.png","??","F. BULK_EVIDENCE — DO NOT COMMIT","Bulk evidence, runtime output, or generated artifact; retained locally/external and excluded.","True","False"
"verification/large-molecule-4v6f/20-selection-a-bf-4v6f/evidence/AJ/AJ-006__chain-a__PASS.png","??","F. BULK_EVIDENCE — DO NOT COMMIT","Bulk evidence, runtime output, or generated artifact; retained locally/external and excluded.","True","False"
"verification/large-molecule-4v6f/20-selection-a-bf-4v6f/evidence/AJ/AJ-007__polymer-protein-and-chain-a__EMPTY_VALID.png","??","F. BULK_EVIDENCE — DO NOT COMMIT","Bulk evidence, runtime output, or generated artifact; retained locally/external and excluded.","True","False"
"verification/large-molecule-4v6f/20-selection-a-bf-4v6f/evidence/AJ/AJ-008__polymer-protein-and-chain-a__EMPTY_VALID.png","??","F. BULK_EVIDENCE — DO NOT COMMIT","Bulk evidence, runtime output, or generated artifact; retained locally/external and excluded.","True","False"
"verification/large-molecule-4v6f/20-selection-a-bf-4v6f/evidence/AK/AK-001__chain-a__PASS.png","??","F. BULK_EVIDENCE — DO NOT COMMIT","Bulk evidence, runtime output, or generated artifact; retained locally/external and excluded.","True","False"
"verification/large-molecule-4v6f/20-selection-a-bf-4v6f/evidence/AK/AK-002__chain-a__PASS.png","??","F. BULK_EVIDENCE — DO NOT COMMIT","Bulk evidence, runtime output, or generated artifact; retained locally/external and excluded.","True","False"
"verification/large-molecule-4v6f/20-selection-a-bf-4v6f/evidence/AK/AK-003__chain-a__PASS.png","??","F. BULK_EVIDENCE — DO NOT COMMIT","Bulk evidence, runtime output, or generated artifact; retained locally/external and excluded.","True","False"
"verification/large-molecule-4v6f/20-selection-a-bf-4v6f/evidence/AL/AL-001__byres-polymer-protein-within-4-0-of-organic__EMPTY_VALID.png","??","F. BULK_EVIDENCE — DO NOT COMMIT","Bulk evidence, runtime output, or generated artifact; retained locally/external and excluded.","True","False"
"verification/large-molecule-4v6f/20-selection-a-bf-4v6f/evidence/AL/AL-002__byres-polymer-protein-and-chain-a-within-4-0-of-organic__EMPTY_VALID.png","??","F. BULK_EVIDENCE — DO NOT COMMIT","Bulk evidence, runtime output, or generated artifact; retained locally/external and excluded.","True","False"
"verification/large-molecule-4v6f/20-selection-a-bf-4v6f/evidence/AL/AL-003__byres-polymer-protein-and-not-resn-gly-within-4-0-of-organic__EMPTY_VALID.png","??","F. BULK_EVIDENCE — DO NOT COMMIT","Bulk evidence, runtime output, or generated artifact; retained locally/external and excluded.","True","False"
"verification/large-molecule-4v6f/20-selection-a-bf-4v6f/evidence/AL/AL-004__byres-polymer-protein-within-4-0-of-organic-and-elem-o-n__EMPTY_VALID.png","??","F. BULK_EVIDENCE — DO NOT COMMIT","Bulk evidence, runtime output, or generated artifact; retained locally/external and excluded.","True","False"
"verification/large-molecule-4v6f/20-selection-a-bf-4v6f/evidence/AL/AL-005__byres-polymer-protein-within-4-0-of-organic-and-name-ca__EMPTY_VALID.png","??","F. BULK_EVIDENCE — DO NOT COMMIT","Bulk evidence, runtime output, or generated artifact; retained locally/external and excluded.","True","False"
"verification/large-molecule-4v6f/20-selection-a-bf-4v6f/evidence/AM/AM-001__polymer-protein-and-backbone__PASS.png","??","F. BULK_EVIDENCE — DO NOT COMMIT","Bulk evidence, runtime output, or generated artifact; retained locally/external and excluded.","True","False"
"verification/large-molecule-4v6f/20-selection-a-bf-4v6f/evidence/AM/AM-002__polymer-protein-and-sidechain__PASS.png","??","F. BULK_EVIDENCE — DO NOT COMMIT","Bulk evidence, runtime output, or generated artifact; retained locally/external and excluded.","True","False"
"verification/large-molecule-4v6f/20-selection-a-bf-4v6f/evidence/AM/AM-003__polymer-protein-and-backbone-or-polymer-protein-and-sidechain__PASS.png","??","F. BULK_EVIDENCE — DO NOT COMMIT","Bulk evidence, runtime output, or generated artifact; retained locally/external and excluded.","True","False"
"verification/large-molecule-4v6f/20-selection-a-bf-4v6f/evidence/AN/AN-001__organic__EMPTY_VALID.png","??","F. BULK_EVIDENCE — DO NOT COMMIT","Bulk evidence, runtime output, or generated artifact; retained locally/external and excluded.","True","False"
"verification/large-molecule-4v6f/20-selection-a-bf-4v6f/evidence/AN/AN-002__organic-and-elem-c__EMPTY_VALID.png","??","F. BULK_EVIDENCE — DO NOT COMMIT","Bulk evidence, runtime output, or generated artifact; retained locally/external and excluded.","True","False"
"verification/large-molecule-4v6f/20-selection-a-bf-4v6f/evidence/AN/AN-003__organic-and-elem-n__EMPTY_VALID.png","??","F. BULK_EVIDENCE — DO NOT COMMIT","Bulk evidence, runtime output, or generated artifact; retained locally/external and excluded.","True","False"
"verification/large-molecule-4v6f/20-selection-a-bf-4v6f/evidence/AN/AN-004__organic-and-elem-o__EMPTY_VALID.png","??","F. BULK_EVIDENCE — DO NOT COMMIT","Bulk evidence, runtime output, or generated artifact; retained locally/external and excluded.","True","False"
"verification/large-molecule-4v6f/20-selection-a-bf-4v6f/evidence/AN/AN-005__organic-and-donors__IMPLEMENTED_WITH_LIMITATION.png","??","F. BULK_EVIDENCE — DO NOT COMMIT","Bulk evidence, runtime output, or generated artifact; retained locally/external and excluded.","True","False"
"verification/large-molecule-4v6f/20-selection-a-bf-4v6f/evidence/AN/AN-006__organic-and-acceptors__IMPLEMENTED_WITH_LIMITATION.png","??","F. BULK_EVIDENCE — DO NOT COMMIT","Bulk evidence, runtime output, or generated artifact; retained locally/external and excluded.","True","False"
"verification/large-molecule-4v6f/20-selection-a-bf-4v6f/evidence/AN/AN-007__neighbor-organic__EMPTY_VALID.png","??","F. BULK_EVIDENCE — DO NOT COMMIT","Bulk evidence, runtime output, or generated artifact; retained locally/external and excluded.","True","False"
"verification/large-molecule-4v6f/20-selection-a-bf-4v6f/evidence/AN/AN-008__bymolecule-organic__EMPTY_VALID.png","??","F. BULK_EVIDENCE — DO NOT COMMIT","Bulk evidence, runtime output, or generated artifact; retained locally/external and excluded.","True","False"
"verification/large-molecule-4v6f/20-selection-a-bf-4v6f/evidence/AN/AN-009__byring-organic__EMPTY_VALID.png","??","F. BULK_EVIDENCE — DO NOT COMMIT","Bulk evidence, runtime output, or generated artifact; retained locally/external and excluded.","True","False"
"verification/large-molecule-4v6f/20-selection-a-bf-4v6f/evidence/AN/AN-010__polymer-protein-within-3-of-organic__EMPTY_VALID.png","??","F. BULK_EVIDENCE — DO NOT COMMIT","Bulk evidence, runtime output, or generated artifact; retained locally/external and excluded.","True","False"
"verification/large-molecule-4v6f/20-selection-a-bf-4v6f/evidence/AN/AN-011__polymer-protein-within-4-of-organic__EMPTY_VALID.png","??","F. BULK_EVIDENCE — DO NOT COMMIT","Bulk evidence, runtime output, or generated artifact; retained locally/external and excluded.","True","False"
"verification/large-molecule-4v6f/20-selection-a-bf-4v6f/evidence/AN/AN-012__polymer-protein-within-5-of-organic__EMPTY_VALID.png","??","F. BULK_EVIDENCE — DO NOT COMMIT","Bulk evidence, runtime output, or generated artifact; retained locally/external and excluded.","True","False"
"verification/large-molecule-4v6f/20-selection-a-bf-4v6f/evidence/AN/AN-013__byres-polymer-protein-within-4-of-organic__EMPTY_VALID.png","??","F. BULK_EVIDENCE — DO NOT COMMIT","Bulk evidence, runtime output, or generated artifact; retained locally/external and excluded.","True","False"
"verification/large-molecule-4v6f/20-selection-a-bf-4v6f/evidence/AO/AO-001__solvent__PASS.png","??","F. BULK_EVIDENCE — DO NOT COMMIT","Bulk evidence, runtime output, or generated artifact; retained locally/external and excluded.","True","False"
"verification/large-molecule-4v6f/20-selection-a-bf-4v6f/evidence/AO/AO-002__solvent-and-elem-o__PASS.png","??","F. BULK_EVIDENCE — DO NOT COMMIT","Bulk evidence, runtime output, or generated artifact; retained locally/external and excluded.","True","False"
"verification/large-molecule-4v6f/20-selection-a-bf-4v6f/evidence/AO/AO-003__solvent-within-3-5-of-organic__EMPTY_VALID.png","??","F. BULK_EVIDENCE — DO NOT COMMIT","Bulk evidence, runtime output, or generated artifact; retained locally/external and excluded.","True","False"
"verification/large-molecule-4v6f/20-selection-a-bf-4v6f/evidence/AO/AO-004__byres-solvent-within-3-5-of-organic__EMPTY_VALID.png","??","F. BULK_EVIDENCE — DO NOT COMMIT","Bulk evidence, runtime output, or generated artifact; retained locally/external and excluded.","True","False"
"verification/large-molecule-4v6f/20-selection-a-bf-4v6f/evidence/AP/AP-001__metals__PASS.png","??","F. BULK_EVIDENCE — DO NOT COMMIT","Bulk evidence, runtime output, or generated artifact; retained locally/external and excluded.","True","False"
"verification/large-molecule-4v6f/20-selection-a-bf-4v6f/evidence/AP/AP-002__inorganic__PASS.png","??","F. BULK_EVIDENCE — DO NOT COMMIT","Bulk evidence, runtime output, or generated artifact; retained locally/external and excluded.","True","False"
"verification/large-molecule-4v6f/20-selection-a-bf-4v6f/evidence/AP/AP-003__metals-within-4-of-organic__EMPTY_VALID.png","??","F. BULK_EVIDENCE — DO NOT COMMIT","Bulk evidence, runtime output, or generated artifact; retained locally/external and excluded.","True","False"
"verification/large-molecule-4v6f/20-selection-a-bf-4v6f/evidence/AP/AP-004__polymer-protein-within-3-of-metals__PERFORMANCE_TIMEOUT.png","??","F. BULK_EVIDENCE — DO NOT COMMIT","Bulk evidence, runtime output, or generated artifact; retained locally/external and excluded.","True","False"
"verification/large-molecule-4v6f/20-selection-a-bf-4v6f/evidence/AP/AP-005__byres-polymer-protein-within-3-of-metals__PASS.png","??","F. BULK_EVIDENCE — DO NOT COMMIT","Bulk evidence, runtime output, or generated artifact; retained locally/external and excluded.","True","False"
"verification/large-molecule-4v6f/20-selection-a-bf-4v6f/evidence/AQ/AQ-001__model-mini-protein-pdb-and-chain-a__EMPTY_VALID.png","??","F. BULK_EVIDENCE — DO NOT COMMIT","Bulk evidence, runtime output, or generated artifact; retained locally/external and excluded.","True","False"
"verification/large-molecule-4v6f/20-selection-a-bf-4v6f/evidence/AQ/AQ-002__model-mini-protein-pdb-and-chain-a__EMPTY_VALID.png","??","F. BULK_EVIDENCE — DO NOT COMMIT","Bulk evidence, runtime output, or generated artifact; retained locally/external and excluded.","True","False"
"verification/large-molecule-4v6f/20-selection-a-bf-4v6f/evidence/AQ/AQ-003__chain-a__PASS.png","??","F. BULK_EVIDENCE — DO NOT COMMIT","Bulk evidence, runtime output, or generated artifact; retained locally/external and excluded.","True","False"
"verification/large-molecule-4v6f/20-selection-a-bf-4v6f/evidence/AQ/AQ-004__model-mini-protein-pdb-and-resi-45__EMPTY_VALID.png","??","F. BULK_EVIDENCE — DO NOT COMMIT","Bulk evidence, runtime output, or generated artifact; retained locally/external and excluded.","True","False"
"verification/large-molecule-4v6f/20-selection-a-bf-4v6f/evidence/AQ/AQ-005__model-mini-protein-pdb-and-resi-45__EMPTY_VALID.png","??","F. BULK_EVIDENCE — DO NOT COMMIT","Bulk evidence, runtime output, or generated artifact; retained locally/external and excluded.","True","False"
"verification/large-molecule-4v6f/20-selection-a-bf-4v6f/evidence/AR/AR-001__select-testsel-chain-a__PASS.png","??","F. BULK_EVIDENCE — DO NOT COMMIT","Bulk evidence, runtime output, or generated artifact; retained locally/external and excluded.","True","False"
"verification/large-molecule-4v6f/20-selection-a-bf-4v6f/evidence/AR/AR-002__enabled__PASS.png","??","F. BULK_EVIDENCE — DO NOT COMMIT","Bulk evidence, runtime output, or generated artifact; retained locally/external and excluded.","True","False"
"verification/large-molecule-4v6f/20-selection-a-bf-4v6f/evidence/AR/AR-003__visible__PASS.png","??","F. BULK_EVIDENCE — DO NOT COMMIT","Bulk evidence, runtime output, or generated artifact; retained locally/external and excluded.","True","False"
"verification/large-molecule-4v6f/20-selection-a-bf-4v6f/evidence/AS/AS-001__select-pocket-byres-polymer-protein-within-4-of-organic__EMPTY_VALID.png","??","F. BULK_EVIDENCE — DO NOT COMMIT","Bulk evidence, runtime output, or generated artifact; retained locally/external and excluded.","True","False"
"verification/large-molecule-4v6f/20-selection-a-bf-4v6f/evidence/AS/AS-002__show-sticks-pocket__PASS.png","??","F. BULK_EVIDENCE — DO NOT COMMIT","Bulk evidence, runtime output, or generated artifact; retained locally/external and excluded.","True","False"
"verification/large-molecule-4v6f/20-selection-a-bf-4v6f/evidence/AS/AS-003__show-surface-pocket__PASS.png","??","F. BULK_EVIDENCE — DO NOT COMMIT","Bulk evidence, runtime output, or generated artifact; retained locally/external and excluded.","True","False"
"verification/large-molecule-4v6f/20-selection-a-bf-4v6f/evidence/AS/AS-004__show-mesh-pocket__PASS.png","??","F. BULK_EVIDENCE — DO NOT COMMIT","Bulk evidence, runtime output, or generated artifact; retained locally/external and excluded.","True","False"
"verification/large-molecule-4v6f/20-selection-a-bf-4v6f/evidence/AS/AS-005__hide-sticks-pocket__PASS.png","??","F. BULK_EVIDENCE — DO NOT COMMIT","Bulk evidence, runtime output, or generated artifact; retained locally/external and excluded.","True","False"
"verification/large-molecule-4v6f/20-selection-a-bf-4v6f/evidence/AS/AS-006__hide-surface-pocket__PASS.png","??","F. BULK_EVIDENCE — DO NOT COMMIT","Bulk evidence, runtime output, or generated artifact; retained locally/external and excluded.","True","False"
"verification/large-molecule-4v6f/20-selection-a-bf-4v6f/evidence/AS/AS-007__hide-mesh-pocket__PASS.png","??","F. BULK_EVIDENCE — DO NOT COMMIT","Bulk evidence, runtime output, or generated artifact; retained locally/external and excluded.","True","False"
"verification/large-molecule-4v6f/20-selection-a-bf-4v6f/evidence/AT/AT-001__select-residue45-resi-45__PASS.png","??","F. BULK_EVIDENCE — DO NOT COMMIT","Bulk evidence, runtime output, or generated artifact; retained locally/external and excluded.","True","False"
"verification/large-molecule-4v6f/20-selection-a-bf-4v6f/evidence/AT/AT-002__color-magenta-residue45__PASS.png","??","F. BULK_EVIDENCE — DO NOT COMMIT","Bulk evidence, runtime output, or generated artifact; retained locally/external and excluded.","True","False"
"verification/large-molecule-4v6f/20-selection-a-bf-4v6f/evidence/AT/AT-003__none__EMPTY_VALID.png","??","F. BULK_EVIDENCE — DO NOT COMMIT","Bulk evidence, runtime output, or generated artifact; retained locally/external and excluded.","True","False"
"verification/large-molecule-4v6f/20-selection-a-bf-4v6f/evidence/AT/AT-004__select-residue45-resi-45__PASS.png","??","F. BULK_EVIDENCE — DO NOT COMMIT","Bulk evidence, runtime output, or generated artifact; retained locally/external and excluded.","True","False"
"verification/large-molecule-4v6f/20-selection-a-bf-4v6f/evidence/AU/AU-001__name-ca__PERFORMANCE_TIMEOUT.png","??","F. BULK_EVIDENCE — DO NOT COMMIT","Bulk evidence, runtime output, or generated artifact; retained locally/external and excluded.","True","False"
"verification/large-molecule-4v6f/20-selection-a-bf-4v6f/evidence/AU/AU-002__resi-45__PASS.png","??","F. BULK_EVIDENCE — DO NOT COMMIT","Bulk evidence, runtime output, or generated artifact; retained locally/external and excluded.","True","False"
"verification/large-molecule-4v6f/20-selection-a-bf-4v6f/evidence/AU/AU-003__chain-a__PASS.png","??","F. BULK_EVIDENCE — DO NOT COMMIT","Bulk evidence, runtime output, or generated artifact; retained locally/external and excluded.","True","False"
"verification/large-molecule-4v6f/20-selection-a-bf-4v6f/evidence/AU/AU-004__organic__EMPTY_VALID.png","??","F. BULK_EVIDENCE — DO NOT COMMIT","Bulk evidence, runtime output, or generated artifact; retained locally/external and excluded.","True","False"
"verification/large-molecule-4v6f/20-selection-a-bf-4v6f/evidence/AU/AU-005__all__PASS.png","??","F. BULK_EVIDENCE — DO NOT COMMIT","Bulk evidence, runtime output, or generated artifact; retained locally/external and excluded.","True","False"
"verification/large-molecule-4v6f/20-selection-a-bf-4v6f/evidence/AV/AV-001-01__resi-45__PASS.png","??","F. BULK_EVIDENCE — DO NOT COMMIT","Bulk evidence, runtime output, or generated artifact; retained locally/external and excluded.","True","False"
"verification/large-molecule-4v6f/20-selection-a-bf-4v6f/evidence/AV/AV-001-02__none__EMPTY_VALID.png","??","F. BULK_EVIDENCE — DO NOT COMMIT","Bulk evidence, runtime output, or generated artifact; retained locally/external and excluded.","True","False"
"verification/large-molecule-4v6f/20-selection-a-bf-4v6f/evidence/AV/AV-001-03__organic__EMPTY_VALID.png","??","F. BULK_EVIDENCE — DO NOT COMMIT","Bulk evidence, runtime output, or generated artifact; retained locally/external and excluded.","True","False"
"verification/large-molecule-4v6f/20-selection-a-bf-4v6f/evidence/AV/AV-001-04__none__EMPTY_VALID.png","??","F. BULK_EVIDENCE — DO NOT COMMIT","Bulk evidence, runtime output, or generated artifact; retained locally/external and excluded.","True","False"
"verification/large-molecule-4v6f/20-selection-a-bf-4v6f/evidence/AV/AV-001-05__chain-a__PASS.png","??","F. BULK_EVIDENCE — DO NOT COMMIT","Bulk evidence, runtime output, or generated artifact; retained locally/external and excluded.","True","False"
"verification/large-molecule-4v6f/20-selection-a-bf-4v6f/evidence/AV/AV-001-06__none__EMPTY_VALID.png","??","F. BULK_EVIDENCE — DO NOT COMMIT","Bulk evidence, runtime output, or generated artifact; retained locally/external and excluded.","True","False"
"verification/large-molecule-4v6f/20-selection-a-bf-4v6f/evidence/AV/AV-002-01__resi-45__PASS.png","??","F. BULK_EVIDENCE — DO NOT COMMIT","Bulk evidence, runtime output, or generated artifact; retained locally/external and excluded.","True","False"
"verification/large-molecule-4v6f/20-selection-a-bf-4v6f/evidence/AV/AV-002-02__none__EMPTY_VALID.png","??","F. BULK_EVIDENCE — DO NOT COMMIT","Bulk evidence, runtime output, or generated artifact; retained locally/external and excluded.","True","False"
"verification/large-molecule-4v6f/20-selection-a-bf-4v6f/evidence/AV/AV-002-03__organic__EMPTY_VALID.png","??","F. BULK_EVIDENCE — DO NOT COMMIT","Bulk evidence, runtime output, or generated artifact; retained locally/external and excluded.","True","False"
"verification/large-molecule-4v6f/20-selection-a-bf-4v6f/evidence/AV/AV-002-04__none__EMPTY_VALID.png","??","F. BULK_EVIDENCE — DO NOT COMMIT","Bulk evidence, runtime output, or generated artifact; retained locally/external and excluded.","True","False"
"verification/large-molecule-4v6f/20-selection-a-bf-4v6f/evidence/AV/AV-002-05__chain-a__PASS.png","??","F. BULK_EVIDENCE — DO NOT COMMIT","Bulk evidence, runtime output, or generated artifact; retained locally/external and excluded.","True","False"
"verification/large-molecule-4v6f/20-selection-a-bf-4v6f/evidence/AV/AV-002-06__none__EMPTY_VALID.png","??","F. BULK_EVIDENCE — DO NOT COMMIT","Bulk evidence, runtime output, or generated artifact; retained locally/external and excluded.","True","False"
"verification/large-molecule-4v6f/20-selection-a-bf-4v6f/evidence/AV/AV-003-01__resi-45__PASS.png","??","F. BULK_EVIDENCE — DO NOT COMMIT","Bulk evidence, runtime output, or generated artifact; retained locally/external and excluded.","True","False"
"verification/large-molecule-4v6f/20-selection-a-bf-4v6f/evidence/AV/AV-003-02__none__EMPTY_VALID.png","??","F. BULK_EVIDENCE — DO NOT COMMIT","Bulk evidence, runtime output, or generated artifact; retained locally/external and excluded.","True","False"
"verification/large-molecule-4v6f/20-selection-a-bf-4v6f/evidence/AV/AV-003-03__organic__EMPTY_VALID.png","??","F. BULK_EVIDENCE — DO NOT COMMIT","Bulk evidence, runtime output, or generated artifact; retained locally/external and excluded.","True","False"
"verification/large-molecule-4v6f/20-selection-a-bf-4v6f/evidence/AV/AV-003-04__none__EMPTY_VALID.png","??","F. BULK_EVIDENCE — DO NOT COMMIT","Bulk evidence, runtime output, or generated artifact; retained locally/external and excluded.","True","False"
"verification/large-molecule-4v6f/20-selection-a-bf-4v6f/evidence/AV/AV-003-05__chain-a__PASS.png","??","F. BULK_EVIDENCE — DO NOT COMMIT","Bulk evidence, runtime output, or generated artifact; retained locally/external and excluded.","True","False"
"verification/large-molecule-4v6f/20-selection-a-bf-4v6f/evidence/AV/AV-003-06__none__EMPTY_VALID.png","??","F. BULK_EVIDENCE — DO NOT COMMIT","Bulk evidence, runtime output, or generated artifact; retained locally/external and excluded.","True","False"
"verification/large-molecule-4v6f/20-selection-a-bf-4v6f/evidence/AV/AV-004-01__resi-45__PASS.png","??","F. BULK_EVIDENCE — DO NOT COMMIT","Bulk evidence, runtime output, or generated artifact; retained locally/external and excluded.","True","False"
"verification/large-molecule-4v6f/20-selection-a-bf-4v6f/evidence/AV/AV-004-02__none__EMPTY_VALID.png","??","F. BULK_EVIDENCE — DO NOT COMMIT","Bulk evidence, runtime output, or generated artifact; retained locally/external and excluded.","True","False"
"verification/large-molecule-4v6f/20-selection-a-bf-4v6f/evidence/AV/AV-004-03__organic__EMPTY_VALID.png","??","F. BULK_EVIDENCE — DO NOT COMMIT","Bulk evidence, runtime output, or generated artifact; retained locally/external and excluded.","True","False"
"verification/large-molecule-4v6f/20-selection-a-bf-4v6f/evidence/AV/AV-004-04__none__EMPTY_VALID.png","??","F. BULK_EVIDENCE — DO NOT COMMIT","Bulk evidence, runtime output, or generated artifact; retained locally/external and excluded.","True","False"
"verification/large-molecule-4v6f/20-selection-a-bf-4v6f/evidence/AV/AV-004-05__chain-a__PASS.png","??","F. BULK_EVIDENCE — DO NOT COMMIT","Bulk evidence, runtime output, or generated artifact; retained locally/external and excluded.","True","False"
"verification/large-molecule-4v6f/20-selection-a-bf-4v6f/evidence/AV/AV-004-06__none__EMPTY_VALID.png","??","F. BULK_EVIDENCE — DO NOT COMMIT","Bulk evidence, runtime output, or generated artifact; retained locally/external and excluded.","True","False"
"verification/large-molecule-4v6f/20-selection-a-bf-4v6f/evidence/AV/AV-005-01__resi-45__PASS.png","??","F. BULK_EVIDENCE — DO NOT COMMIT","Bulk evidence, runtime output, or generated artifact; retained locally/external and excluded.","True","False"
"verification/large-molecule-4v6f/20-selection-a-bf-4v6f/evidence/AV/AV-005-02__none__EMPTY_VALID.png","??","F. BULK_EVIDENCE — DO NOT COMMIT","Bulk evidence, runtime output, or generated artifact; retained locally/external and excluded.","True","False"
"verification/large-molecule-4v6f/20-selection-a-bf-4v6f/evidence/AV/AV-005-03__organic__EMPTY_VALID.png","??","F. BULK_EVIDENCE — DO NOT COMMIT","Bulk evidence, runtime output, or generated artifact; retained locally/external and excluded.","True","False"
"verification/large-molecule-4v6f/20-selection-a-bf-4v6f/evidence/AV/AV-005-04__none__EMPTY_VALID.png","??","F. BULK_EVIDENCE — DO NOT COMMIT","Bulk evidence, runtime output, or generated artifact; retained locally/external and excluded.","True","False"
"verification/large-molecule-4v6f/20-selection-a-bf-4v6f/evidence/AV/AV-005-05__chain-a__PASS.png","??","F. BULK_EVIDENCE — DO NOT COMMIT","Bulk evidence, runtime output, or generated artifact; retained locally/external and excluded.","True","False"
"verification/large-molecule-4v6f/20-selection-a-bf-4v6f/evidence/AV/AV-005-06__none__EMPTY_VALID.png","??","F. BULK_EVIDENCE — DO NOT COMMIT","Bulk evidence, runtime output, or generated artifact; retained locally/external and excluded.","True","False"
"verification/large-molecule-4v6f/20-selection-a-bf-4v6f/evidence/AV/AV-006-01__resi-45__PASS.png","??","F. BULK_EVIDENCE — DO NOT COMMIT","Bulk evidence, runtime output, or generated artifact; retained locally/external and excluded.","True","False"
"verification/large-molecule-4v6f/20-selection-a-bf-4v6f/evidence/AV/AV-006-02__none__EMPTY_VALID.png","??","F. BULK_EVIDENCE — DO NOT COMMIT","Bulk evidence, runtime output, or generated artifact; retained locally/external and excluded.","True","False"
"verification/large-molecule-4v6f/20-selection-a-bf-4v6f/evidence/AV/AV-006-03__organic__EMPTY_VALID.png","??","F. BULK_EVIDENCE — DO NOT COMMIT","Bulk evidence, runtime output, or generated artifact; retained locally/external and excluded.","True","False"
"verification/large-molecule-4v6f/20-selection-a-bf-4v6f/evidence/AV/AV-006-04__none__EMPTY_VALID.png","??","F. BULK_EVIDENCE — DO NOT COMMIT","Bulk evidence, runtime output, or generated artifact; retained locally/external and excluded.","True","False"
"verification/large-molecule-4v6f/20-selection-a-bf-4v6f/evidence/AV/AV-006-05__chain-a__PASS.png","??","F. BULK_EVIDENCE — DO NOT COMMIT","Bulk evidence, runtime output, or generated artifact; retained locally/external and excluded.","True","False"
"verification/large-molecule-4v6f/20-selection-a-bf-4v6f/evidence/AV/AV-006-06__none__EMPTY_VALID.png","??","F. BULK_EVIDENCE — DO NOT COMMIT","Bulk evidence, runtime output, or generated artifact; retained locally/external and excluded.","True","False"
"verification/large-molecule-4v6f/20-selection-a-bf-4v6f/evidence/AV/AV-007-01__resi-45__PASS.png","??","F. BULK_EVIDENCE — DO NOT COMMIT","Bulk evidence, runtime output, or generated artifact; retained locally/external and excluded.","True","False"
"verification/large-molecule-4v6f/20-selection-a-bf-4v6f/evidence/AV/AV-007-02__none__EMPTY_VALID.png","??","F. BULK_EVIDENCE — DO NOT COMMIT","Bulk evidence, runtime output, or generated artifact; retained locally/external and excluded.","True","False"
"verification/large-molecule-4v6f/20-selection-a-bf-4v6f/evidence/AV/AV-007-03__organic__EMPTY_VALID.png","??","F. BULK_EVIDENCE — DO NOT COMMIT","Bulk evidence, runtime output, or generated artifact; retained locally/external and excluded.","True","False"
"verification/large-molecule-4v6f/20-selection-a-bf-4v6f/evidence/AV/AV-007-04__none__EMPTY_VALID.png","??","F. BULK_EVIDENCE — DO NOT COMMIT","Bulk evidence, runtime output, or generated artifact; retained locally/external and excluded.","True","False"
"verification/large-molecule-4v6f/20-selection-a-bf-4v6f/evidence/AV/AV-007-05__chain-a__PASS.png","??","F. BULK_EVIDENCE — DO NOT COMMIT","Bulk evidence, runtime output, or generated artifact; retained locally/external and excluded.","True","False"
"verification/large-molecule-4v6f/20-selection-a-bf-4v6f/evidence/AV/AV-007-06__none__EMPTY_VALID.png","??","F. BULK_EVIDENCE — DO NOT COMMIT","Bulk evidence, runtime output, or generated artifact; retained locally/external and excluded.","True","False"
"verification/large-molecule-4v6f/20-selection-a-bf-4v6f/evidence/AV/AV-008-01__resi-45__PASS.png","??","F. BULK_EVIDENCE — DO NOT COMMIT","Bulk evidence, runtime output, or generated artifact; retained locally/external and excluded.","True","False"
"verification/large-molecule-4v6f/20-selection-a-bf-4v6f/evidence/AV/AV-008-02__none__EMPTY_VALID.png","??","F. BULK_EVIDENCE — DO NOT COMMIT","Bulk evidence, runtime output, or generated artifact; retained locally/external and excluded.","True","False"
"verification/large-molecule-4v6f/20-selection-a-bf-4v6f/evidence/AV/AV-008-03__organic__EMPTY_VALID.png","??","F. BULK_EVIDENCE — DO NOT COMMIT","Bulk evidence, runtime output, or generated artifact; retained locally/external and excluded.","True","False"
"verification/large-molecule-4v6f/20-selection-a-bf-4v6f/evidence/AV/AV-008-04__none__EMPTY_VALID.png","??","F. BULK_EVIDENCE — DO NOT COMMIT","Bulk evidence, runtime output, or generated artifact; retained locally/external and excluded.","True","False"
"verification/large-molecule-4v6f/20-selection-a-bf-4v6f/evidence/AV/AV-008-05__chain-a__PASS.png","??","F. BULK_EVIDENCE — DO NOT COMMIT","Bulk evidence, runtime output, or generated artifact; retained locally/external and excluded.","True","False"
"verification/large-molecule-4v6f/20-selection-a-bf-4v6f/evidence/AV/AV-008-06__none__EMPTY_VALID.png","??","F. BULK_EVIDENCE — DO NOT COMMIT","Bulk evidence, runtime output, or generated artifact; retained locally/external and excluded.","True","False"
"verification/large-molecule-4v6f/20-selection-a-bf-4v6f/evidence/AV/AV-009-01__resi-45__PASS.png","??","F. BULK_EVIDENCE — DO NOT COMMIT","Bulk evidence, runtime output, or generated artifact; retained locally/external and excluded.","True","False"
"verification/large-molecule-4v6f/20-selection-a-bf-4v6f/evidence/AV/AV-009-02__none__EMPTY_VALID.png","??","F. BULK_EVIDENCE — DO NOT COMMIT","Bulk evidence, runtime output, or generated artifact; retained locally/external and excluded.","True","False"
"verification/large-molecule-4v6f/20-selection-a-bf-4v6f/evidence/AV/AV-009-03__organic__EMPTY_VALID.png","??","F. BULK_EVIDENCE — DO NOT COMMIT","Bulk evidence, runtime output, or generated artifact; retained locally/external and excluded.","True","False"
"verification/large-molecule-4v6f/20-selection-a-bf-4v6f/evidence/AV/AV-009-04__none__EMPTY_VALID.png","??","F. BULK_EVIDENCE — DO NOT COMMIT","Bulk evidence, runtime output, or generated artifact; retained locally/external and excluded.","True","False"
"verification/large-molecule-4v6f/20-selection-a-bf-4v6f/evidence/AV/AV-009-05__chain-a__PASS.png","??","F. BULK_EVIDENCE — DO NOT COMMIT","Bulk evidence, runtime output, or generated artifact; retained locally/external and excluded.","True","False"
"verification/large-molecule-4v6f/20-selection-a-bf-4v6f/evidence/AV/AV-009-06__none__EMPTY_VALID.png","??","F. BULK_EVIDENCE — DO NOT COMMIT","Bulk evidence, runtime output, or generated artifact; retained locally/external and excluded.","True","False"
"verification/large-molecule-4v6f/20-selection-a-bf-4v6f/evidence/AV/AV-010-01__resi-45__PASS.png","??","F. BULK_EVIDENCE — DO NOT COMMIT","Bulk evidence, runtime output, or generated artifact; retained locally/external and excluded.","True","False"
"verification/large-molecule-4v6f/20-selection-a-bf-4v6f/evidence/AV/AV-010-02__none__EMPTY_VALID.png","??","F. BULK_EVIDENCE — DO NOT COMMIT","Bulk evidence, runtime output, or generated artifact; retained locally/external and excluded.","True","False"
"verification/large-molecule-4v6f/20-selection-a-bf-4v6f/evidence/AV/AV-010-03__organic__EMPTY_VALID.png","??","F. BULK_EVIDENCE — DO NOT COMMIT","Bulk evidence, runtime output, or generated artifact; retained locally/external and excluded.","True","False"
"verification/large-molecule-4v6f/20-selection-a-bf-4v6f/evidence/AV/AV-010-04__none__EMPTY_VALID.png","??","F. BULK_EVIDENCE — DO NOT COMMIT","Bulk evidence, runtime output, or generated artifact; retained locally/external and excluded.","True","False"
"verification/large-molecule-4v6f/20-selection-a-bf-4v6f/evidence/AV/AV-010-05__chain-a__PASS.png","??","F. BULK_EVIDENCE — DO NOT COMMIT","Bulk evidence, runtime output, or generated artifact; retained locally/external and excluded.","True","False"
"verification/large-molecule-4v6f/20-selection-a-bf-4v6f/evidence/AV/AV-010-06__none__EMPTY_VALID.png","??","F. BULK_EVIDENCE — DO NOT COMMIT","Bulk evidence, runtime output, or generated artifact; retained locally/external and excluded.","True","False"
"verification/large-molecule-4v6f/20-selection-a-bf-4v6f/evidence/AV/AV-011-01__resi-45__PASS.png","??","F. BULK_EVIDENCE — DO NOT COMMIT","Bulk evidence, runtime output, or generated artifact; retained locally/external and excluded.","True","False"
"verification/large-molecule-4v6f/20-selection-a-bf-4v6f/evidence/AV/AV-011-02__none__EMPTY_VALID.png","??","F. BULK_EVIDENCE — DO NOT COMMIT","Bulk evidence, runtime output, or generated artifact; retained locally/external and excluded.","True","False"
"verification/large-molecule-4v6f/20-selection-a-bf-4v6f/evidence/AV/AV-011-03__organic__EMPTY_VALID.png","??","F. BULK_EVIDENCE — DO NOT COMMIT","Bulk evidence, runtime output, or generated artifact; retained locally/external and excluded.","True","False"
"verification/large-molecule-4v6f/20-selection-a-bf-4v6f/evidence/AV/AV-011-04__none__EMPTY_VALID.png","??","F. BULK_EVIDENCE — DO NOT COMMIT","Bulk evidence, runtime output, or generated artifact; retained locally/external and excluded.","True","False"
"verification/large-molecule-4v6f/20-selection-a-bf-4v6f/evidence/AV/AV-011-05__chain-a__PASS.png","??","F. BULK_EVIDENCE — DO NOT COMMIT","Bulk evidence, runtime output, or generated artifact; retained locally/external and excluded.","True","False"
"verification/large-molecule-4v6f/20-selection-a-bf-4v6f/evidence/AV/AV-011-06__none__EMPTY_VALID.png","??","F. BULK_EVIDENCE — DO NOT COMMIT","Bulk evidence, runtime output, or generated artifact; retained locally/external and excluded.","True","False"
"verification/large-molecule-4v6f/20-selection-a-bf-4v6f/evidence/AV/AV-012-01__resi-45__PASS.png","??","F. BULK_EVIDENCE — DO NOT COMMIT","Bulk evidence, runtime output, or generated artifact; retained locally/external and excluded.","True","False"
"verification/large-molecule-4v6f/20-selection-a-bf-4v6f/evidence/AV/AV-012-02__none__EMPTY_VALID.png","??","F. BULK_EVIDENCE — DO NOT COMMIT","Bulk evidence, runtime output, or generated artifact; retained locally/external and excluded.","True","False"
"verification/large-molecule-4v6f/20-selection-a-bf-4v6f/evidence/AV/AV-012-03__organic__EMPTY_VALID.png","??","F. BULK_EVIDENCE — DO NOT COMMIT","Bulk evidence, runtime output, or generated artifact; retained locally/external and excluded.","True","False"
"verification/large-molecule-4v6f/20-selection-a-bf-4v6f/evidence/AV/AV-012-04__none__EMPTY_VALID.png","??","F. BULK_EVIDENCE — DO NOT COMMIT","Bulk evidence, runtime output, or generated artifact; retained locally/external and excluded.","True","False"
"verification/large-molecule-4v6f/20-selection-a-bf-4v6f/evidence/AV/AV-012-05__chain-a__PASS.png","??","F. BULK_EVIDENCE — DO NOT COMMIT","Bulk evidence, runtime output, or generated artifact; retained locally/external and excluded.","True","False"
"verification/large-molecule-4v6f/20-selection-a-bf-4v6f/evidence/AV/AV-012-06__none__EMPTY_VALID.png","??","F. BULK_EVIDENCE — DO NOT COMMIT","Bulk evidence, runtime output, or generated artifact; retained locally/external and excluded.","True","False"
"verification/large-molecule-4v6f/20-selection-a-bf-4v6f/evidence/AV/AV-013-01__resi-45__PASS.png","??","F. BULK_EVIDENCE — DO NOT COMMIT","Bulk evidence, runtime output, or generated artifact; retained locally/external and excluded.","True","False"
"verification/large-molecule-4v6f/20-selection-a-bf-4v6f/evidence/AV/AV-013-02__none__EMPTY_VALID.png","??","F. BULK_EVIDENCE — DO NOT COMMIT","Bulk evidence, runtime output, or generated artifact; retained locally/external and excluded.","True","False"
"verification/large-molecule-4v6f/20-selection-a-bf-4v6f/evidence/AV/AV-013-03__organic__EMPTY_VALID.png","??","F. BULK_EVIDENCE — DO NOT COMMIT","Bulk evidence, runtime output, or generated artifact; retained locally/external and excluded.","True","False"
"verification/large-molecule-4v6f/20-selection-a-bf-4v6f/evidence/AV/AV-013-04__none__EMPTY_VALID.png","??","F. BULK_EVIDENCE — DO NOT COMMIT","Bulk evidence, runtime output, or generated artifact; retained locally/external and excluded.","True","False"
"verification/large-molecule-4v6f/20-selection-a-bf-4v6f/evidence/AV/AV-013-05__chain-a__PASS.png","??","F. BULK_EVIDENCE — DO NOT COMMIT","Bulk evidence, runtime output, or generated artifact; retained locally/external and excluded.","True","False"
"verification/large-molecule-4v6f/20-selection-a-bf-4v6f/evidence/AV/AV-013-06__none__EMPTY_VALID.png","??","F. BULK_EVIDENCE — DO NOT COMMIT","Bulk evidence, runtime output, or generated artifact; retained locally/external and excluded.","True","False"
"verification/large-molecule-4v6f/20-selection-a-bf-4v6f/evidence/AV/AV-014-01__resi-45__PASS.png","??","F. BULK_EVIDENCE — DO NOT COMMIT","Bulk evidence, runtime output, or generated artifact; retained locally/external and excluded.","True","False"
"verification/large-molecule-4v6f/20-selection-a-bf-4v6f/evidence/AV/AV-014-02__none__EMPTY_VALID.png","??","F. BULK_EVIDENCE — DO NOT COMMIT","Bulk evidence, runtime output, or generated artifact; retained locally/external and excluded.","True","False"
"verification/large-molecule-4v6f/20-selection-a-bf-4v6f/evidence/AV/AV-014-03__organic__EMPTY_VALID.png","??","F. BULK_EVIDENCE — DO NOT COMMIT","Bulk evidence, runtime output, or generated artifact; retained locally/external and excluded.","True","False"
"verification/large-molecule-4v6f/20-selection-a-bf-4v6f/evidence/AV/AV-014-04__none__EMPTY_VALID.png","??","F. BULK_EVIDENCE — DO NOT COMMIT","Bulk evidence, runtime output, or generated artifact; retained locally/external and excluded.","True","False"
"verification/large-molecule-4v6f/20-selection-a-bf-4v6f/evidence/AV/AV-014-05__chain-a__PASS.png","??","F. BULK_EVIDENCE — DO NOT COMMIT","Bulk evidence, runtime output, or generated artifact; retained locally/external and excluded.","True","False"
"verification/large-molecule-4v6f/20-selection-a-bf-4v6f/evidence/AV/AV-014-06__none__EMPTY_VALID.png","??","F. BULK_EVIDENCE — DO NOT COMMIT","Bulk evidence, runtime output, or generated artifact; retained locally/external and excluded.","True","False"
"verification/large-molecule-4v6f/20-selection-a-bf-4v6f/evidence/AV/AV-015-01__resi-45__PASS.png","??","F. BULK_EVIDENCE — DO NOT COMMIT","Bulk evidence, runtime output, or generated artifact; retained locally/external and excluded.","True","False"
"verification/large-molecule-4v6f/20-selection-a-bf-4v6f/evidence/AV/AV-015-02__none__EMPTY_VALID.png","??","F. BULK_EVIDENCE — DO NOT COMMIT","Bulk evidence, runtime output, or generated artifact; retained locally/external and excluded.","True","False"
"verification/large-molecule-4v6f/20-selection-a-bf-4v6f/evidence/AV/AV-015-03__organic__EMPTY_VALID.png","??","F. BULK_EVIDENCE — DO NOT COMMIT","Bulk evidence, runtime output, or generated artifact; retained locally/external and excluded.","True","False"
"verification/large-molecule-4v6f/20-selection-a-bf-4v6f/evidence/AV/AV-015-04__none__EMPTY_VALID.png","??","F. BULK_EVIDENCE — DO NOT COMMIT","Bulk evidence, runtime output, or generated artifact; retained locally/external and excluded.","True","False"
"verification/large-molecule-4v6f/20-selection-a-bf-4v6f/evidence/AV/AV-015-05__chain-a__PASS.png","??","F. BULK_EVIDENCE — DO NOT COMMIT","Bulk evidence, runtime output, or generated artifact; retained locally/external and excluded.","True","False"
"verification/large-molecule-4v6f/20-selection-a-bf-4v6f/evidence/AV/AV-015-06__none__EMPTY_VALID.png","??","F. BULK_EVIDENCE — DO NOT COMMIT","Bulk evidence, runtime output, or generated artifact; retained locally/external and excluded.","True","False"
"verification/large-molecule-4v6f/20-selection-a-bf-4v6f/evidence/AV/AV-016-01__resi-45__PASS.png","??","F. BULK_EVIDENCE — DO NOT COMMIT","Bulk evidence, runtime output, or generated artifact; retained locally/external and excluded.","True","False"
"verification/large-molecule-4v6f/20-selection-a-bf-4v6f/evidence/AV/AV-016-02__none__EMPTY_VALID.png","??","F. BULK_EVIDENCE — DO NOT COMMIT","Bulk evidence, runtime output, or generated artifact; retained locally/external and excluded.","True","False"
"verification/large-molecule-4v6f/20-selection-a-bf-4v6f/evidence/AV/AV-016-03__organic__EMPTY_VALID.png","??","F. BULK_EVIDENCE — DO NOT COMMIT","Bulk evidence, runtime output, or generated artifact; retained locally/external and excluded.","True","False"
"verification/large-molecule-4v6f/20-selection-a-bf-4v6f/evidence/AV/AV-016-04__none__EMPTY_VALID.png","??","F. BULK_EVIDENCE — DO NOT COMMIT","Bulk evidence, runtime output, or generated artifact; retained locally/external and excluded.","True","False"
"verification/large-molecule-4v6f/20-selection-a-bf-4v6f/evidence/AV/AV-016-05__chain-a__PASS.png","??","F. BULK_EVIDENCE — DO NOT COMMIT","Bulk evidence, runtime output, or generated artifact; retained locally/external and excluded.","True","False"
"verification/large-molecule-4v6f/20-selection-a-bf-4v6f/evidence/AV/AV-016-06__none__EMPTY_VALID.png","??","F. BULK_EVIDENCE — DO NOT COMMIT","Bulk evidence, runtime output, or generated artifact; retained locally/external and excluded.","True","False"
"verification/large-molecule-4v6f/20-selection-a-bf-4v6f/evidence/AV/AV-017-01__resi-45__PASS.png","??","F. BULK_EVIDENCE — DO NOT COMMIT","Bulk evidence, runtime output, or generated artifact; retained locally/external and excluded.","True","False"
"verification/large-molecule-4v6f/20-selection-a-bf-4v6f/evidence/AV/AV-017-02__none__EMPTY_VALID.png","??","F. BULK_EVIDENCE — DO NOT COMMIT","Bulk evidence, runtime output, or generated artifact; retained locally/external and excluded.","True","False"
"verification/large-molecule-4v6f/20-selection-a-bf-4v6f/evidence/AV/AV-017-03__organic__EMPTY_VALID.png","??","F. BULK_EVIDENCE — DO NOT COMMIT","Bulk evidence, runtime output, or generated artifact; retained locally/external and excluded.","True","False"
"verification/large-molecule-4v6f/20-selection-a-bf-4v6f/evidence/AV/AV-017-04__none__EMPTY_VALID.png","??","F. BULK_EVIDENCE — DO NOT COMMIT","Bulk evidence, runtime output, or generated artifact; retained locally/external and excluded.","True","False"
"verification/large-molecule-4v6f/20-selection-a-bf-4v6f/evidence/AV/AV-017-05__chain-a__PASS.png","??","F. BULK_EVIDENCE — DO NOT COMMIT","Bulk evidence, runtime output, or generated artifact; retained locally/external and excluded.","True","False"
"verification/large-molecule-4v6f/20-selection-a-bf-4v6f/evidence/AV/AV-017-06__none__EMPTY_VALID.png","??","F. BULK_EVIDENCE — DO NOT COMMIT","Bulk evidence, runtime output, or generated artifact; retained locally/external and excluded.","True","False"
"verification/large-molecule-4v6f/20-selection-a-bf-4v6f/evidence/AV/AV-018-01__resi-45__PASS.png","??","F. BULK_EVIDENCE — DO NOT COMMIT","Bulk evidence, runtime output, or generated artifact; retained locally/external and excluded.","True","False"
"verification/large-molecule-4v6f/20-selection-a-bf-4v6f/evidence/AV/AV-018-02__none__EMPTY_VALID.png","??","F. BULK_EVIDENCE — DO NOT COMMIT","Bulk evidence, runtime output, or generated artifact; retained locally/external and excluded.","True","False"
"verification/large-molecule-4v6f/20-selection-a-bf-4v6f/evidence/AV/AV-018-03__organic__EMPTY_VALID.png","??","F. BULK_EVIDENCE — DO NOT COMMIT","Bulk evidence, runtime output, or generated artifact; retained locally/external and excluded.","True","False"
"verification/large-molecule-4v6f/20-selection-a-bf-4v6f/evidence/AV/AV-018-04__none__EMPTY_VALID.png","??","F. BULK_EVIDENCE — DO NOT COMMIT","Bulk evidence, runtime output, or generated artifact; retained locally/external and excluded.","True","False"
"verification/large-molecule-4v6f/20-selection-a-bf-4v6f/evidence/AV/AV-018-05__chain-a__PASS.png","??","F. BULK_EVIDENCE — DO NOT COMMIT","Bulk evidence, runtime output, or generated artifact; retained locally/external and excluded.","True","False"
"verification/large-molecule-4v6f/20-selection-a-bf-4v6f/evidence/AV/AV-018-06__none__EMPTY_VALID.png","??","F. BULK_EVIDENCE — DO NOT COMMIT","Bulk evidence, runtime output, or generated artifact; retained locally/external and excluded.","True","False"
"verification/large-molecule-4v6f/20-selection-a-bf-4v6f/evidence/AV/AV-019-01__resi-45__PASS.png","??","F. BULK_EVIDENCE — DO NOT COMMIT","Bulk evidence, runtime output, or generated artifact; retained locally/external and excluded.","True","False"
"verification/large-molecule-4v6f/20-selection-a-bf-4v6f/evidence/AV/AV-019-02__none__EMPTY_VALID.png","??","F. BULK_EVIDENCE — DO NOT COMMIT","Bulk evidence, runtime output, or generated artifact; retained locally/external and excluded.","True","False"
"verification/large-molecule-4v6f/20-selection-a-bf-4v6f/evidence/AV/AV-019-03__organic__EMPTY_VALID.png","??","F. BULK_EVIDENCE — DO NOT COMMIT","Bulk evidence, runtime output, or generated artifact; retained locally/external and excluded.","True","False"
"verification/large-molecule-4v6f/20-selection-a-bf-4v6f/evidence/AV/AV-019-04__none__EMPTY_VALID.png","??","F. BULK_EVIDENCE — DO NOT COMMIT","Bulk evidence, runtime output, or generated artifact; retained locally/external and excluded.","True","False"
"verification/large-molecule-4v6f/20-selection-a-bf-4v6f/evidence/AV/AV-019-05__chain-a__PASS.png","??","F. BULK_EVIDENCE — DO NOT COMMIT","Bulk evidence, runtime output, or generated artifact; retained locally/external and excluded.","True","False"
"verification/large-molecule-4v6f/20-selection-a-bf-4v6f/evidence/AV/AV-019-06__none__EMPTY_VALID.png","??","F. BULK_EVIDENCE — DO NOT COMMIT","Bulk evidence, runtime output, or generated artifact; retained locally/external and excluded.","True","False"
"verification/large-molecule-4v6f/20-selection-a-bf-4v6f/evidence/AV/AV-020-01__resi-45__PASS.png","??","F. BULK_EVIDENCE — DO NOT COMMIT","Bulk evidence, runtime output, or generated artifact; retained locally/external and excluded.","True","False"
"verification/large-molecule-4v6f/20-selection-a-bf-4v6f/evidence/AV/AV-020-02__none__EMPTY_VALID.png","??","F. BULK_EVIDENCE — DO NOT COMMIT","Bulk evidence, runtime output, or generated artifact; retained locally/external and excluded.","True","False"
"verification/large-molecule-4v6f/20-selection-a-bf-4v6f/evidence/AV/AV-020-03__organic__EMPTY_VALID.png","??","F. BULK_EVIDENCE — DO NOT COMMIT","Bulk evidence, runtime output, or generated artifact; retained locally/external and excluded.","True","False"
"verification/large-molecule-4v6f/20-selection-a-bf-4v6f/evidence/AV/AV-020-04__none__EMPTY_VALID.png","??","F. BULK_EVIDENCE — DO NOT COMMIT","Bulk evidence, runtime output, or generated artifact; retained locally/external and excluded.","True","False"
"verification/large-molecule-4v6f/20-selection-a-bf-4v6f/evidence/AV/AV-020-05__chain-a__PASS.png","??","F. BULK_EVIDENCE — DO NOT COMMIT","Bulk evidence, runtime output, or generated artifact; retained locally/external and excluded.","True","False"
"verification/large-molecule-4v6f/20-selection-a-bf-4v6f/evidence/AV/AV-020-06__none__EMPTY_VALID.png","??","F. BULK_EVIDENCE — DO NOT COMMIT","Bulk evidence, runtime output, or generated artifact; retained locally/external and excluded.","True","False"
"verification/large-molecule-4v6f/20-selection-a-bf-4v6f/evidence/AW/AW-001-001__chain-a__PASS.png","??","F. BULK_EVIDENCE — DO NOT COMMIT","Bulk evidence, runtime output, or generated artifact; retained locally/external and excluded.","True","False"
"verification/large-molecule-4v6f/20-selection-a-bf-4v6f/evidence/AW/AW-001-002__name-ca__PERFORMANCE_TIMEOUT.png","??","F. BULK_EVIDENCE — DO NOT COMMIT","Bulk evidence, runtime output, or generated artifact; retained locally/external and excluded.","True","False"
"verification/large-molecule-4v6f/20-selection-a-bf-4v6f/evidence/AW/AW-001-003__resi-45__PASS.png","??","F. BULK_EVIDENCE — DO NOT COMMIT","Bulk evidence, runtime output, or generated artifact; retained locally/external and excluded.","True","False"
"verification/large-molecule-4v6f/20-selection-a-bf-4v6f/evidence/AW/AW-001-004__organic__EMPTY_VALID.png","??","F. BULK_EVIDENCE — DO NOT COMMIT","Bulk evidence, runtime output, or generated artifact; retained locally/external and excluded.","True","False"
"verification/large-molecule-4v6f/20-selection-a-bf-4v6f/evidence/AW/AW-001-005__solvent__PASS.png","??","F. BULK_EVIDENCE — DO NOT COMMIT","Bulk evidence, runtime output, or generated artifact; retained locally/external and excluded.","True","False"
"verification/large-molecule-4v6f/20-selection-a-bf-4v6f/evidence/AW/AW-001-006__all__PASS.png","??","F. BULK_EVIDENCE — DO NOT COMMIT","Bulk evidence, runtime output, or generated artifact; retained locally/external and excluded.","True","False"
"verification/large-molecule-4v6f/20-selection-a-bf-4v6f/evidence/AW/AW-001-007__none__EMPTY_VALID.png","??","F. BULK_EVIDENCE — DO NOT COMMIT","Bulk evidence, runtime output, or generated artifact; retained locally/external and excluded.","True","False"
"verification/large-molecule-4v6f/20-selection-a-bf-4v6f/evidence/AW/AW-001-008__byres-polymer-protein-within-4-of-organic__EMPTY_VALID.png","??","F. BULK_EVIDENCE — DO NOT COMMIT","Bulk evidence, runtime output, or generated artifact; retained locally/external and excluded.","True","False"
"verification/large-molecule-4v6f/20-selection-a-bf-4v6f/evidence/AW/AW-002-001__chain-a__PASS.png","??","F. BULK_EVIDENCE — DO NOT COMMIT","Bulk evidence, runtime output, or generated artifact; retained locally/external and excluded.","True","False"
"verification/large-molecule-4v6f/20-selection-a-bf-4v6f/evidence/AW/AW-002-002__name-ca__PERFORMANCE_TIMEOUT.png","??","F. BULK_EVIDENCE — DO NOT COMMIT","Bulk evidence, runtime output, or generated artifact; retained locally/external and excluded.","True","False"
"verification/large-molecule-4v6f/20-selection-a-bf-4v6f/evidence/AW/AW-002-003__resi-45__PASS.png","??","F. BULK_EVIDENCE — DO NOT COMMIT","Bulk evidence, runtime output, or generated artifact; retained locally/external and excluded.","True","False"
"verification/large-molecule-4v6f/20-selection-a-bf-4v6f/evidence/AW/AW-002-004__organic__EMPTY_VALID.png","??","F. BULK_EVIDENCE — DO NOT COMMIT","Bulk evidence, runtime output, or generated artifact; retained locally/external and excluded.","True","False"
"verification/large-molecule-4v6f/20-selection-a-bf-4v6f/evidence/AW/AW-002-005__solvent__PASS.png","??","F. BULK_EVIDENCE — DO NOT COMMIT","Bulk evidence, runtime output, or generated artifact; retained locally/external and excluded.","True","False"
"verification/large-molecule-4v6f/20-selection-a-bf-4v6f/evidence/AW/AW-002-006__all__PASS.png","??","F. BULK_EVIDENCE — DO NOT COMMIT","Bulk evidence, runtime output, or generated artifact; retained locally/external and excluded.","True","False"
"verification/large-molecule-4v6f/20-selection-a-bf-4v6f/evidence/AW/AW-002-007__none__EMPTY_VALID.png","??","F. BULK_EVIDENCE — DO NOT COMMIT","Bulk evidence, runtime output, or generated artifact; retained locally/external and excluded.","True","False"
"verification/large-molecule-4v6f/20-selection-a-bf-4v6f/evidence/AW/AW-002-008__byres-polymer-protein-within-4-of-organic__EMPTY_VALID.png","??","F. BULK_EVIDENCE — DO NOT COMMIT","Bulk evidence, runtime output, or generated artifact; retained locally/external and excluded.","True","False"
"verification/large-molecule-4v6f/20-selection-a-bf-4v6f/evidence/AW/AW-003-001__chain-a__PASS.png","??","F. BULK_EVIDENCE — DO NOT COMMIT","Bulk evidence, runtime output, or generated artifact; retained locally/external and excluded.","True","False"
"verification/large-molecule-4v6f/20-selection-a-bf-4v6f/evidence/AW/AW-003-002__name-ca__PERFORMANCE_TIMEOUT.png","??","F. BULK_EVIDENCE — DO NOT COMMIT","Bulk evidence, runtime output, or generated artifact; retained locally/external and excluded.","True","False"
"verification/large-molecule-4v6f/20-selection-a-bf-4v6f/evidence/AW/AW-003-003__resi-45__PASS.png","??","F. BULK_EVIDENCE — DO NOT COMMIT","Bulk evidence, runtime output, or generated artifact; retained locally/external and excluded.","True","False"
"verification/large-molecule-4v6f/20-selection-a-bf-4v6f/evidence/AW/AW-003-004__organic__EMPTY_VALID.png","??","F. BULK_EVIDENCE — DO NOT COMMIT","Bulk evidence, runtime output, or generated artifact; retained locally/external and excluded.","True","False"
"verification/large-molecule-4v6f/20-selection-a-bf-4v6f/evidence/AW/AW-003-005__solvent__PASS.png","??","F. BULK_EVIDENCE — DO NOT COMMIT","Bulk evidence, runtime output, or generated artifact; retained locally/external and excluded.","True","False"
"verification/large-molecule-4v6f/20-selection-a-bf-4v6f/evidence/AW/AW-003-006__all__PASS.png","??","F. BULK_EVIDENCE — DO NOT COMMIT","Bulk evidence, runtime output, or generated artifact; retained locally/external and excluded.","True","False"
"verification/large-molecule-4v6f/20-selection-a-bf-4v6f/evidence/AW/AW-003-007__none__EMPTY_VALID.png","??","F. BULK_EVIDENCE — DO NOT COMMIT","Bulk evidence, runtime output, or generated artifact; retained locally/external and excluded.","True","False"
"verification/large-molecule-4v6f/20-selection-a-bf-4v6f/evidence/AW/AW-003-008__byres-polymer-protein-within-4-of-organic__EMPTY_VALID.png","??","F. BULK_EVIDENCE — DO NOT COMMIT","Bulk evidence, runtime output, or generated artifact; retained locally/external and excluded.","True","False"
"verification/large-molecule-4v6f/20-selection-a-bf-4v6f/evidence/AW/AW-004-001__chain-a__PASS.png","??","F. BULK_EVIDENCE — DO NOT COMMIT","Bulk evidence, runtime output, or generated artifact; retained locally/external and excluded.","True","False"
"verification/large-molecule-4v6f/20-selection-a-bf-4v6f/evidence/AW/AW-004-002__name-ca__PERFORMANCE_TIMEOUT.png","??","F. BULK_EVIDENCE — DO NOT COMMIT","Bulk evidence, runtime output, or generated artifact; retained locally/external and excluded.","True","False"
"verification/large-molecule-4v6f/20-selection-a-bf-4v6f/evidence/AW/AW-004-003__resi-45__PASS.png","??","F. BULK_EVIDENCE — DO NOT COMMIT","Bulk evidence, runtime output, or generated artifact; retained locally/external and excluded.","True","False"
"verification/large-molecule-4v6f/20-selection-a-bf-4v6f/evidence/AW/AW-004-004__organic__EMPTY_VALID.png","??","F. BULK_EVIDENCE — DO NOT COMMIT","Bulk evidence, runtime output, or generated artifact; retained locally/external and excluded.","True","False"
"verification/large-molecule-4v6f/20-selection-a-bf-4v6f/evidence/AW/AW-004-005__solvent__PASS.png","??","F. BULK_EVIDENCE — DO NOT COMMIT","Bulk evidence, runtime output, or generated artifact; retained locally/external and excluded.","True","False"
"verification/large-molecule-4v6f/20-selection-a-bf-4v6f/evidence/AW/AW-004-006__all__PASS.png","??","F. BULK_EVIDENCE — DO NOT COMMIT","Bulk evidence, runtime output, or generated artifact; retained locally/external and excluded.","True","False"
"verification/large-molecule-4v6f/20-selection-a-bf-4v6f/evidence/AW/AW-004-007__none__EMPTY_VALID.png","??","F. BULK_EVIDENCE — DO NOT COMMIT","Bulk evidence, runtime output, or generated artifact; retained locally/external and excluded.","True","False"
"verification/large-molecule-4v6f/20-selection-a-bf-4v6f/evidence/AW/AW-004-008__byres-polymer-protein-within-4-of-organic__EMPTY_VALID.png","??","F. BULK_EVIDENCE — DO NOT COMMIT","Bulk evidence, runtime output, or generated artifact; retained locally/external and excluded.","True","False"
"verification/large-molecule-4v6f/20-selection-a-bf-4v6f/evidence/AW/AW-005-001__chain-a__PASS.png","??","F. BULK_EVIDENCE — DO NOT COMMIT","Bulk evidence, runtime output, or generated artifact; retained locally/external and excluded.","True","False"
"verification/large-molecule-4v6f/20-selection-a-bf-4v6f/evidence/AW/AW-005-002__name-ca__PERFORMANCE_TIMEOUT.png","??","F. BULK_EVIDENCE — DO NOT COMMIT","Bulk evidence, runtime output, or generated artifact; retained locally/external and excluded.","True","False"
"verification/large-molecule-4v6f/20-selection-a-bf-4v6f/evidence/AW/AW-005-003__resi-45__PASS.png","??","F. BULK_EVIDENCE — DO NOT COMMIT","Bulk evidence, runtime output, or generated artifact; retained locally/external and excluded.","True","False"
"verification/large-molecule-4v6f/20-selection-a-bf-4v6f/evidence/AW/AW-005-004__organic__EMPTY_VALID.png","??","F. BULK_EVIDENCE — DO NOT COMMIT","Bulk evidence, runtime output, or generated artifact; retained locally/external and excluded.","True","False"
"verification/large-molecule-4v6f/20-selection-a-bf-4v6f/evidence/AW/AW-005-005__solvent__PASS.png","??","F. BULK_EVIDENCE — DO NOT COMMIT","Bulk evidence, runtime output, or generated artifact; retained locally/external and excluded.","True","False"
"verification/large-molecule-4v6f/20-selection-a-bf-4v6f/evidence/AW/AW-005-006__all__PASS.png","??","F. BULK_EVIDENCE — DO NOT COMMIT","Bulk evidence, runtime output, or generated artifact; retained locally/external and excluded.","True","False"
"verification/large-molecule-4v6f/20-selection-a-bf-4v6f/evidence/AW/AW-005-007__none__EMPTY_VALID.png","??","F. BULK_EVIDENCE — DO NOT COMMIT","Bulk evidence, runtime output, or generated artifact; retained locally/external and excluded.","True","False"
"verification/large-molecule-4v6f/20-selection-a-bf-4v6f/evidence/AW/AW-005-008__byres-polymer-protein-within-4-of-organic__EMPTY_VALID.png","??","F. BULK_EVIDENCE — DO NOT COMMIT","Bulk evidence, runtime output, or generated artifact; retained locally/external and excluded.","True","False"
"verification/large-molecule-4v6f/20-selection-a-bf-4v6f/evidence/AW/AW-006-001__chain-a__PASS.png","??","F. BULK_EVIDENCE — DO NOT COMMIT","Bulk evidence, runtime output, or generated artifact; retained locally/external and excluded.","True","False"
"verification/large-molecule-4v6f/20-selection-a-bf-4v6f/evidence/AW/AW-006-002__name-ca__PERFORMANCE_TIMEOUT.png","??","F. BULK_EVIDENCE — DO NOT COMMIT","Bulk evidence, runtime output, or generated artifact; retained locally/external and excluded.","True","False"
"verification/large-molecule-4v6f/20-selection-a-bf-4v6f/evidence/AW/AW-006-003__resi-45__PASS.png","??","F. BULK_EVIDENCE — DO NOT COMMIT","Bulk evidence, runtime output, or generated artifact; retained locally/external and excluded.","True","False"
"verification/large-molecule-4v6f/20-selection-a-bf-4v6f/evidence/AW/AW-006-004__organic__EMPTY_VALID.png","??","F. BULK_EVIDENCE — DO NOT COMMIT","Bulk evidence, runtime output, or generated artifact; retained locally/external and excluded.","True","False"
"verification/large-molecule-4v6f/20-selection-a-bf-4v6f/evidence/AW/AW-006-005__solvent__PASS.png","??","F. BULK_EVIDENCE — DO NOT COMMIT","Bulk evidence, runtime output, or generated artifact; retained locally/external and excluded.","True","False"
"verification/large-molecule-4v6f/20-selection-a-bf-4v6f/evidence/AW/AW-006-006__all__PASS.png","??","F. BULK_EVIDENCE — DO NOT COMMIT","Bulk evidence, runtime output, or generated artifact; retained locally/external and excluded.","True","False"
"verification/large-molecule-4v6f/20-selection-a-bf-4v6f/evidence/AW/AW-006-007__none__EMPTY_VALID.png","??","F. BULK_EVIDENCE — DO NOT COMMIT","Bulk evidence, runtime output, or generated artifact; retained locally/external and excluded.","True","False"
"verification/large-molecule-4v6f/20-selection-a-bf-4v6f/evidence/AW/AW-006-008__byres-polymer-protein-within-4-of-organic__EMPTY_VALID.png","??","F. BULK_EVIDENCE — DO NOT COMMIT","Bulk evidence, runtime output, or generated artifact; retained locally/external and excluded.","True","False"
"verification/large-molecule-4v6f/20-selection-a-bf-4v6f/evidence/AW/AW-007-001__chain-a__PASS.png","??","F. BULK_EVIDENCE — DO NOT COMMIT","Bulk evidence, runtime output, or generated artifact; retained locally/external and excluded.","True","False"
"verification/large-molecule-4v6f/20-selection-a-bf-4v6f/evidence/AW/AW-007-002__name-ca__PERFORMANCE_TIMEOUT.png","??","F. BULK_EVIDENCE — DO NOT COMMIT","Bulk evidence, runtime output, or generated artifact; retained locally/external and excluded.","True","False"
"verification/large-molecule-4v6f/20-selection-a-bf-4v6f/evidence/AW/AW-007-003__resi-45__PASS.png","??","F. BULK_EVIDENCE — DO NOT COMMIT","Bulk evidence, runtime output, or generated artifact; retained locally/external and excluded.","True","False"
"verification/large-molecule-4v6f/20-selection-a-bf-4v6f/evidence/AW/AW-007-004__organic__EMPTY_VALID.png","??","F. BULK_EVIDENCE — DO NOT COMMIT","Bulk evidence, runtime output, or generated artifact; retained locally/external and excluded.","True","False"
"verification/large-molecule-4v6f/20-selection-a-bf-4v6f/evidence/AW/AW-007-005__solvent__PASS.png","??","F. BULK_EVIDENCE — DO NOT COMMIT","Bulk evidence, runtime output, or generated artifact; retained locally/external and excluded.","True","False"
"verification/large-molecule-4v6f/20-selection-a-bf-4v6f/evidence/AW/AW-007-006__all__PASS.png","??","F. BULK_EVIDENCE — DO NOT COMMIT","Bulk evidence, runtime output, or generated artifact; retained locally/external and excluded.","True","False"
"verification/large-molecule-4v6f/20-selection-a-bf-4v6f/evidence/AW/AW-007-007__none__EMPTY_VALID.png","??","F. BULK_EVIDENCE — DO NOT COMMIT","Bulk evidence, runtime output, or generated artifact; retained locally/external and excluded.","True","False"
"verification/large-molecule-4v6f/20-selection-a-bf-4v6f/evidence/AW/AW-007-008__byres-polymer-protein-within-4-of-organic__EMPTY_VALID.png","??","F. BULK_EVIDENCE — DO NOT COMMIT","Bulk evidence, runtime output, or generated artifact; retained locally/external and excluded.","True","False"
"verification/large-molecule-4v6f/20-selection-a-bf-4v6f/evidence/AW/AW-008-001__chain-a__PASS.png","??","F. BULK_EVIDENCE — DO NOT COMMIT","Bulk evidence, runtime output, or generated artifact; retained locally/external and excluded.","True","False"
"verification/large-molecule-4v6f/20-selection-a-bf-4v6f/evidence/AW/AW-008-002__name-ca__PERFORMANCE_TIMEOUT.png","??","F. BULK_EVIDENCE — DO NOT COMMIT","Bulk evidence, runtime output, or generated artifact; retained locally/external and excluded.","True","False"
"verification/large-molecule-4v6f/20-selection-a-bf-4v6f/evidence/AW/AW-008-003__resi-45__PASS.png","??","F. BULK_EVIDENCE — DO NOT COMMIT","Bulk evidence, runtime output, or generated artifact; retained locally/external and excluded.","True","False"
"verification/large-molecule-4v6f/20-selection-a-bf-4v6f/evidence/AW/AW-008-004__organic__EMPTY_VALID.png","??","F. BULK_EVIDENCE — DO NOT COMMIT","Bulk evidence, runtime output, or generated artifact; retained locally/external and excluded.","True","False"
"verification/large-molecule-4v6f/20-selection-a-bf-4v6f/evidence/AW/AW-008-005__solvent__PASS.png","??","F. BULK_EVIDENCE — DO NOT COMMIT","Bulk evidence, runtime output, or generated artifact; retained locally/external and excluded.","True","False"
"verification/large-molecule-4v6f/20-selection-a-bf-4v6f/evidence/AW/AW-008-006__all__PASS.png","??","F. BULK_EVIDENCE — DO NOT COMMIT","Bulk evidence, runtime output, or generated artifact; retained locally/external and excluded.","True","False"
"verification/large-molecule-4v6f/20-selection-a-bf-4v6f/evidence/AW/AW-008-007__none__EMPTY_VALID.png","??","F. BULK_EVIDENCE — DO NOT COMMIT","Bulk evidence, runtime output, or generated artifact; retained locally/external and excluded.","True","False"
"verification/large-molecule-4v6f/20-selection-a-bf-4v6f/evidence/AW/AW-008-008__byres-polymer-protein-within-4-of-organic__EMPTY_VALID.png","??","F. BULK_EVIDENCE — DO NOT COMMIT","Bulk evidence, runtime output, or generated artifact; retained locally/external and excluded.","True","False"
"verification/large-molecule-4v6f/20-selection-a-bf-4v6f/evidence/AW/AW-009-001__chain-a__PASS.png","??","F. BULK_EVIDENCE — DO NOT COMMIT","Bulk evidence, runtime output, or generated artifact; retained locally/external and excluded.","True","False"
"verification/large-molecule-4v6f/20-selection-a-bf-4v6f/evidence/AW/AW-009-002__name-ca__PERFORMANCE_TIMEOUT.png","??","F. BULK_EVIDENCE — DO NOT COMMIT","Bulk evidence, runtime output, or generated artifact; retained locally/external and excluded.","True","False"
"verification/large-molecule-4v6f/20-selection-a-bf-4v6f/evidence/AW/AW-009-003__resi-45__PASS.png","??","F. BULK_EVIDENCE — DO NOT COMMIT","Bulk evidence, runtime output, or generated artifact; retained locally/external and excluded.","True","False"
"verification/large-molecule-4v6f/20-selection-a-bf-4v6f/evidence/AW/AW-009-004__organic__EMPTY_VALID.png","??","F. BULK_EVIDENCE — DO NOT COMMIT","Bulk evidence, runtime output, or generated artifact; retained locally/external and excluded.","True","False"
"verification/large-molecule-4v6f/20-selection-a-bf-4v6f/evidence/AW/AW-009-005__solvent__PASS.png","??","F. BULK_EVIDENCE — DO NOT COMMIT","Bulk evidence, runtime output, or generated artifact; retained locally/external and excluded.","True","False"
"verification/large-molecule-4v6f/20-selection-a-bf-4v6f/evidence/AW/AW-009-006__all__PASS.png","??","F. BULK_EVIDENCE — DO NOT COMMIT","Bulk evidence, runtime output, or generated artifact; retained locally/external and excluded.","True","False"
"verification/large-molecule-4v6f/20-selection-a-bf-4v6f/evidence/AW/AW-009-007__none__EMPTY_VALID.png","??","F. BULK_EVIDENCE — DO NOT COMMIT","Bulk evidence, runtime output, or generated artifact; retained locally/external and excluded.","True","False"
"verification/large-molecule-4v6f/20-selection-a-bf-4v6f/evidence/AW/AW-009-008__byres-polymer-protein-within-4-of-organic__EMPTY_VALID.png","??","F. BULK_EVIDENCE — DO NOT COMMIT","Bulk evidence, runtime output, or generated artifact; retained locally/external and excluded.","True","False"
"verification/large-molecule-4v6f/20-selection-a-bf-4v6f/evidence/AW/AW-010-001__chain-a__PASS.png","??","F. BULK_EVIDENCE — DO NOT COMMIT","Bulk evidence, runtime output, or generated artifact; retained locally/external and excluded.","True","False"
"verification/large-molecule-4v6f/20-selection-a-bf-4v6f/evidence/AW/AW-010-002__name-ca__PERFORMANCE_TIMEOUT.png","??","F. BULK_EVIDENCE — DO NOT COMMIT","Bulk evidence, runtime output, or generated artifact; retained locally/external and excluded.","True","False"
"verification/large-molecule-4v6f/20-selection-a-bf-4v6f/evidence/AW/AW-010-003__resi-45__PASS.png","??","F. BULK_EVIDENCE — DO NOT COMMIT","Bulk evidence, runtime output, or generated artifact; retained locally/external and excluded.","True","False"
"verification/large-molecule-4v6f/20-selection-a-bf-4v6f/evidence/AW/AW-010-004__organic__EMPTY_VALID.png","??","F. BULK_EVIDENCE — DO NOT COMMIT","Bulk evidence, runtime output, or generated artifact; retained locally/external and excluded.","True","False"
"verification/large-molecule-4v6f/20-selection-a-bf-4v6f/evidence/AW/AW-010-005__solvent__PASS.png","??","F. BULK_EVIDENCE — DO NOT COMMIT","Bulk evidence, runtime output, or generated artifact; retained locally/external and excluded.","True","False"
"verification/large-molecule-4v6f/20-selection-a-bf-4v6f/evidence/AW/AW-010-006__all__PASS.png","??","F. BULK_EVIDENCE — DO NOT COMMIT","Bulk evidence, runtime output, or generated artifact; retained locally/external and excluded.","True","False"
"verification/large-molecule-4v6f/20-selection-a-bf-4v6f/evidence/AW/AW-010-007__none__EMPTY_VALID.png","??","F. BULK_EVIDENCE — DO NOT COMMIT","Bulk evidence, runtime output, or generated artifact; retained locally/external and excluded.","True","False"
"verification/large-molecule-4v6f/20-selection-a-bf-4v6f/evidence/AW/AW-010-008__byres-polymer-protein-within-4-of-organic__EMPTY_VALID.png","??","F. BULK_EVIDENCE — DO NOT COMMIT","Bulk evidence, runtime output, or generated artifact; retained locally/external and excluded.","True","False"
"verification/large-molecule-4v6f/20-selection-a-bf-4v6f/evidence/AX/AX-001__select-lig-test-organic-show-sticks-lig-test__PASS.png","??","F. BULK_EVIDENCE — DO NOT COMMIT","Bulk evidence, runtime output, or generated artifact; retained locally/external and excluded.","True","False"
"verification/large-molecule-4v6f/20-selection-a-bf-4v6f/evidence/AX/AX-002__select-pocket-byres-polymer-protein-within-4-0-of-organic-show-s__PASS.png","??","F. BULK_EVIDENCE — DO NOT COMMIT","Bulk evidence, runtime output, or generated artifact; retained locally/external and excluded.","True","False"
"verification/large-molecule-4v6f/20-selection-a-bf-4v6f/evidence/AX/AX-003__select-a-chain-a-show-spheres-a-hide-spheres-a-show-sticks-a__PASS.png","??","F. BULK_EVIDENCE — DO NOT COMMIT","Bulk evidence, runtime output, or generated artifact; retained locally/external and excluded.","True","False"
"verification/large-molecule-4v6f/20-selection-a-bf-4v6f/evidence/AY/AY-001__select-a-chain-a-badcommand-color-red-a__PASS.png","??","F. BULK_EVIDENCE — DO NOT COMMIT","Bulk evidence, runtime output, or generated artifact; retained locally/external and excluded.","True","False"
"verification/large-molecule-4v6f/20-selection-a-bf-4v6f/evidence/AZ/AZ-001__model-mini-protein-pdb-and-polymer-protein-and-chain-a-and-resn-__EMPTY_VALID.png","??","F. BULK_EVIDENCE — DO NOT COMMIT","Bulk evidence, runtime output, or generated artifact; retained locally/external and excluded.","True","False"
"verification/large-molecule-4v6f/20-selection-a-bf-4v6f/evidence/AZ/AZ-002__polymer-protein-and-chain-a-or-organic-and-elem-o-and-not-solven__EMPTY_VALID.png","??","F. BULK_EVIDENCE — DO NOT COMMIT","Bulk evidence, runtime output, or generated artifact; retained locally/external and excluded.","True","False"
"verification/large-molecule-4v6f/20-selection-a-bf-4v6f/evidence/AZ/AZ-003__not-not-not-not-not-not-chain-a__PASS.png","??","F. BULK_EVIDENCE — DO NOT COMMIT","Bulk evidence, runtime output, or generated artifact; retained locally/external and excluded.","True","False"
"verification/large-molecule-4v6f/20-selection-a-bf-4v6f/evidence/B/B-001__model-mini-protein-pdb__EMPTY_VALID.png","??","F. BULK_EVIDENCE — DO NOT COMMIT","Bulk evidence, runtime output, or generated artifact; retained locally/external and excluded.","True","False"
"verification/large-molecule-4v6f/20-selection-a-bf-4v6f/evidence/B/B-002__model-mini-protein-pdb__EMPTY_VALID.png","??","F. BULK_EVIDENCE — DO NOT COMMIT","Bulk evidence, runtime output, or generated artifact; retained locally/external and excluded.","True","False"
"verification/large-molecule-4v6f/20-selection-a-bf-4v6f/evidence/B/B-003__model-mini-protein-pdb-or-model-mini-protein-pdb__EMPTY_VALID.png","??","F. BULK_EVIDENCE — DO NOT COMMIT","Bulk evidence, runtime output, or generated artifact; retained locally/external and excluded.","True","False"
"verification/large-molecule-4v6f/20-selection-a-bf-4v6f/evidence/B/B-004__model-mini-protein-pdb-and-model-mini-protein-pdb__EMPTY_VALID.png","??","F. BULK_EVIDENCE — DO NOT COMMIT","Bulk evidence, runtime output, or generated artifact; retained locally/external and excluded.","True","False"
"verification/large-molecule-4v6f/20-selection-a-bf-4v6f/evidence/B/B-005__not-model-mini-protein-pdb__PASS.png","??","F. BULK_EVIDENCE — DO NOT COMMIT","Bulk evidence, runtime output, or generated artifact; retained locally/external and excluded.","True","False"
"verification/large-molecule-4v6f/20-selection-a-bf-4v6f/evidence/B/B-006__byobject-model-mini-protein-pdb-and-name-ca__EMPTY_VALID.png","??","F. BULK_EVIDENCE — DO NOT COMMIT","Bulk evidence, runtime output, or generated artifact; retained locally/external and excluded.","True","False"
"verification/large-molecule-4v6f/20-selection-a-bf-4v6f/evidence/BA/BA-001__select-pocket-byres-polymer-protein-within-4-of-organic__EMPTY_VALID.png","??","F. BULK_EVIDENCE — DO NOT COMMIT","Bulk evidence, runtime output, or generated artifact; retained locally/external and excluded.","True","False"
"verification/large-molecule-4v6f/20-selection-a-bf-4v6f/evidence/BA/BA-002__rotate-15__EMPTY_VALID.png","??","F. BULK_EVIDENCE — DO NOT COMMIT","Bulk evidence, runtime output, or generated artifact; retained locally/external and excluded.","True","False"
"verification/large-molecule-4v6f/20-selection-a-bf-4v6f/evidence/BA/BA-003__pan-1__EMPTY_VALID.png","??","F. BULK_EVIDENCE — DO NOT COMMIT","Bulk evidence, runtime output, or generated artifact; retained locally/external and excluded.","True","False"
"verification/large-molecule-4v6f/20-selection-a-bf-4v6f/evidence/BA/BA-004__zoom-1__PASS.png","??","F. BULK_EVIDENCE — DO NOT COMMIT","Bulk evidence, runtime output, or generated artifact; retained locally/external and excluded.","True","False"
"verification/large-molecule-4v6f/20-selection-a-bf-4v6f/evidence/BA/BA-005__fit__PASS.png","??","F. BULK_EVIDENCE — DO NOT COMMIT","Bulk evidence, runtime output, or generated artifact; retained locally/external and excluded.","True","False"
"verification/large-molecule-4v6f/20-selection-a-bf-4v6f/evidence/BA/BA-006__center__PASS.png","??","F. BULK_EVIDENCE — DO NOT COMMIT","Bulk evidence, runtime output, or generated artifact; retained locally/external and excluded.","True","False"
"verification/large-molecule-4v6f/20-selection-a-bf-4v6f/evidence/BA/BA-007__orient__EMPTY_VALID.png","??","F. BULK_EVIDENCE — DO NOT COMMIT","Bulk evidence, runtime output, or generated artifact; retained locally/external and excluded.","True","False"
"verification/large-molecule-4v6f/20-selection-a-bf-4v6f/evidence/BA/BA-008__perspective__EMPTY_VALID.png","??","F. BULK_EVIDENCE — DO NOT COMMIT","Bulk evidence, runtime output, or generated artifact; retained locally/external and excluded.","True","False"
"verification/large-molecule-4v6f/20-selection-a-bf-4v6f/evidence/BA/BA-009__orthographic__EMPTY_VALID.png","??","F. BULK_EVIDENCE — DO NOT COMMIT","Bulk evidence, runtime output, or generated artifact; retained locally/external and excluded.","True","False"
"verification/large-molecule-4v6f/20-selection-a-bf-4v6f/evidence/BB/BB-001__select-pocket-byres-polymer-protein-within-4-of-organic__EMPTY_VALID.png","??","F. BULK_EVIDENCE — DO NOT COMMIT","Bulk evidence, runtime output, or generated artifact; retained locally/external and excluded.","True","False"
"verification/large-molecule-4v6f/20-selection-a-bf-4v6f/evidence/BB/BB-002__show-cartoon-all__PASS.png","??","F. BULK_EVIDENCE — DO NOT COMMIT","Bulk evidence, runtime output, or generated artifact; retained locally/external and excluded.","True","False"
"verification/large-molecule-4v6f/20-selection-a-bf-4v6f/evidence/BB/BB-003__show-sticks-all__PASS.png","??","F. BULK_EVIDENCE — DO NOT COMMIT","Bulk evidence, runtime output, or generated artifact; retained locally/external and excluded.","True","False"
"verification/large-molecule-4v6f/20-selection-a-bf-4v6f/evidence/BB/BB-004__show-surface-all__PASS.png","??","F. BULK_EVIDENCE — DO NOT COMMIT","Bulk evidence, runtime output, or generated artifact; retained locally/external and excluded.","True","False"
"verification/large-molecule-4v6f/20-selection-a-bf-4v6f/evidence/BB/BB-005__show-mesh-all__PASS.png","??","F. BULK_EVIDENCE — DO NOT COMMIT","Bulk evidence, runtime output, or generated artifact; retained locally/external and excluded.","True","False"
"verification/large-molecule-4v6f/20-selection-a-bf-4v6f/evidence/BB/BB-006__show-spheres-all__PASS.png","??","F. BULK_EVIDENCE — DO NOT COMMIT","Bulk evidence, runtime output, or generated artifact; retained locally/external and excluded.","True","False"
"verification/large-molecule-4v6f/20-selection-a-bf-4v6f/evidence/BB/BB-007__show-lines-all__PASS.png","??","F. BULK_EVIDENCE — DO NOT COMMIT","Bulk evidence, runtime output, or generated artifact; retained locally/external and excluded.","True","False"
"verification/large-molecule-4v6f/20-selection-a-bf-4v6f/evidence/BB/BB-008__show-sticks-all__PASS.png","??","F. BULK_EVIDENCE — DO NOT COMMIT","Bulk evidence, runtime output, or generated artifact; retained locally/external and excluded.","True","False"
"verification/large-molecule-4v6f/20-selection-a-bf-4v6f/evidence/BC/BC-001__select-edit-target-index-2__PERFORMANCE_TIMEOUT.png","??","F. BULK_EVIDENCE — DO NOT COMMIT","Bulk evidence, runtime output, or generated artifact; retained locally/external and excluded.","True","False"
"verification/large-molecule-4v6f/20-selection-a-bf-4v6f/evidence/BC/BC-002__remove-index-2__RECOVERY_PRE_RUN.png","??","F. BULK_EVIDENCE — DO NOT COMMIT","Bulk evidence, runtime output, or generated artifact; retained locally/external and excluded.","True","False"
"verification/large-molecule-4v6f/20-selection-a-bf-4v6f/evidence/BC/BC-003__edit-test__RECOVERY_PRE_RUN.png","??","F. BULK_EVIDENCE — DO NOT COMMIT","Bulk evidence, runtime output, or generated artifact; retained locally/external and excluded.","True","False"
"verification/large-molecule-4v6f/20-selection-a-bf-4v6f/evidence/BC/BC-004__undo__RECOVERY_PRE_RUN.png","??","F. BULK_EVIDENCE — DO NOT COMMIT","Bulk evidence, runtime output, or generated artifact; retained locally/external and excluded.","True","False"
"verification/large-molecule-4v6f/20-selection-a-bf-4v6f/evidence/BC/BC-005__edit-test__RECOVERY_PRE_RUN.png","??","F. BULK_EVIDENCE — DO NOT COMMIT","Bulk evidence, runtime output, or generated artifact; retained locally/external and excluded.","True","False"
"verification/large-molecule-4v6f/20-selection-a-bf-4v6f/evidence/BC/BC-006__redo__RECOVERY_PRE_RUN.png","??","F. BULK_EVIDENCE — DO NOT COMMIT","Bulk evidence, runtime output, or generated artifact; retained locally/external and excluded.","True","False"
"verification/large-molecule-4v6f/20-selection-a-bf-4v6f/evidence/BC/BC-007__edit-test__RECOVERY_PRE_RUN.png","??","F. BULK_EVIDENCE — DO NOT COMMIT","Bulk evidence, runtime output, or generated artifact; retained locally/external and excluded.","True","False"
"verification/large-molecule-4v6f/20-selection-a-bf-4v6f/evidence/BD/BD-001__select-one-chain-a__RECOVERY_PRE_RUN.png","??","F. BULK_EVIDENCE — DO NOT COMMIT","Bulk evidence, runtime output, or generated artifact; retained locally/external and excluded.","True","False"
"verification/large-molecule-4v6f/20-selection-a-bf-4v6f/evidence/BD/BD-002__select-two-organic__RECOVERY_PRE_RUN.png","??","F. BULK_EVIDENCE — DO NOT COMMIT","Bulk evidence, runtime output, or generated artifact; retained locally/external and excluded.","True","False"
"verification/large-molecule-4v6f/20-selection-a-bf-4v6f/evidence/BD/BD-003__save__RECOVERY_PRE_RUN.png","??","F. BULK_EVIDENCE — DO NOT COMMIT","Bulk evidence, runtime output, or generated artifact; retained locally/external and excluded.","True","False"
"verification/large-molecule-4v6f/20-selection-a-bf-4v6f/evidence/BD/BD-004__none__RECOVERY_PRE_RUN.png","??","F. BULK_EVIDENCE — DO NOT COMMIT","Bulk evidence, runtime output, or generated artifact; retained locally/external and excluded.","True","False"
"verification/large-molecule-4v6f/20-selection-a-bf-4v6f/evidence/BD/BD-005__open__RECOVERY_PRE_RUN.png","??","F. BULK_EVIDENCE — DO NOT COMMIT","Bulk evidence, runtime output, or generated artifact; retained locally/external and excluded.","True","False"
"verification/large-molecule-4v6f/20-selection-a-bf-4v6f/evidence/BD/BD-006__one__RECOVERY_PRE_RUN.png","??","F. BULK_EVIDENCE — DO NOT COMMIT","Bulk evidence, runtime output, or generated artifact; retained locally/external and excluded.","True","False"
"verification/large-molecule-4v6f/20-selection-a-bf-4v6f/evidence/BD/BD-007__two__RECOVERY_PRE_RUN.png","??","F. BULK_EVIDENCE — DO NOT COMMIT","Bulk evidence, runtime output, or generated artifact; retained locally/external and excluded.","True","False"
"verification/large-molecule-4v6f/20-selection-a-bf-4v6f/evidence/BE/BE-001__polymer-nucleic__RECOVERY_PRE_RUN.png","??","F. BULK_EVIDENCE — DO NOT COMMIT","Bulk evidence, runtime output, or generated artifact; retained locally/external and excluded.","True","False"
"verification/large-molecule-4v6f/20-selection-a-bf-4v6f/evidence/BE/BE-002__polymer-protein__RECOVERY_PRE_RUN.png","??","F. BULK_EVIDENCE — DO NOT COMMIT","Bulk evidence, runtime output, or generated artifact; retained locally/external and excluded.","True","False"
"verification/large-molecule-4v6f/20-selection-a-bf-4v6f/evidence/BE/BE-003__guide__RECOVERY_PRE_RUN.png","??","F. BULK_EVIDENCE — DO NOT COMMIT","Bulk evidence, runtime output, or generated artifact; retained locally/external and excluded.","True","False"
"verification/large-molecule-4v6f/20-selection-a-bf-4v6f/evidence/BE/BE-004__backbone__RECOVERY_PRE_RUN.png","??","F. BULK_EVIDENCE — DO NOT COMMIT","Bulk evidence, runtime output, or generated artifact; retained locally/external and excluded.","True","False"
"verification/large-molecule-4v6f/20-selection-a-bf-4v6f/evidence/BE/BE-005__sidechain__RECOVERY_PRE_RUN.png","??","F. BULK_EVIDENCE — DO NOT COMMIT","Bulk evidence, runtime output, or generated artifact; retained locally/external and excluded.","True","False"
"verification/large-molecule-4v6f/20-selection-a-bf-4v6f/evidence/BE/BE-006__chain-a__RECOVERY_PRE_RUN.png","??","F. BULK_EVIDENCE — DO NOT COMMIT","Bulk evidence, runtime output, or generated artifact; retained locally/external and excluded.","True","False"
"verification/large-molecule-4v6f/20-selection-a-bf-4v6f/evidence/BE/BE-007__resn-da-dt-dg-dc__RECOVERY_PRE_RUN.png","??","F. BULK_EVIDENCE — DO NOT COMMIT","Bulk evidence, runtime output, or generated artifact; retained locally/external and excluded.","True","False"
"verification/large-molecule-4v6f/20-selection-a-bf-4v6f/evidence/BE/BE-008__resn-a-u__RECOVERY_PRE_RUN.png","??","F. BULK_EVIDENCE — DO NOT COMMIT","Bulk evidence, runtime output, or generated artifact; retained locally/external and excluded.","True","False"
"verification/large-molecule-4v6f/20-selection-a-bf-4v6f/evidence/C/C-001__chain-a__PASS.png","??","F. BULK_EVIDENCE — DO NOT COMMIT","Bulk evidence, runtime output, or generated artifact; retained locally/external and excluded.","True","False"
"verification/large-molecule-4v6f/20-selection-a-bf-4v6f/evidence/C/C-002__not-chain-a__PASS.png","??","F. BULK_EVIDENCE — DO NOT COMMIT","Bulk evidence, runtime output, or generated artifact; retained locally/external and excluded.","True","False"
"verification/large-molecule-4v6f/20-selection-a-bf-4v6f/evidence/C/C-003__chain-a-or-chain-b__PASS.png","??","F. BULK_EVIDENCE — DO NOT COMMIT","Bulk evidence, runtime output, or generated artifact; retained locally/external and excluded.","True","False"
"verification/large-molecule-4v6f/20-selection-a-bf-4v6f/evidence/C/C-004__chain-a-and-polymer-protein__EMPTY_VALID.png","??","F. BULK_EVIDENCE — DO NOT COMMIT","Bulk evidence, runtime output, or generated artifact; retained locally/external and excluded.","True","False"
"verification/large-molecule-4v6f/20-selection-a-bf-4v6f/evidence/C/C-005__chain-zzz__EMPTY_VALID.png","??","F. BULK_EVIDENCE — DO NOT COMMIT","Bulk evidence, runtime output, or generated artifact; retained locally/external and excluded.","True","False"
"verification/large-molecule-4v6f/20-selection-a-bf-4v6f/evidence/C/C-006__chain-a__PASS.png","??","F. BULK_EVIDENCE — DO NOT COMMIT","Bulk evidence, runtime output, or generated artifact; retained locally/external and excluded.","True","False"
"verification/large-molecule-4v6f/20-selection-a-bf-4v6f/evidence/C/C-007__chain-a__PASS.png","??","F. BULK_EVIDENCE — DO NOT COMMIT","Bulk evidence, runtime output, or generated artifact; retained locally/external and excluded.","True","False"
"verification/large-molecule-4v6f/20-selection-a-bf-4v6f/evidence/D/D-001__resn-ala__PASS.png","??","F. BULK_EVIDENCE — DO NOT COMMIT","Bulk evidence, runtime output, or generated artifact; retained locally/external and excluded.","True","False"
"verification/large-molecule-4v6f/20-selection-a-bf-4v6f/evidence/D/D-002__resn-gly__RECOVERY_PRE_RUN.png","??","F. BULK_EVIDENCE — DO NOT COMMIT","Bulk evidence, runtime output, or generated artifact; retained locally/external and excluded.","True","False"
"verification/large-molecule-4v6f/20-selection-a-bf-4v6f/evidence/D/D-003__resn-tyr__PASS.png","??","F. BULK_EVIDENCE — DO NOT COMMIT","Bulk evidence, runtime output, or generated artifact; retained locally/external and excluded.","True","False"
"verification/large-molecule-4v6f/20-selection-a-bf-4v6f/evidence/D/D-004__resn-asp__PASS.png","??","F. BULK_EVIDENCE — DO NOT COMMIT","Bulk evidence, runtime output, or generated artifact; retained locally/external and excluded.","True","False"
"verification/large-molecule-4v6f/20-selection-a-bf-4v6f/evidence/D/D-005__resn-ala-gly__EMPTY_VALID.png","??","F. BULK_EVIDENCE — DO NOT COMMIT","Bulk evidence, runtime output, or generated artifact; retained locally/external and excluded.","True","False"
"verification/large-molecule-4v6f/20-selection-a-bf-4v6f/evidence/D/D-006__polymer-protein-and-resn-tyr__PASS.png","??","F. BULK_EVIDENCE — DO NOT COMMIT","Bulk evidence, runtime output, or generated artifact; retained locally/external and excluded.","True","False"
"verification/large-molecule-4v6f/20-selection-a-bf-4v6f/evidence/D/D-007__chain-a-and-resn-asp__EMPTY_VALID.png","??","F. BULK_EVIDENCE — DO NOT COMMIT","Bulk evidence, runtime output, or generated artifact; retained locally/external and excluded.","True","False"
"verification/large-molecule-4v6f/20-selection-a-bf-4v6f/evidence/D/D-008__resn-lig__EMPTY_VALID.png","??","F. BULK_EVIDENCE — DO NOT COMMIT","Bulk evidence, runtime output, or generated artifact; retained locally/external and excluded.","True","False"
"verification/large-molecule-4v6f/20-selection-a-bf-4v6f/evidence/E/E-001__resi-45__PASS.png","??","F. BULK_EVIDENCE — DO NOT COMMIT","Bulk evidence, runtime output, or generated artifact; retained locally/external and excluded.","True","False"
"verification/large-molecule-4v6f/20-selection-a-bf-4v6f/evidence/E/E-002__resi-45-46__EMPTY_VALID.png","??","F. BULK_EVIDENCE — DO NOT COMMIT","Bulk evidence, runtime output, or generated artifact; retained locally/external and excluded.","True","False"
"verification/large-molecule-4v6f/20-selection-a-bf-4v6f/evidence/E/E-003__resi-40-50__PASS.png","??","F. BULK_EVIDENCE — DO NOT COMMIT","Bulk evidence, runtime output, or generated artifact; retained locally/external and excluded.","True","False"
"verification/large-molecule-4v6f/20-selection-a-bf-4v6f/evidence/E/E-004__chain-a-and-resi-45__PASS.png","??","F. BULK_EVIDENCE — DO NOT COMMIT","Bulk evidence, runtime output, or generated artifact; retained locally/external and excluded.","True","False"
"verification/large-molecule-4v6f/20-selection-a-bf-4v6f/evidence/E/E-005__chain-a-and-resi-40-50__PASS.png","??","F. BULK_EVIDENCE — DO NOT COMMIT","Bulk evidence, runtime output, or generated artifact; retained locally/external and excluded.","True","False"
"verification/large-molecule-4v6f/20-selection-a-bf-4v6f/evidence/E/E-006__resi-1__PASS.png","??","F. BULK_EVIDENCE — DO NOT COMMIT","Bulk evidence, runtime output, or generated artifact; retained locally/external and excluded.","True","False"
"verification/large-molecule-4v6f/20-selection-a-bf-4v6f/evidence/E/E-007__resi-hetom__EMPTY_VALID.png","??","F. BULK_EVIDENCE — DO NOT COMMIT","Bulk evidence, runtime output, or generated artifact; retained locally/external and excluded.","True","False"
"verification/large-molecule-4v6f/20-selection-a-bf-4v6f/evidence/F/F-001__name-ca__PERFORMANCE_TIMEOUT.png","??","F. BULK_EVIDENCE — DO NOT COMMIT","Bulk evidence, runtime output, or generated artifact; retained locally/external and excluded.","True","False"
"verification/large-molecule-4v6f/20-selection-a-bf-4v6f/evidence/F/F-002__name-n__PASS.png","??","F. BULK_EVIDENCE — DO NOT COMMIT","Bulk evidence, runtime output, or generated artifact; retained locally/external and excluded.","True","False"
"verification/large-molecule-4v6f/20-selection-a-bf-4v6f/evidence/F/F-003__name-c__PERFORMANCE_TIMEOUT.png","??","F. BULK_EVIDENCE — DO NOT COMMIT","Bulk evidence, runtime output, or generated artifact; retained locally/external and excluded.","True","False"
"verification/large-molecule-4v6f/20-selection-a-bf-4v6f/evidence/F/F-004__name-o__PERFORMANCE_TIMEOUT.png","??","F. BULK_EVIDENCE — DO NOT COMMIT","Bulk evidence, runtime output, or generated artifact; retained locally/external and excluded.","True","False"
"verification/large-molecule-4v6f/20-selection-a-bf-4v6f/evidence/F/F-005__name-ca-n-c-o__EMPTY_VALID.png","??","F. BULK_EVIDENCE — DO NOT COMMIT","Bulk evidence, runtime output, or generated artifact; retained locally/external and excluded.","True","False"
"verification/large-molecule-4v6f/20-selection-a-bf-4v6f/evidence/F/F-006__polymer-protein-and-name-ca__PERFORMANCE_TIMEOUT.png","??","F. BULK_EVIDENCE — DO NOT COMMIT","Bulk evidence, runtime output, or generated artifact; retained locally/external and excluded.","True","False"
"verification/large-molecule-4v6f/20-selection-a-bf-4v6f/evidence/F/F-007__chain-a-and-name-ca__EMPTY_VALID.png","??","F. BULK_EVIDENCE — DO NOT COMMIT","Bulk evidence, runtime output, or generated artifact; retained locally/external and excluded.","True","False"
"verification/large-molecule-4v6f/20-selection-a-bf-4v6f/evidence/F/F-008__resi-45-and-name-ca__PASS.png","??","F. BULK_EVIDENCE — DO NOT COMMIT","Bulk evidence, runtime output, or generated artifact; retained locally/external and excluded.","True","False"
"verification/large-molecule-4v6f/20-selection-a-bf-4v6f/evidence/G/G-001__elem-c__PERFORMANCE_TIMEOUT.png","??","F. BULK_EVIDENCE — DO NOT COMMIT","Bulk evidence, runtime output, or generated artifact; retained locally/external and excluded.","True","False"
"verification/large-molecule-4v6f/20-selection-a-bf-4v6f/evidence/G/G-002__elem-n__RECOVERY_PRE_RUN.png","??","F. BULK_EVIDENCE — DO NOT COMMIT","Bulk evidence, runtime output, or generated artifact; retained locally/external and excluded.","True","False"
"verification/large-molecule-4v6f/20-selection-a-bf-4v6f/evidence/G/G-003__elem-o__RECOVERY_PRE_RUN.png","??","F. BULK_EVIDENCE — DO NOT COMMIT","Bulk evidence, runtime output, or generated artifact; retained locally/external and excluded.","True","False"
"verification/large-molecule-4v6f/20-selection-a-bf-4v6f/evidence/G/G-004__elem-s__PASS.png","??","F. BULK_EVIDENCE — DO NOT COMMIT","Bulk evidence, runtime output, or generated artifact; retained locally/external and excluded.","True","False"
"verification/large-molecule-4v6f/20-selection-a-bf-4v6f/evidence/G/G-004__elem-s__RECOVERY_PRE_RUN.png","??","F. BULK_EVIDENCE — DO NOT COMMIT","Bulk evidence, runtime output, or generated artifact; retained locally/external and excluded.","True","False"
"verification/large-molecule-4v6f/20-selection-a-bf-4v6f/evidence/G/G-005__elem-p__RECOVERY_PRE_RUN.png","??","F. BULK_EVIDENCE — DO NOT COMMIT","Bulk evidence, runtime output, or generated artifact; retained locally/external and excluded.","True","False"
"verification/large-molecule-4v6f/20-selection-a-bf-4v6f/evidence/G/G-006__organic-and-elem-c__RECOVERY_PRE_RUN.png","??","F. BULK_EVIDENCE — DO NOT COMMIT","Bulk evidence, runtime output, or generated artifact; retained locally/external and excluded.","True","False"
"verification/large-molecule-4v6f/20-selection-a-bf-4v6f/evidence/G/G-007__polymer-protein-and-elem-n__PASS.png","??","F. BULK_EVIDENCE — DO NOT COMMIT","Bulk evidence, runtime output, or generated artifact; retained locally/external and excluded.","True","False"
"verification/large-molecule-4v6f/20-selection-a-bf-4v6f/evidence/G/G-008__solvent-and-elem-o__PASS.png","??","F. BULK_EVIDENCE — DO NOT COMMIT","Bulk evidence, runtime output, or generated artifact; retained locally/external and excluded.","True","False"
"verification/large-molecule-4v6f/20-selection-a-bf-4v6f/evidence/G/G-009__metals-and-elem-zn__PASS.png","??","F. BULK_EVIDENCE — DO NOT COMMIT","Bulk evidence, runtime output, or generated artifact; retained locally/external and excluded.","True","False"
"verification/large-molecule-4v6f/20-selection-a-bf-4v6f/evidence/H/H-001__polymer-protein-and-chain-a__RECOVERY_PRE_RUN.png","??","F. BULK_EVIDENCE — DO NOT COMMIT","Bulk evidence, runtime output, or generated artifact; retained locally/external and excluded.","True","False"
"verification/large-molecule-4v6f/20-selection-a-bf-4v6f/evidence/H/H-002__polymer-protein-or-organic__RECOVERY_PRE_RUN.png","??","F. BULK_EVIDENCE — DO NOT COMMIT","Bulk evidence, runtime output, or generated artifact; retained locally/external and excluded.","True","False"
"verification/large-molecule-4v6f/20-selection-a-bf-4v6f/evidence/H/H-003__not-solvent__RECOVERY_PRE_RUN.png","??","F. BULK_EVIDENCE — DO NOT COMMIT","Bulk evidence, runtime output, or generated artifact; retained locally/external and excluded.","True","False"
"verification/large-molecule-4v6f/20-selection-a-bf-4v6f/evidence/H/H-004__not-polymer__RECOVERY_PRE_RUN.png","??","F. BULK_EVIDENCE — DO NOT COMMIT","Bulk evidence, runtime output, or generated artifact; retained locally/external and excluded.","True","False"
"verification/large-molecule-4v6f/20-selection-a-bf-4v6f/evidence/H/H-005__chain-a-and-name-ca__RECOVERY_PRE_RUN.png","??","F. BULK_EVIDENCE — DO NOT COMMIT","Bulk evidence, runtime output, or generated artifact; retained locally/external and excluded.","True","False"
"verification/large-molecule-4v6f/20-selection-a-bf-4v6f/evidence/H/H-006__chain-a-and-resn-ala-or-resn-gly__RECOVERY_PRE_RUN.png","??","F. BULK_EVIDENCE — DO NOT COMMIT","Bulk evidence, runtime output, or generated artifact; retained locally/external and excluded.","True","False"
"verification/large-molecule-4v6f/20-selection-a-bf-4v6f/evidence/H/H-007__chain-a-or-chain-b-and-name-ca__RECOVERY_PRE_RUN.png","??","F. BULK_EVIDENCE — DO NOT COMMIT","Bulk evidence, runtime output, or generated artifact; retained locally/external and excluded.","True","False"
"verification/large-molecule-4v6f/20-selection-a-bf-4v6f/evidence/H/H-008__polymer-protein-and-not-name-ca__PERFORMANCE_TIMEOUT.png","??","F. BULK_EVIDENCE — DO NOT COMMIT","Bulk evidence, runtime output, or generated artifact; retained locally/external and excluded.","True","False"
"verification/large-molecule-4v6f/20-selection-a-bf-4v6f/evidence/H/H-009__organic-and-not-elem-c__EMPTY_VALID.png","??","F. BULK_EVIDENCE — DO NOT COMMIT","Bulk evidence, runtime output, or generated artifact; retained locally/external and excluded.","True","False"
"verification/large-molecule-4v6f/20-selection-a-bf-4v6f/evidence/H/H-010__chain-a-and-resn-ala-or-resn-gly__PASS.png","??","F. BULK_EVIDENCE — DO NOT COMMIT","Bulk evidence, runtime output, or generated artifact; retained locally/external and excluded.","True","False"
"verification/large-molecule-4v6f/20-selection-a-bf-4v6f/evidence/H/H-011__chain-a-and-resn-ala-or-resn-gly__EMPTY_VALID.png","??","F. BULK_EVIDENCE — DO NOT COMMIT","Bulk evidence, runtime output, or generated artifact; retained locally/external and excluded.","True","False"
"verification/large-molecule-4v6f/20-selection-a-bf-4v6f/evidence/I/I-001__first-all__PERFORMANCE_TIMEOUT.png","??","F. BULK_EVIDENCE — DO NOT COMMIT","Bulk evidence, runtime output, or generated artifact; retained locally/external and excluded.","True","False"
"verification/large-molecule-4v6f/20-selection-a-bf-4v6f/evidence/I/I-002__last-all__PASS.png","??","F. BULK_EVIDENCE — DO NOT COMMIT","Bulk evidence, runtime output, or generated artifact; retained locally/external and excluded.","True","False"
"verification/large-molecule-4v6f/20-selection-a-bf-4v6f/evidence/I/I-003__first-polymer-protein__PASS.png","??","F. BULK_EVIDENCE — DO NOT COMMIT","Bulk evidence, runtime output, or generated artifact; retained locally/external and excluded.","True","False"
"verification/large-molecule-4v6f/20-selection-a-bf-4v6f/evidence/I/I-004__last-polymer-protein__PASS.png","??","F. BULK_EVIDENCE — DO NOT COMMIT","Bulk evidence, runtime output, or generated artifact; retained locally/external and excluded.","True","False"
"verification/large-molecule-4v6f/20-selection-a-bf-4v6f/evidence/I/I-005__first-none__EMPTY_VALID.png","??","F. BULK_EVIDENCE — DO NOT COMMIT","Bulk evidence, runtime output, or generated artifact; retained locally/external and excluded.","True","False"
"verification/large-molecule-4v6f/20-selection-a-bf-4v6f/evidence/I/I-006__last-none__EMPTY_VALID.png","??","F. BULK_EVIDENCE — DO NOT COMMIT","Bulk evidence, runtime output, or generated artifact; retained locally/external and excluded.","True","False"
"verification/large-molecule-4v6f/20-selection-a-bf-4v6f/evidence/J/J-001__organic__EMPTY_VALID.png","??","F. BULK_EVIDENCE — DO NOT COMMIT","Bulk evidence, runtime output, or generated artifact; retained locally/external and excluded.","True","False"
"verification/large-molecule-4v6f/20-selection-a-bf-4v6f/evidence/J/J-002__polymer-protein-within-4-0-of-organic__EMPTY_VALID.png","??","F. BULK_EVIDENCE — DO NOT COMMIT","Bulk evidence, runtime output, or generated artifact; retained locally/external and excluded.","True","False"
"verification/large-molecule-4v6f/20-selection-a-bf-4v6f/evidence/J/J-003__byres-polymer-protein-within-4-0-of-organic__EMPTY_VALID.png","??","F. BULK_EVIDENCE — DO NOT COMMIT","Bulk evidence, runtime output, or generated artifact; retained locally/external and excluded.","True","False"
"verification/large-molecule-4v6f/20-selection-a-bf-4v6f/evidence/J/J-004__byres-polymer-protein-within-2-5-of-organic__EMPTY_VALID.png","??","F. BULK_EVIDENCE — DO NOT COMMIT","Bulk evidence, runtime output, or generated artifact; retained locally/external and excluded.","True","False"
"verification/large-molecule-4v6f/20-selection-a-bf-4v6f/evidence/J/J-005__byres-polymer-protein-within-3-0-of-organic__EMPTY_VALID.png","??","F. BULK_EVIDENCE — DO NOT COMMIT","Bulk evidence, runtime output, or generated artifact; retained locally/external and excluded.","True","False"
"verification/large-molecule-4v6f/20-selection-a-bf-4v6f/evidence/J/J-006__byres-polymer-protein-within-4-0-of-organic__EMPTY_VALID.png","??","F. BULK_EVIDENCE — DO NOT COMMIT","Bulk evidence, runtime output, or generated artifact; retained locally/external and excluded.","True","False"
"verification/large-molecule-4v6f/20-selection-a-bf-4v6f/evidence/J/J-007__byres-polymer-protein-within-5-0-of-organic__EMPTY_VALID.png","??","F. BULK_EVIDENCE — DO NOT COMMIT","Bulk evidence, runtime output, or generated artifact; retained locally/external and excluded.","True","False"
"verification/large-molecule-4v6f/20-selection-a-bf-4v6f/evidence/J/J-008__byres-polymer-protein-within-8-0-of-organic__EMPTY_VALID.png","??","F. BULK_EVIDENCE — DO NOT COMMIT","Bulk evidence, runtime output, or generated artifact; retained locally/external and excluded.","True","False"
"verification/large-molecule-4v6f/20-selection-a-bf-4v6f/evidence/K/K-001__bychain-resi-45__PASS.png","??","F. BULK_EVIDENCE — DO NOT COMMIT","Bulk evidence, runtime output, or generated artifact; retained locally/external and excluded.","True","False"
"verification/large-molecule-4v6f/20-selection-a-bf-4v6f/evidence/K/K-002__byobject-resi-45__PASS.png","??","F. BULK_EVIDENCE — DO NOT COMMIT","Bulk evidence, runtime output, or generated artifact; retained locally/external and excluded.","True","False"
"verification/large-molecule-4v6f/20-selection-a-bf-4v6f/evidence/K/K-003__bymolecule-organic__EMPTY_VALID.png","??","F. BULK_EVIDENCE — DO NOT COMMIT","Bulk evidence, runtime output, or generated artifact; retained locally/external and excluded.","True","False"
"verification/large-molecule-4v6f/20-selection-a-bf-4v6f/evidence/K/K-004__bycalpha-resi-45__PASS.png","??","F. BULK_EVIDENCE — DO NOT COMMIT","Bulk evidence, runtime output, or generated artifact; retained locally/external and excluded.","True","False"
"verification/large-molecule-4v6f/20-selection-a-bf-4v6f/evidence/K/K-005__bysegi-resi-45__EMPTY_VALID.png","??","F. BULK_EVIDENCE — DO NOT COMMIT","Bulk evidence, runtime output, or generated artifact; retained locally/external and excluded.","True","False"
"verification/large-molecule-4v6f/20-selection-a-bf-4v6f/evidence/K/K-006__byfragment-organic__EMPTY_VALID.png","??","F. BULK_EVIDENCE — DO NOT COMMIT","Bulk evidence, runtime output, or generated artifact; retained locally/external and excluded.","True","False"
"verification/large-molecule-4v6f/20-selection-a-bf-4v6f/evidence/K/K-007__byring-organic__EMPTY_VALID.png","??","F. BULK_EVIDENCE — DO NOT COMMIT","Bulk evidence, runtime output, or generated artifact; retained locally/external and excluded.","True","False"
"verification/large-molecule-4v6f/20-selection-a-bf-4v6f/evidence/K/K-008__byres-chain-a-or-chain-b__PASS.png","??","F. BULK_EVIDENCE — DO NOT COMMIT","Bulk evidence, runtime output, or generated artifact; retained locally/external and excluded.","True","False"
"verification/large-molecule-4v6f/20-selection-a-bf-4v6f/evidence/K/K-009__byres-chain-a-or-chain-b__PASS.png","??","F. BULK_EVIDENCE — DO NOT COMMIT","Bulk evidence, runtime output, or generated artifact; retained locally/external and excluded.","True","False"
"verification/large-molecule-4v6f/20-selection-a-bf-4v6f/evidence/L/L-001__chain-a-and-resi-45-and-name-ca__EMPTY_VALID.png","??","F. BULK_EVIDENCE — DO NOT COMMIT","Bulk evidence, runtime output, or generated artifact; retained locally/external and excluded.","True","False"
"verification/large-molecule-4v6f/20-selection-a-bf-4v6f/evidence/L/L-002__neighbor-chain-a-and-resi-45-and-name-ca__EMPTY_VALID.png","??","F. BULK_EVIDENCE — DO NOT COMMIT","Bulk evidence, runtime output, or generated artifact; retained locally/external and excluded.","True","False"
"verification/large-molecule-4v6f/20-selection-a-bf-4v6f/evidence/L/L-003__neighbor-organic__EMPTY_VALID.png","??","F. BULK_EVIDENCE — DO NOT COMMIT","Bulk evidence, runtime output, or generated artifact; retained locally/external and excluded.","True","False"
"verification/large-molecule-4v6f/20-selection-a-bf-4v6f/evidence/LMX/LMX-SP-001__polymer-protein-within-2-5-of-polymer-nucleic-and-chain-a-and-re__EMPTY_VALID.png","??","F. BULK_EVIDENCE — DO NOT COMMIT","Bulk evidence, runtime output, or generated artifact; retained locally/external and excluded.","True","False"
"verification/large-molecule-4v6f/20-selection-a-bf-4v6f/evidence/LMX/LMX-SP-002__polymer-protein-within-3-0-of-polymer-nucleic-and-chain-a-and-re__EMPTY_VALID.png","??","F. BULK_EVIDENCE — DO NOT COMMIT","Bulk evidence, runtime output, or generated artifact; retained locally/external and excluded.","True","False"
"verification/large-molecule-4v6f/20-selection-a-bf-4v6f/evidence/LMX/LMX-SP-003__polymer-protein-within-4-0-of-polymer-nucleic-and-chain-a-and-re__EMPTY_VALID.png","??","F. BULK_EVIDENCE — DO NOT COMMIT","Bulk evidence, runtime output, or generated artifact; retained locally/external and excluded.","True","False"
"verification/large-molecule-4v6f/20-selection-a-bf-4v6f/evidence/LMX/LMX-SP-004__polymer-protein-within-5-0-of-polymer-nucleic-and-chain-a-and-re__EMPTY_VALID.png","??","F. BULK_EVIDENCE — DO NOT COMMIT","Bulk evidence, runtime output, or generated artifact; retained locally/external and excluded.","True","False"
"verification/large-molecule-4v6f/20-selection-a-bf-4v6f/evidence/LMX/LMX-SP-005__polymer-protein-within-8-0-of-polymer-nucleic-and-chain-a-and-re__PASS.png","??","F. BULK_EVIDENCE — DO NOT COMMIT","Bulk evidence, runtime output, or generated artifact; retained locally/external and excluded.","True","False"
"verification/large-molecule-4v6f/20-selection-a-bf-4v6f/evidence/LMX/LMX-SP-006__byres-polymer-protein-within-4-0-of-polymer-nucleic-and-chain-a-__EMPTY_VALID.png","??","F. BULK_EVIDENCE — DO NOT COMMIT","Bulk evidence, runtime output, or generated artifact; retained locally/external and excluded.","True","False"
"verification/large-molecule-4v6f/20-selection-a-bf-4v6f/evidence/LMX/LMX-SP-007__polymer-nucleic-within-3-0-of-polymer-protein-and-chain-c-and-re__PASS.png","??","F. BULK_EVIDENCE — DO NOT COMMIT","Bulk evidence, runtime output, or generated artifact; retained locally/external and excluded.","True","False"
"verification/large-molecule-4v6f/20-selection-a-bf-4v6f/evidence/LMX/LMX-SP-008__polymer-nucleic-within-4-0-of-polymer-protein-and-chain-c-and-re__PASS.png","??","F. BULK_EVIDENCE — DO NOT COMMIT","Bulk evidence, runtime output, or generated artifact; retained locally/external and excluded.","True","False"
"verification/large-molecule-4v6f/20-selection-a-bf-4v6f/evidence/LMX/LMX-SP-009__polymer-nucleic-within-5-0-of-polymer-protein-and-chain-c-and-re__PASS.png","??","F. BULK_EVIDENCE — DO NOT COMMIT","Bulk evidence, runtime output, or generated artifact; retained locally/external and excluded.","True","False"
"verification/large-molecule-4v6f/20-selection-a-bf-4v6f/evidence/M/M-001__bound-to-chain-a-and-resi-45-and-name-ca__EMPTY_VALID.png","??","F. BULK_EVIDENCE — DO NOT COMMIT","Bulk evidence, runtime output, or generated artifact; retained locally/external and excluded.","True","False"
"verification/large-molecule-4v6f/20-selection-a-bf-4v6f/evidence/M/M-002__neighbor-chain-a-and-resi-45-and-name-ca__EMPTY_VALID.png","??","F. BULK_EVIDENCE — DO NOT COMMIT","Bulk evidence, runtime output, or generated artifact; retained locally/external and excluded.","True","False"
"verification/large-molecule-4v6f/20-selection-a-bf-4v6f/evidence/N/N-001__chain-a-and-resi-45-and-name-ca-extend-1__EMPTY_VALID.png","??","F. BULK_EVIDENCE — DO NOT COMMIT","Bulk evidence, runtime output, or generated artifact; retained locally/external and excluded.","True","False"
"verification/large-molecule-4v6f/20-selection-a-bf-4v6f/evidence/N/N-002__chain-a-and-resi-45-and-name-ca-extend-2__EMPTY_VALID.png","??","F. BULK_EVIDENCE — DO NOT COMMIT","Bulk evidence, runtime output, or generated artifact; retained locally/external and excluded.","True","False"
"verification/large-molecule-4v6f/20-selection-a-bf-4v6f/evidence/N/N-003__chain-a-and-resi-45-and-name-ca-extend-3__EMPTY_VALID.png","??","F. BULK_EVIDENCE — DO NOT COMMIT","Bulk evidence, runtime output, or generated artifact; retained locally/external and excluded.","True","False"
"verification/large-molecule-4v6f/20-selection-a-bf-4v6f/evidence/O/O-001__polymer-protein-within-4-0-of-organic__EMPTY_VALID.png","??","F. BULK_EVIDENCE — DO NOT COMMIT","Bulk evidence, runtime output, or generated artifact; retained locally/external and excluded.","True","False"
"verification/large-molecule-4v6f/20-selection-a-bf-4v6f/evidence/O/O-002__all-within-4-0-of-organic__EMPTY_VALID.png","??","F. BULK_EVIDENCE — DO NOT COMMIT","Bulk evidence, runtime output, or generated artifact; retained locally/external and excluded.","True","False"
"verification/large-molecule-4v6f/20-selection-a-bf-4v6f/evidence/O/O-003__solvent-within-4-0-of-organic__EMPTY_VALID.png","??","F. BULK_EVIDENCE — DO NOT COMMIT","Bulk evidence, runtime output, or generated artifact; retained locally/external and excluded.","True","False"
"verification/large-molecule-4v6f/20-selection-a-bf-4v6f/evidence/O/O-004__metals-within-5-0-of-organic__EMPTY_VALID.png","??","F. BULK_EVIDENCE — DO NOT COMMIT","Bulk evidence, runtime output, or generated artifact; retained locally/external and excluded.","True","False"
"verification/large-molecule-4v6f/20-selection-a-bf-4v6f/evidence/O/O-005__chain-a-within-4-0-of-organic__EMPTY_VALID.png","??","F. BULK_EVIDENCE — DO NOT COMMIT","Bulk evidence, runtime output, or generated artifact; retained locally/external and excluded.","True","False"
"verification/large-molecule-4v6f/20-selection-a-bf-4v6f/evidence/O/O-006__all-within-0-of-organic__EMPTY_VALID.png","??","F. BULK_EVIDENCE — DO NOT COMMIT","Bulk evidence, runtime output, or generated artifact; retained locally/external and excluded.","True","False"
"verification/large-molecule-4v6f/20-selection-a-bf-4v6f/evidence/O/O-007__all-within-0-1-of-organic__EMPTY_VALID.png","??","F. BULK_EVIDENCE — DO NOT COMMIT","Bulk evidence, runtime output, or generated artifact; retained locally/external and excluded.","True","False"
"verification/large-molecule-4v6f/20-selection-a-bf-4v6f/evidence/O/O-008__all-within-100-of-organic__EMPTY_VALID.png","??","F. BULK_EVIDENCE — DO NOT COMMIT","Bulk evidence, runtime output, or generated artifact; retained locally/external and excluded.","True","False"
"verification/large-molecule-4v6f/20-selection-a-bf-4v6f/evidence/P/P-001__organic-around-4-0__EMPTY_VALID.png","??","F. BULK_EVIDENCE — DO NOT COMMIT","Bulk evidence, runtime output, or generated artifact; retained locally/external and excluded.","True","False"
"verification/large-molecule-4v6f/20-selection-a-bf-4v6f/evidence/P/P-002__all-within-4-0-of-organic__EMPTY_VALID.png","??","F. BULK_EVIDENCE — DO NOT COMMIT","Bulk evidence, runtime output, or generated artifact; retained locally/external and excluded.","True","False"
"verification/large-molecule-4v6f/20-selection-a-bf-4v6f/evidence/P/P-003__resi-45-around-3__EMPTY_VALID.png","??","F. BULK_EVIDENCE — DO NOT COMMIT","Bulk evidence, runtime output, or generated artifact; retained locally/external and excluded.","True","False"
"verification/large-molecule-4v6f/20-selection-a-bf-4v6f/evidence/Q/Q-001__all-near-to-4-0-of-organic__EMPTY_VALID.png","??","F. BULK_EVIDENCE — DO NOT COMMIT","Bulk evidence, runtime output, or generated artifact; retained locally/external and excluded.","True","False"
"verification/large-molecule-4v6f/20-selection-a-bf-4v6f/evidence/Q/Q-002__all-within-4-0-of-organic__EMPTY_VALID.png","??","F. BULK_EVIDENCE — DO NOT COMMIT","Bulk evidence, runtime output, or generated artifact; retained locally/external and excluded.","True","False"
"verification/large-molecule-4v6f/20-selection-a-bf-4v6f/evidence/R/R-001__all-beyond-4-0-of-organic__PASS.png","??","F. BULK_EVIDENCE — DO NOT COMMIT","Bulk evidence, runtime output, or generated artifact; retained locally/external and excluded.","True","False"
"verification/large-molecule-4v6f/20-selection-a-bf-4v6f/evidence/R/R-002__all-beyond-8-0-of-organic__PASS.png","??","F. BULK_EVIDENCE — DO NOT COMMIT","Bulk evidence, runtime output, or generated artifact; retained locally/external and excluded.","True","False"
"verification/large-molecule-4v6f/20-selection-a-bf-4v6f/evidence/R/R-003__all-beyond-20-0-of-organic__PASS.png","??","F. BULK_EVIDENCE — DO NOT COMMIT","Bulk evidence, runtime output, or generated artifact; retained locally/external and excluded.","True","False"
"verification/large-molecule-4v6f/20-selection-a-bf-4v6f/evidence/S/S-001__organic-expand-2__EMPTY_VALID.png","??","F. BULK_EVIDENCE — DO NOT COMMIT","Bulk evidence, runtime output, or generated artifact; retained locally/external and excluded.","True","False"
"verification/large-molecule-4v6f/20-selection-a-bf-4v6f/evidence/S/S-002__organic-expand-4__EMPTY_VALID.png","??","F. BULK_EVIDENCE — DO NOT COMMIT","Bulk evidence, runtime output, or generated artifact; retained locally/external and excluded.","True","False"
"verification/large-molecule-4v6f/20-selection-a-bf-4v6f/evidence/S/S-003__organic-expand-6__EMPTY_VALID.png","??","F. BULK_EVIDENCE — DO NOT COMMIT","Bulk evidence, runtime output, or generated artifact; retained locally/external and excluded.","True","False"
"verification/large-molecule-4v6f/20-selection-a-bf-4v6f/evidence/S/S-004__organic-extend-4__EMPTY_VALID.png","??","F. BULK_EVIDENCE — DO NOT COMMIT","Bulk evidence, runtime output, or generated artifact; retained locally/external and excluded.","True","False"
"verification/large-molecule-4v6f/20-selection-a-bf-4v6f/evidence/T/T-001__organic-gap-1-0__PASS.png","??","F. BULK_EVIDENCE — DO NOT COMMIT","Bulk evidence, runtime output, or generated artifact; retained locally/external and excluded.","True","False"
"verification/large-molecule-4v6f/20-selection-a-bf-4v6f/evidence/T/T-002__organic-gap-2-0__PASS.png","??","F. BULK_EVIDENCE — DO NOT COMMIT","Bulk evidence, runtime output, or generated artifact; retained locally/external and excluded.","True","False"
"verification/large-molecule-4v6f/20-selection-a-bf-4v6f/evidence/U/U-001__b-100__PERFORMANCE_TIMEOUT.png","??","F. BULK_EVIDENCE — DO NOT COMMIT","Bulk evidence, runtime output, or generated artifact; retained locally/external and excluded.","True","False"
"verification/large-molecule-4v6f/20-selection-a-bf-4v6f/evidence/U/U-002__b-50__PASS.png","??","F. BULK_EVIDENCE — DO NOT COMMIT","Bulk evidence, runtime output, or generated artifact; retained locally/external and excluded.","True","False"
"verification/large-molecule-4v6f/20-selection-a-bf-4v6f/evidence/U/U-003__b-20__PASS.png","??","F. BULK_EVIDENCE — DO NOT COMMIT","Bulk evidence, runtime output, or generated artifact; retained locally/external and excluded.","True","False"
"verification/large-molecule-4v6f/20-selection-a-bf-4v6f/evidence/U/U-004__polymer-protein-and-b-30__PERFORMANCE_TIMEOUT.png","??","F. BULK_EVIDENCE — DO NOT COMMIT","Bulk evidence, runtime output, or generated artifact; retained locally/external and excluded.","True","False"
"verification/large-molecule-4v6f/20-selection-a-bf-4v6f/evidence/U/U-005__b-999__EMPTY_VALID.png","??","F. BULK_EVIDENCE — DO NOT COMMIT","Bulk evidence, runtime output, or generated artifact; retained locally/external and excluded.","True","False"
"verification/large-molecule-4v6f/20-selection-a-bf-4v6f/evidence/U/U-006__b-99999__EMPTY_VALID.png","??","F. BULK_EVIDENCE — DO NOT COMMIT","Bulk evidence, runtime output, or generated artifact; retained locally/external and excluded.","True","False"
"verification/large-molecule-4v6f/20-selection-a-bf-4v6f/evidence/V/V-001__q-1-0__EMPTY_VALID.png","??","F. BULK_EVIDENCE — DO NOT COMMIT","Bulk evidence, runtime output, or generated artifact; retained locally/external and excluded.","True","False"
"verification/large-molecule-4v6f/20-selection-a-bf-4v6f/evidence/V/V-002__q-1-0__PASS.png","??","F. BULK_EVIDENCE — DO NOT COMMIT","Bulk evidence, runtime output, or generated artifact; retained locally/external and excluded.","True","False"
"verification/large-molecule-4v6f/20-selection-a-bf-4v6f/evidence/V/V-003__q-0-5__PASS.png","??","F. BULK_EVIDENCE — DO NOT COMMIT","Bulk evidence, runtime output, or generated artifact; retained locally/external and excluded.","True","False"
"verification/large-molecule-4v6f/20-selection-a-bf-4v6f/evidence/W/W-001__ss-h__PASS.png","??","F. BULK_EVIDENCE — DO NOT COMMIT","Bulk evidence, runtime output, or generated artifact; retained locally/external and excluded.","True","False"
"verification/large-molecule-4v6f/20-selection-a-bf-4v6f/evidence/W/W-002__ss-s__PASS.png","??","F. BULK_EVIDENCE — DO NOT COMMIT","Bulk evidence, runtime output, or generated artifact; retained locally/external and excluded.","True","False"
"verification/large-molecule-4v6f/20-selection-a-bf-4v6f/evidence/W/W-003__ss-l__EMPTY_VALID.png","??","F. BULK_EVIDENCE — DO NOT COMMIT","Bulk evidence, runtime output, or generated artifact; retained locally/external and excluded.","True","False"
"verification/large-molecule-4v6f/20-selection-a-bf-4v6f/evidence/W/W-004__ss-h-s__EMPTY_VALID.png","??","F. BULK_EVIDENCE — DO NOT COMMIT","Bulk evidence, runtime output, or generated artifact; retained locally/external and excluded.","True","False"
"verification/large-molecule-4v6f/20-selection-a-bf-4v6f/evidence/W/W-005__polymer-protein-and-ss-h__PASS.png","??","F. BULK_EVIDENCE — DO NOT COMMIT","Bulk evidence, runtime output, or generated artifact; retained locally/external and excluded.","True","False"
"verification/large-molecule-4v6f/20-selection-a-bf-4v6f/evidence/X/X-001__formal-charge-1__IMPLEMENTED_WITH_LIMITATION.png","??","F. BULK_EVIDENCE — DO NOT COMMIT","Bulk evidence, runtime output, or generated artifact; retained locally/external and excluded.","True","False"
"verification/large-molecule-4v6f/20-selection-a-bf-4v6f/evidence/X/X-002__formal-charge-1__IMPLEMENTED_WITH_LIMITATION.png","??","F. BULK_EVIDENCE — DO NOT COMMIT","Bulk evidence, runtime output, or generated artifact; retained locally/external and excluded.","True","False"
"verification/large-molecule-4v6f/20-selection-a-bf-4v6f/evidence/X/X-003__partial-charge-0__IMPLEMENTED_WITH_LIMITATION.png","??","F. BULK_EVIDENCE — DO NOT COMMIT","Bulk evidence, runtime output, or generated artifact; retained locally/external and excluded.","True","False"
"verification/large-molecule-4v6f/20-selection-a-bf-4v6f/evidence/X/X-004__partial-charge-0__IMPLEMENTED_WITH_LIMITATION.png","??","F. BULK_EVIDENCE — DO NOT COMMIT","Bulk evidence, runtime output, or generated artifact; retained locally/external and excluded.","True","False"
"verification/large-molecule-4v6f/20-selection-a-bf-4v6f/evidence/Y/Y-001__x-0__PASS.png","??","F. BULK_EVIDENCE — DO NOT COMMIT","Bulk evidence, runtime output, or generated artifact; retained locally/external and excluded.","True","False"
"verification/large-molecule-4v6f/20-selection-a-bf-4v6f/evidence/Y/Y-002__x-0__PASS.png","??","F. BULK_EVIDENCE — DO NOT COMMIT","Bulk evidence, runtime output, or generated artifact; retained locally/external and excluded.","True","False"
"verification/large-molecule-4v6f/20-selection-a-bf-4v6f/evidence/Y/Y-003__y-0__PASS.png","??","F. BULK_EVIDENCE — DO NOT COMMIT","Bulk evidence, runtime output, or generated artifact; retained locally/external and excluded.","True","False"
"verification/large-molecule-4v6f/20-selection-a-bf-4v6f/evidence/Y/Y-004__z-0__PASS.png","??","F. BULK_EVIDENCE — DO NOT COMMIT","Bulk evidence, runtime output, or generated artifact; retained locally/external and excluded.","True","False"
"verification/large-molecule-4v6f/20-selection-a-bf-4v6f/evidence/Y/Y-005__polymer-protein-and-x-0__PASS.png","??","F. BULK_EVIDENCE — DO NOT COMMIT","Bulk evidence, runtime output, or generated artifact; retained locally/external and excluded.","True","False"
"verification/large-molecule-4v6f/20-selection-a-bf-4v6f/evidence/Z/Z-001__state-1__PASS.png","??","F. BULK_EVIDENCE — DO NOT COMMIT","Bulk evidence, runtime output, or generated artifact; retained locally/external and excluded.","True","False"
"verification/large-molecule-4v6f/20-selection-a-bf-4v6f/evidence/Z/Z-002__state-2__EMPTY_VALID.png","??","F. BULK_EVIDENCE — DO NOT COMMIT","Bulk evidence, runtime output, or generated artifact; retained locally/external and excluded.","True","False"
"verification/large-molecule-4v6f/20-selection-a-bf-4v6f/evidence/Z/Z-003__present__PASS.png","??","F. BULK_EVIDENCE — DO NOT COMMIT","Bulk evidence, runtime output, or generated artifact; retained locally/external and excluded.","True","False"
"verification/large-molecule-4v6f/20-selection-a-bf-4v6f/evidence/Z/Z-004__present__PASS.png","??","F. BULK_EVIDENCE — DO NOT COMMIT","Bulk evidence, runtime output, or generated artifact; retained locally/external and excluded.","True","False"
"verification/pre-docking-seal/00-baseline/PRE_SEAL_DIFF_STAT.txt","??","D. ACCEPTED_GOVERNANCE / CONTRACT","Checkpoint governance, provenance, or freeze-control artifact.","False","True"
"verification/pre-docking-seal/00-baseline/PRE_SEAL_GIT_STATUS.txt","??","D. ACCEPTED_GOVERNANCE / CONTRACT","Checkpoint governance, provenance, or freeze-control artifact.","False","True"
"verification/pre-docking-seal/00-baseline/PRE_SEAL_TRACKED_DIFF.patch","??","F. BULK_EVIDENCE — DO NOT COMMIT","Forensic safety snapshot only; too large for checkpoint and never staged.","False","False"
"verification/pre-docking-seal/00-baseline/UNTRACKED_FILE_INVENTORY.json","??","D. ACCEPTED_GOVERNANCE / CONTRACT","Checkpoint governance, provenance, or freeze-control artifact.","False","True"
"verification/pre-docking-seal/01-classification/WORKTREE_FILE_CLASSIFICATION.csv","??","D. ACCEPTED_GOVERNANCE / CONTRACT","Checkpoint governance, provenance, or freeze-control artifact.","False","True"
"verification/pre-docking-seal/01-classification/WORKTREE_FILE_CLASSIFICATION.json","??","D. ACCEPTED_GOVERNANCE / CONTRACT","Checkpoint governance, provenance, or freeze-control artifact.","False","True"
"verification/pre-docking-seal/ACCEPTED_COMMIT_FILESET.txt","??","D. ACCEPTED_GOVERNANCE / CONTRACT","Checkpoint governance, provenance, or freeze-control artifact.","False","True"
"verification/selection-exhaustive/evidence/A/A-001__PASS.png","M","F. BULK_EVIDENCE — DO NOT COMMIT","Bulk evidence, runtime output, or generated artifact; retained locally/external and excluded.","True","False"
"verification/selection-exhaustive/evidence/A/A-002__EMPTY_VALID.png","M","F. BULK_EVIDENCE — DO NOT COMMIT","Bulk evidence, runtime output, or generated artifact; retained locally/external and excluded.","True","False"
"verification/selection-exhaustive/evidence/A/A-003__PASS.png","M","F. BULK_EVIDENCE — DO NOT COMMIT","Bulk evidence, runtime output, or generated artifact; retained locally/external and excluded.","True","False"
"verification/selection-exhaustive/evidence/A/A-004__PASS.png","M","F. BULK_EVIDENCE — DO NOT COMMIT","Bulk evidence, runtime output, or generated artifact; retained locally/external and excluded.","True","False"
"verification/selection-exhaustive/evidence/A/A-005__PASS.png","M","F. BULK_EVIDENCE — DO NOT COMMIT","Bulk evidence, runtime output, or generated artifact; retained locally/external and excluded.","True","False"
"verification/selection-exhaustive/evidence/A/A-006__PASS.png","M","F. BULK_EVIDENCE — DO NOT COMMIT","Bulk evidence, runtime output, or generated artifact; retained locally/external and excluded.","True","False"
"verification/selection-exhaustive/evidence/A/A-007__PASS.png","M","F. BULK_EVIDENCE — DO NOT COMMIT","Bulk evidence, runtime output, or generated artifact; retained locally/external and excluded.","True","False"
"verification/selection-exhaustive/evidence/A/A-008__IMPLEMENTED_WITH_LIMITATION.png","M","F. BULK_EVIDENCE — DO NOT COMMIT","Bulk evidence, runtime output, or generated artifact; retained locally/external and excluded.","True","False"
"verification/selection-exhaustive/evidence/A/A-009__PASS.png","M","F. BULK_EVIDENCE — DO NOT COMMIT","Bulk evidence, runtime output, or generated artifact; retained locally/external and excluded.","True","False"
"verification/selection-exhaustive/evidence/A/A-010__PASS.png","M","F. BULK_EVIDENCE — DO NOT COMMIT","Bulk evidence, runtime output, or generated artifact; retained locally/external and excluded.","True","False"
"verification/selection-exhaustive/evidence/A/A-011__PASS.png","M","F. BULK_EVIDENCE — DO NOT COMMIT","Bulk evidence, runtime output, or generated artifact; retained locally/external and excluded.","True","False"
"verification/selection-exhaustive/evidence/A/A-012__PASS.png","M","F. BULK_EVIDENCE — DO NOT COMMIT","Bulk evidence, runtime output, or generated artifact; retained locally/external and excluded.","True","False"
"verification/selection-exhaustive/evidence/A/A-013__EMPTY_VALID.png","M","F. BULK_EVIDENCE — DO NOT COMMIT","Bulk evidence, runtime output, or generated artifact; retained locally/external and excluded.","True","False"
"verification/selection-exhaustive/evidence/A/A-014__PASS.png","M","F. BULK_EVIDENCE — DO NOT COMMIT","Bulk evidence, runtime output, or generated artifact; retained locally/external and excluded.","True","False"
"verification/selection-exhaustive/evidence/A/A-015__PASS.png","M","F. BULK_EVIDENCE — DO NOT COMMIT","Bulk evidence, runtime output, or generated artifact; retained locally/external and excluded.","True","False"
"verification/selection-exhaustive/evidence/A/A-016__EMPTY_VALID.png","M","F. BULK_EVIDENCE — DO NOT COMMIT","Bulk evidence, runtime output, or generated artifact; retained locally/external and excluded.","True","False"
"verification/selection-exhaustive/evidence/A/A-017__PASS.png","M","F. BULK_EVIDENCE — DO NOT COMMIT","Bulk evidence, runtime output, or generated artifact; retained locally/external and excluded.","True","False"
"verification/selection-exhaustive/evidence/A/A-018__PASS.png","M","F. BULK_EVIDENCE — DO NOT COMMIT","Bulk evidence, runtime output, or generated artifact; retained locally/external and excluded.","True","False"
"verification/selection-exhaustive/evidence/A/A-019__PASS.png","M","F. BULK_EVIDENCE — DO NOT COMMIT","Bulk evidence, runtime output, or generated artifact; retained locally/external and excluded.","True","False"
"verification/selection-exhaustive/evidence/A/A-020__PASS.png","M","F. BULK_EVIDENCE — DO NOT COMMIT","Bulk evidence, runtime output, or generated artifact; retained locally/external and excluded.","True","False"
"verification/selection-exhaustive/evidence/AA/AA-001__PASS.png","M","F. BULK_EVIDENCE — DO NOT COMMIT","Bulk evidence, runtime output, or generated artifact; retained locally/external and excluded.","True","False"
"verification/selection-exhaustive/evidence/AA/AA-002__PASS.png","M","F. BULK_EVIDENCE — DO NOT COMMIT","Bulk evidence, runtime output, or generated artifact; retained locally/external and excluded.","True","False"
"verification/selection-exhaustive/evidence/AA/AA-003__PASS.png","M","F. BULK_EVIDENCE — DO NOT COMMIT","Bulk evidence, runtime output, or generated artifact; retained locally/external and excluded.","True","False"
"verification/selection-exhaustive/evidence/AA/AA-004__EMPTY_VALID.png","M","F. BULK_EVIDENCE — DO NOT COMMIT","Bulk evidence, runtime output, or generated artifact; retained locally/external and excluded.","True","False"
"verification/selection-exhaustive/evidence/AB/AB-001__PASS.png","M","F. BULK_EVIDENCE — DO NOT COMMIT","Bulk evidence, runtime output, or generated artifact; retained locally/external and excluded.","True","False"
"verification/selection-exhaustive/evidence/AB/AB-002__PASS.png","M","F. BULK_EVIDENCE — DO NOT COMMIT","Bulk evidence, runtime output, or generated artifact; retained locally/external and excluded.","True","False"
"verification/selection-exhaustive/evidence/AB/AB-003__PASS.png","M","F. BULK_EVIDENCE — DO NOT COMMIT","Bulk evidence, runtime output, or generated artifact; retained locally/external and excluded.","True","False"
"verification/selection-exhaustive/evidence/AB/AB-004__PASS.png","M","F. BULK_EVIDENCE — DO NOT COMMIT","Bulk evidence, runtime output, or generated artifact; retained locally/external and excluded.","True","False"
"verification/selection-exhaustive/evidence/AB/AB-005__PASS.png","M","F. BULK_EVIDENCE — DO NOT COMMIT","Bulk evidence, runtime output, or generated artifact; retained locally/external and excluded.","True","False"
"verification/selection-exhaustive/evidence/AC/AC-001__PASS.png","M","F. BULK_EVIDENCE — DO NOT COMMIT","Bulk evidence, runtime output, or generated artifact; retained locally/external and excluded.","True","False"
"verification/selection-exhaustive/evidence/AC/AC-002__PASS.png","M","F. BULK_EVIDENCE — DO NOT COMMIT","Bulk evidence, runtime output, or generated artifact; retained locally/external and excluded.","True","False"
"verification/selection-exhaustive/evidence/AC/AC-003__PASS.png","M","F. BULK_EVIDENCE — DO NOT COMMIT","Bulk evidence, runtime output, or generated artifact; retained locally/external and excluded.","True","False"
"verification/selection-exhaustive/evidence/AC/AC-004__PASS.png","M","F. BULK_EVIDENCE — DO NOT COMMIT","Bulk evidence, runtime output, or generated artifact; retained locally/external and excluded.","True","False"
"verification/selection-exhaustive/evidence/AC/AC-005__EMPTY_VALID.png","M","F. BULK_EVIDENCE — DO NOT COMMIT","Bulk evidence, runtime output, or generated artifact; retained locally/external and excluded.","True","False"
"verification/selection-exhaustive/evidence/AD/AD-001__PASS.png","M","F. BULK_EVIDENCE — DO NOT COMMIT","Bulk evidence, runtime output, or generated artifact; retained locally/external and excluded.","True","False"
"verification/selection-exhaustive/evidence/AD/AD-002__PASS.png","M","F. BULK_EVIDENCE — DO NOT COMMIT","Bulk evidence, runtime output, or generated artifact; retained locally/external and excluded.","True","False"
"verification/selection-exhaustive/evidence/AD/AD-003__PASS.png","M","F. BULK_EVIDENCE — DO NOT COMMIT","Bulk evidence, runtime output, or generated artifact; retained locally/external and excluded.","True","False"
"verification/selection-exhaustive/evidence/AD/AD-004__PASS.png","M","F. BULK_EVIDENCE — DO NOT COMMIT","Bulk evidence, runtime output, or generated artifact; retained locally/external and excluded.","True","False"
"verification/selection-exhaustive/evidence/AD/AD-005__PASS.png","M","F. BULK_EVIDENCE — DO NOT COMMIT","Bulk evidence, runtime output, or generated artifact; retained locally/external and excluded.","True","False"
"verification/selection-exhaustive/evidence/AD/AD-006__PASS.png","M","F. BULK_EVIDENCE — DO NOT COMMIT","Bulk evidence, runtime output, or generated artifact; retained locally/external and excluded.","True","False"
"verification/selection-exhaustive/evidence/AE/AE-001__PASS.png","M","F. BULK_EVIDENCE — DO NOT COMMIT","Bulk evidence, runtime output, or generated artifact; retained locally/external and excluded.","True","False"
"verification/selection-exhaustive/evidence/AF/AF-001__PASS.png","M","F. BULK_EVIDENCE — DO NOT COMMIT","Bulk evidence, runtime output, or generated artifact; retained locally/external and excluded.","True","False"
"verification/selection-exhaustive/evidence/AG/AG-001__EMPTY_VALID.png","M","F. BULK_EVIDENCE — DO NOT COMMIT","Bulk evidence, runtime output, or generated artifact; retained locally/external and excluded.","True","False"
"verification/selection-exhaustive/evidence/AG/AG-002__EMPTY_VALID.png","M","F. BULK_EVIDENCE — DO NOT COMMIT","Bulk evidence, runtime output, or generated artifact; retained locally/external and excluded.","True","False"
"verification/selection-exhaustive/evidence/AG/AG-003__EMPTY_VALID.png","M","F. BULK_EVIDENCE — DO NOT COMMIT","Bulk evidence, runtime output, or generated artifact; retained locally/external and excluded.","True","False"
"verification/selection-exhaustive/evidence/AG/AG-004__EMPTY_VALID.png","M","F. BULK_EVIDENCE — DO NOT COMMIT","Bulk evidence, runtime output, or generated artifact; retained locally/external and excluded.","True","False"
"verification/selection-exhaustive/evidence/AG/AG-005__EMPTY_VALID.png","M","F. BULK_EVIDENCE — DO NOT COMMIT","Bulk evidence, runtime output, or generated artifact; retained locally/external and excluded.","True","False"
"verification/selection-exhaustive/evidence/AG/AG-006__EMPTY_VALID.png","M","F. BULK_EVIDENCE — DO NOT COMMIT","Bulk evidence, runtime output, or generated artifact; retained locally/external and excluded.","True","False"
"verification/selection-exhaustive/evidence/AG/AG-007__IMPLEMENTED_WITH_LIMITATION.png","M","F. BULK_EVIDENCE — DO NOT COMMIT","Bulk evidence, runtime output, or generated artifact; retained locally/external and excluded.","True","False"
"verification/selection-exhaustive/evidence/AG/AG-008__PASS.png","M","F. BULK_EVIDENCE — DO NOT COMMIT","Bulk evidence, runtime output, or generated artifact; retained locally/external and excluded.","True","False"
"verification/selection-exhaustive/evidence/AG/AG-009__EMPTY_VALID.png","M","F. BULK_EVIDENCE — DO NOT COMMIT","Bulk evidence, runtime output, or generated artifact; retained locally/external and excluded.","True","False"
"verification/selection-exhaustive/evidence/AH/AH-001__INVALID_EXPECTED.png","M","F. BULK_EVIDENCE — DO NOT COMMIT","Bulk evidence, runtime output, or generated artifact; retained locally/external and excluded.","True","False"
"verification/selection-exhaustive/evidence/AH/AH-002__INVALID_EXPECTED.png","M","F. BULK_EVIDENCE — DO NOT COMMIT","Bulk evidence, runtime output, or generated artifact; retained locally/external and excluded.","True","False"
"verification/selection-exhaustive/evidence/AH/AH-003__INVALID_EXPECTED.png","M","F. BULK_EVIDENCE — DO NOT COMMIT","Bulk evidence, runtime output, or generated artifact; retained locally/external and excluded.","True","False"
"verification/selection-exhaustive/evidence/AH/AH-004__INVALID_EXPECTED.png","M","F. BULK_EVIDENCE — DO NOT COMMIT","Bulk evidence, runtime output, or generated artifact; retained locally/external and excluded.","True","False"
"verification/selection-exhaustive/evidence/AH/AH-005__INVALID_EXPECTED.png","M","F. BULK_EVIDENCE — DO NOT COMMIT","Bulk evidence, runtime output, or generated artifact; retained locally/external and excluded.","True","False"
"verification/selection-exhaustive/evidence/AH/AH-006__INVALID_EXPECTED.png","M","F. BULK_EVIDENCE — DO NOT COMMIT","Bulk evidence, runtime output, or generated artifact; retained locally/external and excluded.","True","False"
"verification/selection-exhaustive/evidence/AH/AH-007__INVALID_EXPECTED.png","M","F. BULK_EVIDENCE — DO NOT COMMIT","Bulk evidence, runtime output, or generated artifact; retained locally/external and excluded.","True","False"
"verification/selection-exhaustive/evidence/AH/AH-008__INVALID_EXPECTED.png","M","F. BULK_EVIDENCE — DO NOT COMMIT","Bulk evidence, runtime output, or generated artifact; retained locally/external and excluded.","True","False"
"verification/selection-exhaustive/evidence/AH/AH-009__INVALID_EXPECTED.png","M","F. BULK_EVIDENCE — DO NOT COMMIT","Bulk evidence, runtime output, or generated artifact; retained locally/external and excluded.","True","False"
"verification/selection-exhaustive/evidence/AH/AH-010__INVALID_EXPECTED.png","M","F. BULK_EVIDENCE — DO NOT COMMIT","Bulk evidence, runtime output, or generated artifact; retained locally/external and excluded.","True","False"
"verification/selection-exhaustive/evidence/AH/AH-011__INVALID_EXPECTED.png","M","F. BULK_EVIDENCE — DO NOT COMMIT","Bulk evidence, runtime output, or generated artifact; retained locally/external and excluded.","True","False"
"verification/selection-exhaustive/evidence/AH/AH-012__INVALID_EXPECTED.png","M","F. BULK_EVIDENCE — DO NOT COMMIT","Bulk evidence, runtime output, or generated artifact; retained locally/external and excluded.","True","False"
"verification/selection-exhaustive/evidence/AH/AH-013__PASS.png","M","F. BULK_EVIDENCE — DO NOT COMMIT","Bulk evidence, runtime output, or generated artifact; retained locally/external and excluded.","True","False"
"verification/selection-exhaustive/evidence/AH/AH-014__PASS.png","M","F. BULK_EVIDENCE — DO NOT COMMIT","Bulk evidence, runtime output, or generated artifact; retained locally/external and excluded.","True","False"
"verification/selection-exhaustive/evidence/AH/AH-015__EMPTY_VALID.png","M","F. BULK_EVIDENCE — DO NOT COMMIT","Bulk evidence, runtime output, or generated artifact; retained locally/external and excluded.","True","False"
"verification/selection-exhaustive/evidence/AH/AH-016__INVALID_EXPECTED.png","M","F. BULK_EVIDENCE — DO NOT COMMIT","Bulk evidence, runtime output, or generated artifact; retained locally/external and excluded.","True","False"
"verification/selection-exhaustive/evidence/AH/AH-017__INVALID_EXPECTED.png","M","F. BULK_EVIDENCE — DO NOT COMMIT","Bulk evidence, runtime output, or generated artifact; retained locally/external and excluded.","True","False"
"verification/selection-exhaustive/evidence/AH/AH-018__INVALID_EXPECTED.png","M","F. BULK_EVIDENCE — DO NOT COMMIT","Bulk evidence, runtime output, or generated artifact; retained locally/external and excluded.","True","False"
"verification/selection-exhaustive/evidence/AH/AH-019__INVALID_EXPECTED.png","M","F. BULK_EVIDENCE — DO NOT COMMIT","Bulk evidence, runtime output, or generated artifact; retained locally/external and excluded.","True","False"
"verification/selection-exhaustive/evidence/AI/AI-001__INVALID_EXPECTED.png","M","F. BULK_EVIDENCE — DO NOT COMMIT","Bulk evidence, runtime output, or generated artifact; retained locally/external and excluded.","True","False"
"verification/selection-exhaustive/evidence/AI/AI-002__INVALID_EXPECTED.png","M","F. BULK_EVIDENCE — DO NOT COMMIT","Bulk evidence, runtime output, or generated artifact; retained locally/external and excluded.","True","False"
"verification/selection-exhaustive/evidence/AI/AI-003__INVALID_EXPECTED.png","M","F. BULK_EVIDENCE — DO NOT COMMIT","Bulk evidence, runtime output, or generated artifact; retained locally/external and excluded.","True","False"
"verification/selection-exhaustive/evidence/AI/AI-004__INVALID_EXPECTED.png","M","F. BULK_EVIDENCE — DO NOT COMMIT","Bulk evidence, runtime output, or generated artifact; retained locally/external and excluded.","True","False"
"verification/selection-exhaustive/evidence/AI/AI-005__INVALID_EXPECTED.png","M","F. BULK_EVIDENCE — DO NOT COMMIT","Bulk evidence, runtime output, or generated artifact; retained locally/external and excluded.","True","False"
"verification/selection-exhaustive/evidence/AI/AI-006__EMPTY_VALID.png","M","F. BULK_EVIDENCE — DO NOT COMMIT","Bulk evidence, runtime output, or generated artifact; retained locally/external and excluded.","True","False"
"verification/selection-exhaustive/evidence/AJ/AJ-001__PASS.png","M","F. BULK_EVIDENCE — DO NOT COMMIT","Bulk evidence, runtime output, or generated artifact; retained locally/external and excluded.","True","False"
"verification/selection-exhaustive/evidence/AJ/AJ-002__PASS.png","M","F. BULK_EVIDENCE — DO NOT COMMIT","Bulk evidence, runtime output, or generated artifact; retained locally/external and excluded.","True","False"
"verification/selection-exhaustive/evidence/AJ/AJ-003__PASS.png","M","F. BULK_EVIDENCE — DO NOT COMMIT","Bulk evidence, runtime output, or generated artifact; retained locally/external and excluded.","True","False"
"verification/selection-exhaustive/evidence/AJ/AJ-004__PASS.png","M","F. BULK_EVIDENCE — DO NOT COMMIT","Bulk evidence, runtime output, or generated artifact; retained locally/external and excluded.","True","False"
"verification/selection-exhaustive/evidence/AJ/AJ-005__PASS.png","M","F. BULK_EVIDENCE — DO NOT COMMIT","Bulk evidence, runtime output, or generated artifact; retained locally/external and excluded.","True","False"
"verification/selection-exhaustive/evidence/AJ/AJ-006__PASS.png","M","F. BULK_EVIDENCE — DO NOT COMMIT","Bulk evidence, runtime output, or generated artifact; retained locally/external and excluded.","True","False"
"verification/selection-exhaustive/evidence/AJ/AJ-007__PASS.png","M","F. BULK_EVIDENCE — DO NOT COMMIT","Bulk evidence, runtime output, or generated artifact; retained locally/external and excluded.","True","False"
"verification/selection-exhaustive/evidence/AJ/AJ-008__PASS.png","M","F. BULK_EVIDENCE — DO NOT COMMIT","Bulk evidence, runtime output, or generated artifact; retained locally/external and excluded.","True","False"
"verification/selection-exhaustive/evidence/AK/AK-001__PASS.png","M","F. BULK_EVIDENCE — DO NOT COMMIT","Bulk evidence, runtime output, or generated artifact; retained locally/external and excluded.","True","False"
"verification/selection-exhaustive/evidence/AK/AK-002__PASS.png","M","F. BULK_EVIDENCE — DO NOT COMMIT","Bulk evidence, runtime output, or generated artifact; retained locally/external and excluded.","True","False"
"verification/selection-exhaustive/evidence/AK/AK-003__PASS.png","M","F. BULK_EVIDENCE — DO NOT COMMIT","Bulk evidence, runtime output, or generated artifact; retained locally/external and excluded.","True","False"
"verification/selection-exhaustive/evidence/AL/AL-001__PASS.png","M","F. BULK_EVIDENCE — DO NOT COMMIT","Bulk evidence, runtime output, or generated artifact; retained locally/external and excluded.","True","False"
"verification/selection-exhaustive/evidence/AL/AL-002__PASS.png","M","F. BULK_EVIDENCE — DO NOT COMMIT","Bulk evidence, runtime output, or generated artifact; retained locally/external and excluded.","True","False"
"verification/selection-exhaustive/evidence/AL/AL-003__PASS.png","M","F. BULK_EVIDENCE — DO NOT COMMIT","Bulk evidence, runtime output, or generated artifact; retained locally/external and excluded.","True","False"
"verification/selection-exhaustive/evidence/AL/AL-004__EMPTY_VALID.png","M","F. BULK_EVIDENCE — DO NOT COMMIT","Bulk evidence, runtime output, or generated artifact; retained locally/external and excluded.","True","False"
"verification/selection-exhaustive/evidence/AL/AL-005__PASS.png","M","F. BULK_EVIDENCE — DO NOT COMMIT","Bulk evidence, runtime output, or generated artifact; retained locally/external and excluded.","True","False"
"verification/selection-exhaustive/evidence/AM/AM-001__PASS.png","M","F. BULK_EVIDENCE — DO NOT COMMIT","Bulk evidence, runtime output, or generated artifact; retained locally/external and excluded.","True","False"
"verification/selection-exhaustive/evidence/AM/AM-002__EMPTY_VALID.png","M","F. BULK_EVIDENCE — DO NOT COMMIT","Bulk evidence, runtime output, or generated artifact; retained locally/external and excluded.","True","False"
"verification/selection-exhaustive/evidence/AM/AM-003__PASS.png","M","F. BULK_EVIDENCE — DO NOT COMMIT","Bulk evidence, runtime output, or generated artifact; retained locally/external and excluded.","True","False"
"verification/selection-exhaustive/evidence/AN/AN-001__PASS.png","M","F. BULK_EVIDENCE — DO NOT COMMIT","Bulk evidence, runtime output, or generated artifact; retained locally/external and excluded.","True","False"
"verification/selection-exhaustive/evidence/AN/AN-002__PASS.png","M","F. BULK_EVIDENCE — DO NOT COMMIT","Bulk evidence, runtime output, or generated artifact; retained locally/external and excluded.","True","False"
"verification/selection-exhaustive/evidence/AN/AN-003__EMPTY_VALID.png","M","F. BULK_EVIDENCE — DO NOT COMMIT","Bulk evidence, runtime output, or generated artifact; retained locally/external and excluded.","True","False"
"verification/selection-exhaustive/evidence/AN/AN-004__PASS.png","M","F. BULK_EVIDENCE — DO NOT COMMIT","Bulk evidence, runtime output, or generated artifact; retained locally/external and excluded.","True","False"
"verification/selection-exhaustive/evidence/AN/AN-005__PASS.png","M","F. BULK_EVIDENCE — DO NOT COMMIT","Bulk evidence, runtime output, or generated artifact; retained locally/external and excluded.","True","False"
"verification/selection-exhaustive/evidence/AN/AN-006__PASS.png","M","F. BULK_EVIDENCE — DO NOT COMMIT","Bulk evidence, runtime output, or generated artifact; retained locally/external and excluded.","True","False"
"verification/selection-exhaustive/evidence/AN/AN-007__EMPTY_VALID.png","M","F. BULK_EVIDENCE — DO NOT COMMIT","Bulk evidence, runtime output, or generated artifact; retained locally/external and excluded.","True","False"
"verification/selection-exhaustive/evidence/AN/AN-008__PASS.png","M","F. BULK_EVIDENCE — DO NOT COMMIT","Bulk evidence, runtime output, or generated artifact; retained locally/external and excluded.","True","False"
"verification/selection-exhaustive/evidence/AN/AN-009__EMPTY_VALID.png","M","F. BULK_EVIDENCE — DO NOT COMMIT","Bulk evidence, runtime output, or generated artifact; retained locally/external and excluded.","True","False"
"verification/selection-exhaustive/evidence/AN/AN-010__PASS.png","M","F. BULK_EVIDENCE — DO NOT COMMIT","Bulk evidence, runtime output, or generated artifact; retained locally/external and excluded.","True","False"
"verification/selection-exhaustive/evidence/AN/AN-011__PASS.png","M","F. BULK_EVIDENCE — DO NOT COMMIT","Bulk evidence, runtime output, or generated artifact; retained locally/external and excluded.","True","False"
"verification/selection-exhaustive/evidence/AN/AN-012__PASS.png","M","F. BULK_EVIDENCE — DO NOT COMMIT","Bulk evidence, runtime output, or generated artifact; retained locally/external and excluded.","True","False"
"verification/selection-exhaustive/evidence/AN/AN-013__PASS.png","M","F. BULK_EVIDENCE — DO NOT COMMIT","Bulk evidence, runtime output, or generated artifact; retained locally/external and excluded.","True","False"
"verification/selection-exhaustive/evidence/AO/AO-001__EMPTY_VALID.png","M","F. BULK_EVIDENCE — DO NOT COMMIT","Bulk evidence, runtime output, or generated artifact; retained locally/external and excluded.","True","False"
"verification/selection-exhaustive/evidence/AO/AO-002__EMPTY_VALID.png","M","F. BULK_EVIDENCE — DO NOT COMMIT","Bulk evidence, runtime output, or generated artifact; retained locally/external and excluded.","True","False"
"verification/selection-exhaustive/evidence/AO/AO-003__EMPTY_VALID.png","M","F. BULK_EVIDENCE — DO NOT COMMIT","Bulk evidence, runtime output, or generated artifact; retained locally/external and excluded.","True","False"
"verification/selection-exhaustive/evidence/AO/AO-004__EMPTY_VALID.png","M","F. BULK_EVIDENCE — DO NOT COMMIT","Bulk evidence, runtime output, or generated artifact; retained locally/external and excluded.","True","False"
"verification/selection-exhaustive/evidence/AP/AP-001__PASS.png","M","F. BULK_EVIDENCE — DO NOT COMMIT","Bulk evidence, runtime output, or generated artifact; retained locally/external and excluded.","True","False"
"verification/selection-exhaustive/evidence/AP/AP-002__PASS.png","M","F. BULK_EVIDENCE — DO NOT COMMIT","Bulk evidence, runtime output, or generated artifact; retained locally/external and excluded.","True","False"
"verification/selection-exhaustive/evidence/AP/AP-003__EMPTY_VALID.png","M","F. BULK_EVIDENCE — DO NOT COMMIT","Bulk evidence, runtime output, or generated artifact; retained locally/external and excluded.","True","False"
"verification/selection-exhaustive/evidence/AP/AP-004__EMPTY_VALID.png","M","F. BULK_EVIDENCE — DO NOT COMMIT","Bulk evidence, runtime output, or generated artifact; retained locally/external and excluded.","True","False"
"verification/selection-exhaustive/evidence/AP/AP-005__EMPTY_VALID.png","M","F. BULK_EVIDENCE — DO NOT COMMIT","Bulk evidence, runtime output, or generated artifact; retained locally/external and excluded.","True","False"
"verification/selection-exhaustive/evidence/AQ/AQ-001__PASS.png","M","F. BULK_EVIDENCE — DO NOT COMMIT","Bulk evidence, runtime output, or generated artifact; retained locally/external and excluded.","True","False"
"verification/selection-exhaustive/evidence/AQ/AQ-002__PASS.png","M","F. BULK_EVIDENCE — DO NOT COMMIT","Bulk evidence, runtime output, or generated artifact; retained locally/external and excluded.","True","False"
"verification/selection-exhaustive/evidence/AQ/AQ-003__PASS.png","M","F. BULK_EVIDENCE — DO NOT COMMIT","Bulk evidence, runtime output, or generated artifact; retained locally/external and excluded.","True","False"
"verification/selection-exhaustive/evidence/AQ/AQ-004__EMPTY_VALID.png","M","F. BULK_EVIDENCE — DO NOT COMMIT","Bulk evidence, runtime output, or generated artifact; retained locally/external and excluded.","True","False"
"verification/selection-exhaustive/evidence/AQ/AQ-005__EMPTY_VALID.png","M","F. BULK_EVIDENCE — DO NOT COMMIT","Bulk evidence, runtime output, or generated artifact; retained locally/external and excluded.","True","False"
"verification/selection-exhaustive/evidence/AR/AR-001__PASS.png","M","F. BULK_EVIDENCE — DO NOT COMMIT","Bulk evidence, runtime output, or generated artifact; retained locally/external and excluded.","True","False"
"verification/selection-exhaustive/evidence/AR/AR-002__PASS.png","M","F. BULK_EVIDENCE — DO NOT COMMIT","Bulk evidence, runtime output, or generated artifact; retained locally/external and excluded.","True","False"
"verification/selection-exhaustive/evidence/AR/AR-003__PASS.png","M","F. BULK_EVIDENCE — DO NOT COMMIT","Bulk evidence, runtime output, or generated artifact; retained locally/external and excluded.","True","False"
"verification/selection-exhaustive/evidence/AS/AS-001__PASS.png","M","F. BULK_EVIDENCE — DO NOT COMMIT","Bulk evidence, runtime output, or generated artifact; retained locally/external and excluded.","True","False"
"verification/selection-exhaustive/evidence/AS/AS-002__PASS.png","M","F. BULK_EVIDENCE — DO NOT COMMIT","Bulk evidence, runtime output, or generated artifact; retained locally/external and excluded.","True","False"
"verification/selection-exhaustive/evidence/AS/AS-003__PASS.png","M","F. BULK_EVIDENCE — DO NOT COMMIT","Bulk evidence, runtime output, or generated artifact; retained locally/external and excluded.","True","False"
"verification/selection-exhaustive/evidence/AS/AS-004__PASS.png","M","F. BULK_EVIDENCE — DO NOT COMMIT","Bulk evidence, runtime output, or generated artifact; retained locally/external and excluded.","True","False"
"verification/selection-exhaustive/evidence/AS/AS-005__PASS.png","M","F. BULK_EVIDENCE — DO NOT COMMIT","Bulk evidence, runtime output, or generated artifact; retained locally/external and excluded.","True","False"
"verification/selection-exhaustive/evidence/AS/AS-006__PASS.png","M","F. BULK_EVIDENCE — DO NOT COMMIT","Bulk evidence, runtime output, or generated artifact; retained locally/external and excluded.","True","False"
"verification/selection-exhaustive/evidence/AS/AS-007__PASS.png","M","F. BULK_EVIDENCE — DO NOT COMMIT","Bulk evidence, runtime output, or generated artifact; retained locally/external and excluded.","True","False"
"verification/selection-exhaustive/evidence/AT/AT-001__EMPTY_VALID.png","M","F. BULK_EVIDENCE — DO NOT COMMIT","Bulk evidence, runtime output, or generated artifact; retained locally/external and excluded.","True","False"
"verification/selection-exhaustive/evidence/AT/AT-002__PASS.png","M","F. BULK_EVIDENCE — DO NOT COMMIT","Bulk evidence, runtime output, or generated artifact; retained locally/external and excluded.","True","False"
"verification/selection-exhaustive/evidence/AT/AT-003__EMPTY_VALID.png","M","F. BULK_EVIDENCE — DO NOT COMMIT","Bulk evidence, runtime output, or generated artifact; retained locally/external and excluded.","True","False"
"verification/selection-exhaustive/evidence/AT/AT-004__EMPTY_VALID.png","M","F. BULK_EVIDENCE — DO NOT COMMIT","Bulk evidence, runtime output, or generated artifact; retained locally/external and excluded.","True","False"
"verification/selection-exhaustive/evidence/AU/AU-001__PASS.png","M","F. BULK_EVIDENCE — DO NOT COMMIT","Bulk evidence, runtime output, or generated artifact; retained locally/external and excluded.","True","False"
"verification/selection-exhaustive/evidence/AU/AU-002__EMPTY_VALID.png","M","F. BULK_EVIDENCE — DO NOT COMMIT","Bulk evidence, runtime output, or generated artifact; retained locally/external and excluded.","True","False"
"verification/selection-exhaustive/evidence/AU/AU-003__PASS.png","M","F. BULK_EVIDENCE — DO NOT COMMIT","Bulk evidence, runtime output, or generated artifact; retained locally/external and excluded.","True","False"
"verification/selection-exhaustive/evidence/AU/AU-004__PASS.png","M","F. BULK_EVIDENCE — DO NOT COMMIT","Bulk evidence, runtime output, or generated artifact; retained locally/external and excluded.","True","False"
"verification/selection-exhaustive/evidence/AU/AU-005__PASS.png","M","F. BULK_EVIDENCE — DO NOT COMMIT","Bulk evidence, runtime output, or generated artifact; retained locally/external and excluded.","True","False"
"verification/selection-exhaustive/evidence/AV/AV-001-01__EMPTY_VALID.png","M","F. BULK_EVIDENCE — DO NOT COMMIT","Bulk evidence, runtime output, or generated artifact; retained locally/external and excluded.","True","False"
"verification/selection-exhaustive/evidence/AV/AV-001-02__EMPTY_VALID.png","M","F. BULK_EVIDENCE — DO NOT COMMIT","Bulk evidence, runtime output, or generated artifact; retained locally/external and excluded.","True","False"
"verification/selection-exhaustive/evidence/AV/AV-001-03__PASS.png","M","F. BULK_EVIDENCE — DO NOT COMMIT","Bulk evidence, runtime output, or generated artifact; retained locally/external and excluded.","True","False"
"verification/selection-exhaustive/evidence/AV/AV-001-04__EMPTY_VALID.png","M","F. BULK_EVIDENCE — DO NOT COMMIT","Bulk evidence, runtime output, or generated artifact; retained locally/external and excluded.","True","False"
"verification/selection-exhaustive/evidence/AV/AV-001-05__PASS.png","M","F. BULK_EVIDENCE — DO NOT COMMIT","Bulk evidence, runtime output, or generated artifact; retained locally/external and excluded.","True","False"
"verification/selection-exhaustive/evidence/AV/AV-001-06__EMPTY_VALID.png","M","F. BULK_EVIDENCE — DO NOT COMMIT","Bulk evidence, runtime output, or generated artifact; retained locally/external and excluded.","True","False"
"verification/selection-exhaustive/evidence/AV/AV-002-01__EMPTY_VALID.png","M","F. BULK_EVIDENCE — DO NOT COMMIT","Bulk evidence, runtime output, or generated artifact; retained locally/external and excluded.","True","False"
"verification/selection-exhaustive/evidence/AV/AV-002-02__EMPTY_VALID.png","M","F. BULK_EVIDENCE — DO NOT COMMIT","Bulk evidence, runtime output, or generated artifact; retained locally/external and excluded.","True","False"
"verification/selection-exhaustive/evidence/AV/AV-002-03__PASS.png","M","F. BULK_EVIDENCE — DO NOT COMMIT","Bulk evidence, runtime output, or generated artifact; retained locally/external and excluded.","True","False"
"verification/selection-exhaustive/evidence/AV/AV-002-04__EMPTY_VALID.png","M","F. BULK_EVIDENCE — DO NOT COMMIT","Bulk evidence, runtime output, or generated artifact; retained locally/external and excluded.","True","False"
"verification/selection-exhaustive/evidence/AV/AV-002-05__PASS.png","M","F. BULK_EVIDENCE — DO NOT COMMIT","Bulk evidence, runtime output, or generated artifact; retained locally/external and excluded.","True","False"
"verification/selection-exhaustive/evidence/AV/AV-002-06__EMPTY_VALID.png","M","F. BULK_EVIDENCE — DO NOT COMMIT","Bulk evidence, runtime output, or generated artifact; retained locally/external and excluded.","True","False"
"verification/selection-exhaustive/evidence/AV/AV-003-01__EMPTY_VALID.png","M","F. BULK_EVIDENCE — DO NOT COMMIT","Bulk evidence, runtime output, or generated artifact; retained locally/external and excluded.","True","False"
"verification/selection-exhaustive/evidence/AV/AV-003-02__EMPTY_VALID.png","M","F. BULK_EVIDENCE — DO NOT COMMIT","Bulk evidence, runtime output, or generated artifact; retained locally/external and excluded.","True","False"
"verification/selection-exhaustive/evidence/AV/AV-003-03__PASS.png","M","F. BULK_EVIDENCE — DO NOT COMMIT","Bulk evidence, runtime output, or generated artifact; retained locally/external and excluded.","True","False"
"verification/selection-exhaustive/evidence/AV/AV-003-04__EMPTY_VALID.png","M","F. BULK_EVIDENCE — DO NOT COMMIT","Bulk evidence, runtime output, or generated artifact; retained locally/external and excluded.","True","False"
"verification/selection-exhaustive/evidence/AV/AV-003-05__PASS.png","M","F. BULK_EVIDENCE — DO NOT COMMIT","Bulk evidence, runtime output, or generated artifact; retained locally/external and excluded.","True","False"
"verification/selection-exhaustive/evidence/AV/AV-003-06__EMPTY_VALID.png","M","F. BULK_EVIDENCE — DO NOT COMMIT","Bulk evidence, runtime output, or generated artifact; retained locally/external and excluded.","True","False"
"verification/selection-exhaustive/evidence/AV/AV-004-01__EMPTY_VALID.png","M","F. BULK_EVIDENCE — DO NOT COMMIT","Bulk evidence, runtime output, or generated artifact; retained locally/external and excluded.","True","False"
"verification/selection-exhaustive/evidence/AV/AV-004-02__EMPTY_VALID.png","M","F. BULK_EVIDENCE — DO NOT COMMIT","Bulk evidence, runtime output, or generated artifact; retained locally/external and excluded.","True","False"
"verification/selection-exhaustive/evidence/AV/AV-004-03__PASS.png","M","F. BULK_EVIDENCE — DO NOT COMMIT","Bulk evidence, runtime output, or generated artifact; retained locally/external and excluded.","True","False"
"verification/selection-exhaustive/evidence/AV/AV-004-04__EMPTY_VALID.png","M","F. BULK_EVIDENCE — DO NOT COMMIT","Bulk evidence, runtime output, or generated artifact; retained locally/external and excluded.","True","False"
"verification/selection-exhaustive/evidence/AV/AV-004-05__PASS.png","M","F. BULK_EVIDENCE — DO NOT COMMIT","Bulk evidence, runtime output, or generated artifact; retained locally/external and excluded.","True","False"
"verification/selection-exhaustive/evidence/AV/AV-004-06__EMPTY_VALID.png","M","F. BULK_EVIDENCE — DO NOT COMMIT","Bulk evidence, runtime output, or generated artifact; retained locally/external and excluded.","True","False"
"verification/selection-exhaustive/evidence/AV/AV-005-01__EMPTY_VALID.png","M","F. BULK_EVIDENCE — DO NOT COMMIT","Bulk evidence, runtime output, or generated artifact; retained locally/external and excluded.","True","False"
"verification/selection-exhaustive/evidence/AV/AV-005-02__EMPTY_VALID.png","M","F. BULK_EVIDENCE — DO NOT COMMIT","Bulk evidence, runtime output, or generated artifact; retained locally/external and excluded.","True","False"
"verification/selection-exhaustive/evidence/AV/AV-005-03__PASS.png","M","F. BULK_EVIDENCE — DO NOT COMMIT","Bulk evidence, runtime output, or generated artifact; retained locally/external and excluded.","True","False"
"verification/selection-exhaustive/evidence/AV/AV-005-04__EMPTY_VALID.png","M","F. BULK_EVIDENCE — DO NOT COMMIT","Bulk evidence, runtime output, or generated artifact; retained locally/external and excluded.","True","False"
"verification/selection-exhaustive/evidence/AV/AV-005-05__PASS.png","M","F. BULK_EVIDENCE — DO NOT COMMIT","Bulk evidence, runtime output, or generated artifact; retained locally/external and excluded.","True","False"
"verification/selection-exhaustive/evidence/AV/AV-005-06__EMPTY_VALID.png","M","F. BULK_EVIDENCE — DO NOT COMMIT","Bulk evidence, runtime output, or generated artifact; retained locally/external and excluded.","True","False"
"verification/selection-exhaustive/evidence/AV/AV-006-01__EMPTY_VALID.png","M","F. BULK_EVIDENCE — DO NOT COMMIT","Bulk evidence, runtime output, or generated artifact; retained locally/external and excluded.","True","False"
"verification/selection-exhaustive/evidence/AV/AV-006-02__EMPTY_VALID.png","M","F. BULK_EVIDENCE — DO NOT COMMIT","Bulk evidence, runtime output, or generated artifact; retained locally/external and excluded.","True","False"
"verification/selection-exhaustive/evidence/AV/AV-006-03__PASS.png","M","F. BULK_EVIDENCE — DO NOT COMMIT","Bulk evidence, runtime output, or generated artifact; retained locally/external and excluded.","True","False"
"verification/selection-exhaustive/evidence/AV/AV-006-04__EMPTY_VALID.png","M","F. BULK_EVIDENCE — DO NOT COMMIT","Bulk evidence, runtime output, or generated artifact; retained locally/external and excluded.","True","False"
"verification/selection-exhaustive/evidence/AV/AV-006-05__PASS.png","M","F. BULK_EVIDENCE — DO NOT COMMIT","Bulk evidence, runtime output, or generated artifact; retained locally/external and excluded.","True","False"
"verification/selection-exhaustive/evidence/AV/AV-006-06__EMPTY_VALID.png","M","F. BULK_EVIDENCE — DO NOT COMMIT","Bulk evidence, runtime output, or generated artifact; retained locally/external and excluded.","True","False"
"verification/selection-exhaustive/evidence/AV/AV-007-01__EMPTY_VALID.png","M","F. BULK_EVIDENCE — DO NOT COMMIT","Bulk evidence, runtime output, or generated artifact; retained locally/external and excluded.","True","False"
"verification/selection-exhaustive/evidence/AV/AV-007-02__EMPTY_VALID.png","M","F. BULK_EVIDENCE — DO NOT COMMIT","Bulk evidence, runtime output, or generated artifact; retained locally/external and excluded.","True","False"
"verification/selection-exhaustive/evidence/AV/AV-007-03__PASS.png","M","F. BULK_EVIDENCE — DO NOT COMMIT","Bulk evidence, runtime output, or generated artifact; retained locally/external and excluded.","True","False"
"verification/selection-exhaustive/evidence/AV/AV-007-04__EMPTY_VALID.png","M","F. BULK_EVIDENCE — DO NOT COMMIT","Bulk evidence, runtime output, or generated artifact; retained locally/external and excluded.","True","False"
"verification/selection-exhaustive/evidence/AV/AV-007-05__PASS.png","M","F. BULK_EVIDENCE — DO NOT COMMIT","Bulk evidence, runtime output, or generated artifact; retained locally/external and excluded.","True","False"
"verification/selection-exhaustive/evidence/AV/AV-007-06__EMPTY_VALID.png","M","F. BULK_EVIDENCE — DO NOT COMMIT","Bulk evidence, runtime output, or generated artifact; retained locally/external and excluded.","True","False"
"verification/selection-exhaustive/evidence/AV/AV-008-01__EMPTY_VALID.png","M","F. BULK_EVIDENCE — DO NOT COMMIT","Bulk evidence, runtime output, or generated artifact; retained locally/external and excluded.","True","False"
"verification/selection-exhaustive/evidence/AV/AV-008-02__EMPTY_VALID.png","M","F. BULK_EVIDENCE — DO NOT COMMIT","Bulk evidence, runtime output, or generated artifact; retained locally/external and excluded.","True","False"
"verification/selection-exhaustive/evidence/AV/AV-008-03__PASS.png","M","F. BULK_EVIDENCE — DO NOT COMMIT","Bulk evidence, runtime output, or generated artifact; retained locally/external and excluded.","True","False"
"verification/selection-exhaustive/evidence/AV/AV-008-04__EMPTY_VALID.png","M","F. BULK_EVIDENCE — DO NOT COMMIT","Bulk evidence, runtime output, or generated artifact; retained locally/external and excluded.","True","False"
"verification/selection-exhaustive/evidence/AV/AV-008-05__PASS.png","M","F. BULK_EVIDENCE — DO NOT COMMIT","Bulk evidence, runtime output, or generated artifact; retained locally/external and excluded.","True","False"
"verification/selection-exhaustive/evidence/AV/AV-008-06__EMPTY_VALID.png","M","F. BULK_EVIDENCE — DO NOT COMMIT","Bulk evidence, runtime output, or generated artifact; retained locally/external and excluded.","True","False"
"verification/selection-exhaustive/evidence/AV/AV-009-01__EMPTY_VALID.png","M","F. BULK_EVIDENCE — DO NOT COMMIT","Bulk evidence, runtime output, or generated artifact; retained locally/external and excluded.","True","False"
"verification/selection-exhaustive/evidence/AV/AV-009-02__EMPTY_VALID.png","M","F. BULK_EVIDENCE — DO NOT COMMIT","Bulk evidence, runtime output, or generated artifact; retained locally/external and excluded.","True","False"
"verification/selection-exhaustive/evidence/AV/AV-009-03__PASS.png","M","F. BULK_EVIDENCE — DO NOT COMMIT","Bulk evidence, runtime output, or generated artifact; retained locally/external and excluded.","True","False"
"verification/selection-exhaustive/evidence/AV/AV-009-04__EMPTY_VALID.png","M","F. BULK_EVIDENCE — DO NOT COMMIT","Bulk evidence, runtime output, or generated artifact; retained locally/external and excluded.","True","False"
"verification/selection-exhaustive/evidence/AV/AV-009-05__PASS.png","M","F. BULK_EVIDENCE — DO NOT COMMIT","Bulk evidence, runtime output, or generated artifact; retained locally/external and excluded.","True","False"
"verification/selection-exhaustive/evidence/AV/AV-009-06__EMPTY_VALID.png","M","F. BULK_EVIDENCE — DO NOT COMMIT","Bulk evidence, runtime output, or generated artifact; retained locally/external and excluded.","True","False"
"verification/selection-exhaustive/evidence/AV/AV-010-01__EMPTY_VALID.png","M","F. BULK_EVIDENCE — DO NOT COMMIT","Bulk evidence, runtime output, or generated artifact; retained locally/external and excluded.","True","False"
"verification/selection-exhaustive/evidence/AV/AV-010-02__EMPTY_VALID.png","M","F. BULK_EVIDENCE — DO NOT COMMIT","Bulk evidence, runtime output, or generated artifact; retained locally/external and excluded.","True","False"
"verification/selection-exhaustive/evidence/AV/AV-010-03__PASS.png","M","F. BULK_EVIDENCE — DO NOT COMMIT","Bulk evidence, runtime output, or generated artifact; retained locally/external and excluded.","True","False"
"verification/selection-exhaustive/evidence/AV/AV-010-04__EMPTY_VALID.png","M","F. BULK_EVIDENCE — DO NOT COMMIT","Bulk evidence, runtime output, or generated artifact; retained locally/external and excluded.","True","False"
"verification/selection-exhaustive/evidence/AV/AV-010-05__PASS.png","M","F. BULK_EVIDENCE — DO NOT COMMIT","Bulk evidence, runtime output, or generated artifact; retained locally/external and excluded.","True","False"
"verification/selection-exhaustive/evidence/AV/AV-010-06__EMPTY_VALID.png","M","F. BULK_EVIDENCE — DO NOT COMMIT","Bulk evidence, runtime output, or generated artifact; retained locally/external and excluded.","True","False"
"verification/selection-exhaustive/evidence/AV/AV-011-01__EMPTY_VALID.png","M","F. BULK_EVIDENCE — DO NOT COMMIT","Bulk evidence, runtime output, or generated artifact; retained locally/external and excluded.","True","False"
"verification/selection-exhaustive/evidence/AV/AV-011-02__EMPTY_VALID.png","M","F. BULK_EVIDENCE — DO NOT COMMIT","Bulk evidence, runtime output, or generated artifact; retained locally/external and excluded.","True","False"
"verification/selection-exhaustive/evidence/AV/AV-011-03__PASS.png","M","F. BULK_EVIDENCE — DO NOT COMMIT","Bulk evidence, runtime output, or generated artifact; retained locally/external and excluded.","True","False"
"verification/selection-exhaustive/evidence/AV/AV-011-04__EMPTY_VALID.png","M","F. BULK_EVIDENCE — DO NOT COMMIT","Bulk evidence, runtime output, or generated artifact; retained locally/external and excluded.","True","False"
"verification/selection-exhaustive/evidence/AV/AV-011-05__PASS.png","M","F. BULK_EVIDENCE — DO NOT COMMIT","Bulk evidence, runtime output, or generated artifact; retained locally/external and excluded.","True","False"
"verification/selection-exhaustive/evidence/AV/AV-011-06__EMPTY_VALID.png","M","F. BULK_EVIDENCE — DO NOT COMMIT","Bulk evidence, runtime output, or generated artifact; retained locally/external and excluded.","True","False"
"verification/selection-exhaustive/evidence/AV/AV-012-01__EMPTY_VALID.png","M","F. BULK_EVIDENCE — DO NOT COMMIT","Bulk evidence, runtime output, or generated artifact; retained locally/external and excluded.","True","False"
"verification/selection-exhaustive/evidence/AV/AV-012-02__EMPTY_VALID.png","M","F. BULK_EVIDENCE — DO NOT COMMIT","Bulk evidence, runtime output, or generated artifact; retained locally/external and excluded.","True","False"
"verification/selection-exhaustive/evidence/AV/AV-012-03__PASS.png","M","F. BULK_EVIDENCE — DO NOT COMMIT","Bulk evidence, runtime output, or generated artifact; retained locally/external and excluded.","True","False"
"verification/selection-exhaustive/evidence/AV/AV-012-04__EMPTY_VALID.png","M","F. BULK_EVIDENCE — DO NOT COMMIT","Bulk evidence, runtime output, or generated artifact; retained locally/external and excluded.","True","False"
"verification/selection-exhaustive/evidence/AV/AV-012-05__PASS.png","M","F. BULK_EVIDENCE — DO NOT COMMIT","Bulk evidence, runtime output, or generated artifact; retained locally/external and excluded.","True","False"
"verification/selection-exhaustive/evidence/AV/AV-012-06__EMPTY_VALID.png","M","F. BULK_EVIDENCE — DO NOT COMMIT","Bulk evidence, runtime output, or generated artifact; retained locally/external and excluded.","True","False"
"verification/selection-exhaustive/evidence/AV/AV-013-01__EMPTY_VALID.png","M","F. BULK_EVIDENCE — DO NOT COMMIT","Bulk evidence, runtime output, or generated artifact; retained locally/external and excluded.","True","False"
"verification/selection-exhaustive/evidence/AV/AV-013-02__EMPTY_VALID.png","M","F. BULK_EVIDENCE — DO NOT COMMIT","Bulk evidence, runtime output, or generated artifact; retained locally/external and excluded.","True","False"
"verification/selection-exhaustive/evidence/AV/AV-013-03__PASS.png","M","F. BULK_EVIDENCE — DO NOT COMMIT","Bulk evidence, runtime output, or generated artifact; retained locally/external and excluded.","True","False"
"verification/selection-exhaustive/evidence/AV/AV-013-04__EMPTY_VALID.png","M","F. BULK_EVIDENCE — DO NOT COMMIT","Bulk evidence, runtime output, or generated artifact; retained locally/external and excluded.","True","False"
"verification/selection-exhaustive/evidence/AV/AV-013-05__PASS.png","M","F. BULK_EVIDENCE — DO NOT COMMIT","Bulk evidence, runtime output, or generated artifact; retained locally/external and excluded.","True","False"
"verification/selection-exhaustive/evidence/AV/AV-013-06__EMPTY_VALID.png","M","F. BULK_EVIDENCE — DO NOT COMMIT","Bulk evidence, runtime output, or generated artifact; retained locally/external and excluded.","True","False"
"verification/selection-exhaustive/evidence/AV/AV-014-01__EMPTY_VALID.png","M","F. BULK_EVIDENCE — DO NOT COMMIT","Bulk evidence, runtime output, or generated artifact; retained locally/external and excluded.","True","False"
"verification/selection-exhaustive/evidence/AV/AV-014-02__EMPTY_VALID.png","M","F. BULK_EVIDENCE — DO NOT COMMIT","Bulk evidence, runtime output, or generated artifact; retained locally/external and excluded.","True","False"
"verification/selection-exhaustive/evidence/AV/AV-014-03__PASS.png","M","F. BULK_EVIDENCE — DO NOT COMMIT","Bulk evidence, runtime output, or generated artifact; retained locally/external and excluded.","True","False"
"verification/selection-exhaustive/evidence/AV/AV-014-04__EMPTY_VALID.png","M","F. BULK_EVIDENCE — DO NOT COMMIT","Bulk evidence, runtime output, or generated artifact; retained locally/external and excluded.","True","False"
"verification/selection-exhaustive/evidence/AV/AV-014-05__PASS.png","M","F. BULK_EVIDENCE — DO NOT COMMIT","Bulk evidence, runtime output, or generated artifact; retained locally/external and excluded.","True","False"
"verification/selection-exhaustive/evidence/AV/AV-014-06__EMPTY_VALID.png","M","F. BULK_EVIDENCE — DO NOT COMMIT","Bulk evidence, runtime output, or generated artifact; retained locally/external and excluded.","True","False"
"verification/selection-exhaustive/evidence/AV/AV-015-01__EMPTY_VALID.png","M","F. BULK_EVIDENCE — DO NOT COMMIT","Bulk evidence, runtime output, or generated artifact; retained locally/external and excluded.","True","False"
"verification/selection-exhaustive/evidence/AV/AV-015-02__EMPTY_VALID.png","M","F. BULK_EVIDENCE — DO NOT COMMIT","Bulk evidence, runtime output, or generated artifact; retained locally/external and excluded.","True","False"
"verification/selection-exhaustive/evidence/AV/AV-015-03__PASS.png","M","F. BULK_EVIDENCE — DO NOT COMMIT","Bulk evidence, runtime output, or generated artifact; retained locally/external and excluded.","True","False"
"verification/selection-exhaustive/evidence/AV/AV-015-04__EMPTY_VALID.png","M","F. BULK_EVIDENCE — DO NOT COMMIT","Bulk evidence, runtime output, or generated artifact; retained locally/external and excluded.","True","False"
"verification/selection-exhaustive/evidence/AV/AV-015-05__PASS.png","M","F. BULK_EVIDENCE — DO NOT COMMIT","Bulk evidence, runtime output, or generated artifact; retained locally/external and excluded.","True","False"
"verification/selection-exhaustive/evidence/AV/AV-015-06__EMPTY_VALID.png","M","F. BULK_EVIDENCE — DO NOT COMMIT","Bulk evidence, runtime output, or generated artifact; retained locally/external and excluded.","True","False"
"verification/selection-exhaustive/evidence/AV/AV-016-01__EMPTY_VALID.png","M","F. BULK_EVIDENCE — DO NOT COMMIT","Bulk evidence, runtime output, or generated artifact; retained locally/external and excluded.","True","False"
"verification/selection-exhaustive/evidence/AV/AV-016-02__EMPTY_VALID.png","M","F. BULK_EVIDENCE — DO NOT COMMIT","Bulk evidence, runtime output, or generated artifact; retained locally/external and excluded.","True","False"
"verification/selection-exhaustive/evidence/AV/AV-016-03__PASS.png","M","F. BULK_EVIDENCE — DO NOT COMMIT","Bulk evidence, runtime output, or generated artifact; retained locally/external and excluded.","True","False"
"verification/selection-exhaustive/evidence/AV/AV-016-04__EMPTY_VALID.png","M","F. BULK_EVIDENCE — DO NOT COMMIT","Bulk evidence, runtime output, or generated artifact; retained locally/external and excluded.","True","False"
"verification/selection-exhaustive/evidence/AV/AV-016-05__PASS.png","M","F. BULK_EVIDENCE — DO NOT COMMIT","Bulk evidence, runtime output, or generated artifact; retained locally/external and excluded.","True","False"
"verification/selection-exhaustive/evidence/AV/AV-016-06__EMPTY_VALID.png","M","F. BULK_EVIDENCE — DO NOT COMMIT","Bulk evidence, runtime output, or generated artifact; retained locally/external and excluded.","True","False"
"verification/selection-exhaustive/evidence/AV/AV-017-01__EMPTY_VALID.png","M","F. BULK_EVIDENCE — DO NOT COMMIT","Bulk evidence, runtime output, or generated artifact; retained locally/external and excluded.","True","False"
"verification/selection-exhaustive/evidence/AV/AV-017-02__EMPTY_VALID.png","M","F. BULK_EVIDENCE — DO NOT COMMIT","Bulk evidence, runtime output, or generated artifact; retained locally/external and excluded.","True","False"
"verification/selection-exhaustive/evidence/AV/AV-017-03__PASS.png","M","F. BULK_EVIDENCE — DO NOT COMMIT","Bulk evidence, runtime output, or generated artifact; retained locally/external and excluded.","True","False"
"verification/selection-exhaustive/evidence/AV/AV-017-04__EMPTY_VALID.png","M","F. BULK_EVIDENCE — DO NOT COMMIT","Bulk evidence, runtime output, or generated artifact; retained locally/external and excluded.","True","False"
"verification/selection-exhaustive/evidence/AV/AV-017-05__PASS.png","M","F. BULK_EVIDENCE — DO NOT COMMIT","Bulk evidence, runtime output, or generated artifact; retained locally/external and excluded.","True","False"
"verification/selection-exhaustive/evidence/AV/AV-017-06__EMPTY_VALID.png","M","F. BULK_EVIDENCE — DO NOT COMMIT","Bulk evidence, runtime output, or generated artifact; retained locally/external and excluded.","True","False"
"verification/selection-exhaustive/evidence/AV/AV-018-01__EMPTY_VALID.png","M","F. BULK_EVIDENCE — DO NOT COMMIT","Bulk evidence, runtime output, or generated artifact; retained locally/external and excluded.","True","False"
"verification/selection-exhaustive/evidence/AV/AV-018-02__EMPTY_VALID.png","M","F. BULK_EVIDENCE — DO NOT COMMIT","Bulk evidence, runtime output, or generated artifact; retained locally/external and excluded.","True","False"
"verification/selection-exhaustive/evidence/AV/AV-018-03__PASS.png","M","F. BULK_EVIDENCE — DO NOT COMMIT","Bulk evidence, runtime output, or generated artifact; retained locally/external and excluded.","True","False"
"verification/selection-exhaustive/evidence/AV/AV-018-04__EMPTY_VALID.png","M","F. BULK_EVIDENCE — DO NOT COMMIT","Bulk evidence, runtime output, or generated artifact; retained locally/external and excluded.","True","False"
"verification/selection-exhaustive/evidence/AV/AV-018-05__PASS.png","M","F. BULK_EVIDENCE — DO NOT COMMIT","Bulk evidence, runtime output, or generated artifact; retained locally/external and excluded.","True","False"
"verification/selection-exhaustive/evidence/AV/AV-018-06__EMPTY_VALID.png","M","F. BULK_EVIDENCE — DO NOT COMMIT","Bulk evidence, runtime output, or generated artifact; retained locally/external and excluded.","True","False"
"verification/selection-exhaustive/evidence/AV/AV-019-01__EMPTY_VALID.png","M","F. BULK_EVIDENCE — DO NOT COMMIT","Bulk evidence, runtime output, or generated artifact; retained locally/external and excluded.","True","False"
"verification/selection-exhaustive/evidence/AV/AV-019-02__EMPTY_VALID.png","M","F. BULK_EVIDENCE — DO NOT COMMIT","Bulk evidence, runtime output, or generated artifact; retained locally/external and excluded.","True","False"
"verification/selection-exhaustive/evidence/AV/AV-019-03__PASS.png","M","F. BULK_EVIDENCE — DO NOT COMMIT","Bulk evidence, runtime output, or generated artifact; retained locally/external and excluded.","True","False"
"verification/selection-exhaustive/evidence/AV/AV-019-04__EMPTY_VALID.png","M","F. BULK_EVIDENCE — DO NOT COMMIT","Bulk evidence, runtime output, or generated artifact; retained locally/external and excluded.","True","False"
"verification/selection-exhaustive/evidence/AV/AV-019-05__PASS.png","M","F. BULK_EVIDENCE — DO NOT COMMIT","Bulk evidence, runtime output, or generated artifact; retained locally/external and excluded.","True","False"
"verification/selection-exhaustive/evidence/AV/AV-019-06__EMPTY_VALID.png","M","F. BULK_EVIDENCE — DO NOT COMMIT","Bulk evidence, runtime output, or generated artifact; retained locally/external and excluded.","True","False"
"verification/selection-exhaustive/evidence/AV/AV-020-01__EMPTY_VALID.png","M","F. BULK_EVIDENCE — DO NOT COMMIT","Bulk evidence, runtime output, or generated artifact; retained locally/external and excluded.","True","False"
"verification/selection-exhaustive/evidence/AV/AV-020-02__EMPTY_VALID.png","M","F. BULK_EVIDENCE — DO NOT COMMIT","Bulk evidence, runtime output, or generated artifact; retained locally/external and excluded.","True","False"
"verification/selection-exhaustive/evidence/AV/AV-020-03__PASS.png","M","F. BULK_EVIDENCE — DO NOT COMMIT","Bulk evidence, runtime output, or generated artifact; retained locally/external and excluded.","True","False"
"verification/selection-exhaustive/evidence/AV/AV-020-04__EMPTY_VALID.png","M","F. BULK_EVIDENCE — DO NOT COMMIT","Bulk evidence, runtime output, or generated artifact; retained locally/external and excluded.","True","False"
"verification/selection-exhaustive/evidence/AV/AV-020-05__PASS.png","M","F. BULK_EVIDENCE — DO NOT COMMIT","Bulk evidence, runtime output, or generated artifact; retained locally/external and excluded.","True","False"
"verification/selection-exhaustive/evidence/AV/AV-020-06__EMPTY_VALID.png","M","F. BULK_EVIDENCE — DO NOT COMMIT","Bulk evidence, runtime output, or generated artifact; retained locally/external and excluded.","True","False"
"verification/selection-exhaustive/evidence/AW/AW-001-001__PASS.png","M","F. BULK_EVIDENCE — DO NOT COMMIT","Bulk evidence, runtime output, or generated artifact; retained locally/external and excluded.","True","False"
"verification/selection-exhaustive/evidence/AW/AW-001-002__PASS.png","M","F. BULK_EVIDENCE — DO NOT COMMIT","Bulk evidence, runtime output, or generated artifact; retained locally/external and excluded.","True","False"
"verification/selection-exhaustive/evidence/AW/AW-001-003__EMPTY_VALID.png","M","F. BULK_EVIDENCE — DO NOT COMMIT","Bulk evidence, runtime output, or generated artifact; retained locally/external and excluded.","True","False"
"verification/selection-exhaustive/evidence/AW/AW-001-004__PASS.png","M","F. BULK_EVIDENCE — DO NOT COMMIT","Bulk evidence, runtime output, or generated artifact; retained locally/external and excluded.","True","False"
"verification/selection-exhaustive/evidence/AW/AW-001-005__PASS.png","M","F. BULK_EVIDENCE — DO NOT COMMIT","Bulk evidence, runtime output, or generated artifact; retained locally/external and excluded.","True","False"
"verification/selection-exhaustive/evidence/AW/AW-001-006__PASS.png","M","F. BULK_EVIDENCE — DO NOT COMMIT","Bulk evidence, runtime output, or generated artifact; retained locally/external and excluded.","True","False"
"verification/selection-exhaustive/evidence/AW/AW-001-007__EMPTY_VALID.png","M","F. BULK_EVIDENCE — DO NOT COMMIT","Bulk evidence, runtime output, or generated artifact; retained locally/external and excluded.","True","False"
"verification/selection-exhaustive/evidence/AW/AW-001-008__PASS.png","M","F. BULK_EVIDENCE — DO NOT COMMIT","Bulk evidence, runtime output, or generated artifact; retained locally/external and excluded.","True","False"
"verification/selection-exhaustive/evidence/AW/AW-002-001__PASS.png","M","F. BULK_EVIDENCE — DO NOT COMMIT","Bulk evidence, runtime output, or generated artifact; retained locally/external and excluded.","True","False"
"verification/selection-exhaustive/evidence/AW/AW-002-002__PASS.png","M","F. BULK_EVIDENCE — DO NOT COMMIT","Bulk evidence, runtime output, or generated artifact; retained locally/external and excluded.","True","False"
"verification/selection-exhaustive/evidence/AW/AW-002-003__EMPTY_VALID.png","M","F. BULK_EVIDENCE — DO NOT COMMIT","Bulk evidence, runtime output, or generated artifact; retained locally/external and excluded.","True","False"
"verification/selection-exhaustive/evidence/AW/AW-002-004__PASS.png","M","F. BULK_EVIDENCE — DO NOT COMMIT","Bulk evidence, runtime output, or generated artifact; retained locally/external and excluded.","True","False"
"verification/selection-exhaustive/evidence/AW/AW-002-005__PASS.png","M","F. BULK_EVIDENCE — DO NOT COMMIT","Bulk evidence, runtime output, or generated artifact; retained locally/external and excluded.","True","False"
"verification/selection-exhaustive/evidence/AW/AW-002-006__PASS.png","M","F. BULK_EVIDENCE — DO NOT COMMIT","Bulk evidence, runtime output, or generated artifact; retained locally/external and excluded.","True","False"
"verification/selection-exhaustive/evidence/AW/AW-002-007__EMPTY_VALID.png","M","F. BULK_EVIDENCE — DO NOT COMMIT","Bulk evidence, runtime output, or generated artifact; retained locally/external and excluded.","True","False"
"verification/selection-exhaustive/evidence/AW/AW-002-008__PASS.png","M","F. BULK_EVIDENCE — DO NOT COMMIT","Bulk evidence, runtime output, or generated artifact; retained locally/external and excluded.","True","False"
"verification/selection-exhaustive/evidence/AW/AW-003-001__PASS.png","M","F. BULK_EVIDENCE — DO NOT COMMIT","Bulk evidence, runtime output, or generated artifact; retained locally/external and excluded.","True","False"
"verification/selection-exhaustive/evidence/AW/AW-003-002__PASS.png","M","F. BULK_EVIDENCE — DO NOT COMMIT","Bulk evidence, runtime output, or generated artifact; retained locally/external and excluded.","True","False"
"verification/selection-exhaustive/evidence/AW/AW-003-003__EMPTY_VALID.png","M","F. BULK_EVIDENCE — DO NOT COMMIT","Bulk evidence, runtime output, or generated artifact; retained locally/external and excluded.","True","False"
"verification/selection-exhaustive/evidence/AW/AW-003-004__PASS.png","M","F. BULK_EVIDENCE — DO NOT COMMIT","Bulk evidence, runtime output, or generated artifact; retained locally/external and excluded.","True","False"
"verification/selection-exhaustive/evidence/AW/AW-003-005__PASS.png","M","F. BULK_EVIDENCE — DO NOT COMMIT","Bulk evidence, runtime output, or generated artifact; retained locally/external and excluded.","True","False"
"verification/selection-exhaustive/evidence/AW/AW-003-006__PASS.png","M","F. BULK_EVIDENCE — DO NOT COMMIT","Bulk evidence, runtime output, or generated artifact; retained locally/external and excluded.","True","False"
"verification/selection-exhaustive/evidence/AW/AW-003-007__EMPTY_VALID.png","M","F. BULK_EVIDENCE — DO NOT COMMIT","Bulk evidence, runtime output, or generated artifact; retained locally/external and excluded.","True","False"
"verification/selection-exhaustive/evidence/AW/AW-003-008__PASS.png","M","F. BULK_EVIDENCE — DO NOT COMMIT","Bulk evidence, runtime output, or generated artifact; retained locally/external and excluded.","True","False"
"verification/selection-exhaustive/evidence/AW/AW-004-001__PASS.png","M","F. BULK_EVIDENCE — DO NOT COMMIT","Bulk evidence, runtime output, or generated artifact; retained locally/external and excluded.","True","False"
"verification/selection-exhaustive/evidence/AW/AW-004-002__PASS.png","M","F. BULK_EVIDENCE — DO NOT COMMIT","Bulk evidence, runtime output, or generated artifact; retained locally/external and excluded.","True","False"
"verification/selection-exhaustive/evidence/AW/AW-004-003__EMPTY_VALID.png","M","F. BULK_EVIDENCE — DO NOT COMMIT","Bulk evidence, runtime output, or generated artifact; retained locally/external and excluded.","True","False"
"verification/selection-exhaustive/evidence/AW/AW-004-004__PASS.png","M","F. BULK_EVIDENCE — DO NOT COMMIT","Bulk evidence, runtime output, or generated artifact; retained locally/external and excluded.","True","False"
"verification/selection-exhaustive/evidence/AW/AW-004-005__PASS.png","M","F. BULK_EVIDENCE — DO NOT COMMIT","Bulk evidence, runtime output, or generated artifact; retained locally/external and excluded.","True","False"
"verification/selection-exhaustive/evidence/AW/AW-004-006__PASS.png","M","F. BULK_EVIDENCE — DO NOT COMMIT","Bulk evidence, runtime output, or generated artifact; retained locally/external and excluded.","True","False"
"verification/selection-exhaustive/evidence/AW/AW-004-007__EMPTY_VALID.png","M","F. BULK_EVIDENCE — DO NOT COMMIT","Bulk evidence, runtime output, or generated artifact; retained locally/external and excluded.","True","False"
"verification/selection-exhaustive/evidence/AW/AW-004-008__PASS.png","M","F. BULK_EVIDENCE — DO NOT COMMIT","Bulk evidence, runtime output, or generated artifact; retained locally/external and excluded.","True","False"
"verification/selection-exhaustive/evidence/AW/AW-005-001__PASS.png","M","F. BULK_EVIDENCE — DO NOT COMMIT","Bulk evidence, runtime output, or generated artifact; retained locally/external and excluded.","True","False"
"verification/selection-exhaustive/evidence/AW/AW-005-002__PASS.png","M","F. BULK_EVIDENCE — DO NOT COMMIT","Bulk evidence, runtime output, or generated artifact; retained locally/external and excluded.","True","False"
"verification/selection-exhaustive/evidence/AW/AW-005-003__EMPTY_VALID.png","M","F. BULK_EVIDENCE — DO NOT COMMIT","Bulk evidence, runtime output, or generated artifact; retained locally/external and excluded.","True","False"
"verification/selection-exhaustive/evidence/AW/AW-005-004__PASS.png","M","F. BULK_EVIDENCE — DO NOT COMMIT","Bulk evidence, runtime output, or generated artifact; retained locally/external and excluded.","True","False"
"verification/selection-exhaustive/evidence/AW/AW-005-005__PASS.png","M","F. BULK_EVIDENCE — DO NOT COMMIT","Bulk evidence, runtime output, or generated artifact; retained locally/external and excluded.","True","False"
"verification/selection-exhaustive/evidence/AW/AW-005-006__PASS.png","M","F. BULK_EVIDENCE — DO NOT COMMIT","Bulk evidence, runtime output, or generated artifact; retained locally/external and excluded.","True","False"
"verification/selection-exhaustive/evidence/AW/AW-005-007__EMPTY_VALID.png","M","F. BULK_EVIDENCE — DO NOT COMMIT","Bulk evidence, runtime output, or generated artifact; retained locally/external and excluded.","True","False"
"verification/selection-exhaustive/evidence/AW/AW-005-008__PASS.png","M","F. BULK_EVIDENCE — DO NOT COMMIT","Bulk evidence, runtime output, or generated artifact; retained locally/external and excluded.","True","False"
"verification/selection-exhaustive/evidence/AW/AW-006-001__PASS.png","M","F. BULK_EVIDENCE — DO NOT COMMIT","Bulk evidence, runtime output, or generated artifact; retained locally/external and excluded.","True","False"
"verification/selection-exhaustive/evidence/AW/AW-006-002__PASS.png","M","F. BULK_EVIDENCE — DO NOT COMMIT","Bulk evidence, runtime output, or generated artifact; retained locally/external and excluded.","True","False"
"verification/selection-exhaustive/evidence/AW/AW-006-003__EMPTY_VALID.png","M","F. BULK_EVIDENCE — DO NOT COMMIT","Bulk evidence, runtime output, or generated artifact; retained locally/external and excluded.","True","False"
"verification/selection-exhaustive/evidence/AW/AW-006-004__PASS.png","M","F. BULK_EVIDENCE — DO NOT COMMIT","Bulk evidence, runtime output, or generated artifact; retained locally/external and excluded.","True","False"
"verification/selection-exhaustive/evidence/AW/AW-006-005__PASS.png","M","F. BULK_EVIDENCE — DO NOT COMMIT","Bulk evidence, runtime output, or generated artifact; retained locally/external and excluded.","True","False"
"verification/selection-exhaustive/evidence/AW/AW-006-006__PASS.png","M","F. BULK_EVIDENCE — DO NOT COMMIT","Bulk evidence, runtime output, or generated artifact; retained locally/external and excluded.","True","False"
"verification/selection-exhaustive/evidence/AW/AW-006-007__EMPTY_VALID.png","M","F. BULK_EVIDENCE — DO NOT COMMIT","Bulk evidence, runtime output, or generated artifact; retained locally/external and excluded.","True","False"
"verification/selection-exhaustive/evidence/AW/AW-006-008__PASS.png","M","F. BULK_EVIDENCE — DO NOT COMMIT","Bulk evidence, runtime output, or generated artifact; retained locally/external and excluded.","True","False"
"verification/selection-exhaustive/evidence/AW/AW-007-001__PASS.png","M","F. BULK_EVIDENCE — DO NOT COMMIT","Bulk evidence, runtime output, or generated artifact; retained locally/external and excluded.","True","False"
"verification/selection-exhaustive/evidence/AW/AW-007-002__PASS.png","M","F. BULK_EVIDENCE — DO NOT COMMIT","Bulk evidence, runtime output, or generated artifact; retained locally/external and excluded.","True","False"
"verification/selection-exhaustive/evidence/AW/AW-007-003__EMPTY_VALID.png","M","F. BULK_EVIDENCE — DO NOT COMMIT","Bulk evidence, runtime output, or generated artifact; retained locally/external and excluded.","True","False"
"verification/selection-exhaustive/evidence/AW/AW-007-004__PASS.png","M","F. BULK_EVIDENCE — DO NOT COMMIT","Bulk evidence, runtime output, or generated artifact; retained locally/external and excluded.","True","False"
"verification/selection-exhaustive/evidence/AW/AW-007-005__PASS.png","M","F. BULK_EVIDENCE — DO NOT COMMIT","Bulk evidence, runtime output, or generated artifact; retained locally/external and excluded.","True","False"
"verification/selection-exhaustive/evidence/AW/AW-007-006__PASS.png","M","F. BULK_EVIDENCE — DO NOT COMMIT","Bulk evidence, runtime output, or generated artifact; retained locally/external and excluded.","True","False"
"verification/selection-exhaustive/evidence/AW/AW-007-007__EMPTY_VALID.png","M","F. BULK_EVIDENCE — DO NOT COMMIT","Bulk evidence, runtime output, or generated artifact; retained locally/external and excluded.","True","False"
"verification/selection-exhaustive/evidence/AW/AW-007-008__PASS.png","M","F. BULK_EVIDENCE — DO NOT COMMIT","Bulk evidence, runtime output, or generated artifact; retained locally/external and excluded.","True","False"
"verification/selection-exhaustive/evidence/AW/AW-008-001__PASS.png","M","F. BULK_EVIDENCE — DO NOT COMMIT","Bulk evidence, runtime output, or generated artifact; retained locally/external and excluded.","True","False"
"verification/selection-exhaustive/evidence/AW/AW-008-002__PASS.png","M","F. BULK_EVIDENCE — DO NOT COMMIT","Bulk evidence, runtime output, or generated artifact; retained locally/external and excluded.","True","False"
"verification/selection-exhaustive/evidence/AW/AW-008-003__EMPTY_VALID.png","M","F. BULK_EVIDENCE — DO NOT COMMIT","Bulk evidence, runtime output, or generated artifact; retained locally/external and excluded.","True","False"
"verification/selection-exhaustive/evidence/AW/AW-008-004__PASS.png","M","F. BULK_EVIDENCE — DO NOT COMMIT","Bulk evidence, runtime output, or generated artifact; retained locally/external and excluded.","True","False"
"verification/selection-exhaustive/evidence/AW/AW-008-005__PASS.png","M","F. BULK_EVIDENCE — DO NOT COMMIT","Bulk evidence, runtime output, or generated artifact; retained locally/external and excluded.","True","False"
"verification/selection-exhaustive/evidence/AW/AW-008-006__PASS.png","M","F. BULK_EVIDENCE — DO NOT COMMIT","Bulk evidence, runtime output, or generated artifact; retained locally/external and excluded.","True","False"
"verification/selection-exhaustive/evidence/AW/AW-008-007__EMPTY_VALID.png","M","F. BULK_EVIDENCE — DO NOT COMMIT","Bulk evidence, runtime output, or generated artifact; retained locally/external and excluded.","True","False"
"verification/selection-exhaustive/evidence/AW/AW-008-008__PASS.png","M","F. BULK_EVIDENCE — DO NOT COMMIT","Bulk evidence, runtime output, or generated artifact; retained locally/external and excluded.","True","False"
"verification/selection-exhaustive/evidence/AW/AW-009-001__PASS.png","M","F. BULK_EVIDENCE — DO NOT COMMIT","Bulk evidence, runtime output, or generated artifact; retained locally/external and excluded.","True","False"
"verification/selection-exhaustive/evidence/AW/AW-009-002__PASS.png","M","F. BULK_EVIDENCE — DO NOT COMMIT","Bulk evidence, runtime output, or generated artifact; retained locally/external and excluded.","True","False"
"verification/selection-exhaustive/evidence/AW/AW-009-003__EMPTY_VALID.png","M","F. BULK_EVIDENCE — DO NOT COMMIT","Bulk evidence, runtime output, or generated artifact; retained locally/external and excluded.","True","False"
"verification/selection-exhaustive/evidence/AW/AW-009-004__PASS.png","M","F. BULK_EVIDENCE — DO NOT COMMIT","Bulk evidence, runtime output, or generated artifact; retained locally/external and excluded.","True","False"
"verification/selection-exhaustive/evidence/AW/AW-009-005__PASS.png","M","F. BULK_EVIDENCE — DO NOT COMMIT","Bulk evidence, runtime output, or generated artifact; retained locally/external and excluded.","True","False"
"verification/selection-exhaustive/evidence/AW/AW-009-006__PASS.png","M","F. BULK_EVIDENCE — DO NOT COMMIT","Bulk evidence, runtime output, or generated artifact; retained locally/external and excluded.","True","False"
"verification/selection-exhaustive/evidence/AW/AW-009-007__EMPTY_VALID.png","M","F. BULK_EVIDENCE — DO NOT COMMIT","Bulk evidence, runtime output, or generated artifact; retained locally/external and excluded.","True","False"
"verification/selection-exhaustive/evidence/AW/AW-009-008__PASS.png","M","F. BULK_EVIDENCE — DO NOT COMMIT","Bulk evidence, runtime output, or generated artifact; retained locally/external and excluded.","True","False"
"verification/selection-exhaustive/evidence/AW/AW-010-001__PASS.png","M","F. BULK_EVIDENCE — DO NOT COMMIT","Bulk evidence, runtime output, or generated artifact; retained locally/external and excluded.","True","False"
"verification/selection-exhaustive/evidence/AW/AW-010-002__PASS.png","M","F. BULK_EVIDENCE — DO NOT COMMIT","Bulk evidence, runtime output, or generated artifact; retained locally/external and excluded.","True","False"
"verification/selection-exhaustive/evidence/AW/AW-010-003__EMPTY_VALID.png","M","F. BULK_EVIDENCE — DO NOT COMMIT","Bulk evidence, runtime output, or generated artifact; retained locally/external and excluded.","True","False"
"verification/selection-exhaustive/evidence/AW/AW-010-004__PASS.png","M","F. BULK_EVIDENCE — DO NOT COMMIT","Bulk evidence, runtime output, or generated artifact; retained locally/external and excluded.","True","False"
"verification/selection-exhaustive/evidence/AW/AW-010-005__PASS.png","M","F. BULK_EVIDENCE — DO NOT COMMIT","Bulk evidence, runtime output, or generated artifact; retained locally/external and excluded.","True","False"
"verification/selection-exhaustive/evidence/AW/AW-010-006__PASS.png","M","F. BULK_EVIDENCE — DO NOT COMMIT","Bulk evidence, runtime output, or generated artifact; retained locally/external and excluded.","True","False"
"verification/selection-exhaustive/evidence/AW/AW-010-007__EMPTY_VALID.png","M","F. BULK_EVIDENCE — DO NOT COMMIT","Bulk evidence, runtime output, or generated artifact; retained locally/external and excluded.","True","False"
"verification/selection-exhaustive/evidence/AW/AW-010-008__PASS.png","M","F. BULK_EVIDENCE — DO NOT COMMIT","Bulk evidence, runtime output, or generated artifact; retained locally/external and excluded.","True","False"
"verification/selection-exhaustive/evidence/AX/AX-001__PASS.png","M","F. BULK_EVIDENCE — DO NOT COMMIT","Bulk evidence, runtime output, or generated artifact; retained locally/external and excluded.","True","False"
"verification/selection-exhaustive/evidence/AX/AX-002__PASS.png","M","F. BULK_EVIDENCE — DO NOT COMMIT","Bulk evidence, runtime output, or generated artifact; retained locally/external and excluded.","True","False"
"verification/selection-exhaustive/evidence/AX/AX-003__PASS.png","M","F. BULK_EVIDENCE — DO NOT COMMIT","Bulk evidence, runtime output, or generated artifact; retained locally/external and excluded.","True","False"
"verification/selection-exhaustive/evidence/AY/AY-001__PASS.png","M","F. BULK_EVIDENCE — DO NOT COMMIT","Bulk evidence, runtime output, or generated artifact; retained locally/external and excluded.","True","False"
"verification/selection-exhaustive/evidence/AZ/AZ-001__PASS.png","M","F. BULK_EVIDENCE — DO NOT COMMIT","Bulk evidence, runtime output, or generated artifact; retained locally/external and excluded.","True","False"
"verification/selection-exhaustive/evidence/AZ/AZ-002__PASS.png","M","F. BULK_EVIDENCE — DO NOT COMMIT","Bulk evidence, runtime output, or generated artifact; retained locally/external and excluded.","True","False"
"verification/selection-exhaustive/evidence/AZ/AZ-003__PASS.png","M","F. BULK_EVIDENCE — DO NOT COMMIT","Bulk evidence, runtime output, or generated artifact; retained locally/external and excluded.","True","False"
"verification/selection-exhaustive/evidence/B/B-001__PASS.png","M","F. BULK_EVIDENCE — DO NOT COMMIT","Bulk evidence, runtime output, or generated artifact; retained locally/external and excluded.","True","False"
"verification/selection-exhaustive/evidence/B/B-002__PASS.png","M","F. BULK_EVIDENCE — DO NOT COMMIT","Bulk evidence, runtime output, or generated artifact; retained locally/external and excluded.","True","False"
"verification/selection-exhaustive/evidence/B/B-003__PASS.png","M","F. BULK_EVIDENCE — DO NOT COMMIT","Bulk evidence, runtime output, or generated artifact; retained locally/external and excluded.","True","False"
"verification/selection-exhaustive/evidence/B/B-004__PASS.png","M","F. BULK_EVIDENCE — DO NOT COMMIT","Bulk evidence, runtime output, or generated artifact; retained locally/external and excluded.","True","False"
"verification/selection-exhaustive/evidence/B/B-005__EMPTY_VALID.png","M","F. BULK_EVIDENCE — DO NOT COMMIT","Bulk evidence, runtime output, or generated artifact; retained locally/external and excluded.","True","False"
"verification/selection-exhaustive/evidence/B/B-006__PASS.png","M","F. BULK_EVIDENCE — DO NOT COMMIT","Bulk evidence, runtime output, or generated artifact; retained locally/external and excluded.","True","False"
"verification/selection-exhaustive/evidence/BA/BA-001__EMPTY_VALID.png","M","F. BULK_EVIDENCE — DO NOT COMMIT","Bulk evidence, runtime output, or generated artifact; retained locally/external and excluded.","True","False"
"verification/selection-exhaustive/evidence/BA/BA-002__INVALID_EXPECTED.png","M","F. BULK_EVIDENCE — DO NOT COMMIT","Bulk evidence, runtime output, or generated artifact; retained locally/external and excluded.","True","False"
"verification/selection-exhaustive/evidence/BA/BA-003__INVALID_EXPECTED.png","M","F. BULK_EVIDENCE — DO NOT COMMIT","Bulk evidence, runtime output, or generated artifact; retained locally/external and excluded.","True","False"
"verification/selection-exhaustive/evidence/BA/BA-004__PASS.png","M","F. BULK_EVIDENCE — DO NOT COMMIT","Bulk evidence, runtime output, or generated artifact; retained locally/external and excluded.","True","False"
"verification/selection-exhaustive/evidence/BA/BA-005__PASS.png","M","F. BULK_EVIDENCE — DO NOT COMMIT","Bulk evidence, runtime output, or generated artifact; retained locally/external and excluded.","True","False"
"verification/selection-exhaustive/evidence/BA/BA-006__PASS.png","M","F. BULK_EVIDENCE — DO NOT COMMIT","Bulk evidence, runtime output, or generated artifact; retained locally/external and excluded.","True","False"
"verification/selection-exhaustive/evidence/BA/BA-007__INVALID_EXPECTED.png","M","F. BULK_EVIDENCE — DO NOT COMMIT","Bulk evidence, runtime output, or generated artifact; retained locally/external and excluded.","True","False"
"verification/selection-exhaustive/evidence/BA/BA-008__INVALID_EXPECTED.png","M","F. BULK_EVIDENCE — DO NOT COMMIT","Bulk evidence, runtime output, or generated artifact; retained locally/external and excluded.","True","False"
"verification/selection-exhaustive/evidence/BA/BA-009__INVALID_EXPECTED.png","M","F. BULK_EVIDENCE — DO NOT COMMIT","Bulk evidence, runtime output, or generated artifact; retained locally/external and excluded.","True","False"
"verification/selection-exhaustive/evidence/BB/BB-001__BLOCKED.png","??","F. BULK_EVIDENCE — DO NOT COMMIT","Bulk evidence, runtime output, or generated artifact; retained locally/external and excluded.","True","False"
"verification/selection-exhaustive/evidence/BB/BB-001__EMPTY_VALID.png","M","F. BULK_EVIDENCE — DO NOT COMMIT","Bulk evidence, runtime output, or generated artifact; retained locally/external and excluded.","True","False"
"verification/selection-exhaustive/evidence/BB/BB-002__PASS.png","M","F. BULK_EVIDENCE — DO NOT COMMIT","Bulk evidence, runtime output, or generated artifact; retained locally/external and excluded.","True","False"
"verification/selection-exhaustive/evidence/BB/BB-003__PASS.png","M","F. BULK_EVIDENCE — DO NOT COMMIT","Bulk evidence, runtime output, or generated artifact; retained locally/external and excluded.","True","False"
"verification/selection-exhaustive/evidence/BB/BB-004__PASS.png","M","F. BULK_EVIDENCE — DO NOT COMMIT","Bulk evidence, runtime output, or generated artifact; retained locally/external and excluded.","True","False"
"verification/selection-exhaustive/evidence/BB/BB-005__PASS.png","M","F. BULK_EVIDENCE — DO NOT COMMIT","Bulk evidence, runtime output, or generated artifact; retained locally/external and excluded.","True","False"
"verification/selection-exhaustive/evidence/BB/BB-006__PASS.png","M","F. BULK_EVIDENCE — DO NOT COMMIT","Bulk evidence, runtime output, or generated artifact; retained locally/external and excluded.","True","False"
"verification/selection-exhaustive/evidence/BB/BB-007__PASS.png","M","F. BULK_EVIDENCE — DO NOT COMMIT","Bulk evidence, runtime output, or generated artifact; retained locally/external and excluded.","True","False"
"verification/selection-exhaustive/evidence/BB/BB-008__PASS.png","M","F. BULK_EVIDENCE — DO NOT COMMIT","Bulk evidence, runtime output, or generated artifact; retained locally/external and excluded.","True","False"
"verification/selection-exhaustive/evidence/BC/BC-001__PASS.png","M","F. BULK_EVIDENCE — DO NOT COMMIT","Bulk evidence, runtime output, or generated artifact; retained locally/external and excluded.","True","False"
"verification/selection-exhaustive/evidence/BC/BC-002__PASS.png","M","F. BULK_EVIDENCE — DO NOT COMMIT","Bulk evidence, runtime output, or generated artifact; retained locally/external and excluded.","True","False"
"verification/selection-exhaustive/evidence/BC/BC-003__PASS.png","M","F. BULK_EVIDENCE — DO NOT COMMIT","Bulk evidence, runtime output, or generated artifact; retained locally/external and excluded.","True","False"
"verification/selection-exhaustive/evidence/BC/BC-004__PASS.png","M","F. BULK_EVIDENCE — DO NOT COMMIT","Bulk evidence, runtime output, or generated artifact; retained locally/external and excluded.","True","False"
"verification/selection-exhaustive/evidence/BC/BC-005__PASS.png","M","F. BULK_EVIDENCE — DO NOT COMMIT","Bulk evidence, runtime output, or generated artifact; retained locally/external and excluded.","True","False"
"verification/selection-exhaustive/evidence/BC/BC-006__PASS.png","M","F. BULK_EVIDENCE — DO NOT COMMIT","Bulk evidence, runtime output, or generated artifact; retained locally/external and excluded.","True","False"
"verification/selection-exhaustive/evidence/BC/BC-007__PASS.png","M","F. BULK_EVIDENCE — DO NOT COMMIT","Bulk evidence, runtime output, or generated artifact; retained locally/external and excluded.","True","False"
"verification/selection-exhaustive/evidence/BD/BD-001__PASS.png","M","F. BULK_EVIDENCE — DO NOT COMMIT","Bulk evidence, runtime output, or generated artifact; retained locally/external and excluded.","True","False"
"verification/selection-exhaustive/evidence/BD/BD-002__PASS.png","M","F. BULK_EVIDENCE — DO NOT COMMIT","Bulk evidence, runtime output, or generated artifact; retained locally/external and excluded.","True","False"
"verification/selection-exhaustive/evidence/BD/BD-003__INVALID_EXPECTED.png","M","F. BULK_EVIDENCE — DO NOT COMMIT","Bulk evidence, runtime output, or generated artifact; retained locally/external and excluded.","True","False"
"verification/selection-exhaustive/evidence/BD/BD-004__EMPTY_VALID.png","M","F. BULK_EVIDENCE — DO NOT COMMIT","Bulk evidence, runtime output, or generated artifact; retained locally/external and excluded.","True","False"
"verification/selection-exhaustive/evidence/BD/BD-005__INVALID_EXPECTED.png","M","F. BULK_EVIDENCE — DO NOT COMMIT","Bulk evidence, runtime output, or generated artifact; retained locally/external and excluded.","True","False"
"verification/selection-exhaustive/evidence/BD/BD-006__PASS.png","M","F. BULK_EVIDENCE — DO NOT COMMIT","Bulk evidence, runtime output, or generated artifact; retained locally/external and excluded.","True","False"
"verification/selection-exhaustive/evidence/BD/BD-007__PASS.png","M","F. BULK_EVIDENCE — DO NOT COMMIT","Bulk evidence, runtime output, or generated artifact; retained locally/external and excluded.","True","False"
"verification/selection-exhaustive/evidence/BE/BE-001__PASS.png","M","F. BULK_EVIDENCE — DO NOT COMMIT","Bulk evidence, runtime output, or generated artifact; retained locally/external and excluded.","True","False"
"verification/selection-exhaustive/evidence/BE/BE-002__PASS.png","M","F. BULK_EVIDENCE — DO NOT COMMIT","Bulk evidence, runtime output, or generated artifact; retained locally/external and excluded.","True","False"
"verification/selection-exhaustive/evidence/BE/BE-003__PASS.png","M","F. BULK_EVIDENCE — DO NOT COMMIT","Bulk evidence, runtime output, or generated artifact; retained locally/external and excluded.","True","False"
"verification/selection-exhaustive/evidence/BE/BE-004__PASS.png","M","F. BULK_EVIDENCE — DO NOT COMMIT","Bulk evidence, runtime output, or generated artifact; retained locally/external and excluded.","True","False"
"verification/selection-exhaustive/evidence/BE/BE-005__PASS.png","M","F. BULK_EVIDENCE — DO NOT COMMIT","Bulk evidence, runtime output, or generated artifact; retained locally/external and excluded.","True","False"
"verification/selection-exhaustive/evidence/BE/BE-006__PASS.png","M","F. BULK_EVIDENCE — DO NOT COMMIT","Bulk evidence, runtime output, or generated artifact; retained locally/external and excluded.","True","False"
"verification/selection-exhaustive/evidence/BE/BE-007__EMPTY_VALID.png","M","F. BULK_EVIDENCE — DO NOT COMMIT","Bulk evidence, runtime output, or generated artifact; retained locally/external and excluded.","True","False"
"verification/selection-exhaustive/evidence/BE/BE-008__EMPTY_VALID.png","M","F. BULK_EVIDENCE — DO NOT COMMIT","Bulk evidence, runtime output, or generated artifact; retained locally/external and excluded.","True","False"
"verification/selection-exhaustive/evidence/C/C-001__PASS.png","M","F. BULK_EVIDENCE — DO NOT COMMIT","Bulk evidence, runtime output, or generated artifact; retained locally/external and excluded.","True","False"
"verification/selection-exhaustive/evidence/C/C-002__PASS.png","M","F. BULK_EVIDENCE — DO NOT COMMIT","Bulk evidence, runtime output, or generated artifact; retained locally/external and excluded.","True","False"
"verification/selection-exhaustive/evidence/C/C-003__PASS.png","M","F. BULK_EVIDENCE — DO NOT COMMIT","Bulk evidence, runtime output, or generated artifact; retained locally/external and excluded.","True","False"
"verification/selection-exhaustive/evidence/C/C-004__PASS.png","M","F. BULK_EVIDENCE — DO NOT COMMIT","Bulk evidence, runtime output, or generated artifact; retained locally/external and excluded.","True","False"
"verification/selection-exhaustive/evidence/C/C-005__EMPTY_VALID.png","M","F. BULK_EVIDENCE — DO NOT COMMIT","Bulk evidence, runtime output, or generated artifact; retained locally/external and excluded.","True","False"
"verification/selection-exhaustive/evidence/C/C-006__PASS.png","M","F. BULK_EVIDENCE — DO NOT COMMIT","Bulk evidence, runtime output, or generated artifact; retained locally/external and excluded.","True","False"
"verification/selection-exhaustive/evidence/C/C-007__PASS.png","M","F. BULK_EVIDENCE — DO NOT COMMIT","Bulk evidence, runtime output, or generated artifact; retained locally/external and excluded.","True","False"
"verification/selection-exhaustive/evidence/D/D-001__PASS.png","M","F. BULK_EVIDENCE — DO NOT COMMIT","Bulk evidence, runtime output, or generated artifact; retained locally/external and excluded.","True","False"
"verification/selection-exhaustive/evidence/D/D-002__PASS.png","M","F. BULK_EVIDENCE — DO NOT COMMIT","Bulk evidence, runtime output, or generated artifact; retained locally/external and excluded.","True","False"
"verification/selection-exhaustive/evidence/D/D-003__EMPTY_VALID.png","M","F. BULK_EVIDENCE — DO NOT COMMIT","Bulk evidence, runtime output, or generated artifact; retained locally/external and excluded.","True","False"
"verification/selection-exhaustive/evidence/D/D-004__EMPTY_VALID.png","M","F. BULK_EVIDENCE — DO NOT COMMIT","Bulk evidence, runtime output, or generated artifact; retained locally/external and excluded.","True","False"
"verification/selection-exhaustive/evidence/D/D-005__EMPTY_VALID.png","M","F. BULK_EVIDENCE — DO NOT COMMIT","Bulk evidence, runtime output, or generated artifact; retained locally/external and excluded.","True","False"
"verification/selection-exhaustive/evidence/D/D-006__EMPTY_VALID.png","M","F. BULK_EVIDENCE — DO NOT COMMIT","Bulk evidence, runtime output, or generated artifact; retained locally/external and excluded.","True","False"
"verification/selection-exhaustive/evidence/D/D-007__EMPTY_VALID.png","M","F. BULK_EVIDENCE — DO NOT COMMIT","Bulk evidence, runtime output, or generated artifact; retained locally/external and excluded.","True","False"
"verification/selection-exhaustive/evidence/D/D-008__PASS.png","M","F. BULK_EVIDENCE — DO NOT COMMIT","Bulk evidence, runtime output, or generated artifact; retained locally/external and excluded.","True","False"
"verification/selection-exhaustive/evidence/E/E-001__EMPTY_VALID.png","M","F. BULK_EVIDENCE — DO NOT COMMIT","Bulk evidence, runtime output, or generated artifact; retained locally/external and excluded.","True","False"
"verification/selection-exhaustive/evidence/E/E-002__EMPTY_VALID.png","M","F. BULK_EVIDENCE — DO NOT COMMIT","Bulk evidence, runtime output, or generated artifact; retained locally/external and excluded.","True","False"
"verification/selection-exhaustive/evidence/E/E-003__EMPTY_VALID.png","M","F. BULK_EVIDENCE — DO NOT COMMIT","Bulk evidence, runtime output, or generated artifact; retained locally/external and excluded.","True","False"
"verification/selection-exhaustive/evidence/E/E-004__EMPTY_VALID.png","M","F. BULK_EVIDENCE — DO NOT COMMIT","Bulk evidence, runtime output, or generated artifact; retained locally/external and excluded.","True","False"
"verification/selection-exhaustive/evidence/E/E-005__EMPTY_VALID.png","M","F. BULK_EVIDENCE — DO NOT COMMIT","Bulk evidence, runtime output, or generated artifact; retained locally/external and excluded.","True","False"
"verification/selection-exhaustive/evidence/E/E-006__PASS.png","M","F. BULK_EVIDENCE — DO NOT COMMIT","Bulk evidence, runtime output, or generated artifact; retained locally/external and excluded.","True","False"
"verification/selection-exhaustive/evidence/E/E-007__EMPTY_VALID.png","M","F. BULK_EVIDENCE — DO NOT COMMIT","Bulk evidence, runtime output, or generated artifact; retained locally/external and excluded.","True","False"
"verification/selection-exhaustive/evidence/F/F-001__PASS.png","M","F. BULK_EVIDENCE — DO NOT COMMIT","Bulk evidence, runtime output, or generated artifact; retained locally/external and excluded.","True","False"
"verification/selection-exhaustive/evidence/F/F-002__PASS.png","M","F. BULK_EVIDENCE — DO NOT COMMIT","Bulk evidence, runtime output, or generated artifact; retained locally/external and excluded.","True","False"
"verification/selection-exhaustive/evidence/F/F-003__PASS.png","M","F. BULK_EVIDENCE — DO NOT COMMIT","Bulk evidence, runtime output, or generated artifact; retained locally/external and excluded.","True","False"
"verification/selection-exhaustive/evidence/F/F-004__PASS.png","M","F. BULK_EVIDENCE — DO NOT COMMIT","Bulk evidence, runtime output, or generated artifact; retained locally/external and excluded.","True","False"
"verification/selection-exhaustive/evidence/F/F-005__EMPTY_VALID.png","M","F. BULK_EVIDENCE — DO NOT COMMIT","Bulk evidence, runtime output, or generated artifact; retained locally/external and excluded.","True","False"
"verification/selection-exhaustive/evidence/F/F-006__PASS.png","M","F. BULK_EVIDENCE — DO NOT COMMIT","Bulk evidence, runtime output, or generated artifact; retained locally/external and excluded.","True","False"
"verification/selection-exhaustive/evidence/F/F-007__PASS.png","M","F. BULK_EVIDENCE — DO NOT COMMIT","Bulk evidence, runtime output, or generated artifact; retained locally/external and excluded.","True","False"
"verification/selection-exhaustive/evidence/F/F-008__EMPTY_VALID.png","M","F. BULK_EVIDENCE — DO NOT COMMIT","Bulk evidence, runtime output, or generated artifact; retained locally/external and excluded.","True","False"
"verification/selection-exhaustive/evidence/G/G-001__PASS.png","M","F. BULK_EVIDENCE — DO NOT COMMIT","Bulk evidence, runtime output, or generated artifact; retained locally/external and excluded.","True","False"
"verification/selection-exhaustive/evidence/G/G-002__PASS.png","M","F. BULK_EVIDENCE — DO NOT COMMIT","Bulk evidence, runtime output, or generated artifact; retained locally/external and excluded.","True","False"
"verification/selection-exhaustive/evidence/G/G-003__PASS.png","M","F. BULK_EVIDENCE — DO NOT COMMIT","Bulk evidence, runtime output, or generated artifact; retained locally/external and excluded.","True","False"
"verification/selection-exhaustive/evidence/G/G-004__EMPTY_VALID.png","M","F. BULK_EVIDENCE — DO NOT COMMIT","Bulk evidence, runtime output, or generated artifact; retained locally/external and excluded.","True","False"
"verification/selection-exhaustive/evidence/G/G-005__EMPTY_VALID.png","M","F. BULK_EVIDENCE — DO NOT COMMIT","Bulk evidence, runtime output, or generated artifact; retained locally/external and excluded.","True","False"
"verification/selection-exhaustive/evidence/G/G-006__PASS.png","M","F. BULK_EVIDENCE — DO NOT COMMIT","Bulk evidence, runtime output, or generated artifact; retained locally/external and excluded.","True","False"
"verification/selection-exhaustive/evidence/G/G-007__PASS.png","M","F. BULK_EVIDENCE — DO NOT COMMIT","Bulk evidence, runtime output, or generated artifact; retained locally/external and excluded.","True","False"
"verification/selection-exhaustive/evidence/G/G-008__PASS.png","M","F. BULK_EVIDENCE — DO NOT COMMIT","Bulk evidence, runtime output, or generated artifact; retained locally/external and excluded.","True","False"
"verification/selection-exhaustive/evidence/G/G-009__EMPTY_VALID.png","M","F. BULK_EVIDENCE — DO NOT COMMIT","Bulk evidence, runtime output, or generated artifact; retained locally/external and excluded.","True","False"
"verification/selection-exhaustive/evidence/H/H-001__PASS.png","M","F. BULK_EVIDENCE — DO NOT COMMIT","Bulk evidence, runtime output, or generated artifact; retained locally/external and excluded.","True","False"
"verification/selection-exhaustive/evidence/H/H-002__PASS.png","M","F. BULK_EVIDENCE — DO NOT COMMIT","Bulk evidence, runtime output, or generated artifact; retained locally/external and excluded.","True","False"
"verification/selection-exhaustive/evidence/H/H-003__PASS.png","M","F. BULK_EVIDENCE — DO NOT COMMIT","Bulk evidence, runtime output, or generated artifact; retained locally/external and excluded.","True","False"
"verification/selection-exhaustive/evidence/H/H-004__PASS.png","M","F. BULK_EVIDENCE — DO NOT COMMIT","Bulk evidence, runtime output, or generated artifact; retained locally/external and excluded.","True","False"
"verification/selection-exhaustive/evidence/H/H-005__PASS.png","M","F. BULK_EVIDENCE — DO NOT COMMIT","Bulk evidence, runtime output, or generated artifact; retained locally/external and excluded.","True","False"
"verification/selection-exhaustive/evidence/H/H-006__PASS.png","M","F. BULK_EVIDENCE — DO NOT COMMIT","Bulk evidence, runtime output, or generated artifact; retained locally/external and excluded.","True","False"
"verification/selection-exhaustive/evidence/H/H-007__PASS.png","M","F. BULK_EVIDENCE — DO NOT COMMIT","Bulk evidence, runtime output, or generated artifact; retained locally/external and excluded.","True","False"
"verification/selection-exhaustive/evidence/H/H-008__PASS.png","M","F. BULK_EVIDENCE — DO NOT COMMIT","Bulk evidence, runtime output, or generated artifact; retained locally/external and excluded.","True","False"
"verification/selection-exhaustive/evidence/H/H-009__PASS.png","M","F. BULK_EVIDENCE — DO NOT COMMIT","Bulk evidence, runtime output, or generated artifact; retained locally/external and excluded.","True","False"
"verification/selection-exhaustive/evidence/H/H-010__PASS.png","M","F. BULK_EVIDENCE — DO NOT COMMIT","Bulk evidence, runtime output, or generated artifact; retained locally/external and excluded.","True","False"
"verification/selection-exhaustive/evidence/H/H-011__PASS.png","M","F. BULK_EVIDENCE — DO NOT COMMIT","Bulk evidence, runtime output, or generated artifact; retained locally/external and excluded.","True","False"
"verification/selection-exhaustive/evidence/I/I-001__PASS.png","M","F. BULK_EVIDENCE — DO NOT COMMIT","Bulk evidence, runtime output, or generated artifact; retained locally/external and excluded.","True","False"
"verification/selection-exhaustive/evidence/I/I-002__PASS.png","M","F. BULK_EVIDENCE — DO NOT COMMIT","Bulk evidence, runtime output, or generated artifact; retained locally/external and excluded.","True","False"
"verification/selection-exhaustive/evidence/I/I-003__PASS.png","M","F. BULK_EVIDENCE — DO NOT COMMIT","Bulk evidence, runtime output, or generated artifact; retained locally/external and excluded.","True","False"
"verification/selection-exhaustive/evidence/I/I-004__PASS.png","M","F. BULK_EVIDENCE — DO NOT COMMIT","Bulk evidence, runtime output, or generated artifact; retained locally/external and excluded.","True","False"
"verification/selection-exhaustive/evidence/I/I-005__EMPTY_VALID.png","M","F. BULK_EVIDENCE — DO NOT COMMIT","Bulk evidence, runtime output, or generated artifact; retained locally/external and excluded.","True","False"
"verification/selection-exhaustive/evidence/I/I-006__EMPTY_VALID.png","M","F. BULK_EVIDENCE — DO NOT COMMIT","Bulk evidence, runtime output, or generated artifact; retained locally/external and excluded.","True","False"
"verification/selection-exhaustive/evidence/J/J-001__PASS.png","M","F. BULK_EVIDENCE — DO NOT COMMIT","Bulk evidence, runtime output, or generated artifact; retained locally/external and excluded.","True","False"
"verification/selection-exhaustive/evidence/J/J-002__PASS.png","M","F. BULK_EVIDENCE — DO NOT COMMIT","Bulk evidence, runtime output, or generated artifact; retained locally/external and excluded.","True","False"
"verification/selection-exhaustive/evidence/J/J-003__PASS.png","M","F. BULK_EVIDENCE — DO NOT COMMIT","Bulk evidence, runtime output, or generated artifact; retained locally/external and excluded.","True","False"
"verification/selection-exhaustive/evidence/J/J-004__PASS.png","M","F. BULK_EVIDENCE — DO NOT COMMIT","Bulk evidence, runtime output, or generated artifact; retained locally/external and excluded.","True","False"
"verification/selection-exhaustive/evidence/J/J-005__PASS.png","M","F. BULK_EVIDENCE — DO NOT COMMIT","Bulk evidence, runtime output, or generated artifact; retained locally/external and excluded.","True","False"
"verification/selection-exhaustive/evidence/J/J-006__PASS.png","M","F. BULK_EVIDENCE — DO NOT COMMIT","Bulk evidence, runtime output, or generated artifact; retained locally/external and excluded.","True","False"
"verification/selection-exhaustive/evidence/J/J-007__PASS.png","M","F. BULK_EVIDENCE — DO NOT COMMIT","Bulk evidence, runtime output, or generated artifact; retained locally/external and excluded.","True","False"
"verification/selection-exhaustive/evidence/J/J-008__PASS.png","M","F. BULK_EVIDENCE — DO NOT COMMIT","Bulk evidence, runtime output, or generated artifact; retained locally/external and excluded.","True","False"
"verification/selection-exhaustive/evidence/K/K-001__EMPTY_VALID.png","M","F. BULK_EVIDENCE — DO NOT COMMIT","Bulk evidence, runtime output, or generated artifact; retained locally/external and excluded.","True","False"
"verification/selection-exhaustive/evidence/K/K-002__EMPTY_VALID.png","M","F. BULK_EVIDENCE — DO NOT COMMIT","Bulk evidence, runtime output, or generated artifact; retained locally/external and excluded.","True","False"
"verification/selection-exhaustive/evidence/K/K-003__PASS.png","M","F. BULK_EVIDENCE — DO NOT COMMIT","Bulk evidence, runtime output, or generated artifact; retained locally/external and excluded.","True","False"
"verification/selection-exhaustive/evidence/K/K-004__EMPTY_VALID.png","M","F. BULK_EVIDENCE — DO NOT COMMIT","Bulk evidence, runtime output, or generated artifact; retained locally/external and excluded.","True","False"
"verification/selection-exhaustive/evidence/K/K-005__EMPTY_VALID.png","M","F. BULK_EVIDENCE — DO NOT COMMIT","Bulk evidence, runtime output, or generated artifact; retained locally/external and excluded.","True","False"
"verification/selection-exhaustive/evidence/K/K-006__IMPLEMENTED_WITH_LIMITATION.png","M","F. BULK_EVIDENCE — DO NOT COMMIT","Bulk evidence, runtime output, or generated artifact; retained locally/external and excluded.","True","False"
"verification/selection-exhaustive/evidence/K/K-007__PASS.png","M","F. BULK_EVIDENCE — DO NOT COMMIT","Bulk evidence, runtime output, or generated artifact; retained locally/external and excluded.","True","False"
"verification/selection-exhaustive/evidence/K/K-008__PASS.png","M","F. BULK_EVIDENCE — DO NOT COMMIT","Bulk evidence, runtime output, or generated artifact; retained locally/external and excluded.","True","False"
"verification/selection-exhaustive/evidence/K/K-009__PASS.png","M","F. BULK_EVIDENCE — DO NOT COMMIT","Bulk evidence, runtime output, or generated artifact; retained locally/external and excluded.","True","False"
"verification/selection-exhaustive/evidence/L/L-001__EMPTY_VALID.png","M","F. BULK_EVIDENCE — DO NOT COMMIT","Bulk evidence, runtime output, or generated artifact; retained locally/external and excluded.","True","False"
"verification/selection-exhaustive/evidence/L/L-002__EMPTY_VALID.png","M","F. BULK_EVIDENCE — DO NOT COMMIT","Bulk evidence, runtime output, or generated artifact; retained locally/external and excluded.","True","False"
"verification/selection-exhaustive/evidence/L/L-003__EMPTY_VALID.png","M","F. BULK_EVIDENCE — DO NOT COMMIT","Bulk evidence, runtime output, or generated artifact; retained locally/external and excluded.","True","False"
"verification/selection-exhaustive/evidence/M/M-001__EMPTY_VALID.png","M","F. BULK_EVIDENCE — DO NOT COMMIT","Bulk evidence, runtime output, or generated artifact; retained locally/external and excluded.","True","False"
"verification/selection-exhaustive/evidence/M/M-002__EMPTY_VALID.png","M","F. BULK_EVIDENCE — DO NOT COMMIT","Bulk evidence, runtime output, or generated artifact; retained locally/external and excluded.","True","False"
"verification/selection-exhaustive/evidence/N/N-001__EMPTY_VALID.png","M","F. BULK_EVIDENCE — DO NOT COMMIT","Bulk evidence, runtime output, or generated artifact; retained locally/external and excluded.","True","False"
"verification/selection-exhaustive/evidence/N/N-002__EMPTY_VALID.png","M","F. BULK_EVIDENCE — DO NOT COMMIT","Bulk evidence, runtime output, or generated artifact; retained locally/external and excluded.","True","False"
"verification/selection-exhaustive/evidence/N/N-003__EMPTY_VALID.png","M","F. BULK_EVIDENCE — DO NOT COMMIT","Bulk evidence, runtime output, or generated artifact; retained locally/external and excluded.","True","False"
"verification/selection-exhaustive/evidence/O/O-001__PASS.png","M","F. BULK_EVIDENCE — DO NOT COMMIT","Bulk evidence, runtime output, or generated artifact; retained locally/external and excluded.","True","False"
"verification/selection-exhaustive/evidence/O/O-002__PASS.png","M","F. BULK_EVIDENCE — DO NOT COMMIT","Bulk evidence, runtime output, or generated artifact; retained locally/external and excluded.","True","False"
"verification/selection-exhaustive/evidence/O/O-003__EMPTY_VALID.png","M","F. BULK_EVIDENCE — DO NOT COMMIT","Bulk evidence, runtime output, or generated artifact; retained locally/external and excluded.","True","False"
"verification/selection-exhaustive/evidence/O/O-004__EMPTY_VALID.png","M","F. BULK_EVIDENCE — DO NOT COMMIT","Bulk evidence, runtime output, or generated artifact; retained locally/external and excluded.","True","False"
"verification/selection-exhaustive/evidence/O/O-005__PASS.png","M","F. BULK_EVIDENCE — DO NOT COMMIT","Bulk evidence, runtime output, or generated artifact; retained locally/external and excluded.","True","False"
"verification/selection-exhaustive/evidence/O/O-006__PASS.png","M","F. BULK_EVIDENCE — DO NOT COMMIT","Bulk evidence, runtime output, or generated artifact; retained locally/external and excluded.","True","False"
"verification/selection-exhaustive/evidence/O/O-007__PASS.png","M","F. BULK_EVIDENCE — DO NOT COMMIT","Bulk evidence, runtime output, or generated artifact; retained locally/external and excluded.","True","False"
"verification/selection-exhaustive/evidence/O/O-008__PASS.png","M","F. BULK_EVIDENCE — DO NOT COMMIT","Bulk evidence, runtime output, or generated artifact; retained locally/external and excluded.","True","False"
"verification/selection-exhaustive/evidence/P/P-001__INVALID_EXPECTED.png","M","F. BULK_EVIDENCE — DO NOT COMMIT","Bulk evidence, runtime output, or generated artifact; retained locally/external and excluded.","True","False"
"verification/selection-exhaustive/evidence/P/P-002__PASS.png","M","F. BULK_EVIDENCE — DO NOT COMMIT","Bulk evidence, runtime output, or generated artifact; retained locally/external and excluded.","True","False"
"verification/selection-exhaustive/evidence/P/P-003__INVALID_EXPECTED.png","M","F. BULK_EVIDENCE — DO NOT COMMIT","Bulk evidence, runtime output, or generated artifact; retained locally/external and excluded.","True","False"
"verification/selection-exhaustive/evidence/Q/Q-001__PASS.png","M","F. BULK_EVIDENCE — DO NOT COMMIT","Bulk evidence, runtime output, or generated artifact; retained locally/external and excluded.","True","False"
"verification/selection-exhaustive/evidence/Q/Q-002__PASS.png","M","F. BULK_EVIDENCE — DO NOT COMMIT","Bulk evidence, runtime output, or generated artifact; retained locally/external and excluded.","True","False"
"verification/selection-exhaustive/evidence/R/R-001__PASS.png","M","F. BULK_EVIDENCE — DO NOT COMMIT","Bulk evidence, runtime output, or generated artifact; retained locally/external and excluded.","True","False"
"verification/selection-exhaustive/evidence/R/R-002__EMPTY_VALID.png","M","F. BULK_EVIDENCE — DO NOT COMMIT","Bulk evidence, runtime output, or generated artifact; retained locally/external and excluded.","True","False"
"verification/selection-exhaustive/evidence/R/R-003__EMPTY_VALID.png","M","F. BULK_EVIDENCE — DO NOT COMMIT","Bulk evidence, runtime output, or generated artifact; retained locally/external and excluded.","True","False"
"verification/selection-exhaustive/evidence/S/S-001__PASS.png","M","F. BULK_EVIDENCE — DO NOT COMMIT","Bulk evidence, runtime output, or generated artifact; retained locally/external and excluded.","True","False"
"verification/selection-exhaustive/evidence/S/S-002__PASS.png","M","F. BULK_EVIDENCE — DO NOT COMMIT","Bulk evidence, runtime output, or generated artifact; retained locally/external and excluded.","True","False"
"verification/selection-exhaustive/evidence/S/S-003__PASS.png","M","F. BULK_EVIDENCE — DO NOT COMMIT","Bulk evidence, runtime output, or generated artifact; retained locally/external and excluded.","True","False"
"verification/selection-exhaustive/evidence/S/S-004__PASS.png","M","F. BULK_EVIDENCE — DO NOT COMMIT","Bulk evidence, runtime output, or generated artifact; retained locally/external and excluded.","True","False"
"verification/selection-exhaustive/evidence/T/T-001__PASS.png","M","F. BULK_EVIDENCE — DO NOT COMMIT","Bulk evidence, runtime output, or generated artifact; retained locally/external and excluded.","True","False"
"verification/selection-exhaustive/evidence/T/T-002__PASS.png","M","F. BULK_EVIDENCE — DO NOT COMMIT","Bulk evidence, runtime output, or generated artifact; retained locally/external and excluded.","True","False"
"verification/selection-exhaustive/evidence/U/U-001__PASS.png","M","F. BULK_EVIDENCE — DO NOT COMMIT","Bulk evidence, runtime output, or generated artifact; retained locally/external and excluded.","True","False"
"verification/selection-exhaustive/evidence/U/U-002__PASS.png","M","F. BULK_EVIDENCE — DO NOT COMMIT","Bulk evidence, runtime output, or generated artifact; retained locally/external and excluded.","True","False"
"verification/selection-exhaustive/evidence/U/U-003__PASS.png","M","F. BULK_EVIDENCE — DO NOT COMMIT","Bulk evidence, runtime output, or generated artifact; retained locally/external and excluded.","True","False"
"verification/selection-exhaustive/evidence/U/U-004__EMPTY_VALID.png","M","F. BULK_EVIDENCE — DO NOT COMMIT","Bulk evidence, runtime output, or generated artifact; retained locally/external and excluded.","True","False"
"verification/selection-exhaustive/evidence/U/U-005__EMPTY_VALID.png","M","F. BULK_EVIDENCE — DO NOT COMMIT","Bulk evidence, runtime output, or generated artifact; retained locally/external and excluded.","True","False"
"verification/selection-exhaustive/evidence/U/U-006__EMPTY_VALID.png","M","F. BULK_EVIDENCE — DO NOT COMMIT","Bulk evidence, runtime output, or generated artifact; retained locally/external and excluded.","True","False"
"verification/selection-exhaustive/evidence/V/V-001__EMPTY_VALID.png","M","F. BULK_EVIDENCE — DO NOT COMMIT","Bulk evidence, runtime output, or generated artifact; retained locally/external and excluded.","True","False"
"verification/selection-exhaustive/evidence/V/V-002__PASS.png","M","F. BULK_EVIDENCE — DO NOT COMMIT","Bulk evidence, runtime output, or generated artifact; retained locally/external and excluded.","True","False"
"verification/selection-exhaustive/evidence/V/V-003__PASS.png","M","F. BULK_EVIDENCE — DO NOT COMMIT","Bulk evidence, runtime output, or generated artifact; retained locally/external and excluded.","True","False"
"verification/selection-exhaustive/evidence/W/W-001__EMPTY_VALID.png","M","F. BULK_EVIDENCE — DO NOT COMMIT","Bulk evidence, runtime output, or generated artifact; retained locally/external and excluded.","True","False"
"verification/selection-exhaustive/evidence/W/W-002__EMPTY_VALID.png","M","F. BULK_EVIDENCE — DO NOT COMMIT","Bulk evidence, runtime output, or generated artifact; retained locally/external and excluded.","True","False"
"verification/selection-exhaustive/evidence/W/W-003__EMPTY_VALID.png","M","F. BULK_EVIDENCE — DO NOT COMMIT","Bulk evidence, runtime output, or generated artifact; retained locally/external and excluded.","True","False"
"verification/selection-exhaustive/evidence/W/W-004__EMPTY_VALID.png","M","F. BULK_EVIDENCE — DO NOT COMMIT","Bulk evidence, runtime output, or generated artifact; retained locally/external and excluded.","True","False"
"verification/selection-exhaustive/evidence/W/W-005__EMPTY_VALID.png","M","F. BULK_EVIDENCE — DO NOT COMMIT","Bulk evidence, runtime output, or generated artifact; retained locally/external and excluded.","True","False"
"verification/selection-exhaustive/evidence/X/X-001__IMPLEMENTED_WITH_LIMITATION.png","M","F. BULK_EVIDENCE — DO NOT COMMIT","Bulk evidence, runtime output, or generated artifact; retained locally/external and excluded.","True","False"
"verification/selection-exhaustive/evidence/X/X-002__IMPLEMENTED_WITH_LIMITATION.png","M","F. BULK_EVIDENCE — DO NOT COMMIT","Bulk evidence, runtime output, or generated artifact; retained locally/external and excluded.","True","False"
"verification/selection-exhaustive/evidence/X/X-003__PASS.png","M","F. BULK_EVIDENCE — DO NOT COMMIT","Bulk evidence, runtime output, or generated artifact; retained locally/external and excluded.","True","False"
"verification/selection-exhaustive/evidence/X/X-004__PASS.png","M","F. BULK_EVIDENCE — DO NOT COMMIT","Bulk evidence, runtime output, or generated artifact; retained locally/external and excluded.","True","False"
"verification/selection-exhaustive/evidence/Y/Y-001__EMPTY_VALID.png","M","F. BULK_EVIDENCE — DO NOT COMMIT","Bulk evidence, runtime output, or generated artifact; retained locally/external and excluded.","True","False"
"verification/selection-exhaustive/evidence/Y/Y-002__PASS.png","M","F. BULK_EVIDENCE — DO NOT COMMIT","Bulk evidence, runtime output, or generated artifact; retained locally/external and excluded.","True","False"
"verification/selection-exhaustive/evidence/Y/Y-003__PASS.png","M","F. BULK_EVIDENCE — DO NOT COMMIT","Bulk evidence, runtime output, or generated artifact; retained locally/external and excluded.","True","False"
"verification/selection-exhaustive/evidence/Y/Y-004__EMPTY_VALID.png","M","F. BULK_EVIDENCE — DO NOT COMMIT","Bulk evidence, runtime output, or generated artifact; retained locally/external and excluded.","True","False"
"verification/selection-exhaustive/evidence/Y/Y-005__PASS.png","M","F. BULK_EVIDENCE — DO NOT COMMIT","Bulk evidence, runtime output, or generated artifact; retained locally/external and excluded.","True","False"
"verification/selection-exhaustive/evidence/Z/Z-001__PASS.png","M","F. BULK_EVIDENCE — DO NOT COMMIT","Bulk evidence, runtime output, or generated artifact; retained locally/external and excluded.","True","False"
"verification/selection-exhaustive/evidence/Z/Z-002__EMPTY_VALID.png","M","F. BULK_EVIDENCE — DO NOT COMMIT","Bulk evidence, runtime output, or generated artifact; retained locally/external and excluded.","True","False"
"verification/selection-exhaustive/evidence/Z/Z-003__PASS.png","M","F. BULK_EVIDENCE — DO NOT COMMIT","Bulk evidence, runtime output, or generated artifact; retained locally/external and excluded.","True","False"
"verification/selection-exhaustive/evidence/Z/Z-004__PASS.png","M","F. BULK_EVIDENCE — DO NOT COMMIT","Bulk evidence, runtime output, or generated artifact; retained locally/external and excluded.","True","False"
"verification/selection-exhaustive/FINAL_SELECTION_A_BF_REPORT.json","M","E. GENERATED_REPORT_METADATA","Generated campaign metadata or report retained for audit; not automatically staged.","True","False"
"verification/selection-exhaustive/FINAL_SELECTION_A_BF_REPORT.md","M","E. GENERATED_REPORT_METADATA","Generated campaign metadata or report retained for audit; not automatically staged.","True","False"
"verification/selection-exhaustive/responsive-ui-results.json","M","E. GENERATED_REPORT_METADATA","Generated campaign metadata or report retained for audit; not automatically staged.","True","False"
"verification/selection-exhaustive/SELECTION_A_BF_RESULTS.csv","M","E. GENERATED_REPORT_METADATA","Generated campaign metadata or report retained for audit; not automatically staged.","True","False"
"verification/selection-exhaustive/SELECTION_A_BF_RESULTS.json","M","E. GENERATED_REPORT_METADATA","Generated campaign metadata or report retained for audit; not automatically staged.","True","False"
"verification/selection-exhaustive/ui/viewport-1024x768.png","M","F. BULK_EVIDENCE — DO NOT COMMIT","Bulk evidence, runtime output, or generated artifact; retained locally/external and excluded.","True","False"
"verification/selection-exhaustive/ui/viewport-360x800.png","M","F. BULK_EVIDENCE — DO NOT COMMIT","Bulk evidence, runtime output, or generated artifact; retained locally/external and excluded.","True","False"
"verification/selection-exhaustive/ui/viewport-390x844.png","M","F. BULK_EVIDENCE — DO NOT COMMIT","Bulk evidence, runtime output, or generated artifact; retained locally/external and excluded.","True","False"
"verification/selection-exhaustive/ui/viewport-430x932.png","M","F. BULK_EVIDENCE — DO NOT COMMIT","Bulk evidence, runtime output, or generated artifact; retained locally/external and excluded.","True","False"
"verification/selection-exhaustive/ui/viewport-600x960.png","M","F. BULK_EVIDENCE — DO NOT COMMIT","Bulk evidence, runtime output, or generated artifact; retained locally/external and excluded.","True","False"
"verification/selection-exhaustive/ui/viewport-768x1024.png","M","F. BULK_EVIDENCE — DO NOT COMMIT","Bulk evidence, runtime output, or generated artifact; retained locally/external and excluded.","True","False"
"verification/selection-exhaustive/ui/viewport-820x1180.png","M","F. BULK_EVIDENCE — DO NOT COMMIT","Bulk evidence, runtime output, or generated artifact; retained locally/external and excluded.","True","False"
"verification/selection-exhaustive/ui/viewport-900x900.png","M","F. BULK_EVIDENCE — DO NOT COMMIT","Bulk evidence, runtime output, or generated artifact; retained locally/external and excluded.","True","False"
"verification/pre-docking-seal/02-patches/ACCEPTED_SET_PROVENANCE_AUDIT.md","??","D. ACCEPTED_GOVERNANCE / CONTRACT","Accepted-set provenance comparison required before staging.","False","True"
