residue_number,residue_name,selected_conformer,source_atoms,chemical_state_category,profile_disposition,hydrogen_state_rule,inclusion_status,provenance
1,MET,blank/common,"[{""altloc"":""(blank)"",""atom"":""N"",""element"":""N"",""occupancy"":1.0,""source_row"":1},{""altloc"":""(blank)"",""atom"":""CA"",""element"":""C"",""occupancy"":1.0,""source_row"":2},{""altloc"":""(blank)"",""atom"":""C"",""element"":""C"",""occupancy"":1.0,""source_row"":3},{""altloc"":""(blank)"",""atom"":""O"",""element"":""O"",""occupancy"":1.0,""source_row"":4},{""altloc"":""(blank)"",""atom"":""CB"",""element"":""C"",""occupancy"":1.0,""source_row"":5},{""altloc"":""(blank)"",""atom"":""CG"",""element"":""C"",""occupancy"":1.0,""source_row"":6},{""altloc"":""(blank)"",""atom"":""SD"",""element"":""S"",""occupancy"":1.0,""source_row"":7},{""altloc"":""(blank)"",""atom"":""CE"",""element"":""C"",""occupancy"":1.0,""source_row"":8}]",MET1_N_TERMINUS_PROTONATED(+1); sidechain neutral CCD state,SELECT_RECEPTOR_CHAIN_A; blank/common; exact state category MET1_N_TERMINUS_PROTONATED(+1); sidechain neutral CCD state,"{""method"":""CCD hydrogen-parent inventory; explicit AUTH04 terminal/acid/base/HIS31 adjustments; no implicit state selection"",""parent_to_hydrogen_names"":{""C"":[],""CA"":[""HA""],""CB"":[""HB2"",""HB3""],""CE"":[""HE1"",""HE2"",""HE3""],""CG"":[""HG2"",""HG3""],""N"":[""H"",""H2"",""H3""],""O"":[],""SD"":[]}}",INCLUDED; 8/8 expected CCD heavy atoms; zero missing/extra,3DMX.cif atom_site source rows 1-8; CCD MET atom/bond definitions; AUTH04 chemical-state decision; ME_DOCKING_V1_3DMX_BNZ_PREP_RDKIT_2026_03_6_HONLY_1_1 v1.1.0
2,ASN,blank/common,"[{""altloc"":""(blank)"",""atom"":""N"",""element"":""N"",""occupancy"":1.0,""source_row"":9},{""altloc"":""(blank)"",""atom"":""CA"",""element"":""C"",""occupancy"":1.0,""source_row"":10},{""altloc"":""(blank)"",""atom"":""C"",""element"":""C"",""occupancy"":1.0,""source_row"":11},{""altloc"":""(blank)"",""atom"":""O"",""element"":""O"",""occupancy"":1.0,""source_row"":12},{""altloc"":""(blank)"",""atom"":""CB"",""element"":""C"",""occupancy"":1.0,""source_row"":13},{""altloc"":""(blank)"",""atom"":""CG"",""element"":""C"",""occupancy"":1.0,""source_row"":14},{""altloc"":""(blank)"",""atom"":""OD1"",""element"":""O"",""occupancy"":1.0,""source_row"":15},{""altloc"":""(blank)"",""atom"":""ND2"",""element"":""N"",""occupancy"":1.0,""source_row"":16}]",STANDARD_NEUTRAL_CCD_COMPONENT_STATE,SELECT_RECEPTOR_CHAIN_A; blank/common; exact state category STANDARD_NEUTRAL_CCD_COMPONENT_STATE,"{""method"":""CCD hydrogen-parent inventory; explicit AUTH04 terminal/acid/base/HIS31 adjustments; no implicit state selection"",""parent_to_hydrogen_names"":{""C"":[],""CA"":[""HA""],""CB"":[""HB2"",""HB3""],""CG"":[],""N"":[""H""],""ND2"":[""HD21"",""HD22""],""O"":[],""OD1"":[]}}",INCLUDED; 8/8 expected CCD heavy atoms; zero missing/extra,3DMX.cif atom_site source rows 9-16; CCD ASN atom/bond definitions; AUTH04 chemical-state decision; ME_DOCKING_V1_3DMX_BNZ_PREP_RDKIT_2026_03_6_HONLY_1_1 v1.1.0
3,ILE,blank/common,"[{""altloc"":""(blank)"",""atom"":""N"",""element"":""N"",""occupancy"":1.0,""source_row"":17},{""altloc"":""(blank)"",""atom"":""CA"",""element"":""C"",""occupancy"":1.0,""source_row"":18},{""altloc"":""(blank)"",""atom"":""C"",""element"":""C"",""occupancy"":1.0,""source_row"":19},{""altloc"":""(blank)"",""atom"":""O"",""element"":""O"",""occupancy"":1.0,""source_row"":20},{""altloc"":""(blank)"",""atom"":""CB"",""element"":""C"",""occupancy"":1.0,""source_row"":21},{""altloc"":""(blank)"",""atom"":""CG1"",""element"":""C"",""occupancy"":1.0,""source_row"":22},{""altloc"":""(blank)"",""atom"":""CG2"",""element"":""C"",""occupancy"":1.0,""source_row"":23},{""altloc"":""(blank)"",""atom"":""CD1"",""element"":""C"",""occupancy"":1.0,""source_row"":24}]",STANDARD_NEUTRAL_CCD_COMPONENT_STATE,SELECT_RECEPTOR_CHAIN_A; blank/common; exact state category STANDARD_NEUTRAL_CCD_COMPONENT_STATE,"{""method"":""CCD hydrogen-parent inventory; explicit AUTH04 terminal/acid/base/HIS31 adjustments; no implicit state selection"",""parent_to_hydrogen_names"":{""C"":[],""CA"":[""HA""],""CB"":[""HB""],""CD1"":[""HD11"",""HD12"",""HD13""],""CG1"":[""HG12"",""HG13""],""CG2"":[""HG21"",""HG22"",""HG23""],""N"":[""H""],""O"":[]}}",INCLUDED; 8/8 expected CCD heavy atoms; zero missing/extra,3DMX.cif atom_site source rows 17-24; CCD ILE atom/bond definitions; AUTH04 chemical-state decision; ME_DOCKING_V1_3DMX_BNZ_PREP_RDKIT_2026_03_6_HONLY_1_1 v1.1.0
4,PHE,blank/common,"[{""altloc"":""(blank)"",""atom"":""N"",""element"":""N"",""occupancy"":1.0,""source_row"":25},{""altloc"":""(blank)"",""atom"":""CA"",""element"":""C"",""occupancy"":1.0,""source_row"":26},{""altloc"":""(blank)"",""atom"":""C"",""element"":""C"",""occupancy"":1.0,""source_row"":27},{""altloc"":""(blank)"",""atom"":""O"",""element"":""O"",""occupancy"":1.0,""source_row"":28},{""altloc"":""(blank)"",""atom"":""CB"",""element"":""C"",""occupancy"":1.0,""source_row"":29},{""altloc"":""(blank)"",""atom"":""CG"",""element"":""C"",""occupancy"":1.0,""source_row"":30},{""altloc"":""(blank)"",""atom"":""CD1"",""element"":""C"",""occupancy"":1.0,""source_row"":31},{""altloc"":""(blank)"",""atom"":""CD2"",""element"":""C"",""occupancy"":1.0,""source_row"":32},{""altloc"":""(blank)"",""atom"":""CE1"",""element"":""C"",""occupancy"":1.0,""source_row"":33},{""altloc"":""(blank)"",""atom"":""CE2"",""element"":""C"",""occupancy"":1.0,""source_row"":34},{""altloc"":""(blank)"",""atom"":""CZ"",""element"":""C"",""occupancy"":1.0,""source_row"":35}]",STANDARD_NEUTRAL_CCD_COMPONENT_STATE,SELECT_RECEPTOR_CHAIN_A; blank/common; exact state category STANDARD_NEUTRAL_CCD_COMPONENT_STATE,"{""method"":""CCD hydrogen-parent inventory; explicit AUTH04 terminal/acid/base/HIS31 adjustments; no implicit state selection"",""parent_to_hydrogen_names"":{""C"":[],""CA"":[""HA""],""CB"":[""HB2"",""HB3""],""CD1"":[""HD1""],""CD2"":[""HD2""],""CE1"":[""HE1""],""CE2"":[""HE2""],""CG"":[],""CZ"":[""HZ""],""N"":[""H""],""O"":[]}}",INCLUDED; 11/11 expected CCD heavy atoms; zero missing/extra,3DMX.cif atom_site source rows 25-35; CCD PHE atom/bond definitions; AUTH04 chemical-state decision; ME_DOCKING_V1_3DMX_BNZ_PREP_RDKIT_2026_03_6_HONLY_1_1 v1.1.0
5,GLU,blank/common,"[{""altloc"":""(blank)"",""atom"":""N"",""element"":""N"",""occupancy"":1.0,""source_row"":36},{""altloc"":""(blank)"",""atom"":""CA"",""element"":""C"",""occupancy"":1.0,""source_row"":37},{""altloc"":""(blank)"",""atom"":""C"",""element"":""C"",""occupancy"":1.0,""source_row"":38},{""altloc"":""(blank)"",""atom"":""O"",""element"":""O"",""occupancy"":1.0,""source_row"":39},{""altloc"":""(blank)"",""atom"":""CB"",""element"":""C"",""occupancy"":1.0,""source_row"":40},{""altloc"":""(blank)"",""atom"":""CG"",""element"":""C"",""occupancy"":1.0,""source_row"":41},{""altloc"":""(blank)"",""atom"":""CD"",""element"":""C"",""occupancy"":1.0,""source_row"":42},{""altloc"":""(blank)"",""atom"":""OE1"",""element"":""O"",""occupancy"":1.0,""source_row"":43},{""altloc"":""(blank)"",""atom"":""OE2"",""element"":""O"",""occupancy"":1.0,""source_row"":44}]",GLU_DEPROTONATED(-1),SELECT_RECEPTOR_CHAIN_A; blank/common; exact state category GLU_DEPROTONATED(-1),"{""method"":""CCD hydrogen-parent inventory; explicit AUTH04 terminal/acid/base/HIS31 adjustments; no implicit state selection"",""parent_to_hydrogen_names"":{""C"":[],""CA"":[""HA""],""CB"":[""HB2"",""HB3""],""CD"":[],""CG"":[""HG2"",""HG3""],""N"":[""H""],""O"":[],""OE1"":[],""OE2"":[]}}",INCLUDED; 9/9 expected CCD heavy atoms; zero missing/extra,3DMX.cif atom_site source rows 36-44; CCD GLU atom/bond definitions; AUTH04 chemical-state decision; ME_DOCKING_V1_3DMX_BNZ_PREP_RDKIT_2026_03_6_HONLY_1_1 v1.1.0
6,MET,blank/common,"[{""altloc"":""(blank)"",""atom"":""N"",""element"":""N"",""occupancy"":1.0,""source_row"":45},{""altloc"":""(blank)"",""atom"":""CA"",""element"":""C"",""occupancy"":1.0,""source_row"":46},{""altloc"":""(blank)"",""atom"":""C"",""element"":""C"",""occupancy"":1.0,""source_row"":47},{""altloc"":""(blank)"",""atom"":""O"",""element"":""O"",""occupancy"":1.0,""source_row"":48},{""altloc"":""(blank)"",""atom"":""CB"",""element"":""C"",""occupancy"":1.0,""source_row"":49},{""altloc"":""(blank)"",""atom"":""CG"",""element"":""C"",""occupancy"":1.0,""source_row"":50},{""altloc"":""(blank)"",""atom"":""SD"",""element"":""S"",""occupancy"":1.0,""source_row"":51},{""altloc"":""(blank)"",""atom"":""CE"",""element"":""C"",""occupancy"":1.0,""source_row"":52}]",STANDARD_NEUTRAL_CCD_COMPONENT_STATE,SELECT_RECEPTOR_CHAIN_A; blank/common; exact state category STANDARD_NEUTRAL_CCD_COMPONENT_STATE,"{""method"":""CCD hydrogen-parent inventory; explicit AUTH04 terminal/acid/base/HIS31 adjustments; no implicit state selection"",""parent_to_hydrogen_names"":{""C"":[],""CA"":[""HA""],""CB"":[""HB2"",""HB3""],""CE"":[""HE1"",""HE2"",""HE3""],""CG"":[""HG2"",""HG3""],""N"":[""H""],""O"":[],""SD"":[]}}",INCLUDED; 8/8 expected CCD heavy atoms; zero missing/extra,3DMX.cif atom_site source rows 45-52; CCD MET atom/bond definitions; AUTH04 chemical-state decision; ME_DOCKING_V1_3DMX_BNZ_PREP_RDKIT_2026_03_6_HONLY_1_1 v1.1.0
7,LEU,blank/common,"[{""altloc"":""(blank)"",""atom"":""N"",""element"":""N"",""occupancy"":1.0,""source_row"":53},{""altloc"":""(blank)"",""atom"":""CA"",""element"":""C"",""occupancy"":1.0,""source_row"":54},{""altloc"":""(blank)"",""atom"":""C"",""element"":""C"",""occupancy"":1.0,""source_row"":55},{""altloc"":""(blank)"",""atom"":""O"",""element"":""O"",""occupancy"":1.0,""source_row"":56},{""altloc"":""(blank)"",""atom"":""CB"",""element"":""C"",""occupancy"":1.0,""source_row"":57},{""altloc"":""(blank)"",""atom"":""CG"",""element"":""C"",""occupancy"":1.0,""source_row"":58},{""altloc"":""(blank)"",""atom"":""CD1"",""element"":""C"",""occupancy"":1.0,""source_row"":59},{""altloc"":""(blank)"",""atom"":""CD2"",""element"":""C"",""occupancy"":1.0,""source_row"":60}]",STANDARD_NEUTRAL_CCD_COMPONENT_STATE,SELECT_RECEPTOR_CHAIN_A; blank/common; exact state category STANDARD_NEUTRAL_CCD_COMPONENT_STATE,"{""method"":""CCD hydrogen-parent inventory; explicit AUTH04 terminal/acid/base/HIS31 adjustments; no implicit state selection"",""parent_to_hydrogen_names"":{""C"":[],""CA"":[""HA""],""CB"":[""HB2"",""HB3""],""CD1"":[""HD11"",""HD12"",""HD13""],""CD2"":[""HD21"",""HD22"",""HD23""],""CG"":[""HG""],""N"":[""H""],""O"":[]}}",INCLUDED; 8/8 expected CCD heavy atoms; zero missing/extra,3DMX.cif atom_site source rows 53-60; CCD LEU atom/bond definitions; AUTH04 chemical-state decision; ME_DOCKING_V1_3DMX_BNZ_PREP_RDKIT_2026_03_6_HONLY_1_1 v1.1.0
8,ARG,blank/common,"[{""altloc"":""(blank)"",""atom"":""N"",""element"":""N"",""occupancy"":1.0,""source_row"":61},{""altloc"":""(blank)"",""atom"":""CA"",""element"":""C"",""occupancy"":1.0,""source_row"":62},{""altloc"":""(blank)"",""atom"":""C"",""element"":""C"",""occupancy"":1.0,""source_row"":63},{""altloc"":""(blank)"",""atom"":""O"",""element"":""O"",""occupancy"":1.0,""source_row"":64},{""altloc"":""(blank)"",""atom"":""CB"",""element"":""C"",""occupancy"":1.0,""source_row"":65},{""altloc"":""(blank)"",""atom"":""CG"",""element"":""C"",""occupancy"":1.0,""source_row"":66},{""altloc"":""(blank)"",""atom"":""CD"",""element"":""C"",""occupancy"":1.0,""source_row"":67},{""altloc"":""(blank)"",""atom"":""NE"",""element"":""N"",""occupancy"":1.0,""source_row"":68},{""altloc"":""(blank)"",""atom"":""CZ"",""element"":""C"",""occupancy"":1.0,""source_row"":69},{""altloc"":""(blank)"",""atom"":""NH1"",""element"":""N"",""occupancy"":1.0,""source_row"":70},{""altloc"":""(blank)"",""atom"":""NH2"",""element"":""N"",""occupancy"":1.0,""source_row"":71}]",ARG_PROTONATED(+1),SELECT_RECEPTOR_CHAIN_A; blank/common; exact state category ARG_PROTONATED(+1),"{""method"":""CCD hydrogen-parent inventory; explicit AUTH04 terminal/acid/base/HIS31 adjustments; no implicit state selection"",""parent_to_hydrogen_names"":{""C"":[],""CA"":[""HA""],""CB"":[""HB2"",""HB3""],""CD"":[""HD2"",""HD3""],""CG"":[""HG2"",""HG3""],""CZ"":[],""N"":[""H""],""NE"":[""HE""],""NH1"":[""HH11"",""HH12""],""NH2"":[""HH21"",""HH22""],""O"":[]}}",INCLUDED; 11/11 expected CCD heavy atoms; zero missing/extra,3DMX.cif atom_site source rows 61-71; CCD ARG atom/bond definitions; AUTH04 chemical-state decision; ME_DOCKING_V1_3DMX_BNZ_PREP_RDKIT_2026_03_6_HONLY_1_1 v1.1.0
9,ILE,blank/common,"[{""altloc"":""(blank)"",""atom"":""N"",""element"":""N"",""occupancy"":1.0,""source_row"":72},{""altloc"":""(blank)"",""atom"":""CA"",""element"":""C"",""occupancy"":1.0,""source_row"":73},{""altloc"":""(blank)"",""atom"":""C"",""element"":""C"",""occupancy"":1.0,""source_row"":74},{""altloc"":""(blank)"",""atom"":""O"",""element"":""O"",""occupancy"":1.0,""source_row"":75},{""altloc"":""(blank)"",""atom"":""CB"",""element"":""C"",""occupancy"":1.0,""source_row"":76},{""altloc"":""(blank)"",""atom"":""CG1"",""element"":""C"",""occupancy"":1.0,""source_row"":77},{""altloc"":""(blank)"",""atom"":""CG2"",""element"":""C"",""occupancy"":1.0,""source_row"":78},{""altloc"":""(blank)"",""atom"":""CD1"",""element"":""C"",""occupancy"":1.0,""source_row"":79}]",STANDARD_NEUTRAL_CCD_COMPONENT_STATE,SELECT_RECEPTOR_CHAIN_A; blank/common; exact state category STANDARD_NEUTRAL_CCD_COMPONENT_STATE,"{""method"":""CCD hydrogen-parent inventory; explicit AUTH04 terminal/acid/base/HIS31 adjustments; no implicit state selection"",""parent_to_hydrogen_names"":{""C"":[],""CA"":[""HA""],""CB"":[""HB""],""CD1"":[""HD11"",""HD12"",""HD13""],""CG1"":[""HG12"",""HG13""],""CG2"":[""HG21"",""HG22"",""HG23""],""N"":[""H""],""O"":[]}}",INCLUDED; 8/8 expected CCD heavy atoms; zero missing/extra,3DMX.cif atom_site source rows 72-79; CCD ILE atom/bond definitions; AUTH04 chemical-state decision; ME_DOCKING_V1_3DMX_BNZ_PREP_RDKIT_2026_03_6_HONLY_1_1 v1.1.0
10,ASP,blank/common,"[{""altloc"":""(blank)"",""atom"":""N"",""element"":""N"",""occupancy"":1.0,""source_row"":80},{""altloc"":""(blank)"",""atom"":""CA"",""element"":""C"",""occupancy"":1.0,""source_row"":81},{""altloc"":""(blank)"",""atom"":""C"",""element"":""C"",""occupancy"":1.0,""source_row"":82},{""altloc"":""(blank)"",""atom"":""O"",""element"":""O"",""occupancy"":1.0,""source_row"":83},{""altloc"":""(blank)"",""atom"":""CB"",""element"":""C"",""occupancy"":1.0,""source_row"":84},{""altloc"":""(blank)"",""atom"":""CG"",""element"":""C"",""occupancy"":1.0,""source_row"":85},{""altloc"":""(blank)"",""atom"":""OD1"",""element"":""O"",""occupancy"":1.0,""source_row"":86},{""altloc"":""(blank)"",""atom"":""OD2"",""element"":""O"",""occupancy"":1.0,""source_row"":87}]",ASP_DEPROTONATED(-1),SELECT_RECEPTOR_CHAIN_A; blank/common; exact state category ASP_DEPROTONATED(-1),"{""method"":""CCD hydrogen-parent inventory; explicit AUTH04 terminal/acid/base/HIS31 adjustments; no implicit state selection"",""parent_to_hydrogen_names"":{""C"":[],""CA"":[""HA""],""CB"":[""HB2"",""HB3""],""CG"":[],""N"":[""H""],""O"":[],""OD1"":[],""OD2"":[]}}",INCLUDED; 8/8 expected CCD heavy atoms; zero missing/extra,3DMX.cif atom_site source rows 80-87; CCD ASP atom/bond definitions; AUTH04 chemical-state decision; ME_DOCKING_V1_3DMX_BNZ_PREP_RDKIT_2026_03_6_HONLY_1_1 v1.1.0
11,GLU,blank/common,"[{""altloc"":""(blank)"",""atom"":""N"",""element"":""N"",""occupancy"":1.0,""source_row"":88},{""altloc"":""(blank)"",""atom"":""CA"",""element"":""C"",""occupancy"":1.0,""source_row"":89},{""altloc"":""(blank)"",""atom"":""C"",""element"":""C"",""occupancy"":1.0,""source_row"":90},{""altloc"":""(blank)"",""atom"":""O"",""element"":""O"",""occupancy"":1.0,""source_row"":91},{""altloc"":""(blank)"",""atom"":""CB"",""element"":""C"",""occupancy"":1.0,""source_row"":92},{""altloc"":""(blank)"",""atom"":""CG"",""element"":""C"",""occupancy"":1.0,""source_row"":93},{""altloc"":""(blank)"",""atom"":""CD"",""element"":""C"",""occupancy"":1.0,""source_row"":94},{""altloc"":""(blank)"",""atom"":""OE1"",""element"":""O"",""occupancy"":1.0,""source_row"":95},{""altloc"":""(blank)"",""atom"":""OE2"",""element"":""O"",""occupancy"":1.0,""source_row"":96}]",GLU_DEPROTONATED(-1),SELECT_RECEPTOR_CHAIN_A; blank/common; exact state category GLU_DEPROTONATED(-1),"{""method"":""CCD hydrogen-parent inventory; explicit AUTH04 terminal/acid/base/HIS31 adjustments; no implicit state selection"",""parent_to_hydrogen_names"":{""C"":[],""CA"":[""HA""],""CB"":[""HB2"",""HB3""],""CD"":[],""CG"":[""HG2"",""HG3""],""N"":[""H""],""O"":[],""OE1"":[],""OE2"":[]}}",INCLUDED; 9/9 expected CCD heavy atoms; zero missing/extra,3DMX.cif atom_site source rows 88-96; CCD GLU atom/bond definitions; AUTH04 chemical-state decision; ME_DOCKING_V1_3DMX_BNZ_PREP_RDKIT_2026_03_6_HONLY_1_1 v1.1.0
12,GLY,blank/common,"[{""altloc"":""(blank)"",""atom"":""N"",""element"":""N"",""occupancy"":1.0,""source_row"":97},{""altloc"":""(blank)"",""atom"":""CA"",""element"":""C"",""occupancy"":1.0,""source_row"":98},{""altloc"":""(blank)"",""atom"":""C"",""element"":""C"",""occupancy"":1.0,""source_row"":99},{""altloc"":""(blank)"",""atom"":""O"",""element"":""O"",""occupancy"":1.0,""source_row"":100}]",STANDARD_NEUTRAL_CCD_COMPONENT_STATE,SELECT_RECEPTOR_CHAIN_A; blank/common; exact state category STANDARD_NEUTRAL_CCD_COMPONENT_STATE,"{""method"":""CCD hydrogen-parent inventory; explicit AUTH04 terminal/acid/base/HIS31 adjustments; no implicit state selection"",""parent_to_hydrogen_names"":{""C"":[],""CA"":[""HA2"",""HA3""],""N"":[""H""],""O"":[]}}",INCLUDED; 4/4 expected CCD heavy atoms; zero missing/extra,3DMX.cif atom_site source rows 97-100; CCD GLY atom/bond definitions; AUTH04 chemical-state decision; ME_DOCKING_V1_3DMX_BNZ_PREP_RDKIT_2026_03_6_HONLY_1_1 v1.1.0
13,LEU,blank/common,"[{""altloc"":""(blank)"",""atom"":""N"",""element"":""N"",""occupancy"":1.0,""source_row"":101},{""altloc"":""(blank)"",""atom"":""CA"",""element"":""C"",""occupancy"":1.0,""source_row"":102},{""altloc"":""(blank)"",""atom"":""C"",""element"":""C"",""occupancy"":1.0,""source_row"":103},{""altloc"":""(blank)"",""atom"":""O"",""element"":""O"",""occupancy"":1.0,""source_row"":104},{""altloc"":""(blank)"",""atom"":""CB"",""element"":""C"",""occupancy"":1.0,""source_row"":105},{""altloc"":""(blank)"",""atom"":""CG"",""element"":""C"",""occupancy"":1.0,""source_row"":106},{""altloc"":""(blank)"",""atom"":""CD1"",""element"":""C"",""occupancy"":1.0,""source_row"":107},{""altloc"":""(blank)"",""atom"":""CD2"",""element"":""C"",""occupancy"":1.0,""source_row"":108}]",STANDARD_NEUTRAL_CCD_COMPONENT_STATE,SELECT_RECEPTOR_CHAIN_A; blank/common; exact state category STANDARD_NEUTRAL_CCD_COMPONENT_STATE,"{""method"":""CCD hydrogen-parent inventory; explicit AUTH04 terminal/acid/base/HIS31 adjustments; no implicit state selection"",""parent_to_hydrogen_names"":{""C"":[],""CA"":[""HA""],""CB"":[""HB2"",""HB3""],""CD1"":[""HD11"",""HD12"",""HD13""],""CD2"":[""HD21"",""HD22"",""HD23""],""CG"":[""HG""],""N"":[""H""],""O"":[]}}",INCLUDED; 8/8 expected CCD heavy atoms; zero missing/extra,3DMX.cif atom_site source rows 101-108; CCD LEU atom/bond definitions; AUTH04 chemical-state decision; ME_DOCKING_V1_3DMX_BNZ_PREP_RDKIT_2026_03_6_HONLY_1_1 v1.1.0
14,ARG,blank/common,"[{""altloc"":""(blank)"",""atom"":""N"",""element"":""N"",""occupancy"":1.0,""source_row"":109},{""altloc"":""(blank)"",""atom"":""CA"",""element"":""C"",""occupancy"":1.0,""source_row"":110},{""altloc"":""(blank)"",""atom"":""C"",""element"":""C"",""occupancy"":1.0,""source_row"":111},{""altloc"":""(blank)"",""atom"":""O"",""element"":""O"",""occupancy"":1.0,""source_row"":112},{""altloc"":""(blank)"",""atom"":""CB"",""element"":""C"",""occupancy"":1.0,""source_row"":113},{""altloc"":""(blank)"",""atom"":""CG"",""element"":""C"",""occupancy"":1.0,""source_row"":114},{""altloc"":""(blank)"",""atom"":""CD"",""element"":""C"",""occupancy"":1.0,""source_row"":115},{""altloc"":""(blank)"",""atom"":""NE"",""element"":""N"",""occupancy"":1.0,""source_row"":116},{""altloc"":""(blank)"",""atom"":""CZ"",""element"":""C"",""occupancy"":1.0,""source_row"":117},{""altloc"":""(blank)"",""atom"":""NH1"",""element"":""N"",""occupancy"":1.0,""source_row"":118},{""altloc"":""(blank)"",""atom"":""NH2"",""element"":""N"",""occupancy"":1.0,""source_row"":119}]",ARG_PROTONATED(+1),SELECT_RECEPTOR_CHAIN_A; blank/common; exact state category ARG_PROTONATED(+1),"{""method"":""CCD hydrogen-parent inventory; explicit AUTH04 terminal/acid/base/HIS31 adjustments; no implicit state selection"",""parent_to_hydrogen_names"":{""C"":[],""CA"":[""HA""],""CB"":[""HB2"",""HB3""],""CD"":[""HD2"",""HD3""],""CG"":[""HG2"",""HG3""],""CZ"":[],""N"":[""H""],""NE"":[""HE""],""NH1"":[""HH11"",""HH12""],""NH2"":[""HH21"",""HH22""],""O"":[]}}",INCLUDED; 11/11 expected CCD heavy atoms; zero missing/extra,3DMX.cif atom_site source rows 109-119; CCD ARG atom/bond definitions; AUTH04 chemical-state decision; ME_DOCKING_V1_3DMX_BNZ_PREP_RDKIT_2026_03_6_HONLY_1_1 v1.1.0
15,LEU,blank/common,"[{""altloc"":""(blank)"",""atom"":""N"",""element"":""N"",""occupancy"":1.0,""source_row"":120},{""altloc"":""(blank)"",""atom"":""CA"",""element"":""C"",""occupancy"":1.0,""source_row"":121},{""altloc"":""(blank)"",""atom"":""C"",""element"":""C"",""occupancy"":1.0,""source_row"":122},{""altloc"":""(blank)"",""atom"":""O"",""element"":""O"",""occupancy"":1.0,""source_row"":123},{""altloc"":""(blank)"",""atom"":""CB"",""element"":""C"",""occupancy"":1.0,""source_row"":124},{""altloc"":""(blank)"",""atom"":""CG"",""element"":""C"",""occupancy"":1.0,""source_row"":125},{""altloc"":""(blank)"",""atom"":""CD1"",""element"":""C"",""occupancy"":1.0,""source_row"":126},{""altloc"":""(blank)"",""atom"":""CD2"",""element"":""C"",""occupancy"":1.0,""source_row"":127}]",STANDARD_NEUTRAL_CCD_COMPONENT_STATE,SELECT_RECEPTOR_CHAIN_A; blank/common; exact state category STANDARD_NEUTRAL_CCD_COMPONENT_STATE,"{""method"":""CCD hydrogen-parent inventory; explicit AUTH04 terminal/acid/base/HIS31 adjustments; no implicit state selection"",""parent_to_hydrogen_names"":{""C"":[],""CA"":[""HA""],""CB"":[""HB2"",""HB3""],""CD1"":[""HD11"",""HD12"",""HD13""],""CD2"":[""HD21"",""HD22"",""HD23""],""CG"":[""HG""],""N"":[""H""],""O"":[]}}",INCLUDED; 8/8 expected CCD heavy atoms; zero missing/extra,3DMX.cif atom_site source rows 120-127; CCD LEU atom/bond definitions; AUTH04 chemical-state decision; ME_DOCKING_V1_3DMX_BNZ_PREP_RDKIT_2026_03_6_HONLY_1_1 v1.1.0
16,LYS,blank/common,"[{""altloc"":""(blank)"",""atom"":""N"",""element"":""N"",""occupancy"":1.0,""source_row"":128},{""altloc"":""(blank)"",""atom"":""CA"",""element"":""C"",""occupancy"":1.0,""source_row"":129},{""altloc"":""(blank)"",""atom"":""C"",""element"":""C"",""occupancy"":1.0,""source_row"":130},{""altloc"":""(blank)"",""atom"":""O"",""element"":""O"",""occupancy"":1.0,""source_row"":131},{""altloc"":""(blank)"",""atom"":""CB"",""element"":""C"",""occupancy"":1.0,""source_row"":132},{""altloc"":""(blank)"",""atom"":""CG"",""element"":""C"",""occupancy"":1.0,""source_row"":133},{""altloc"":""(blank)"",""atom"":""CD"",""element"":""C"",""occupancy"":1.0,""source_row"":134},{""altloc"":""(blank)"",""atom"":""CE"",""element"":""C"",""occupancy"":1.0,""source_row"":135},{""altloc"":""(blank)"",""atom"":""NZ"",""element"":""N"",""occupancy"":1.0,""source_row"":136}]",LYS_PROTONATED(+1),SELECT_RECEPTOR_CHAIN_A; blank/common; exact state category LYS_PROTONATED(+1),"{""method"":""CCD hydrogen-parent inventory; explicit AUTH04 terminal/acid/base/HIS31 adjustments; no implicit state selection"",""parent_to_hydrogen_names"":{""C"":[],""CA"":[""HA""],""CB"":[""HB2"",""HB3""],""CD"":[""HD2"",""HD3""],""CE"":[""HE2"",""HE3""],""CG"":[""HG2"",""HG3""],""N"":[""H""],""NZ"":[""HZ1"",""HZ2"",""HZ3""],""O"":[]}}",INCLUDED; 9/9 expected CCD heavy atoms; zero missing/extra,3DMX.cif atom_site source rows 128-136; CCD LYS atom/bond definitions; AUTH04 chemical-state decision; ME_DOCKING_V1_3DMX_BNZ_PREP_RDKIT_2026_03_6_HONLY_1_1 v1.1.0
17,ILE,blank/common,"[{""altloc"":""(blank)"",""atom"":""N"",""element"":""N"",""occupancy"":1.0,""source_row"":137},{""altloc"":""(blank)"",""atom"":""CA"",""element"":""C"",""occupancy"":1.0,""source_row"":138},{""altloc"":""(blank)"",""atom"":""C"",""element"":""C"",""occupancy"":1.0,""source_row"":139},{""altloc"":""(blank)"",""atom"":""O"",""element"":""O"",""occupancy"":1.0,""source_row"":140},{""altloc"":""(blank)"",""atom"":""CB"",""element"":""C"",""occupancy"":1.0,""source_row"":141},{""altloc"":""(blank)"",""atom"":""CG1"",""element"":""C"",""occupancy"":1.0,""source_row"":142},{""altloc"":""(blank)"",""atom"":""CG2"",""element"":""C"",""occupancy"":1.0,""source_row"":143},{""altloc"":""(blank)"",""atom"":""CD1"",""element"":""C"",""occupancy"":1.0,""source_row"":144}]",STANDARD_NEUTRAL_CCD_COMPONENT_STATE,SELECT_RECEPTOR_CHAIN_A; blank/common; exact state category STANDARD_NEUTRAL_CCD_COMPONENT_STATE,"{""method"":""CCD hydrogen-parent inventory; explicit AUTH04 terminal/acid/base/HIS31 adjustments; no implicit state selection"",""parent_to_hydrogen_names"":{""C"":[],""CA"":[""HA""],""CB"":[""HB""],""CD1"":[""HD11"",""HD12"",""HD13""],""CG1"":[""HG12"",""HG13""],""CG2"":[""HG21"",""HG22"",""HG23""],""N"":[""H""],""O"":[]}}",INCLUDED; 8/8 expected CCD heavy atoms; zero missing/extra,3DMX.cif atom_site source rows 137-144; CCD ILE atom/bond definitions; AUTH04 chemical-state decision; ME_DOCKING_V1_3DMX_BNZ_PREP_RDKIT_2026_03_6_HONLY_1_1 v1.1.0
18,TYR,blank/common,"[{""altloc"":""(blank)"",""atom"":""N"",""element"":""N"",""occupancy"":1.0,""source_row"":145},{""altloc"":""(blank)"",""atom"":""CA"",""element"":""C"",""occupancy"":1.0,""source_row"":146},{""altloc"":""(blank)"",""atom"":""C"",""element"":""C"",""occupancy"":1.0,""source_row"":147},{""altloc"":""(blank)"",""atom"":""O"",""element"":""O"",""occupancy"":1.0,""source_row"":148},{""altloc"":""(blank)"",""atom"":""CB"",""element"":""C"",""occupancy"":1.0,""source_row"":149},{""altloc"":""(blank)"",""atom"":""CG"",""element"":""C"",""occupancy"":1.0,""source_row"":150},{""altloc"":""(blank)"",""atom"":""CD1"",""element"":""C"",""occupancy"":1.0,""source_row"":151},{""altloc"":""(blank)"",""atom"":""CD2"",""element"":""C"",""occupancy"":1.0,""source_row"":152},{""altloc"":""(blank)"",""atom"":""CE1"",""element"":""C"",""occupancy"":1.0,""source_row"":153},{""altloc"":""(blank)"",""atom"":""CE2"",""element"":""C"",""occupancy"":1.0,""source_row"":154},{""altloc"":""(blank)"",""atom"":""CZ"",""element"":""C"",""occupancy"":1.0,""source_row"":155},{""altloc"":""(blank)"",""atom"":""OH"",""element"":""O"",""occupancy"":1.0,""source_row"":156}]",TYR_NEUTRAL(0),SELECT_RECEPTOR_CHAIN_A; blank/common; exact state category TYR_NEUTRAL(0),"{""method"":""CCD hydrogen-parent inventory; explicit AUTH04 terminal/acid/base/HIS31 adjustments; no implicit state selection"",""parent_to_hydrogen_names"":{""C"":[],""CA"":[""HA""],""CB"":[""HB2"",""HB3""],""CD1"":[""HD1""],""CD2"":[""HD2""],""CE1"":[""HE1""],""CE2"":[""HE2""],""CG"":[],""CZ"":[],""N"":[""H""],""O"":[],""OH"":[""HH""]}}",INCLUDED; 12/12 expected CCD heavy atoms; zero missing/extra,3DMX.cif atom_site source rows 145-156; CCD TYR atom/bond definitions; AUTH04 chemical-state decision; ME_DOCKING_V1_3DMX_BNZ_PREP_RDKIT_2026_03_6_HONLY_1_1 v1.1.0
19,LYS,blank/common,"[{""altloc"":""(blank)"",""atom"":""N"",""element"":""N"",""occupancy"":1.0,""source_row"":157},{""altloc"":""(blank)"",""atom"":""CA"",""element"":""C"",""occupancy"":1.0,""source_row"":158},{""altloc"":""(blank)"",""atom"":""C"",""element"":""C"",""occupancy"":1.0,""source_row"":159},{""altloc"":""(blank)"",""atom"":""O"",""element"":""O"",""occupancy"":1.0,""source_row"":160},{""altloc"":""(blank)"",""atom"":""CB"",""element"":""C"",""occupancy"":1.0,""source_row"":161},{""altloc"":""(blank)"",""atom"":""CG"",""element"":""C"",""occupancy"":1.0,""source_row"":162},{""altloc"":""(blank)"",""atom"":""CD"",""element"":""C"",""occupancy"":1.0,""source_row"":163},{""altloc"":""(blank)"",""atom"":""CE"",""element"":""C"",""occupancy"":1.0,""source_row"":164},{""altloc"":""(blank)"",""atom"":""NZ"",""element"":""N"",""occupancy"":1.0,""source_row"":165}]",LYS_PROTONATED(+1),SELECT_RECEPTOR_CHAIN_A; blank/common; exact state category LYS_PROTONATED(+1),"{""method"":""CCD hydrogen-parent inventory; explicit AUTH04 terminal/acid/base/HIS31 adjustments; no implicit state selection"",""parent_to_hydrogen_names"":{""C"":[],""CA"":[""HA""],""CB"":[""HB2"",""HB3""],""CD"":[""HD2"",""HD3""],""CE"":[""HE2"",""HE3""],""CG"":[""HG2"",""HG3""],""N"":[""H""],""NZ"":[""HZ1"",""HZ2"",""HZ3""],""O"":[]}}",INCLUDED; 9/9 expected CCD heavy atoms; zero missing/extra,3DMX.cif atom_site source rows 157-165; CCD LYS atom/bond definitions; AUTH04 chemical-state decision; ME_DOCKING_V1_3DMX_BNZ_PREP_RDKIT_2026_03_6_HONLY_1_1 v1.1.0
20,ASP,blank/common,"[{""altloc"":""(blank)"",""atom"":""N"",""element"":""N"",""occupancy"":1.0,""source_row"":166},{""altloc"":""(blank)"",""atom"":""CA"",""element"":""C"",""occupancy"":1.0,""source_row"":167},{""altloc"":""(blank)"",""atom"":""C"",""element"":""C"",""occupancy"":1.0,""source_row"":168},{""altloc"":""(blank)"",""atom"":""O"",""element"":""O"",""occupancy"":1.0,""source_row"":169},{""altloc"":""(blank)"",""atom"":""CB"",""element"":""C"",""occupancy"":1.0,""source_row"":170},{""altloc"":""(blank)"",""atom"":""CG"",""element"":""C"",""occupancy"":1.0,""source_row"":171},{""altloc"":""(blank)"",""atom"":""OD1"",""element"":""O"",""occupancy"":1.0,""source_row"":172},{""altloc"":""(blank)"",""atom"":""OD2"",""element"":""O"",""occupancy"":1.0,""source_row"":173}]",ASP_DEPROTONATED(-1),SELECT_RECEPTOR_CHAIN_A; blank/common; exact state category ASP_DEPROTONATED(-1),"{""method"":""CCD hydrogen-parent inventory; explicit AUTH04 terminal/acid/base/HIS31 adjustments; no implicit state selection"",""parent_to_hydrogen_names"":{""C"":[],""CA"":[""HA""],""CB"":[""HB2"",""HB3""],""CG"":[],""N"":[""H""],""O"":[],""OD1"":[],""OD2"":[]}}",INCLUDED; 8/8 expected CCD heavy atoms; zero missing/extra,3DMX.cif atom_site source rows 166-173; CCD ASP atom/bond definitions; AUTH04 chemical-state decision; ME_DOCKING_V1_3DMX_BNZ_PREP_RDKIT_2026_03_6_HONLY_1_1 v1.1.0
21,THR,blank/common,"[{""altloc"":""(blank)"",""atom"":""N"",""element"":""N"",""occupancy"":1.0,""source_row"":174},{""altloc"":""(blank)"",""atom"":""CA"",""element"":""C"",""occupancy"":1.0,""source_row"":175},{""altloc"":""(blank)"",""atom"":""C"",""element"":""C"",""occupancy"":1.0,""source_row"":176},{""altloc"":""(blank)"",""atom"":""O"",""element"":""O"",""occupancy"":1.0,""source_row"":177},{""altloc"":""(blank)"",""atom"":""CB"",""element"":""C"",""occupancy"":1.0,""source_row"":178},{""altloc"":""(blank)"",""atom"":""OG1"",""element"":""O"",""occupancy"":1.0,""source_row"":179},{""altloc"":""(blank)"",""atom"":""CG2"",""element"":""C"",""occupancy"":1.0,""source_row"":180}]",STANDARD_NEUTRAL_CCD_COMPONENT_STATE,SELECT_RECEPTOR_CHAIN_A; blank/common; exact state category STANDARD_NEUTRAL_CCD_COMPONENT_STATE,"{""method"":""CCD hydrogen-parent inventory; explicit AUTH04 terminal/acid/base/HIS31 adjustments; no implicit state selection"",""parent_to_hydrogen_names"":{""C"":[],""CA"":[""HA""],""CB"":[""HB""],""CG2"":[""HG21"",""HG22"",""HG23""],""N"":[""H""],""O"":[],""OG1"":[""HG1""]}}",INCLUDED; 7/7 expected CCD heavy atoms; zero missing/extra,3DMX.cif atom_site source rows 174-180; CCD THR atom/bond definitions; AUTH04 chemical-state decision; ME_DOCKING_V1_3DMX_BNZ_PREP_RDKIT_2026_03_6_HONLY_1_1 v1.1.0
22,GLU,blank/common,"[{""altloc"":""(blank)"",""atom"":""N"",""element"":""N"",""occupancy"":1.0,""source_row"":181},{""altloc"":""(blank)"",""atom"":""CA"",""element"":""C"",""occupancy"":1.0,""source_row"":182},{""altloc"":""(blank)"",""atom"":""C"",""element"":""C"",""occupancy"":1.0,""source_row"":183},{""altloc"":""(blank)"",""atom"":""O"",""element"":""O"",""occupancy"":1.0,""source_row"":184},{""altloc"":""(blank)"",""atom"":""CB"",""element"":""C"",""occupancy"":1.0,""source_row"":185},{""altloc"":""(blank)"",""atom"":""CG"",""element"":""C"",""occupancy"":1.0,""source_row"":186},{""altloc"":""(blank)"",""atom"":""CD"",""element"":""C"",""occupancy"":1.0,""source_row"":187},{""altloc"":""(blank)"",""atom"":""OE1"",""element"":""O"",""occupancy"":1.0,""source_row"":188},{""altloc"":""(blank)"",""atom"":""OE2"",""element"":""O"",""occupancy"":1.0,""source_row"":189}]",GLU_DEPROTONATED(-1),SELECT_RECEPTOR_CHAIN_A; blank/common; exact state category GLU_DEPROTONATED(-1),"{""method"":""CCD hydrogen-parent inventory; explicit AUTH04 terminal/acid/base/HIS31 adjustments; no implicit state selection"",""parent_to_hydrogen_names"":{""C"":[],""CA"":[""HA""],""CB"":[""HB2"",""HB3""],""CD"":[],""CG"":[""HG2"",""HG3""],""N"":[""H""],""O"":[],""OE1"":[],""OE2"":[]}}",INCLUDED; 9/9 expected CCD heavy atoms; zero missing/extra,3DMX.cif atom_site source rows 181-189; CCD GLU atom/bond definitions; AUTH04 chemical-state decision; ME_DOCKING_V1_3DMX_BNZ_PREP_RDKIT_2026_03_6_HONLY_1_1 v1.1.0
23,GLY,blank/common,"[{""altloc"":""(blank)"",""atom"":""N"",""element"":""N"",""occupancy"":1.0,""source_row"":190},{""altloc"":""(blank)"",""atom"":""CA"",""element"":""C"",""occupancy"":1.0,""source_row"":191},{""altloc"":""(blank)"",""atom"":""C"",""element"":""C"",""occupancy"":1.0,""source_row"":192},{""altloc"":""(blank)"",""atom"":""O"",""element"":""O"",""occupancy"":1.0,""source_row"":193}]",STANDARD_NEUTRAL_CCD_COMPONENT_STATE,SELECT_RECEPTOR_CHAIN_A; blank/common; exact state category STANDARD_NEUTRAL_CCD_COMPONENT_STATE,"{""method"":""CCD hydrogen-parent inventory; explicit AUTH04 terminal/acid/base/HIS31 adjustments; no implicit state selection"",""parent_to_hydrogen_names"":{""C"":[],""CA"":[""HA2"",""HA3""],""N"":[""H""],""O"":[]}}",INCLUDED; 4/4 expected CCD heavy atoms; zero missing/extra,3DMX.cif atom_site source rows 190-193; CCD GLY atom/bond definitions; AUTH04 chemical-state decision; ME_DOCKING_V1_3DMX_BNZ_PREP_RDKIT_2026_03_6_HONLY_1_1 v1.1.0
24,TYR,blank/common,"[{""altloc"":""(blank)"",""atom"":""N"",""element"":""N"",""occupancy"":1.0,""source_row"":194},{""altloc"":""(blank)"",""atom"":""CA"",""element"":""C"",""occupancy"":1.0,""source_row"":195},{""altloc"":""(blank)"",""atom"":""C"",""element"":""C"",""occupancy"":1.0,""source_row"":196},{""altloc"":""(blank)"",""atom"":""O"",""element"":""O"",""occupancy"":1.0,""source_row"":197},{""altloc"":""(blank)"",""atom"":""CB"",""element"":""C"",""occupancy"":1.0,""source_row"":198},{""altloc"":""(blank)"",""atom"":""CG"",""element"":""C"",""occupancy"":1.0,""source_row"":199},{""altloc"":""(blank)"",""atom"":""CD1"",""element"":""C"",""occupancy"":1.0,""source_row"":200},{""altloc"":""(blank)"",""atom"":""CD2"",""element"":""C"",""occupancy"":1.0,""source_row"":201},{""altloc"":""(blank)"",""atom"":""CE1"",""element"":""C"",""occupancy"":1.0,""source_row"":202},{""altloc"":""(blank)"",""atom"":""CE2"",""element"":""C"",""occupancy"":1.0,""source_row"":203},{""altloc"":""(blank)"",""atom"":""CZ"",""element"":""C"",""occupancy"":1.0,""source_row"":204},{""altloc"":""(blank)"",""atom"":""OH"",""element"":""O"",""occupancy"":1.0,""source_row"":205}]",TYR_NEUTRAL(0),SELECT_RECEPTOR_CHAIN_A; blank/common; exact state category TYR_NEUTRAL(0),"{""method"":""CCD hydrogen-parent inventory; explicit AUTH04 terminal/acid/base/HIS31 adjustments; no implicit state selection"",""parent_to_hydrogen_names"":{""C"":[],""CA"":[""HA""],""CB"":[""HB2"",""HB3""],""CD1"":[""HD1""],""CD2"":[""HD2""],""CE1"":[""HE1""],""CE2"":[""HE2""],""CG"":[],""CZ"":[],""N"":[""H""],""O"":[],""OH"":[""HH""]}}",INCLUDED; 12/12 expected CCD heavy atoms; zero missing/extra,3DMX.cif atom_site source rows 194-205; CCD TYR atom/bond definitions; AUTH04 chemical-state decision; ME_DOCKING_V1_3DMX_BNZ_PREP_RDKIT_2026_03_6_HONLY_1_1 v1.1.0
25,TYR,blank/common,"[{""altloc"":""(blank)"",""atom"":""N"",""element"":""N"",""occupancy"":1.0,""source_row"":206},{""altloc"":""(blank)"",""atom"":""CA"",""element"":""C"",""occupancy"":1.0,""source_row"":207},{""altloc"":""(blank)"",""atom"":""C"",""element"":""C"",""occupancy"":1.0,""source_row"":208},{""altloc"":""(blank)"",""atom"":""O"",""element"":""O"",""occupancy"":1.0,""source_row"":209},{""altloc"":""(blank)"",""atom"":""CB"",""element"":""C"",""occupancy"":1.0,""source_row"":210},{""altloc"":""(blank)"",""atom"":""CG"",""element"":""C"",""occupancy"":1.0,""source_row"":211},{""altloc"":""(blank)"",""atom"":""CD1"",""element"":""C"",""occupancy"":1.0,""source_row"":212},{""altloc"":""(blank)"",""atom"":""CD2"",""element"":""C"",""occupancy"":1.0,""source_row"":213},{""altloc"":""(blank)"",""atom"":""CE1"",""element"":""C"",""occupancy"":1.0,""source_row"":214},{""altloc"":""(blank)"",""atom"":""CE2"",""element"":""C"",""occupancy"":1.0,""source_row"":215},{""altloc"":""(blank)"",""atom"":""CZ"",""element"":""C"",""occupancy"":1.0,""source_row"":216},{""altloc"":""(blank)"",""atom"":""OH"",""element"":""O"",""occupancy"":1.0,""source_row"":217}]",TYR_NEUTRAL(0),SELECT_RECEPTOR_CHAIN_A; blank/common; exact state category TYR_NEUTRAL(0),"{""method"":""CCD hydrogen-parent inventory; explicit AUTH04 terminal/acid/base/HIS31 adjustments; no implicit state selection"",""parent_to_hydrogen_names"":{""C"":[],""CA"":[""HA""],""CB"":[""HB2"",""HB3""],""CD1"":[""HD1""],""CD2"":[""HD2""],""CE1"":[""HE1""],""CE2"":[""HE2""],""CG"":[],""CZ"":[],""N"":[""H""],""O"":[],""OH"":[""HH""]}}",INCLUDED; 12/12 expected CCD heavy atoms; zero missing/extra,3DMX.cif atom_site source rows 206-217; CCD TYR atom/bond definitions; AUTH04 chemical-state decision; ME_DOCKING_V1_3DMX_BNZ_PREP_RDKIT_2026_03_6_HONLY_1_1 v1.1.0
26,THR,blank/common,"[{""altloc"":""(blank)"",""atom"":""N"",""element"":""N"",""occupancy"":1.0,""source_row"":218},{""altloc"":""(blank)"",""atom"":""CA"",""element"":""C"",""occupancy"":1.0,""source_row"":219},{""altloc"":""(blank)"",""atom"":""C"",""element"":""C"",""occupancy"":1.0,""source_row"":220},{""altloc"":""(blank)"",""atom"":""O"",""element"":""O"",""occupancy"":1.0,""source_row"":221},{""altloc"":""(blank)"",""atom"":""CB"",""element"":""C"",""occupancy"":1.0,""source_row"":222},{""altloc"":""(blank)"",""atom"":""OG1"",""element"":""O"",""occupancy"":1.0,""source_row"":223},{""altloc"":""(blank)"",""atom"":""CG2"",""element"":""C"",""occupancy"":1.0,""source_row"":224}]",STANDARD_NEUTRAL_CCD_COMPONENT_STATE,SELECT_RECEPTOR_CHAIN_A; blank/common; exact state category STANDARD_NEUTRAL_CCD_COMPONENT_STATE,"{""method"":""CCD hydrogen-parent inventory; explicit AUTH04 terminal/acid/base/HIS31 adjustments; no implicit state selection"",""parent_to_hydrogen_names"":{""C"":[],""CA"":[""HA""],""CB"":[""HB""],""CG2"":[""HG21"",""HG22"",""HG23""],""N"":[""H""],""O"":[],""OG1"":[""HG1""]}}",INCLUDED; 7/7 expected CCD heavy atoms; zero missing/extra,3DMX.cif atom_site source rows 218-224; CCD THR atom/bond definitions; AUTH04 chemical-state decision; ME_DOCKING_V1_3DMX_BNZ_PREP_RDKIT_2026_03_6_HONLY_1_1 v1.1.0
27,ILE,blank/common,"[{""altloc"":""(blank)"",""atom"":""N"",""element"":""N"",""occupancy"":1.0,""source_row"":225},{""altloc"":""(blank)"",""atom"":""CA"",""element"":""C"",""occupancy"":1.0,""source_row"":226},{""altloc"":""(blank)"",""atom"":""C"",""element"":""C"",""occupancy"":1.0,""source_row"":227},{""altloc"":""(blank)"",""atom"":""O"",""element"":""O"",""occupancy"":1.0,""source_row"":228},{""altloc"":""(blank)"",""atom"":""CB"",""element"":""C"",""occupancy"":1.0,""source_row"":229},{""altloc"":""(blank)"",""atom"":""CG1"",""element"":""C"",""occupancy"":1.0,""source_row"":230},{""altloc"":""(blank)"",""atom"":""CG2"",""element"":""C"",""occupancy"":1.0,""source_row"":231},{""altloc"":""(blank)"",""atom"":""CD1"",""element"":""C"",""occupancy"":1.0,""source_row"":232}]",STANDARD_NEUTRAL_CCD_COMPONENT_STATE,SELECT_RECEPTOR_CHAIN_A; blank/common; exact state category STANDARD_NEUTRAL_CCD_COMPONENT_STATE,"{""method"":""CCD hydrogen-parent inventory; explicit AUTH04 terminal/acid/base/HIS31 adjustments; no implicit state selection"",""parent_to_hydrogen_names"":{""C"":[],""CA"":[""HA""],""CB"":[""HB""],""CD1"":[""HD11"",""HD12"",""HD13""],""CG1"":[""HG12"",""HG13""],""CG2"":[""HG21"",""HG22"",""HG23""],""N"":[""H""],""O"":[]}}",INCLUDED; 8/8 expected CCD heavy atoms; zero missing/extra,3DMX.cif atom_site source rows 225-232; CCD ILE atom/bond definitions; AUTH04 chemical-state decision; ME_DOCKING_V1_3DMX_BNZ_PREP_RDKIT_2026_03_6_HONLY_1_1 v1.1.0
28,GLY,blank/common,"[{""altloc"":""(blank)"",""atom"":""N"",""element"":""N"",""occupancy"":1.0,""source_row"":233},{""altloc"":""(blank)"",""atom"":""CA"",""element"":""C"",""occupancy"":1.0,""source_row"":234},{""altloc"":""(blank)"",""atom"":""C"",""element"":""C"",""occupancy"":1.0,""source_row"":235},{""altloc"":""(blank)"",""atom"":""O"",""element"":""O"",""occupancy"":1.0,""source_row"":236}]",STANDARD_NEUTRAL_CCD_COMPONENT_STATE,SELECT_RECEPTOR_CHAIN_A; blank/common; exact state category STANDARD_NEUTRAL_CCD_COMPONENT_STATE,"{""method"":""CCD hydrogen-parent inventory; explicit AUTH04 terminal/acid/base/HIS31 adjustments; no implicit state selection"",""parent_to_hydrogen_names"":{""C"":[],""CA"":[""HA2"",""HA3""],""N"":[""H""],""O"":[]}}",INCLUDED; 4/4 expected CCD heavy atoms; zero missing/extra,3DMX.cif atom_site source rows 233-236; CCD GLY atom/bond definitions; AUTH04 chemical-state decision; ME_DOCKING_V1_3DMX_BNZ_PREP_RDKIT_2026_03_6_HONLY_1_1 v1.1.0
29,ILE,blank/common,"[{""altloc"":""(blank)"",""atom"":""N"",""element"":""N"",""occupancy"":1.0,""source_row"":237},{""altloc"":""(blank)"",""atom"":""CA"",""element"":""C"",""occupancy"":1.0,""source_row"":238},{""altloc"":""(blank)"",""atom"":""C"",""element"":""C"",""occupancy"":1.0,""source_row"":239},{""altloc"":""(blank)"",""atom"":""O"",""element"":""O"",""occupancy"":1.0,""source_row"":240},{""altloc"":""(blank)"",""atom"":""CB"",""element"":""C"",""occupancy"":1.0,""source_row"":241},{""altloc"":""(blank)"",""atom"":""CG1"",""element"":""C"",""occupancy"":1.0,""source_row"":242},{""altloc"":""(blank)"",""atom"":""CG2"",""element"":""C"",""occupancy"":1.0,""source_row"":243},{""altloc"":""(blank)"",""atom"":""CD1"",""element"":""C"",""occupancy"":1.0,""source_row"":244}]",STANDARD_NEUTRAL_CCD_COMPONENT_STATE,SELECT_RECEPTOR_CHAIN_A; blank/common; exact state category STANDARD_NEUTRAL_CCD_COMPONENT_STATE,"{""method"":""CCD hydrogen-parent inventory; explicit AUTH04 terminal/acid/base/HIS31 adjustments; no implicit state selection"",""parent_to_hydrogen_names"":{""C"":[],""CA"":[""HA""],""CB"":[""HB""],""CD1"":[""HD11"",""HD12"",""HD13""],""CG1"":[""HG12"",""HG13""],""CG2"":[""HG21"",""HG22"",""HG23""],""N"":[""H""],""O"":[]}}",INCLUDED; 8/8 expected CCD heavy atoms; zero missing/extra,3DMX.cif atom_site source rows 237-244; CCD ILE atom/bond definitions; AUTH04 chemical-state decision; ME_DOCKING_V1_3DMX_BNZ_PREP_RDKIT_2026_03_6_HONLY_1_1 v1.1.0
30,GLY,blank/common,"[{""altloc"":""(blank)"",""atom"":""N"",""element"":""N"",""occupancy"":1.0,""source_row"":245},{""altloc"":""(blank)"",""atom"":""CA"",""element"":""C"",""occupancy"":1.0,""source_row"":246},{""altloc"":""(blank)"",""atom"":""C"",""element"":""C"",""occupancy"":1.0,""source_row"":247},{""altloc"":""(blank)"",""atom"":""O"",""element"":""O"",""occupancy"":1.0,""source_row"":248}]",STANDARD_NEUTRAL_CCD_COMPONENT_STATE,SELECT_RECEPTOR_CHAIN_A; blank/common; exact state category STANDARD_NEUTRAL_CCD_COMPONENT_STATE,"{""method"":""CCD hydrogen-parent inventory; explicit AUTH04 terminal/acid/base/HIS31 adjustments; no implicit state selection"",""parent_to_hydrogen_names"":{""C"":[],""CA"":[""HA2"",""HA3""],""N"":[""H""],""O"":[]}}",INCLUDED; 4/4 expected CCD heavy atoms; zero missing/extra,3DMX.cif atom_site source rows 245-248; CCD GLY atom/bond definitions; AUTH04 chemical-state decision; ME_DOCKING_V1_3DMX_BNZ_PREP_RDKIT_2026_03_6_HONLY_1_1 v1.1.0
31,HIS,blank/common,"[{""altloc"":""(blank)"",""atom"":""N"",""element"":""N"",""occupancy"":1.0,""source_row"":249},{""altloc"":""(blank)"",""atom"":""CA"",""element"":""C"",""occupancy"":1.0,""source_row"":250},{""altloc"":""(blank)"",""atom"":""C"",""element"":""C"",""occupancy"":1.0,""source_row"":251},{""altloc"":""(blank)"",""atom"":""O"",""element"":""O"",""occupancy"":1.0,""source_row"":252},{""altloc"":""(blank)"",""atom"":""CB"",""element"":""C"",""occupancy"":1.0,""source_row"":253},{""altloc"":""(blank)"",""atom"":""CG"",""element"":""C"",""occupancy"":1.0,""source_row"":254},{""altloc"":""(blank)"",""atom"":""ND1"",""element"":""N"",""occupancy"":1.0,""source_row"":255},{""altloc"":""(blank)"",""atom"":""CD2"",""element"":""C"",""occupancy"":1.0,""source_row"":256},{""altloc"":""(blank)"",""atom"":""CE1"",""element"":""C"",""occupancy"":1.0,""source_row"":257},{""altloc"":""(blank)"",""atom"":""NE2"",""element"":""N"",""occupancy"":1.0,""source_row"":258}]",HIS31_NEUTRAL_HID(0; ND1-H),SELECT_RECEPTOR_CHAIN_A; blank/common; exact state category HIS31_NEUTRAL_HID(0; ND1-H),"{""method"":""CCD hydrogen-parent inventory; explicit AUTH04 terminal/acid/base/HIS31 adjustments; no implicit state selection"",""parent_to_hydrogen_names"":{""C"":[],""CA"":[""HA""],""CB"":[""HB2"",""HB3""],""CD2"":[""HD2""],""CE1"":[""HE1""],""CG"":[],""N"":[""H""],""ND1"":[""HD1""],""NE2"":[],""O"":[]}}",INCLUDED; 10/10 expected CCD heavy atoms; zero missing/extra,3DMX.cif atom_site source rows 249-258; CCD HIS atom/bond definitions; AUTH04 chemical-state decision; ME_DOCKING_V1_3DMX_BNZ_PREP_RDKIT_2026_03_6_HONLY_1_1 v1.1.0
32,LEU,blank/common,"[{""altloc"":""(blank)"",""atom"":""N"",""element"":""N"",""occupancy"":1.0,""source_row"":259},{""altloc"":""(blank)"",""atom"":""CA"",""element"":""C"",""occupancy"":1.0,""source_row"":260},{""altloc"":""(blank)"",""atom"":""C"",""element"":""C"",""occupancy"":1.0,""source_row"":261},{""altloc"":""(blank)"",""atom"":""O"",""element"":""O"",""occupancy"":1.0,""source_row"":262},{""altloc"":""(blank)"",""atom"":""CB"",""element"":""C"",""occupancy"":1.0,""source_row"":263},{""altloc"":""(blank)"",""atom"":""CG"",""element"":""C"",""occupancy"":1.0,""source_row"":264},{""altloc"":""(blank)"",""atom"":""CD1"",""element"":""C"",""occupancy"":1.0,""source_row"":265},{""altloc"":""(blank)"",""atom"":""CD2"",""element"":""C"",""occupancy"":1.0,""source_row"":266}]",STANDARD_NEUTRAL_CCD_COMPONENT_STATE,SELECT_RECEPTOR_CHAIN_A; blank/common; exact state category STANDARD_NEUTRAL_CCD_COMPONENT_STATE,"{""method"":""CCD hydrogen-parent inventory; explicit AUTH04 terminal/acid/base/HIS31 adjustments; no implicit state selection"",""parent_to_hydrogen_names"":{""C"":[],""CA"":[""HA""],""CB"":[""HB2"",""HB3""],""CD1"":[""HD11"",""HD12"",""HD13""],""CD2"":[""HD21"",""HD22"",""HD23""],""CG"":[""HG""],""N"":[""H""],""O"":[]}}",INCLUDED; 8/8 expected CCD heavy atoms; zero missing/extra,3DMX.cif atom_site source rows 259-266; CCD LEU atom/bond definitions; AUTH04 chemical-state decision; ME_DOCKING_V1_3DMX_BNZ_PREP_RDKIT_2026_03_6_HONLY_1_1 v1.1.0
33,LEU,blank/common,"[{""altloc"":""(blank)"",""atom"":""N"",""element"":""N"",""occupancy"":1.0,""source_row"":267},{""altloc"":""(blank)"",""atom"":""CA"",""element"":""C"",""occupancy"":1.0,""source_row"":268},{""altloc"":""(blank)"",""atom"":""C"",""element"":""C"",""occupancy"":1.0,""source_row"":269},{""altloc"":""(blank)"",""atom"":""O"",""element"":""O"",""occupancy"":1.0,""source_row"":270},{""altloc"":""(blank)"",""atom"":""CB"",""element"":""C"",""occupancy"":1.0,""source_row"":271},{""altloc"":""(blank)"",""atom"":""CG"",""element"":""C"",""occupancy"":1.0,""source_row"":272},{""altloc"":""(blank)"",""atom"":""CD1"",""element"":""C"",""occupancy"":1.0,""source_row"":273},{""altloc"":""(blank)"",""atom"":""CD2"",""element"":""C"",""occupancy"":1.0,""source_row"":274}]",STANDARD_NEUTRAL_CCD_COMPONENT_STATE,SELECT_RECEPTOR_CHAIN_A; blank/common; exact state category STANDARD_NEUTRAL_CCD_COMPONENT_STATE,"{""method"":""CCD hydrogen-parent inventory; explicit AUTH04 terminal/acid/base/HIS31 adjustments; no implicit state selection"",""parent_to_hydrogen_names"":{""C"":[],""CA"":[""HA""],""CB"":[""HB2"",""HB3""],""CD1"":[""HD11"",""HD12"",""HD13""],""CD2"":[""HD21"",""HD22"",""HD23""],""CG"":[""HG""],""N"":[""H""],""O"":[]}}",INCLUDED; 8/8 expected CCD heavy atoms; zero missing/extra,3DMX.cif atom_site source rows 267-274; CCD LEU atom/bond definitions; AUTH04 chemical-state decision; ME_DOCKING_V1_3DMX_BNZ_PREP_RDKIT_2026_03_6_HONLY_1_1 v1.1.0
34,THR,blank/common,"[{""altloc"":""(blank)"",""atom"":""N"",""element"":""N"",""occupancy"":1.0,""source_row"":275},{""altloc"":""(blank)"",""atom"":""CA"",""element"":""C"",""occupancy"":1.0,""source_row"":276},{""altloc"":""(blank)"",""atom"":""C"",""element"":""C"",""occupancy"":1.0,""source_row"":277},{""altloc"":""(blank)"",""atom"":""O"",""element"":""O"",""occupancy"":1.0,""source_row"":278},{""altloc"":""(blank)"",""atom"":""CB"",""element"":""C"",""occupancy"":1.0,""source_row"":279},{""altloc"":""(blank)"",""atom"":""OG1"",""element"":""O"",""occupancy"":1.0,""source_row"":280},{""altloc"":""(blank)"",""atom"":""CG2"",""element"":""C"",""occupancy"":1.0,""source_row"":281}]",STANDARD_NEUTRAL_CCD_COMPONENT_STATE,SELECT_RECEPTOR_CHAIN_A; blank/common; exact state category STANDARD_NEUTRAL_CCD_COMPONENT_STATE,"{""method"":""CCD hydrogen-parent inventory; explicit AUTH04 terminal/acid/base/HIS31 adjustments; no implicit state selection"",""parent_to_hydrogen_names"":{""C"":[],""CA"":[""HA""],""CB"":[""HB""],""CG2"":[""HG21"",""HG22"",""HG23""],""N"":[""H""],""O"":[],""OG1"":[""HG1""]}}",INCLUDED; 7/7 expected CCD heavy atoms; zero missing/extra,3DMX.cif atom_site source rows 275-281; CCD THR atom/bond definitions; AUTH04 chemical-state decision; ME_DOCKING_V1_3DMX_BNZ_PREP_RDKIT_2026_03_6_HONLY_1_1 v1.1.0
35,LYS,blank/common,"[{""altloc"":""(blank)"",""atom"":""N"",""element"":""N"",""occupancy"":1.0,""source_row"":282},{""altloc"":""(blank)"",""atom"":""CA"",""element"":""C"",""occupancy"":1.0,""source_row"":283},{""altloc"":""(blank)"",""atom"":""C"",""element"":""C"",""occupancy"":1.0,""source_row"":284},{""altloc"":""(blank)"",""atom"":""O"",""element"":""O"",""occupancy"":1.0,""source_row"":285},{""altloc"":""(blank)"",""atom"":""CB"",""element"":""C"",""occupancy"":1.0,""source_row"":286},{""altloc"":""(blank)"",""atom"":""CG"",""element"":""C"",""occupancy"":1.0,""source_row"":287},{""altloc"":""(blank)"",""atom"":""CD"",""element"":""C"",""occupancy"":1.0,""source_row"":288},{""altloc"":""(blank)"",""atom"":""CE"",""element"":""C"",""occupancy"":1.0,""source_row"":289},{""altloc"":""(blank)"",""atom"":""NZ"",""element"":""N"",""occupancy"":1.0,""source_row"":290}]",LYS_PROTONATED(+1),SELECT_RECEPTOR_CHAIN_A; blank/common; exact state category LYS_PROTONATED(+1),"{""method"":""CCD hydrogen-parent inventory; explicit AUTH04 terminal/acid/base/HIS31 adjustments; no implicit state selection"",""parent_to_hydrogen_names"":{""C"":[],""CA"":[""HA""],""CB"":[""HB2"",""HB3""],""CD"":[""HD2"",""HD3""],""CE"":[""HE2"",""HE3""],""CG"":[""HG2"",""HG3""],""N"":[""H""],""NZ"":[""HZ1"",""HZ2"",""HZ3""],""O"":[]}}",INCLUDED; 9/9 expected CCD heavy atoms; zero missing/extra,3DMX.cif atom_site source rows 282-290; CCD LYS atom/bond definitions; AUTH04 chemical-state decision; ME_DOCKING_V1_3DMX_BNZ_PREP_RDKIT_2026_03_6_HONLY_1_1 v1.1.0
36,SER,blank/common,"[{""altloc"":""(blank)"",""atom"":""N"",""element"":""N"",""occupancy"":1.0,""source_row"":291},{""altloc"":""(blank)"",""atom"":""CA"",""element"":""C"",""occupancy"":1.0,""source_row"":292},{""altloc"":""(blank)"",""atom"":""C"",""element"":""C"",""occupancy"":1.0,""source_row"":293},{""altloc"":""(blank)"",""atom"":""O"",""element"":""O"",""occupancy"":1.0,""source_row"":294},{""altloc"":""(blank)"",""atom"":""CB"",""element"":""C"",""occupancy"":1.0,""source_row"":295},{""altloc"":""(blank)"",""atom"":""OG"",""element"":""O"",""occupancy"":1.0,""source_row"":296}]",STANDARD_NEUTRAL_CCD_COMPONENT_STATE,SELECT_RECEPTOR_CHAIN_A; blank/common; exact state category STANDARD_NEUTRAL_CCD_COMPONENT_STATE,"{""method"":""CCD hydrogen-parent inventory; explicit AUTH04 terminal/acid/base/HIS31 adjustments; no implicit state selection"",""parent_to_hydrogen_names"":{""C"":[],""CA"":[""HA""],""CB"":[""HB2"",""HB3""],""N"":[""H""],""O"":[],""OG"":[""HG""]}}",INCLUDED; 6/6 expected CCD heavy atoms; zero missing/extra,3DMX.cif atom_site source rows 291-296; CCD SER atom/bond definitions; AUTH04 chemical-state decision; ME_DOCKING_V1_3DMX_BNZ_PREP_RDKIT_2026_03_6_HONLY_1_1 v1.1.0
37,PRO,blank/common,"[{""altloc"":""(blank)"",""atom"":""N"",""element"":""N"",""occupancy"":1.0,""source_row"":297},{""altloc"":""(blank)"",""atom"":""CA"",""element"":""C"",""occupancy"":1.0,""source_row"":298},{""altloc"":""(blank)"",""atom"":""C"",""element"":""C"",""occupancy"":1.0,""source_row"":299},{""altloc"":""(blank)"",""atom"":""O"",""element"":""O"",""occupancy"":1.0,""source_row"":300},{""altloc"":""(blank)"",""atom"":""CB"",""element"":""C"",""occupancy"":1.0,""source_row"":301},{""altloc"":""(blank)"",""atom"":""CG"",""element"":""C"",""occupancy"":1.0,""source_row"":302},{""altloc"":""(blank)"",""atom"":""CD"",""element"":""C"",""occupancy"":1.0,""source_row"":303}]",STANDARD_NEUTRAL_CCD_COMPONENT_STATE,SELECT_RECEPTOR_CHAIN_A; blank/common; exact state category STANDARD_NEUTRAL_CCD_COMPONENT_STATE,"{""method"":""CCD hydrogen-parent inventory; explicit AUTH04 terminal/acid/base/HIS31 adjustments; no implicit state selection"",""parent_to_hydrogen_names"":{""C"":[],""CA"":[""HA""],""CB"":[""HB2"",""HB3""],""CD"":[""HD2"",""HD3""],""CG"":[""HG2"",""HG3""],""N"":[],""O"":[]}}",INCLUDED; 7/7 expected CCD heavy atoms; zero missing/extra,3DMX.cif atom_site source rows 297-303; CCD PRO atom/bond definitions; AUTH04 chemical-state decision; ME_DOCKING_V1_3DMX_BNZ_PREP_RDKIT_2026_03_6_HONLY_1_1 v1.1.0
38,SER,blank/common,"[{""altloc"":""(blank)"",""atom"":""N"",""element"":""N"",""occupancy"":1.0,""source_row"":304},{""altloc"":""(blank)"",""atom"":""CA"",""element"":""C"",""occupancy"":1.0,""source_row"":305},{""altloc"":""(blank)"",""atom"":""C"",""element"":""C"",""occupancy"":1.0,""source_row"":306},{""altloc"":""(blank)"",""atom"":""O"",""element"":""O"",""occupancy"":1.0,""source_row"":307},{""altloc"":""(blank)"",""atom"":""CB"",""element"":""C"",""occupancy"":1.0,""source_row"":308},{""altloc"":""(blank)"",""atom"":""OG"",""element"":""O"",""occupancy"":1.0,""source_row"":309}]",STANDARD_NEUTRAL_CCD_COMPONENT_STATE,SELECT_RECEPTOR_CHAIN_A; blank/common; exact state category STANDARD_NEUTRAL_CCD_COMPONENT_STATE,"{""method"":""CCD hydrogen-parent inventory; explicit AUTH04 terminal/acid/base/HIS31 adjustments; no implicit state selection"",""parent_to_hydrogen_names"":{""C"":[],""CA"":[""HA""],""CB"":[""HB2"",""HB3""],""N"":[""H""],""O"":[],""OG"":[""HG""]}}",INCLUDED; 6/6 expected CCD heavy atoms; zero missing/extra,3DMX.cif atom_site source rows 304-309; CCD SER atom/bond definitions; AUTH04 chemical-state decision; ME_DOCKING_V1_3DMX_BNZ_PREP_RDKIT_2026_03_6_HONLY_1_1 v1.1.0
39,LEU,blank/common,"[{""altloc"":""(blank)"",""atom"":""N"",""element"":""N"",""occupancy"":1.0,""source_row"":310},{""altloc"":""(blank)"",""atom"":""CA"",""element"":""C"",""occupancy"":1.0,""source_row"":311},{""altloc"":""(blank)"",""atom"":""C"",""element"":""C"",""occupancy"":1.0,""source_row"":312},{""altloc"":""(blank)"",""atom"":""O"",""element"":""O"",""occupancy"":1.0,""source_row"":313},{""altloc"":""(blank)"",""atom"":""CB"",""element"":""C"",""occupancy"":1.0,""source_row"":314},{""altloc"":""(blank)"",""atom"":""CG"",""element"":""C"",""occupancy"":1.0,""source_row"":315},{""altloc"":""(blank)"",""atom"":""CD1"",""element"":""C"",""occupancy"":1.0,""source_row"":316},{""altloc"":""(blank)"",""atom"":""CD2"",""element"":""C"",""occupancy"":1.0,""source_row"":317}]",STANDARD_NEUTRAL_CCD_COMPONENT_STATE,SELECT_RECEPTOR_CHAIN_A; blank/common; exact state category STANDARD_NEUTRAL_CCD_COMPONENT_STATE,"{""method"":""CCD hydrogen-parent inventory; explicit AUTH04 terminal/acid/base/HIS31 adjustments; no implicit state selection"",""parent_to_hydrogen_names"":{""C"":[],""CA"":[""HA""],""CB"":[""HB2"",""HB3""],""CD1"":[""HD11"",""HD12"",""HD13""],""CD2"":[""HD21"",""HD22"",""HD23""],""CG"":[""HG""],""N"":[""H""],""O"":[]}}",INCLUDED; 8/8 expected CCD heavy atoms; zero missing/extra,3DMX.cif atom_site source rows 310-317; CCD LEU atom/bond definitions; AUTH04 chemical-state decision; ME_DOCKING_V1_3DMX_BNZ_PREP_RDKIT_2026_03_6_HONLY_1_1 v1.1.0
40,ASN,blank/common,"[{""altloc"":""(blank)"",""atom"":""N"",""element"":""N"",""occupancy"":1.0,""source_row"":318},{""altloc"":""(blank)"",""atom"":""CA"",""element"":""C"",""occupancy"":1.0,""source_row"":319},{""altloc"":""(blank)"",""atom"":""C"",""element"":""C"",""occupancy"":1.0,""source_row"":320},{""altloc"":""(blank)"",""atom"":""O"",""element"":""O"",""occupancy"":1.0,""source_row"":321},{""altloc"":""(blank)"",""atom"":""CB"",""element"":""C"",""occupancy"":1.0,""source_row"":322},{""altloc"":""(blank)"",""atom"":""CG"",""element"":""C"",""occupancy"":1.0,""source_row"":323},{""altloc"":""(blank)"",""atom"":""OD1"",""element"":""O"",""occupancy"":1.0,""source_row"":324},{""altloc"":""(blank)"",""atom"":""ND2"",""element"":""N"",""occupancy"":1.0,""source_row"":325}]",STANDARD_NEUTRAL_CCD_COMPONENT_STATE,SELECT_RECEPTOR_CHAIN_A; blank/common; exact state category STANDARD_NEUTRAL_CCD_COMPONENT_STATE,"{""method"":""CCD hydrogen-parent inventory; explicit AUTH04 terminal/acid/base/HIS31 adjustments; no implicit state selection"",""parent_to_hydrogen_names"":{""C"":[],""CA"":[""HA""],""CB"":[""HB2"",""HB3""],""CG"":[],""N"":[""H""],""ND2"":[""HD21"",""HD22""],""O"":[],""OD1"":[]}}",INCLUDED; 8/8 expected CCD heavy atoms; zero missing/extra,3DMX.cif atom_site source rows 318-325; CCD ASN atom/bond definitions; AUTH04 chemical-state decision; ME_DOCKING_V1_3DMX_BNZ_PREP_RDKIT_2026_03_6_HONLY_1_1 v1.1.0
41,ALA,blank/common,"[{""altloc"":""(blank)"",""atom"":""N"",""element"":""N"",""occupancy"":1.0,""source_row"":326},{""altloc"":""(blank)"",""atom"":""CA"",""element"":""C"",""occupancy"":1.0,""source_row"":327},{""altloc"":""(blank)"",""atom"":""C"",""element"":""C"",""occupancy"":1.0,""source_row"":328},{""altloc"":""(blank)"",""atom"":""O"",""element"":""O"",""occupancy"":1.0,""source_row"":329},{""altloc"":""(blank)"",""atom"":""CB"",""element"":""C"",""occupancy"":1.0,""source_row"":330}]",STANDARD_NEUTRAL_CCD_COMPONENT_STATE,SELECT_RECEPTOR_CHAIN_A; blank/common; exact state category STANDARD_NEUTRAL_CCD_COMPONENT_STATE,"{""method"":""CCD hydrogen-parent inventory; explicit AUTH04 terminal/acid/base/HIS31 adjustments; no implicit state selection"",""parent_to_hydrogen_names"":{""C"":[],""CA"":[""HA""],""CB"":[""HB1"",""HB2"",""HB3""],""N"":[""H""],""O"":[]}}",INCLUDED; 5/5 expected CCD heavy atoms; zero missing/extra,3DMX.cif atom_site source rows 326-330; CCD ALA atom/bond definitions; AUTH04 chemical-state decision; ME_DOCKING_V1_3DMX_BNZ_PREP_RDKIT_2026_03_6_HONLY_1_1 v1.1.0
42,ALA,blank/common,"[{""altloc"":""(blank)"",""atom"":""N"",""element"":""N"",""occupancy"":1.0,""source_row"":331},{""altloc"":""(blank)"",""atom"":""CA"",""element"":""C"",""occupancy"":1.0,""source_row"":332},{""altloc"":""(blank)"",""atom"":""C"",""element"":""C"",""occupancy"":1.0,""source_row"":333},{""altloc"":""(blank)"",""atom"":""O"",""element"":""O"",""occupancy"":1.0,""source_row"":334},{""altloc"":""(blank)"",""atom"":""CB"",""element"":""C"",""occupancy"":1.0,""source_row"":335}]",STANDARD_NEUTRAL_CCD_COMPONENT_STATE,SELECT_RECEPTOR_CHAIN_A; blank/common; exact state category STANDARD_NEUTRAL_CCD_COMPONENT_STATE,"{""method"":""CCD hydrogen-parent inventory; explicit AUTH04 terminal/acid/base/HIS31 adjustments; no implicit state selection"",""parent_to_hydrogen_names"":{""C"":[],""CA"":[""HA""],""CB"":[""HB1"",""HB2"",""HB3""],""N"":[""H""],""O"":[]}}",INCLUDED; 5/5 expected CCD heavy atoms; zero missing/extra,3DMX.cif atom_site source rows 331-335; CCD ALA atom/bond definitions; AUTH04 chemical-state decision; ME_DOCKING_V1_3DMX_BNZ_PREP_RDKIT_2026_03_6_HONLY_1_1 v1.1.0
43,LYS,blank/common,"[{""altloc"":""(blank)"",""atom"":""N"",""element"":""N"",""occupancy"":1.0,""source_row"":336},{""altloc"":""(blank)"",""atom"":""CA"",""element"":""C"",""occupancy"":1.0,""source_row"":337},{""altloc"":""(blank)"",""atom"":""C"",""element"":""C"",""occupancy"":1.0,""source_row"":338},{""altloc"":""(blank)"",""atom"":""O"",""element"":""O"",""occupancy"":1.0,""source_row"":339},{""altloc"":""(blank)"",""atom"":""CB"",""element"":""C"",""occupancy"":1.0,""source_row"":340},{""altloc"":""(blank)"",""atom"":""CG"",""element"":""C"",""occupancy"":1.0,""source_row"":341},{""altloc"":""(blank)"",""atom"":""CD"",""element"":""C"",""occupancy"":1.0,""source_row"":342},{""altloc"":""(blank)"",""atom"":""CE"",""element"":""C"",""occupancy"":1.0,""source_row"":343},{""altloc"":""(blank)"",""atom"":""NZ"",""element"":""N"",""occupancy"":1.0,""source_row"":344}]",LYS_PROTONATED(+1),SELECT_RECEPTOR_CHAIN_A; blank/common; exact state category LYS_PROTONATED(+1),"{""method"":""CCD hydrogen-parent inventory; explicit AUTH04 terminal/acid/base/HIS31 adjustments; no implicit state selection"",""parent_to_hydrogen_names"":{""C"":[],""CA"":[""HA""],""CB"":[""HB2"",""HB3""],""CD"":[""HD2"",""HD3""],""CE"":[""HE2"",""HE3""],""CG"":[""HG2"",""HG3""],""N"":[""H""],""NZ"":[""HZ1"",""HZ2"",""HZ3""],""O"":[]}}",INCLUDED; 9/9 expected CCD heavy atoms; zero missing/extra,3DMX.cif atom_site source rows 336-344; CCD LYS atom/bond definitions; AUTH04 chemical-state decision; ME_DOCKING_V1_3DMX_BNZ_PREP_RDKIT_2026_03_6_HONLY_1_1 v1.1.0
44,SER,blank/common,"[{""altloc"":""(blank)"",""atom"":""N"",""element"":""N"",""occupancy"":1.0,""source_row"":345},{""altloc"":""(blank)"",""atom"":""CA"",""element"":""C"",""occupancy"":1.0,""source_row"":346},{""altloc"":""(blank)"",""atom"":""C"",""element"":""C"",""occupancy"":1.0,""source_row"":347},{""altloc"":""(blank)"",""atom"":""O"",""element"":""O"",""occupancy"":1.0,""source_row"":348},{""altloc"":""(blank)"",""atom"":""CB"",""element"":""C"",""occupancy"":1.0,""source_row"":349},{""altloc"":""(blank)"",""atom"":""OG"",""element"":""O"",""occupancy"":1.0,""source_row"":350}]",STANDARD_NEUTRAL_CCD_COMPONENT_STATE,SELECT_RECEPTOR_CHAIN_A; blank/common; exact state category STANDARD_NEUTRAL_CCD_COMPONENT_STATE,"{""method"":""CCD hydrogen-parent inventory; explicit AUTH04 terminal/acid/base/HIS31 adjustments; no implicit state selection"",""parent_to_hydrogen_names"":{""C"":[],""CA"":[""HA""],""CB"":[""HB2"",""HB3""],""N"":[""H""],""O"":[],""OG"":[""HG""]}}",INCLUDED; 6/6 expected CCD heavy atoms; zero missing/extra,3DMX.cif atom_site source rows 345-350; CCD SER atom/bond definitions; AUTH04 chemical-state decision; ME_DOCKING_V1_3DMX_BNZ_PREP_RDKIT_2026_03_6_HONLY_1_1 v1.1.0
45,GLU,blank/common,"[{""altloc"":""(blank)"",""atom"":""N"",""element"":""N"",""occupancy"":1.0,""source_row"":351},{""altloc"":""(blank)"",""atom"":""CA"",""element"":""C"",""occupancy"":1.0,""source_row"":352},{""altloc"":""(blank)"",""atom"":""C"",""element"":""C"",""occupancy"":1.0,""source_row"":353},{""altloc"":""(blank)"",""atom"":""O"",""element"":""O"",""occupancy"":1.0,""source_row"":354},{""altloc"":""(blank)"",""atom"":""CB"",""element"":""C"",""occupancy"":1.0,""source_row"":355},{""altloc"":""(blank)"",""atom"":""CG"",""element"":""C"",""occupancy"":1.0,""source_row"":356},{""altloc"":""(blank)"",""atom"":""CD"",""element"":""C"",""occupancy"":1.0,""source_row"":357},{""altloc"":""(blank)"",""atom"":""OE1"",""element"":""O"",""occupancy"":1.0,""source_row"":358},{""altloc"":""(blank)"",""atom"":""OE2"",""element"":""O"",""occupancy"":1.0,""source_row"":359}]",GLU_DEPROTONATED(-1),SELECT_RECEPTOR_CHAIN_A; blank/common; exact state category GLU_DEPROTONATED(-1),"{""method"":""CCD hydrogen-parent inventory; explicit AUTH04 terminal/acid/base/HIS31 adjustments; no implicit state selection"",""parent_to_hydrogen_names"":{""C"":[],""CA"":[""HA""],""CB"":[""HB2"",""HB3""],""CD"":[],""CG"":[""HG2"",""HG3""],""N"":[""H""],""O"":[],""OE1"":[],""OE2"":[]}}",INCLUDED; 9/9 expected CCD heavy atoms; zero missing/extra,3DMX.cif atom_site source rows 351-359; CCD GLU atom/bond definitions; AUTH04 chemical-state decision; ME_DOCKING_V1_3DMX_BNZ_PREP_RDKIT_2026_03_6_HONLY_1_1 v1.1.0
46,LEU,blank/common,"[{""altloc"":""(blank)"",""atom"":""N"",""element"":""N"",""occupancy"":1.0,""source_row"":360},{""altloc"":""(blank)"",""atom"":""CA"",""element"":""C"",""occupancy"":1.0,""source_row"":361},{""altloc"":""(blank)"",""atom"":""C"",""element"":""C"",""occupancy"":1.0,""source_row"":362},{""altloc"":""(blank)"",""atom"":""O"",""element"":""O"",""occupancy"":1.0,""source_row"":363},{""altloc"":""(blank)"",""atom"":""CB"",""element"":""C"",""occupancy"":1.0,""source_row"":364},{""altloc"":""(blank)"",""atom"":""CG"",""element"":""C"",""occupancy"":1.0,""source_row"":365},{""altloc"":""(blank)"",""atom"":""CD1"",""element"":""C"",""occupancy"":1.0,""source_row"":366},{""altloc"":""(blank)"",""atom"":""CD2"",""element"":""C"",""occupancy"":1.0,""source_row"":367}]",STANDARD_NEUTRAL_CCD_COMPONENT_STATE,SELECT_RECEPTOR_CHAIN_A; blank/common; exact state category STANDARD_NEUTRAL_CCD_COMPONENT_STATE,"{""method"":""CCD hydrogen-parent inventory; explicit AUTH04 terminal/acid/base/HIS31 adjustments; no implicit state selection"",""parent_to_hydrogen_names"":{""C"":[],""CA"":[""HA""],""CB"":[""HB2"",""HB3""],""CD1"":[""HD11"",""HD12"",""HD13""],""CD2"":[""HD21"",""HD22"",""HD23""],""CG"":[""HG""],""N"":[""H""],""O"":[]}}",INCLUDED; 8/8 expected CCD heavy atoms; zero missing/extra,3DMX.cif atom_site source rows 360-367; CCD LEU atom/bond definitions; AUTH04 chemical-state decision; ME_DOCKING_V1_3DMX_BNZ_PREP_RDKIT_2026_03_6_HONLY_1_1 v1.1.0
47,ASP,blank/common,"[{""altloc"":""(blank)"",""atom"":""N"",""element"":""N"",""occupancy"":1.0,""source_row"":368},{""altloc"":""(blank)"",""atom"":""CA"",""element"":""C"",""occupancy"":1.0,""source_row"":369},{""altloc"":""(blank)"",""atom"":""C"",""element"":""C"",""occupancy"":1.0,""source_row"":370},{""altloc"":""(blank)"",""atom"":""O"",""element"":""O"",""occupancy"":1.0,""source_row"":371},{""altloc"":""(blank)"",""atom"":""CB"",""element"":""C"",""occupancy"":1.0,""source_row"":372},{""altloc"":""(blank)"",""atom"":""CG"",""element"":""C"",""occupancy"":1.0,""source_row"":373},{""altloc"":""(blank)"",""atom"":""OD1"",""element"":""O"",""occupancy"":1.0,""source_row"":374},{""altloc"":""(blank)"",""atom"":""OD2"",""element"":""O"",""occupancy"":1.0,""source_row"":375}]",ASP_DEPROTONATED(-1),SELECT_RECEPTOR_CHAIN_A; blank/common; exact state category ASP_DEPROTONATED(-1),"{""method"":""CCD hydrogen-parent inventory; explicit AUTH04 terminal/acid/base/HIS31 adjustments; no implicit state selection"",""parent_to_hydrogen_names"":{""C"":[],""CA"":[""HA""],""CB"":[""HB2"",""HB3""],""CG"":[],""N"":[""H""],""O"":[],""OD1"":[],""OD2"":[]}}",INCLUDED; 8/8 expected CCD heavy atoms; zero missing/extra,3DMX.cif atom_site source rows 368-375; CCD ASP atom/bond definitions; AUTH04 chemical-state decision; ME_DOCKING_V1_3DMX_BNZ_PREP_RDKIT_2026_03_6_HONLY_1_1 v1.1.0
48,LYS,blank/common,"[{""altloc"":""(blank)"",""atom"":""N"",""element"":""N"",""occupancy"":1.0,""source_row"":376},{""altloc"":""(blank)"",""atom"":""CA"",""element"":""C"",""occupancy"":1.0,""source_row"":377},{""altloc"":""(blank)"",""atom"":""C"",""element"":""C"",""occupancy"":1.0,""source_row"":378},{""altloc"":""(blank)"",""atom"":""O"",""element"":""O"",""occupancy"":1.0,""source_row"":379},{""altloc"":""(blank)"",""atom"":""CB"",""element"":""C"",""occupancy"":1.0,""source_row"":380},{""altloc"":""(blank)"",""atom"":""CG"",""element"":""C"",""occupancy"":1.0,""source_row"":381},{""altloc"":""(blank)"",""atom"":""CD"",""element"":""C"",""occupancy"":1.0,""source_row"":382},{""altloc"":""(blank)"",""atom"":""CE"",""element"":""C"",""occupancy"":1.0,""source_row"":383},{""altloc"":""(blank)"",""atom"":""NZ"",""element"":""N"",""occupancy"":1.0,""source_row"":384}]",LYS_PROTONATED(+1),SELECT_RECEPTOR_CHAIN_A; blank/common; exact state category LYS_PROTONATED(+1),"{""method"":""CCD hydrogen-parent inventory; explicit AUTH04 terminal/acid/base/HIS31 adjustments; no implicit state selection"",""parent_to_hydrogen_names"":{""C"":[],""CA"":[""HA""],""CB"":[""HB2"",""HB3""],""CD"":[""HD2"",""HD3""],""CE"":[""HE2"",""HE3""],""CG"":[""HG2"",""HG3""],""N"":[""H""],""NZ"":[""HZ1"",""HZ2"",""HZ3""],""O"":[]}}",INCLUDED; 9/9 expected CCD heavy atoms; zero missing/extra,3DMX.cif atom_site source rows 376-384; CCD LYS atom/bond definitions; AUTH04 chemical-state decision; ME_DOCKING_V1_3DMX_BNZ_PREP_RDKIT_2026_03_6_HONLY_1_1 v1.1.0
49,ALA,blank/common,"[{""altloc"":""(blank)"",""atom"":""N"",""element"":""N"",""occupancy"":1.0,""source_row"":385},{""altloc"":""(blank)"",""atom"":""CA"",""element"":""C"",""occupancy"":1.0,""source_row"":386},{""altloc"":""(blank)"",""atom"":""C"",""element"":""C"",""occupancy"":1.0,""source_row"":387},{""altloc"":""(blank)"",""atom"":""O"",""element"":""O"",""occupancy"":1.0,""source_row"":388},{""altloc"":""(blank)"",""atom"":""CB"",""element"":""C"",""occupancy"":1.0,""source_row"":389}]",STANDARD_NEUTRAL_CCD_COMPONENT_STATE,SELECT_RECEPTOR_CHAIN_A; blank/common; exact state category STANDARD_NEUTRAL_CCD_COMPONENT_STATE,"{""method"":""CCD hydrogen-parent inventory; explicit AUTH04 terminal/acid/base/HIS31 adjustments; no implicit state selection"",""parent_to_hydrogen_names"":{""C"":[],""CA"":[""HA""],""CB"":[""HB1"",""HB2"",""HB3""],""N"":[""H""],""O"":[]}}",INCLUDED; 5/5 expected CCD heavy atoms; zero missing/extra,3DMX.cif atom_site source rows 385-389; CCD ALA atom/bond definitions; AUTH04 chemical-state decision; ME_DOCKING_V1_3DMX_BNZ_PREP_RDKIT_2026_03_6_HONLY_1_1 v1.1.0
50,ILE,blank/common,"[{""altloc"":""(blank)"",""atom"":""N"",""element"":""N"",""occupancy"":1.0,""source_row"":390},{""altloc"":""(blank)"",""atom"":""CA"",""element"":""C"",""occupancy"":1.0,""source_row"":391},{""altloc"":""(blank)"",""atom"":""C"",""element"":""C"",""occupancy"":1.0,""source_row"":392},{""altloc"":""(blank)"",""atom"":""O"",""element"":""O"",""occupancy"":1.0,""source_row"":393},{""altloc"":""(blank)"",""atom"":""CB"",""element"":""C"",""occupancy"":1.0,""source_row"":394},{""altloc"":""(blank)"",""atom"":""CG1"",""element"":""C"",""occupancy"":1.0,""source_row"":395},{""altloc"":""(blank)"",""atom"":""CG2"",""element"":""C"",""occupancy"":1.0,""source_row"":396},{""altloc"":""(blank)"",""atom"":""CD1"",""element"":""C"",""occupancy"":1.0,""source_row"":397}]",STANDARD_NEUTRAL_CCD_COMPONENT_STATE,SELECT_RECEPTOR_CHAIN_A; blank/common; exact state category STANDARD_NEUTRAL_CCD_COMPONENT_STATE,"{""method"":""CCD hydrogen-parent inventory; explicit AUTH04 terminal/acid/base/HIS31 adjustments; no implicit state selection"",""parent_to_hydrogen_names"":{""C"":[],""CA"":[""HA""],""CB"":[""HB""],""CD1"":[""HD11"",""HD12"",""HD13""],""CG1"":[""HG12"",""HG13""],""CG2"":[""HG21"",""HG22"",""HG23""],""N"":[""H""],""O"":[]}}",INCLUDED; 8/8 expected CCD heavy atoms; zero missing/extra,3DMX.cif atom_site source rows 390-397; CCD ILE atom/bond definitions; AUTH04 chemical-state decision; ME_DOCKING_V1_3DMX_BNZ_PREP_RDKIT_2026_03_6_HONLY_1_1 v1.1.0
51,GLY,blank/common,"[{""altloc"":""(blank)"",""atom"":""N"",""element"":""N"",""occupancy"":1.0,""source_row"":398},{""altloc"":""(blank)"",""atom"":""CA"",""element"":""C"",""occupancy"":1.0,""source_row"":399},{""altloc"":""(blank)"",""atom"":""C"",""element"":""C"",""occupancy"":1.0,""source_row"":400},{""altloc"":""(blank)"",""atom"":""O"",""element"":""O"",""occupancy"":1.0,""source_row"":401}]",STANDARD_NEUTRAL_CCD_COMPONENT_STATE,SELECT_RECEPTOR_CHAIN_A; blank/common; exact state category STANDARD_NEUTRAL_CCD_COMPONENT_STATE,"{""method"":""CCD hydrogen-parent inventory; explicit AUTH04 terminal/acid/base/HIS31 adjustments; no implicit state selection"",""parent_to_hydrogen_names"":{""C"":[],""CA"":[""HA2"",""HA3""],""N"":[""H""],""O"":[]}}",INCLUDED; 4/4 expected CCD heavy atoms; zero missing/extra,3DMX.cif atom_site source rows 398-401; CCD GLY atom/bond definitions; AUTH04 chemical-state decision; ME_DOCKING_V1_3DMX_BNZ_PREP_RDKIT_2026_03_6_HONLY_1_1 v1.1.0
52,ARG,blank/common,"[{""altloc"":""(blank)"",""atom"":""N"",""element"":""N"",""occupancy"":1.0,""source_row"":402},{""altloc"":""(blank)"",""atom"":""CA"",""element"":""C"",""occupancy"":1.0,""source_row"":403},{""altloc"":""(blank)"",""atom"":""C"",""element"":""C"",""occupancy"":1.0,""source_row"":404},{""altloc"":""(blank)"",""atom"":""O"",""element"":""O"",""occupancy"":1.0,""source_row"":405},{""altloc"":""(blank)"",""atom"":""CB"",""element"":""C"",""occupancy"":1.0,""source_row"":406},{""altloc"":""(blank)"",""atom"":""CG"",""element"":""C"",""occupancy"":1.0,""source_row"":407},{""altloc"":""(blank)"",""atom"":""CD"",""element"":""C"",""occupancy"":1.0,""source_row"":408},{""altloc"":""(blank)"",""atom"":""NE"",""element"":""N"",""occupancy"":1.0,""source_row"":409},{""altloc"":""(blank)"",""atom"":""CZ"",""element"":""C"",""occupancy"":1.0,""source_row"":410},{""altloc"":""(blank)"",""atom"":""NH1"",""element"":""N"",""occupancy"":1.0,""source_row"":411},{""altloc"":""(blank)"",""atom"":""NH2"",""element"":""N"",""occupancy"":1.0,""source_row"":412}]",ARG_PROTONATED(+1),SELECT_RECEPTOR_CHAIN_A; blank/common; exact state category ARG_PROTONATED(+1),"{""method"":""CCD hydrogen-parent inventory; explicit AUTH04 terminal/acid/base/HIS31 adjustments; no implicit state selection"",""parent_to_hydrogen_names"":{""C"":[],""CA"":[""HA""],""CB"":[""HB2"",""HB3""],""CD"":[""HD2"",""HD3""],""CG"":[""HG2"",""HG3""],""CZ"":[],""N"":[""H""],""NE"":[""HE""],""NH1"":[""HH11"",""HH12""],""NH2"":[""HH21"",""HH22""],""O"":[]}}",INCLUDED; 11/11 expected CCD heavy atoms; zero missing/extra,3DMX.cif atom_site source rows 402-412; CCD ARG atom/bond definitions; AUTH04 chemical-state decision; ME_DOCKING_V1_3DMX_BNZ_PREP_RDKIT_2026_03_6_HONLY_1_1 v1.1.0
53,ASN,blank/common,"[{""altloc"":""(blank)"",""atom"":""N"",""element"":""N"",""occupancy"":1.0,""source_row"":413},{""altloc"":""(blank)"",""atom"":""CA"",""element"":""C"",""occupancy"":1.0,""source_row"":414},{""altloc"":""(blank)"",""atom"":""C"",""element"":""C"",""occupancy"":1.0,""source_row"":415},{""altloc"":""(blank)"",""atom"":""O"",""element"":""O"",""occupancy"":1.0,""source_row"":416},{""altloc"":""(blank)"",""atom"":""CB"",""element"":""C"",""occupancy"":1.0,""source_row"":417},{""altloc"":""(blank)"",""atom"":""CG"",""element"":""C"",""occupancy"":1.0,""source_row"":418},{""altloc"":""(blank)"",""atom"":""OD1"",""element"":""O"",""occupancy"":1.0,""source_row"":419},{""altloc"":""(blank)"",""atom"":""ND2"",""element"":""N"",""occupancy"":1.0,""source_row"":420}]",STANDARD_NEUTRAL_CCD_COMPONENT_STATE,SELECT_RECEPTOR_CHAIN_A; blank/common; exact state category STANDARD_NEUTRAL_CCD_COMPONENT_STATE,"{""method"":""CCD hydrogen-parent inventory; explicit AUTH04 terminal/acid/base/HIS31 adjustments; no implicit state selection"",""parent_to_hydrogen_names"":{""C"":[],""CA"":[""HA""],""CB"":[""HB2"",""HB3""],""CG"":[],""N"":[""H""],""ND2"":[""HD21"",""HD22""],""O"":[],""OD1"":[]}}",INCLUDED; 8/8 expected CCD heavy atoms; zero missing/extra,3DMX.cif atom_site source rows 413-420; CCD ASN atom/bond definitions; AUTH04 chemical-state decision; ME_DOCKING_V1_3DMX_BNZ_PREP_RDKIT_2026_03_6_HONLY_1_1 v1.1.0
54,THR,blank/common,"[{""altloc"":""(blank)"",""atom"":""N"",""element"":""N"",""occupancy"":1.0,""source_row"":421},{""altloc"":""(blank)"",""atom"":""CA"",""element"":""C"",""occupancy"":1.0,""source_row"":422},{""altloc"":""(blank)"",""atom"":""C"",""element"":""C"",""occupancy"":1.0,""source_row"":423},{""altloc"":""(blank)"",""atom"":""O"",""element"":""O"",""occupancy"":1.0,""source_row"":424},{""altloc"":""(blank)"",""atom"":""CB"",""element"":""C"",""occupancy"":1.0,""source_row"":425},{""altloc"":""(blank)"",""atom"":""OG1"",""element"":""O"",""occupancy"":1.0,""source_row"":426},{""altloc"":""(blank)"",""atom"":""CG2"",""element"":""C"",""occupancy"":1.0,""source_row"":427}]",STANDARD_NEUTRAL_CCD_COMPONENT_STATE,SELECT_RECEPTOR_CHAIN_A; blank/common; exact state category STANDARD_NEUTRAL_CCD_COMPONENT_STATE,"{""method"":""CCD hydrogen-parent inventory; explicit AUTH04 terminal/acid/base/HIS31 adjustments; no implicit state selection"",""parent_to_hydrogen_names"":{""C"":[],""CA"":[""HA""],""CB"":[""HB""],""CG2"":[""HG21"",""HG22"",""HG23""],""N"":[""H""],""O"":[],""OG1"":[""HG1""]}}",INCLUDED; 7/7 expected CCD heavy atoms; zero missing/extra,3DMX.cif atom_site source rows 421-427; CCD THR atom/bond definitions; AUTH04 chemical-state decision; ME_DOCKING_V1_3DMX_BNZ_PREP_RDKIT_2026_03_6_HONLY_1_1 v1.1.0
55,ASN,blank/common,"[{""altloc"":""(blank)"",""atom"":""N"",""element"":""N"",""occupancy"":1.0,""source_row"":428},{""altloc"":""(blank)"",""atom"":""CA"",""element"":""C"",""occupancy"":1.0,""source_row"":429},{""altloc"":""(blank)"",""atom"":""C"",""element"":""C"",""occupancy"":1.0,""source_row"":430},{""altloc"":""(blank)"",""atom"":""O"",""element"":""O"",""occupancy"":1.0,""source_row"":431},{""altloc"":""(blank)"",""atom"":""CB"",""element"":""C"",""occupancy"":1.0,""source_row"":432},{""altloc"":""(blank)"",""atom"":""CG"",""element"":""C"",""occupancy"":1.0,""source_row"":433},{""altloc"":""(blank)"",""atom"":""OD1"",""element"":""O"",""occupancy"":1.0,""source_row"":434},{""altloc"":""(blank)"",""atom"":""ND2"",""element"":""N"",""occupancy"":1.0,""source_row"":435}]",STANDARD_NEUTRAL_CCD_COMPONENT_STATE,SELECT_RECEPTOR_CHAIN_A; blank/common; exact state category STANDARD_NEUTRAL_CCD_COMPONENT_STATE,"{""method"":""CCD hydrogen-parent inventory; explicit AUTH04 terminal/acid/base/HIS31 adjustments; no implicit state selection"",""parent_to_hydrogen_names"":{""C"":[],""CA"":[""HA""],""CB"":[""HB2"",""HB3""],""CG"":[],""N"":[""H""],""ND2"":[""HD21"",""HD22""],""O"":[],""OD1"":[]}}",INCLUDED; 8/8 expected CCD heavy atoms; zero missing/extra,3DMX.cif atom_site source rows 428-435; CCD ASN atom/bond definitions; AUTH04 chemical-state decision; ME_DOCKING_V1_3DMX_BNZ_PREP_RDKIT_2026_03_6_HONLY_1_1 v1.1.0
56,GLY,blank/common,"[{""altloc"":""(blank)"",""atom"":""N"",""element"":""N"",""occupancy"":1.0,""source_row"":436},{""altloc"":""(blank)"",""atom"":""CA"",""element"":""C"",""occupancy"":1.0,""source_row"":437},{""altloc"":""(blank)"",""atom"":""C"",""element"":""C"",""occupancy"":1.0,""source_row"":438},{""altloc"":""(blank)"",""atom"":""O"",""element"":""O"",""occupancy"":1.0,""source_row"":439}]",STANDARD_NEUTRAL_CCD_COMPONENT_STATE,SELECT_RECEPTOR_CHAIN_A; blank/common; exact state category STANDARD_NEUTRAL_CCD_COMPONENT_STATE,"{""method"":""CCD hydrogen-parent inventory; explicit AUTH04 terminal/acid/base/HIS31 adjustments; no implicit state selection"",""parent_to_hydrogen_names"":{""C"":[],""CA"":[""HA2"",""HA3""],""N"":[""H""],""O"":[]}}",INCLUDED; 4/4 expected CCD heavy atoms; zero missing/extra,3DMX.cif atom_site source rows 436-439; CCD GLY atom/bond definitions; AUTH04 chemical-state decision; ME_DOCKING_V1_3DMX_BNZ_PREP_RDKIT_2026_03_6_HONLY_1_1 v1.1.0
57,VAL,blank/common,"[{""altloc"":""(blank)"",""atom"":""N"",""element"":""N"",""occupancy"":1.0,""source_row"":440},{""altloc"":""(blank)"",""atom"":""CA"",""element"":""C"",""occupancy"":1.0,""source_row"":441},{""altloc"":""(blank)"",""atom"":""C"",""element"":""C"",""occupancy"":1.0,""source_row"":442},{""altloc"":""(blank)"",""atom"":""O"",""element"":""O"",""occupancy"":1.0,""source_row"":443},{""altloc"":""(blank)"",""atom"":""CB"",""element"":""C"",""occupancy"":1.0,""source_row"":444},{""altloc"":""(blank)"",""atom"":""CG1"",""element"":""C"",""occupancy"":1.0,""source_row"":445},{""altloc"":""(blank)"",""atom"":""CG2"",""element"":""C"",""occupancy"":1.0,""source_row"":446}]",STANDARD_NEUTRAL_CCD_COMPONENT_STATE,SELECT_RECEPTOR_CHAIN_A; blank/common; exact state category STANDARD_NEUTRAL_CCD_COMPONENT_STATE,"{""method"":""CCD hydrogen-parent inventory; explicit AUTH04 terminal/acid/base/HIS31 adjustments; no implicit state selection"",""parent_to_hydrogen_names"":{""C"":[],""CA"":[""HA""],""CB"":[""HB""],""CG1"":[""HG11"",""HG12"",""HG13""],""CG2"":[""HG21"",""HG22"",""HG23""],""N"":[""H""],""O"":[]}}",INCLUDED; 7/7 expected CCD heavy atoms; zero missing/extra,3DMX.cif atom_site source rows 440-446; CCD VAL atom/bond definitions; AUTH04 chemical-state decision; ME_DOCKING_V1_3DMX_BNZ_PREP_RDKIT_2026_03_6_HONLY_1_1 v1.1.0
58,ILE,blank/common,"[{""altloc"":""(blank)"",""atom"":""N"",""element"":""N"",""occupancy"":1.0,""source_row"":447},{""altloc"":""(blank)"",""atom"":""CA"",""element"":""C"",""occupancy"":1.0,""source_row"":448},{""altloc"":""(blank)"",""atom"":""C"",""element"":""C"",""occupancy"":1.0,""source_row"":449},{""altloc"":""(blank)"",""atom"":""O"",""element"":""O"",""occupancy"":1.0,""source_row"":450},{""altloc"":""(blank)"",""atom"":""CB"",""element"":""C"",""occupancy"":1.0,""source_row"":451},{""altloc"":""(blank)"",""atom"":""CG1"",""element"":""C"",""occupancy"":1.0,""source_row"":452},{""altloc"":""(blank)"",""atom"":""CG2"",""element"":""C"",""occupancy"":1.0,""source_row"":453},{""altloc"":""(blank)"",""atom"":""CD1"",""element"":""C"",""occupancy"":1.0,""source_row"":454}]",STANDARD_NEUTRAL_CCD_COMPONENT_STATE,SELECT_RECEPTOR_CHAIN_A; blank/common; exact state category STANDARD_NEUTRAL_CCD_COMPONENT_STATE,"{""method"":""CCD hydrogen-parent inventory; explicit AUTH04 terminal/acid/base/HIS31 adjustments; no implicit state selection"",""parent_to_hydrogen_names"":{""C"":[],""CA"":[""HA""],""CB"":[""HB""],""CD1"":[""HD11"",""HD12"",""HD13""],""CG1"":[""HG12"",""HG13""],""CG2"":[""HG21"",""HG22"",""HG23""],""N"":[""H""],""O"":[]}}",INCLUDED; 8/8 expected CCD heavy atoms; zero missing/extra,3DMX.cif atom_site source rows 447-454; CCD ILE atom/bond definitions; AUTH04 chemical-state decision; ME_DOCKING_V1_3DMX_BNZ_PREP_RDKIT_2026_03_6_HONLY_1_1 v1.1.0
59,THR,blank/common,"[{""altloc"":""(blank)"",""atom"":""N"",""element"":""N"",""occupancy"":1.0,""source_row"":455},{""altloc"":""(blank)"",""atom"":""CA"",""element"":""C"",""occupancy"":1.0,""source_row"":456},{""altloc"":""(blank)"",""atom"":""C"",""element"":""C"",""occupancy"":1.0,""source_row"":457},{""altloc"":""(blank)"",""atom"":""O"",""element"":""O"",""occupancy"":1.0,""source_row"":458},{""altloc"":""(blank)"",""atom"":""CB"",""element"":""C"",""occupancy"":1.0,""source_row"":459},{""altloc"":""(blank)"",""atom"":""OG1"",""element"":""O"",""occupancy"":1.0,""source_row"":460},{""altloc"":""(blank)"",""atom"":""CG2"",""element"":""C"",""occupancy"":1.0,""source_row"":461}]",STANDARD_NEUTRAL_CCD_COMPONENT_STATE,SELECT_RECEPTOR_CHAIN_A; blank/common; exact state category STANDARD_NEUTRAL_CCD_COMPONENT_STATE,"{""method"":""CCD hydrogen-parent inventory; explicit AUTH04 terminal/acid/base/HIS31 adjustments; no implicit state selection"",""parent_to_hydrogen_names"":{""C"":[],""CA"":[""HA""],""CB"":[""HB""],""CG2"":[""HG21"",""HG22"",""HG23""],""N"":[""H""],""O"":[],""OG1"":[""HG1""]}}",INCLUDED; 7/7 expected CCD heavy atoms; zero missing/extra,3DMX.cif atom_site source rows 455-461; CCD THR atom/bond definitions; AUTH04 chemical-state decision; ME_DOCKING_V1_3DMX_BNZ_PREP_RDKIT_2026_03_6_HONLY_1_1 v1.1.0
60,LYS,blank/common,"[{""altloc"":""(blank)"",""atom"":""N"",""element"":""N"",""occupancy"":1.0,""source_row"":462},{""altloc"":""(blank)"",""atom"":""CA"",""element"":""C"",""occupancy"":1.0,""source_row"":463},{""altloc"":""(blank)"",""atom"":""C"",""element"":""C"",""occupancy"":1.0,""source_row"":464},{""altloc"":""(blank)"",""atom"":""O"",""element"":""O"",""occupancy"":1.0,""source_row"":465},{""altloc"":""(blank)"",""atom"":""CB"",""element"":""C"",""occupancy"":1.0,""source_row"":466},{""altloc"":""(blank)"",""atom"":""CG"",""element"":""C"",""occupancy"":1.0,""source_row"":467},{""altloc"":""(blank)"",""atom"":""CD"",""element"":""C"",""occupancy"":1.0,""source_row"":468},{""altloc"":""(blank)"",""atom"":""CE"",""element"":""C"",""occupancy"":1.0,""source_row"":469},{""altloc"":""(blank)"",""atom"":""NZ"",""element"":""N"",""occupancy"":1.0,""source_row"":470}]",LYS_PROTONATED(+1),SELECT_RECEPTOR_CHAIN_A; blank/common; exact state category LYS_PROTONATED(+1),"{""method"":""CCD hydrogen-parent inventory; explicit AUTH04 terminal/acid/base/HIS31 adjustments; no implicit state selection"",""parent_to_hydrogen_names"":{""C"":[],""CA"":[""HA""],""CB"":[""HB2"",""HB3""],""CD"":[""HD2"",""HD3""],""CE"":[""HE2"",""HE3""],""CG"":[""HG2"",""HG3""],""N"":[""H""],""NZ"":[""HZ1"",""HZ2"",""HZ3""],""O"":[]}}",INCLUDED; 9/9 expected CCD heavy atoms; zero missing/extra,3DMX.cif atom_site source rows 462-470; CCD LYS atom/bond definitions; AUTH04 chemical-state decision; ME_DOCKING_V1_3DMX_BNZ_PREP_RDKIT_2026_03_6_HONLY_1_1 v1.1.0
61,ASP,blank/common,"[{""altloc"":""(blank)"",""atom"":""N"",""element"":""N"",""occupancy"":1.0,""source_row"":471},{""altloc"":""(blank)"",""atom"":""CA"",""element"":""C"",""occupancy"":1.0,""source_row"":472},{""altloc"":""(blank)"",""atom"":""C"",""element"":""C"",""occupancy"":1.0,""source_row"":473},{""altloc"":""(blank)"",""atom"":""O"",""element"":""O"",""occupancy"":1.0,""source_row"":474},{""altloc"":""(blank)"",""atom"":""CB"",""element"":""C"",""occupancy"":1.0,""source_row"":475},{""altloc"":""(blank)"",""atom"":""CG"",""element"":""C"",""occupancy"":1.0,""source_row"":476},{""altloc"":""(blank)"",""atom"":""OD1"",""element"":""O"",""occupancy"":1.0,""source_row"":477},{""altloc"":""(blank)"",""atom"":""OD2"",""element"":""O"",""occupancy"":1.0,""source_row"":478}]",ASP_DEPROTONATED(-1),SELECT_RECEPTOR_CHAIN_A; blank/common; exact state category ASP_DEPROTONATED(-1),"{""method"":""CCD hydrogen-parent inventory; explicit AUTH04 terminal/acid/base/HIS31 adjustments; no implicit state selection"",""parent_to_hydrogen_names"":{""C"":[],""CA"":[""HA""],""CB"":[""HB2"",""HB3""],""CG"":[],""N"":[""H""],""O"":[],""OD1"":[],""OD2"":[]}}",INCLUDED; 8/8 expected CCD heavy atoms; zero missing/extra,3DMX.cif atom_site source rows 471-478; CCD ASP atom/bond definitions; AUTH04 chemical-state decision; ME_DOCKING_V1_3DMX_BNZ_PREP_RDKIT_2026_03_6_HONLY_1_1 v1.1.0
62,GLU,blank/common,"[{""altloc"":""(blank)"",""atom"":""N"",""element"":""N"",""occupancy"":1.0,""source_row"":479},{""altloc"":""(blank)"",""atom"":""CA"",""element"":""C"",""occupancy"":1.0,""source_row"":480},{""altloc"":""(blank)"",""atom"":""C"",""element"":""C"",""occupancy"":1.0,""source_row"":481},{""altloc"":""(blank)"",""atom"":""O"",""element"":""O"",""occupancy"":1.0,""source_row"":482},{""altloc"":""(blank)"",""atom"":""CB"",""element"":""C"",""occupancy"":1.0,""source_row"":483},{""altloc"":""(blank)"",""atom"":""CG"",""element"":""C"",""occupancy"":1.0,""source_row"":484},{""altloc"":""(blank)"",""atom"":""CD"",""element"":""C"",""occupancy"":1.0,""source_row"":485},{""altloc"":""(blank)"",""atom"":""OE1"",""element"":""O"",""occupancy"":1.0,""source_row"":486},{""altloc"":""(blank)"",""atom"":""OE2"",""element"":""O"",""occupancy"":1.0,""source_row"":487}]",GLU_DEPROTONATED(-1),SELECT_RECEPTOR_CHAIN_A; blank/common; exact state category GLU_DEPROTONATED(-1),"{""method"":""CCD hydrogen-parent inventory; explicit AUTH04 terminal/acid/base/HIS31 adjustments; no implicit state selection"",""parent_to_hydrogen_names"":{""C"":[],""CA"":[""HA""],""CB"":[""HB2"",""HB3""],""CD"":[],""CG"":[""HG2"",""HG3""],""N"":[""H""],""O"":[],""OE1"":[],""OE2"":[]}}",INCLUDED; 9/9 expected CCD heavy atoms; zero missing/extra,3DMX.cif atom_site source rows 479-487; CCD GLU atom/bond definitions; AUTH04 chemical-state decision; ME_DOCKING_V1_3DMX_BNZ_PREP_RDKIT_2026_03_6_HONLY_1_1 v1.1.0
63,ALA,blank/common,"[{""altloc"":""(blank)"",""atom"":""N"",""element"":""N"",""occupancy"":1.0,""source_row"":488},{""altloc"":""(blank)"",""atom"":""CA"",""element"":""C"",""occupancy"":1.0,""source_row"":489},{""altloc"":""(blank)"",""atom"":""C"",""element"":""C"",""occupancy"":1.0,""source_row"":490},{""altloc"":""(blank)"",""atom"":""O"",""element"":""O"",""occupancy"":1.0,""source_row"":491},{""altloc"":""(blank)"",""atom"":""CB"",""element"":""C"",""occupancy"":1.0,""source_row"":492}]",STANDARD_NEUTRAL_CCD_COMPONENT_STATE,SELECT_RECEPTOR_CHAIN_A; blank/common; exact state category STANDARD_NEUTRAL_CCD_COMPONENT_STATE,"{""method"":""CCD hydrogen-parent inventory; explicit AUTH04 terminal/acid/base/HIS31 adjustments; no implicit state selection"",""parent_to_hydrogen_names"":{""C"":[],""CA"":[""HA""],""CB"":[""HB1"",""HB2"",""HB3""],""N"":[""H""],""O"":[]}}",INCLUDED; 5/5 expected CCD heavy atoms; zero missing/extra,3DMX.cif atom_site source rows 488-492; CCD ALA atom/bond definitions; AUTH04 chemical-state decision; ME_DOCKING_V1_3DMX_BNZ_PREP_RDKIT_2026_03_6_HONLY_1_1 v1.1.0
64,GLU,blank/common,"[{""altloc"":""(blank)"",""atom"":""N"",""element"":""N"",""occupancy"":1.0,""source_row"":493},{""altloc"":""(blank)"",""atom"":""CA"",""element"":""C"",""occupancy"":1.0,""source_row"":494},{""altloc"":""(blank)"",""atom"":""C"",""element"":""C"",""occupancy"":1.0,""source_row"":495},{""altloc"":""(blank)"",""atom"":""O"",""element"":""O"",""occupancy"":1.0,""source_row"":496},{""altloc"":""(blank)"",""atom"":""CB"",""element"":""C"",""occupancy"":1.0,""source_row"":497},{""altloc"":""(blank)"",""atom"":""CG"",""element"":""C"",""occupancy"":1.0,""source_row"":498},{""altloc"":""(blank)"",""atom"":""CD"",""element"":""C"",""occupancy"":1.0,""source_row"":499},{""altloc"":""(blank)"",""atom"":""OE1"",""element"":""O"",""occupancy"":1.0,""source_row"":500},{""altloc"":""(blank)"",""atom"":""OE2"",""element"":""O"",""occupancy"":1.0,""source_row"":501}]",GLU_DEPROTONATED(-1),SELECT_RECEPTOR_CHAIN_A; blank/common; exact state category GLU_DEPROTONATED(-1),"{""method"":""CCD hydrogen-parent inventory; explicit AUTH04 terminal/acid/base/HIS31 adjustments; no implicit state selection"",""parent_to_hydrogen_names"":{""C"":[],""CA"":[""HA""],""CB"":[""HB2"",""HB3""],""CD"":[],""CG"":[""HG2"",""HG3""],""N"":[""H""],""O"":[],""OE1"":[],""OE2"":[]}}",INCLUDED; 9/9 expected CCD heavy atoms; zero missing/extra,3DMX.cif atom_site source rows 493-501; CCD GLU atom/bond definitions; AUTH04 chemical-state decision; ME_DOCKING_V1_3DMX_BNZ_PREP_RDKIT_2026_03_6_HONLY_1_1 v1.1.0
65,LYS,blank/common,"[{""altloc"":""(blank)"",""atom"":""N"",""element"":""N"",""occupancy"":1.0,""source_row"":502},{""altloc"":""(blank)"",""atom"":""CA"",""element"":""C"",""occupancy"":1.0,""source_row"":503},{""altloc"":""(blank)"",""atom"":""C"",""element"":""C"",""occupancy"":1.0,""source_row"":504},{""altloc"":""(blank)"",""atom"":""O"",""element"":""O"",""occupancy"":1.0,""source_row"":505},{""altloc"":""(blank)"",""atom"":""CB"",""element"":""C"",""occupancy"":1.0,""source_row"":506},{""altloc"":""(blank)"",""atom"":""CG"",""element"":""C"",""occupancy"":1.0,""source_row"":507},{""altloc"":""(blank)"",""atom"":""CD"",""element"":""C"",""occupancy"":1.0,""source_row"":508},{""altloc"":""(blank)"",""atom"":""CE"",""element"":""C"",""occupancy"":1.0,""source_row"":509},{""altloc"":""(blank)"",""atom"":""NZ"",""element"":""N"",""occupancy"":1.0,""source_row"":510}]",LYS_PROTONATED(+1),SELECT_RECEPTOR_CHAIN_A; blank/common; exact state category LYS_PROTONATED(+1),"{""method"":""CCD hydrogen-parent inventory; explicit AUTH04 terminal/acid/base/HIS31 adjustments; no implicit state selection"",""parent_to_hydrogen_names"":{""C"":[],""CA"":[""HA""],""CB"":[""HB2"",""HB3""],""CD"":[""HD2"",""HD3""],""CE"":[""HE2"",""HE3""],""CG"":[""HG2"",""HG3""],""N"":[""H""],""NZ"":[""HZ1"",""HZ2"",""HZ3""],""O"":[]}}",INCLUDED; 9/9 expected CCD heavy atoms; zero missing/extra,3DMX.cif atom_site source rows 502-510; CCD LYS atom/bond definitions; AUTH04 chemical-state decision; ME_DOCKING_V1_3DMX_BNZ_PREP_RDKIT_2026_03_6_HONLY_1_1 v1.1.0
66,LEU,blank/common,"[{""altloc"":""(blank)"",""atom"":""N"",""element"":""N"",""occupancy"":1.0,""source_row"":511},{""altloc"":""(blank)"",""atom"":""CA"",""element"":""C"",""occupancy"":1.0,""source_row"":512},{""altloc"":""(blank)"",""atom"":""C"",""element"":""C"",""occupancy"":1.0,""source_row"":513},{""altloc"":""(blank)"",""atom"":""O"",""element"":""O"",""occupancy"":1.0,""source_row"":514},{""altloc"":""(blank)"",""atom"":""CB"",""element"":""C"",""occupancy"":1.0,""source_row"":515},{""altloc"":""(blank)"",""atom"":""CG"",""element"":""C"",""occupancy"":1.0,""source_row"":516},{""altloc"":""(blank)"",""atom"":""CD1"",""element"":""C"",""occupancy"":1.0,""source_row"":517},{""altloc"":""(blank)"",""atom"":""CD2"",""element"":""C"",""occupancy"":1.0,""source_row"":518}]",STANDARD_NEUTRAL_CCD_COMPONENT_STATE,SELECT_RECEPTOR_CHAIN_A; blank/common; exact state category STANDARD_NEUTRAL_CCD_COMPONENT_STATE,"{""method"":""CCD hydrogen-parent inventory; explicit AUTH04 terminal/acid/base/HIS31 adjustments; no implicit state selection"",""parent_to_hydrogen_names"":{""C"":[],""CA"":[""HA""],""CB"":[""HB2"",""HB3""],""CD1"":[""HD11"",""HD12"",""HD13""],""CD2"":[""HD21"",""HD22"",""HD23""],""CG"":[""HG""],""N"":[""H""],""O"":[]}}",INCLUDED; 8/8 expected CCD heavy atoms; zero missing/extra,3DMX.cif atom_site source rows 511-518; CCD LEU atom/bond definitions; AUTH04 chemical-state decision; ME_DOCKING_V1_3DMX_BNZ_PREP_RDKIT_2026_03_6_HONLY_1_1 v1.1.0
67,PHE,blank/common,"[{""altloc"":""(blank)"",""atom"":""N"",""element"":""N"",""occupancy"":1.0,""source_row"":519},{""altloc"":""(blank)"",""atom"":""CA"",""element"":""C"",""occupancy"":1.0,""source_row"":520},{""altloc"":""(blank)"",""atom"":""C"",""element"":""C"",""occupancy"":1.0,""source_row"":521},{""altloc"":""(blank)"",""atom"":""O"",""element"":""O"",""occupancy"":1.0,""source_row"":522},{""altloc"":""(blank)"",""atom"":""CB"",""element"":""C"",""occupancy"":1.0,""source_row"":523},{""altloc"":""(blank)"",""atom"":""CG"",""element"":""C"",""occupancy"":1.0,""source_row"":524},{""altloc"":""(blank)"",""atom"":""CD1"",""element"":""C"",""occupancy"":1.0,""source_row"":525},{""altloc"":""(blank)"",""atom"":""CD2"",""element"":""C"",""occupancy"":1.0,""source_row"":526},{""altloc"":""(blank)"",""atom"":""CE1"",""element"":""C"",""occupancy"":1.0,""source_row"":527},{""altloc"":""(blank)"",""atom"":""CE2"",""element"":""C"",""occupancy"":1.0,""source_row"":528},{""altloc"":""(blank)"",""atom"":""CZ"",""element"":""C"",""occupancy"":1.0,""source_row"":529}]",STANDARD_NEUTRAL_CCD_COMPONENT_STATE,SELECT_RECEPTOR_CHAIN_A; blank/common; exact state category STANDARD_NEUTRAL_CCD_COMPONENT_STATE,"{""method"":""CCD hydrogen-parent inventory; explicit AUTH04 terminal/acid/base/HIS31 adjustments; no implicit state selection"",""parent_to_hydrogen_names"":{""C"":[],""CA"":[""HA""],""CB"":[""HB2"",""HB3""],""CD1"":[""HD1""],""CD2"":[""HD2""],""CE1"":[""HE1""],""CE2"":[""HE2""],""CG"":[],""CZ"":[""HZ""],""N"":[""H""],""O"":[]}}",INCLUDED; 11/11 expected CCD heavy atoms; zero missing/extra,3DMX.cif atom_site source rows 519-529; CCD PHE atom/bond definitions; AUTH04 chemical-state decision; ME_DOCKING_V1_3DMX_BNZ_PREP_RDKIT_2026_03_6_HONLY_1_1 v1.1.0
68,ASN,A+blank,"[{""altloc"":""(blank)"",""atom"":""N"",""element"":""N"",""occupancy"":1.0,""source_row"":530},{""altloc"":""A"",""atom"":""CA"",""element"":""C"",""occupancy"":0.7,""source_row"":531},{""altloc"":""B"",""atom"":""CA"",""element"":""C"",""occupancy"":0.3,""source_row"":532},{""altloc"":""(blank)"",""atom"":""C"",""element"":""C"",""occupancy"":1.0,""source_row"":533},{""altloc"":""(blank)"",""atom"":""O"",""element"":""O"",""occupancy"":1.0,""source_row"":534},{""altloc"":""A"",""atom"":""CB"",""element"":""C"",""occupancy"":0.7,""source_row"":535},{""altloc"":""B"",""atom"":""CB"",""element"":""C"",""occupancy"":0.3,""source_row"":536},{""altloc"":""A"",""atom"":""CG"",""element"":""C"",""occupancy"":0.7,""source_row"":537},{""altloc"":""B"",""atom"":""CG"",""element"":""C"",""occupancy"":0.3,""source_row"":538},{""altloc"":""A"",""atom"":""OD1"",""element"":""O"",""occupancy"":0.7,""source_row"":539},{""altloc"":""B"",""atom"":""OD1"",""element"":""O"",""occupancy"":0.3,""source_row"":540},{""altloc"":""A"",""atom"":""ND2"",""element"":""N"",""occupancy"":0.7,""source_row"":541},{""altloc"":""B"",""atom"":""ND2"",""element"":""N"",""occupancy"":0.3,""source_row"":542}]",ASN68_NEUTRAL_AMIDE_CCD_STATE(OD1 acceptor; ND2 donor),SELECT_RECEPTOR_CHAIN_A; A+blank; exact state category ASN68_NEUTRAL_AMIDE_CCD_STATE(OD1 acceptor; ND2 donor),"{""method"":""CCD hydrogen-parent inventory; explicit AUTH04 terminal/acid/base/HIS31 adjustments; no implicit state selection"",""parent_to_hydrogen_names"":{""C"":[],""CA"":[""HA""],""CB"":[""HB2"",""HB3""],""CG"":[],""N"":[""H""],""ND2"":[""HD21"",""HD22""],""O"":[],""OD1"":[]}}",INCLUDED; 8/8 expected CCD heavy atoms; zero missing/extra,3DMX.cif atom_site source rows 530-542; CCD ASN atom/bond definitions; AUTH04 chemical-state decision; ME_DOCKING_V1_3DMX_BNZ_PREP_RDKIT_2026_03_6_HONLY_1_1 v1.1.0
69,GLN,blank/common,"[{""altloc"":""(blank)"",""atom"":""N"",""element"":""N"",""occupancy"":1.0,""source_row"":543},{""altloc"":""(blank)"",""atom"":""CA"",""element"":""C"",""occupancy"":1.0,""source_row"":544},{""altloc"":""(blank)"",""atom"":""C"",""element"":""C"",""occupancy"":1.0,""source_row"":545},{""altloc"":""(blank)"",""atom"":""O"",""element"":""O"",""occupancy"":1.0,""source_row"":546},{""altloc"":""(blank)"",""atom"":""CB"",""element"":""C"",""occupancy"":1.0,""source_row"":547},{""altloc"":""(blank)"",""atom"":""CG"",""element"":""C"",""occupancy"":1.0,""source_row"":548},{""altloc"":""(blank)"",""atom"":""CD"",""element"":""C"",""occupancy"":1.0,""source_row"":549},{""altloc"":""(blank)"",""atom"":""OE1"",""element"":""O"",""occupancy"":1.0,""source_row"":550},{""altloc"":""(blank)"",""atom"":""NE2"",""element"":""N"",""occupancy"":1.0,""source_row"":551}]",STANDARD_NEUTRAL_CCD_COMPONENT_STATE,SELECT_RECEPTOR_CHAIN_A; blank/common; exact state category STANDARD_NEUTRAL_CCD_COMPONENT_STATE,"{""method"":""CCD hydrogen-parent inventory; explicit AUTH04 terminal/acid/base/HIS31 adjustments; no implicit state selection"",""parent_to_hydrogen_names"":{""C"":[],""CA"":[""HA""],""CB"":[""HB2"",""HB3""],""CD"":[],""CG"":[""HG2"",""HG3""],""N"":[""H""],""NE2"":[""HE21"",""HE22""],""O"":[],""OE1"":[]}}",INCLUDED; 9/9 expected CCD heavy atoms; zero missing/extra,3DMX.cif atom_site source rows 543-551; CCD GLN atom/bond definitions; AUTH04 chemical-state decision; ME_DOCKING_V1_3DMX_BNZ_PREP_RDKIT_2026_03_6_HONLY_1_1 v1.1.0
70,ASP,blank/common,"[{""altloc"":""(blank)"",""atom"":""N"",""element"":""N"",""occupancy"":1.0,""source_row"":552},{""altloc"":""(blank)"",""atom"":""CA"",""element"":""C"",""occupancy"":1.0,""source_row"":553},{""altloc"":""(blank)"",""atom"":""C"",""element"":""C"",""occupancy"":1.0,""source_row"":554},{""altloc"":""(blank)"",""atom"":""O"",""element"":""O"",""occupancy"":1.0,""source_row"":555},{""altloc"":""(blank)"",""atom"":""CB"",""element"":""C"",""occupancy"":1.0,""source_row"":556},{""altloc"":""(blank)"",""atom"":""CG"",""element"":""C"",""occupancy"":1.0,""source_row"":557},{""altloc"":""(blank)"",""atom"":""OD1"",""element"":""O"",""occupancy"":1.0,""source_row"":558},{""altloc"":""(blank)"",""atom"":""OD2"",""element"":""O"",""occupancy"":1.0,""source_row"":559}]",ASP_DEPROTONATED(-1),SELECT_RECEPTOR_CHAIN_A; blank/common; exact state category ASP_DEPROTONATED(-1),"{""method"":""CCD hydrogen-parent inventory; explicit AUTH04 terminal/acid/base/HIS31 adjustments; no implicit state selection"",""parent_to_hydrogen_names"":{""C"":[],""CA"":[""HA""],""CB"":[""HB2"",""HB3""],""CG"":[],""N"":[""H""],""O"":[],""OD1"":[],""OD2"":[]}}",INCLUDED; 8/8 expected CCD heavy atoms; zero missing/extra,3DMX.cif atom_site source rows 552-559; CCD ASP atom/bond definitions; AUTH04 chemical-state decision; ME_DOCKING_V1_3DMX_BNZ_PREP_RDKIT_2026_03_6_HONLY_1_1 v1.1.0
71,VAL,blank/common,"[{""altloc"":""(blank)"",""atom"":""N"",""element"":""N"",""occupancy"":1.0,""source_row"":560},{""altloc"":""(blank)"",""atom"":""CA"",""element"":""C"",""occupancy"":1.0,""source_row"":561},{""altloc"":""(blank)"",""atom"":""C"",""element"":""C"",""occupancy"":1.0,""source_row"":562},{""altloc"":""(blank)"",""atom"":""O"",""element"":""O"",""occupancy"":1.0,""source_row"":563},{""altloc"":""(blank)"",""atom"":""CB"",""element"":""C"",""occupancy"":1.0,""source_row"":564},{""altloc"":""(blank)"",""atom"":""CG1"",""element"":""C"",""occupancy"":1.0,""source_row"":565},{""altloc"":""(blank)"",""atom"":""CG2"",""element"":""C"",""occupancy"":1.0,""source_row"":566}]",STANDARD_NEUTRAL_CCD_COMPONENT_STATE,SELECT_RECEPTOR_CHAIN_A; blank/common; exact state category STANDARD_NEUTRAL_CCD_COMPONENT_STATE,"{""method"":""CCD hydrogen-parent inventory; explicit AUTH04 terminal/acid/base/HIS31 adjustments; no implicit state selection"",""parent_to_hydrogen_names"":{""C"":[],""CA"":[""HA""],""CB"":[""HB""],""CG1"":[""HG11"",""HG12"",""HG13""],""CG2"":[""HG21"",""HG22"",""HG23""],""N"":[""H""],""O"":[]}}",INCLUDED; 7/7 expected CCD heavy atoms; zero missing/extra,3DMX.cif atom_site source rows 560-566; CCD VAL atom/bond definitions; AUTH04 chemical-state decision; ME_DOCKING_V1_3DMX_BNZ_PREP_RDKIT_2026_03_6_HONLY_1_1 v1.1.0
72,ASP,A+blank,"[{""altloc"":""(blank)"",""atom"":""N"",""element"":""N"",""occupancy"":1.0,""source_row"":567},{""altloc"":""A"",""atom"":""CA"",""element"":""C"",""occupancy"":0.8,""source_row"":568},{""altloc"":""B"",""atom"":""CA"",""element"":""C"",""occupancy"":0.2,""source_row"":569},{""altloc"":""(blank)"",""atom"":""C"",""element"":""C"",""occupancy"":1.0,""source_row"":570},{""altloc"":""(blank)"",""atom"":""O"",""element"":""O"",""occupancy"":1.0,""source_row"":571},{""altloc"":""A"",""atom"":""CB"",""element"":""C"",""occupancy"":0.8,""source_row"":572},{""altloc"":""B"",""atom"":""CB"",""element"":""C"",""occupancy"":0.2,""source_row"":573},{""altloc"":""A"",""atom"":""CG"",""element"":""C"",""occupancy"":0.8,""source_row"":574},{""altloc"":""B"",""atom"":""CG"",""element"":""C"",""occupancy"":0.2,""source_row"":575},{""altloc"":""A"",""atom"":""OD1"",""element"":""O"",""occupancy"":0.8,""source_row"":576},{""altloc"":""B"",""atom"":""OD1"",""element"":""O"",""occupancy"":0.2,""source_row"":577},{""altloc"":""A"",""atom"":""OD2"",""element"":""O"",""occupancy"":0.8,""source_row"":578},{""altloc"":""B"",""atom"":""OD2"",""element"":""O"",""occupancy"":0.2,""source_row"":579}]",ASP_DEPROTONATED(-1),SELECT_RECEPTOR_CHAIN_A; A+blank; exact state category ASP_DEPROTONATED(-1),"{""method"":""CCD hydrogen-parent inventory; explicit AUTH04 terminal/acid/base/HIS31 adjustments; no implicit state selection"",""parent_to_hydrogen_names"":{""C"":[],""CA"":[""HA""],""CB"":[""HB2"",""HB3""],""CG"":[],""N"":[""H""],""O"":[],""OD1"":[],""OD2"":[]}}",INCLUDED; 8/8 expected CCD heavy atoms; zero missing/extra,3DMX.cif atom_site source rows 567-579; CCD ASP atom/bond definitions; AUTH04 chemical-state decision; ME_DOCKING_V1_3DMX_BNZ_PREP_RDKIT_2026_03_6_HONLY_1_1 v1.1.0
73,ALA,blank/common,"[{""altloc"":""(blank)"",""atom"":""N"",""element"":""N"",""occupancy"":1.0,""source_row"":580},{""altloc"":""(blank)"",""atom"":""CA"",""element"":""C"",""occupancy"":1.0,""source_row"":581},{""altloc"":""(blank)"",""atom"":""C"",""element"":""C"",""occupancy"":1.0,""source_row"":582},{""altloc"":""(blank)"",""atom"":""O"",""element"":""O"",""occupancy"":1.0,""source_row"":583},{""altloc"":""(blank)"",""atom"":""CB"",""element"":""C"",""occupancy"":1.0,""source_row"":584}]",STANDARD_NEUTRAL_CCD_COMPONENT_STATE,SELECT_RECEPTOR_CHAIN_A; blank/common; exact state category STANDARD_NEUTRAL_CCD_COMPONENT_STATE,"{""method"":""CCD hydrogen-parent inventory; explicit AUTH04 terminal/acid/base/HIS31 adjustments; no implicit state selection"",""parent_to_hydrogen_names"":{""C"":[],""CA"":[""HA""],""CB"":[""HB1"",""HB2"",""HB3""],""N"":[""H""],""O"":[]}}",INCLUDED; 5/5 expected CCD heavy atoms; zero missing/extra,3DMX.cif atom_site source rows 580-584; CCD ALA atom/bond definitions; AUTH04 chemical-state decision; ME_DOCKING_V1_3DMX_BNZ_PREP_RDKIT_2026_03_6_HONLY_1_1 v1.1.0
74,ALA,blank/common,"[{""altloc"":""(blank)"",""atom"":""N"",""element"":""N"",""occupancy"":1.0,""source_row"":585},{""altloc"":""(blank)"",""atom"":""CA"",""element"":""C"",""occupancy"":1.0,""source_row"":586},{""altloc"":""(blank)"",""atom"":""C"",""element"":""C"",""occupancy"":1.0,""source_row"":587},{""altloc"":""(blank)"",""atom"":""O"",""element"":""O"",""occupancy"":1.0,""source_row"":588},{""altloc"":""(blank)"",""atom"":""CB"",""element"":""C"",""occupancy"":1.0,""source_row"":589}]",STANDARD_NEUTRAL_CCD_COMPONENT_STATE,SELECT_RECEPTOR_CHAIN_A; blank/common; exact state category STANDARD_NEUTRAL_CCD_COMPONENT_STATE,"{""method"":""CCD hydrogen-parent inventory; explicit AUTH04 terminal/acid/base/HIS31 adjustments; no implicit state selection"",""parent_to_hydrogen_names"":{""C"":[],""CA"":[""HA""],""CB"":[""HB1"",""HB2"",""HB3""],""N"":[""H""],""O"":[]}}",INCLUDED; 5/5 expected CCD heavy atoms; zero missing/extra,3DMX.cif atom_site source rows 585-589; CCD ALA atom/bond definitions; AUTH04 chemical-state decision; ME_DOCKING_V1_3DMX_BNZ_PREP_RDKIT_2026_03_6_HONLY_1_1 v1.1.0
75,VAL,blank/common,"[{""altloc"":""(blank)"",""atom"":""N"",""element"":""N"",""occupancy"":1.0,""source_row"":590},{""altloc"":""(blank)"",""atom"":""CA"",""element"":""C"",""occupancy"":1.0,""source_row"":591},{""altloc"":""(blank)"",""atom"":""C"",""element"":""C"",""occupancy"":1.0,""source_row"":592},{""altloc"":""(blank)"",""atom"":""O"",""element"":""O"",""occupancy"":1.0,""source_row"":593},{""altloc"":""(blank)"",""atom"":""CB"",""element"":""C"",""occupancy"":1.0,""source_row"":594},{""altloc"":""(blank)"",""atom"":""CG1"",""element"":""C"",""occupancy"":1.0,""source_row"":595},{""altloc"":""(blank)"",""atom"":""CG2"",""element"":""C"",""occupancy"":1.0,""source_row"":596}]",STANDARD_NEUTRAL_CCD_COMPONENT_STATE,SELECT_RECEPTOR_CHAIN_A; blank/common; exact state category STANDARD_NEUTRAL_CCD_COMPONENT_STATE,"{""method"":""CCD hydrogen-parent inventory; explicit AUTH04 terminal/acid/base/HIS31 adjustments; no implicit state selection"",""parent_to_hydrogen_names"":{""C"":[],""CA"":[""HA""],""CB"":[""HB""],""CG1"":[""HG11"",""HG12"",""HG13""],""CG2"":[""HG21"",""HG22"",""HG23""],""N"":[""H""],""O"":[]}}",INCLUDED; 7/7 expected CCD heavy atoms; zero missing/extra,3DMX.cif atom_site source rows 590-596; CCD VAL atom/bond definitions; AUTH04 chemical-state decision; ME_DOCKING_V1_3DMX_BNZ_PREP_RDKIT_2026_03_6_HONLY_1_1 v1.1.0
76,ARG,A+blank,"[{""altloc"":""(blank)"",""atom"":""N"",""element"":""N"",""occupancy"":1.0,""source_row"":597},{""altloc"":""A"",""atom"":""CA"",""element"":""C"",""occupancy"":0.6,""source_row"":598},{""altloc"":""B"",""atom"":""CA"",""element"":""C"",""occupancy"":0.4,""source_row"":599},{""altloc"":""(blank)"",""atom"":""C"",""element"":""C"",""occupancy"":1.0,""source_row"":600},{""altloc"":""(blank)"",""atom"":""O"",""element"":""O"",""occupancy"":1.0,""source_row"":601},{""altloc"":""A"",""atom"":""CB"",""element"":""C"",""occupancy"":0.6,""source_row"":602},{""altloc"":""B"",""atom"":""CB"",""element"":""C"",""occupancy"":0.4,""source_row"":603},{""altloc"":""A"",""atom"":""CG"",""element"":""C"",""occupancy"":0.6,""source_row"":604},{""altloc"":""B"",""atom"":""CG"",""element"":""C"",""occupancy"":0.4,""source_row"":605},{""altloc"":""A"",""atom"":""CD"",""element"":""C"",""occupancy"":0.6,""source_row"":606},{""altloc"":""B"",""atom"":""CD"",""element"":""C"",""occupancy"":0.4,""source_row"":607},{""altloc"":""A"",""atom"":""NE"",""element"":""N"",""occupancy"":0.6,""source_row"":608},{""altloc"":""B"",""atom"":""NE"",""element"":""N"",""occupancy"":0.4,""source_row"":609},{""altloc"":""A"",""atom"":""CZ"",""element"":""C"",""occupancy"":0.6,""source_row"":610},{""altloc"":""B"",""atom"":""CZ"",""element"":""C"",""occupancy"":0.4,""source_row"":611},{""altloc"":""A"",""atom"":""NH1"",""element"":""N"",""occupancy"":0.6,""source_row"":612},{""altloc"":""B"",""atom"":""NH1"",""element"":""N"",""occupancy"":0.4,""source_row"":613},{""altloc"":""A"",""atom"":""NH2"",""element"":""N"",""occupancy"":0.6,""source_row"":614},{""altloc"":""B"",""atom"":""NH2"",""element"":""N"",""occupancy"":0.4,""source_row"":615}]",ARG_PROTONATED(+1),SELECT_RECEPTOR_CHAIN_A; A+blank; exact state category ARG_PROTONATED(+1),"{""method"":""CCD hydrogen-parent inventory; explicit AUTH04 terminal/acid/base/HIS31 adjustments; no implicit state selection"",""parent_to_hydrogen_names"":{""C"":[],""CA"":[""HA""],""CB"":[""HB2"",""HB3""],""CD"":[""HD2"",""HD3""],""CG"":[""HG2"",""HG3""],""CZ"":[],""N"":[""H""],""NE"":[""HE""],""NH1"":[""HH11"",""HH12""],""NH2"":[""HH21"",""HH22""],""O"":[]}}",INCLUDED; 11/11 expected CCD heavy atoms; zero missing/extra,3DMX.cif atom_site source rows 597-615; CCD ARG atom/bond definitions; AUTH04 chemical-state decision; ME_DOCKING_V1_3DMX_BNZ_PREP_RDKIT_2026_03_6_HONLY_1_1 v1.1.0
77,GLY,blank/common,"[{""altloc"":""(blank)"",""atom"":""N"",""element"":""N"",""occupancy"":1.0,""source_row"":616},{""altloc"":""(blank)"",""atom"":""CA"",""element"":""C"",""occupancy"":1.0,""source_row"":617},{""altloc"":""(blank)"",""atom"":""C"",""element"":""C"",""occupancy"":1.0,""source_row"":618},{""altloc"":""(blank)"",""atom"":""O"",""element"":""O"",""occupancy"":1.0,""source_row"":619}]",STANDARD_NEUTRAL_CCD_COMPONENT_STATE,SELECT_RECEPTOR_CHAIN_A; blank/common; exact state category STANDARD_NEUTRAL_CCD_COMPONENT_STATE,"{""method"":""CCD hydrogen-parent inventory; explicit AUTH04 terminal/acid/base/HIS31 adjustments; no implicit state selection"",""parent_to_hydrogen_names"":{""C"":[],""CA"":[""HA2"",""HA3""],""N"":[""H""],""O"":[]}}",INCLUDED; 4/4 expected CCD heavy atoms; zero missing/extra,3DMX.cif atom_site source rows 616-619; CCD GLY atom/bond definitions; AUTH04 chemical-state decision; ME_DOCKING_V1_3DMX_BNZ_PREP_RDKIT_2026_03_6_HONLY_1_1 v1.1.0
78,ILE,blank/common,"[{""altloc"":""(blank)"",""atom"":""N"",""element"":""N"",""occupancy"":1.0,""source_row"":620},{""altloc"":""(blank)"",""atom"":""CA"",""element"":""C"",""occupancy"":1.0,""source_row"":621},{""altloc"":""(blank)"",""atom"":""C"",""element"":""C"",""occupancy"":1.0,""source_row"":622},{""altloc"":""(blank)"",""atom"":""O"",""element"":""O"",""occupancy"":1.0,""source_row"":623},{""altloc"":""(blank)"",""atom"":""CB"",""element"":""C"",""occupancy"":1.0,""source_row"":624},{""altloc"":""(blank)"",""atom"":""CG1"",""element"":""C"",""occupancy"":1.0,""source_row"":625},{""altloc"":""(blank)"",""atom"":""CG2"",""element"":""C"",""occupancy"":1.0,""source_row"":626},{""altloc"":""(blank)"",""atom"":""CD1"",""element"":""C"",""occupancy"":1.0,""source_row"":627}]",STANDARD_NEUTRAL_CCD_COMPONENT_STATE,SELECT_RECEPTOR_CHAIN_A; blank/common; exact state category STANDARD_NEUTRAL_CCD_COMPONENT_STATE,"{""method"":""CCD hydrogen-parent inventory; explicit AUTH04 terminal/acid/base/HIS31 adjustments; no implicit state selection"",""parent_to_hydrogen_names"":{""C"":[],""CA"":[""HA""],""CB"":[""HB""],""CD1"":[""HD11"",""HD12"",""HD13""],""CG1"":[""HG12"",""HG13""],""CG2"":[""HG21"",""HG22"",""HG23""],""N"":[""H""],""O"":[]}}",INCLUDED; 8/8 expected CCD heavy atoms; zero missing/extra,3DMX.cif atom_site source rows 620-627; CCD ILE atom/bond definitions; AUTH04 chemical-state decision; ME_DOCKING_V1_3DMX_BNZ_PREP_RDKIT_2026_03_6_HONLY_1_1 v1.1.0
79,LEU,blank/common,"[{""altloc"":""(blank)"",""atom"":""N"",""element"":""N"",""occupancy"":1.0,""source_row"":628},{""altloc"":""(blank)"",""atom"":""CA"",""element"":""C"",""occupancy"":1.0,""source_row"":629},{""altloc"":""(blank)"",""atom"":""C"",""element"":""C"",""occupancy"":1.0,""source_row"":630},{""altloc"":""(blank)"",""atom"":""O"",""element"":""O"",""occupancy"":1.0,""source_row"":631},{""altloc"":""(blank)"",""atom"":""CB"",""element"":""C"",""occupancy"":1.0,""source_row"":632},{""altloc"":""(blank)"",""atom"":""CG"",""element"":""C"",""occupancy"":1.0,""source_row"":633},{""altloc"":""(blank)"",""atom"":""CD1"",""element"":""C"",""occupancy"":1.0,""source_row"":634},{""altloc"":""(blank)"",""atom"":""CD2"",""element"":""C"",""occupancy"":1.0,""source_row"":635}]",STANDARD_NEUTRAL_CCD_COMPONENT_STATE,SELECT_RECEPTOR_CHAIN_A; blank/common; exact state category STANDARD_NEUTRAL_CCD_COMPONENT_STATE,"{""method"":""CCD hydrogen-parent inventory; explicit AUTH04 terminal/acid/base/HIS31 adjustments; no implicit state selection"",""parent_to_hydrogen_names"":{""C"":[],""CA"":[""HA""],""CB"":[""HB2"",""HB3""],""CD1"":[""HD11"",""HD12"",""HD13""],""CD2"":[""HD21"",""HD22"",""HD23""],""CG"":[""HG""],""N"":[""H""],""O"":[]}}",INCLUDED; 8/8 expected CCD heavy atoms; zero missing/extra,3DMX.cif atom_site source rows 628-635; CCD LEU atom/bond definitions; AUTH04 chemical-state decision; ME_DOCKING_V1_3DMX_BNZ_PREP_RDKIT_2026_03_6_HONLY_1_1 v1.1.0
80,ARG,blank/common,"[{""altloc"":""(blank)"",""atom"":""N"",""element"":""N"",""occupancy"":1.0,""source_row"":636},{""altloc"":""(blank)"",""atom"":""CA"",""element"":""C"",""occupancy"":1.0,""source_row"":637},{""altloc"":""(blank)"",""atom"":""C"",""element"":""C"",""occupancy"":1.0,""source_row"":638},{""altloc"":""(blank)"",""atom"":""O"",""element"":""O"",""occupancy"":1.0,""source_row"":639},{""altloc"":""(blank)"",""atom"":""CB"",""element"":""C"",""occupancy"":1.0,""source_row"":640},{""altloc"":""(blank)"",""atom"":""CG"",""element"":""C"",""occupancy"":1.0,""source_row"":641},{""altloc"":""(blank)"",""atom"":""CD"",""element"":""C"",""occupancy"":1.0,""source_row"":642},{""altloc"":""(blank)"",""atom"":""NE"",""element"":""N"",""occupancy"":1.0,""source_row"":643},{""altloc"":""(blank)"",""atom"":""CZ"",""element"":""C"",""occupancy"":1.0,""source_row"":644},{""altloc"":""(blank)"",""atom"":""NH1"",""element"":""N"",""occupancy"":1.0,""source_row"":645},{""altloc"":""(blank)"",""atom"":""NH2"",""element"":""N"",""occupancy"":1.0,""source_row"":646}]",ARG_PROTONATED(+1),SELECT_RECEPTOR_CHAIN_A; blank/common; exact state category ARG_PROTONATED(+1),"{""method"":""CCD hydrogen-parent inventory; explicit AUTH04 terminal/acid/base/HIS31 adjustments; no implicit state selection"",""parent_to_hydrogen_names"":{""C"":[],""CA"":[""HA""],""CB"":[""HB2"",""HB3""],""CD"":[""HD2"",""HD3""],""CG"":[""HG2"",""HG3""],""CZ"":[],""N"":[""H""],""NE"":[""HE""],""NH1"":[""HH11"",""HH12""],""NH2"":[""HH21"",""HH22""],""O"":[]}}",INCLUDED; 11/11 expected CCD heavy atoms; zero missing/extra,3DMX.cif atom_site source rows 636-646; CCD ARG atom/bond definitions; AUTH04 chemical-state decision; ME_DOCKING_V1_3DMX_BNZ_PREP_RDKIT_2026_03_6_HONLY_1_1 v1.1.0
81,ASN,blank/common,"[{""altloc"":""(blank)"",""atom"":""N"",""element"":""N"",""occupancy"":1.0,""source_row"":647},{""altloc"":""(blank)"",""atom"":""CA"",""element"":""C"",""occupancy"":1.0,""source_row"":648},{""altloc"":""(blank)"",""atom"":""C"",""element"":""C"",""occupancy"":1.0,""source_row"":649},{""altloc"":""(blank)"",""atom"":""O"",""element"":""O"",""occupancy"":1.0,""source_row"":650},{""altloc"":""(blank)"",""atom"":""CB"",""element"":""C"",""occupancy"":1.0,""source_row"":651},{""altloc"":""(blank)"",""atom"":""CG"",""element"":""C"",""occupancy"":1.0,""source_row"":652},{""altloc"":""(blank)"",""atom"":""OD1"",""element"":""O"",""occupancy"":1.0,""source_row"":653},{""altloc"":""(blank)"",""atom"":""ND2"",""element"":""N"",""occupancy"":1.0,""source_row"":654}]",STANDARD_NEUTRAL_CCD_COMPONENT_STATE,SELECT_RECEPTOR_CHAIN_A; blank/common; exact state category STANDARD_NEUTRAL_CCD_COMPONENT_STATE,"{""method"":""CCD hydrogen-parent inventory; explicit AUTH04 terminal/acid/base/HIS31 adjustments; no implicit state selection"",""parent_to_hydrogen_names"":{""C"":[],""CA"":[""HA""],""CB"":[""HB2"",""HB3""],""CG"":[],""N"":[""H""],""ND2"":[""HD21"",""HD22""],""O"":[],""OD1"":[]}}",INCLUDED; 8/8 expected CCD heavy atoms; zero missing/extra,3DMX.cif atom_site source rows 647-654; CCD ASN atom/bond definitions; AUTH04 chemical-state decision; ME_DOCKING_V1_3DMX_BNZ_PREP_RDKIT_2026_03_6_HONLY_1_1 v1.1.0
82,ALA,blank/common,"[{""altloc"":""(blank)"",""atom"":""N"",""element"":""N"",""occupancy"":1.0,""source_row"":655},{""altloc"":""(blank)"",""atom"":""CA"",""element"":""C"",""occupancy"":1.0,""source_row"":656},{""altloc"":""(blank)"",""atom"":""C"",""element"":""C"",""occupancy"":1.0,""source_row"":657},{""altloc"":""(blank)"",""atom"":""O"",""element"":""O"",""occupancy"":1.0,""source_row"":658},{""altloc"":""(blank)"",""atom"":""CB"",""element"":""C"",""occupancy"":1.0,""source_row"":659}]",STANDARD_NEUTRAL_CCD_COMPONENT_STATE,SELECT_RECEPTOR_CHAIN_A; blank/common; exact state category STANDARD_NEUTRAL_CCD_COMPONENT_STATE,"{""method"":""CCD hydrogen-parent inventory; explicit AUTH04 terminal/acid/base/HIS31 adjustments; no implicit state selection"",""parent_to_hydrogen_names"":{""C"":[],""CA"":[""HA""],""CB"":[""HB1"",""HB2"",""HB3""],""N"":[""H""],""O"":[]}}",INCLUDED; 5/5 expected CCD heavy atoms; zero missing/extra,3DMX.cif atom_site source rows 655-659; CCD ALA atom/bond definitions; AUTH04 chemical-state decision; ME_DOCKING_V1_3DMX_BNZ_PREP_RDKIT_2026_03_6_HONLY_1_1 v1.1.0
83,LYS,blank/common,"[{""altloc"":""(blank)"",""atom"":""N"",""element"":""N"",""occupancy"":1.0,""source_row"":660},{""altloc"":""(blank)"",""atom"":""CA"",""element"":""C"",""occupancy"":1.0,""source_row"":661},{""altloc"":""(blank)"",""atom"":""C"",""element"":""C"",""occupancy"":1.0,""source_row"":662},{""altloc"":""(blank)"",""atom"":""O"",""element"":""O"",""occupancy"":1.0,""source_row"":663},{""altloc"":""(blank)"",""atom"":""CB"",""element"":""C"",""occupancy"":1.0,""source_row"":664},{""altloc"":""(blank)"",""atom"":""CG"",""element"":""C"",""occupancy"":1.0,""source_row"":665},{""altloc"":""(blank)"",""atom"":""CD"",""element"":""C"",""occupancy"":1.0,""source_row"":666},{""altloc"":""(blank)"",""atom"":""CE"",""element"":""C"",""occupancy"":1.0,""source_row"":667},{""altloc"":""(blank)"",""atom"":""NZ"",""element"":""N"",""occupancy"":1.0,""source_row"":668}]",LYS_PROTONATED(+1),SELECT_RECEPTOR_CHAIN_A; blank/common; exact state category LYS_PROTONATED(+1),"{""method"":""CCD hydrogen-parent inventory; explicit AUTH04 terminal/acid/base/HIS31 adjustments; no implicit state selection"",""parent_to_hydrogen_names"":{""C"":[],""CA"":[""HA""],""CB"":[""HB2"",""HB3""],""CD"":[""HD2"",""HD3""],""CE"":[""HE2"",""HE3""],""CG"":[""HG2"",""HG3""],""N"":[""H""],""NZ"":[""HZ1"",""HZ2"",""HZ3""],""O"":[]}}",INCLUDED; 9/9 expected CCD heavy atoms; zero missing/extra,3DMX.cif atom_site source rows 660-668; CCD LYS atom/bond definitions; AUTH04 chemical-state decision; ME_DOCKING_V1_3DMX_BNZ_PREP_RDKIT_2026_03_6_HONLY_1_1 v1.1.0
84,LEU,blank/common,"[{""altloc"":""(blank)"",""atom"":""N"",""element"":""N"",""occupancy"":1.0,""source_row"":669},{""altloc"":""(blank)"",""atom"":""CA"",""element"":""C"",""occupancy"":1.0,""source_row"":670},{""altloc"":""(blank)"",""atom"":""C"",""element"":""C"",""occupancy"":1.0,""source_row"":671},{""altloc"":""(blank)"",""atom"":""O"",""element"":""O"",""occupancy"":1.0,""source_row"":672},{""altloc"":""(blank)"",""atom"":""CB"",""element"":""C"",""occupancy"":1.0,""source_row"":673},{""altloc"":""(blank)"",""atom"":""CG"",""element"":""C"",""occupancy"":1.0,""source_row"":674},{""altloc"":""(blank)"",""atom"":""CD1"",""element"":""C"",""occupancy"":1.0,""source_row"":675},{""altloc"":""(blank)"",""atom"":""CD2"",""element"":""C"",""occupancy"":1.0,""source_row"":676}]",STANDARD_NEUTRAL_CCD_COMPONENT_STATE,SELECT_RECEPTOR_CHAIN_A; blank/common; exact state category STANDARD_NEUTRAL_CCD_COMPONENT_STATE,"{""method"":""CCD hydrogen-parent inventory; explicit AUTH04 terminal/acid/base/HIS31 adjustments; no implicit state selection"",""parent_to_hydrogen_names"":{""C"":[],""CA"":[""HA""],""CB"":[""HB2"",""HB3""],""CD1"":[""HD11"",""HD12"",""HD13""],""CD2"":[""HD21"",""HD22"",""HD23""],""CG"":[""HG""],""N"":[""H""],""O"":[]}}",INCLUDED; 8/8 expected CCD heavy atoms; zero missing/extra,3DMX.cif atom_site source rows 669-676; CCD LEU atom/bond definitions; AUTH04 chemical-state decision; ME_DOCKING_V1_3DMX_BNZ_PREP_RDKIT_2026_03_6_HONLY_1_1 v1.1.0
85,LYS,blank/common,"[{""altloc"":""(blank)"",""atom"":""N"",""element"":""N"",""occupancy"":1.0,""source_row"":677},{""altloc"":""(blank)"",""atom"":""CA"",""element"":""C"",""occupancy"":1.0,""source_row"":678},{""altloc"":""(blank)"",""atom"":""C"",""element"":""C"",""occupancy"":1.0,""source_row"":679},{""altloc"":""(blank)"",""atom"":""O"",""element"":""O"",""occupancy"":1.0,""source_row"":680},{""altloc"":""(blank)"",""atom"":""CB"",""element"":""C"",""occupancy"":1.0,""source_row"":681},{""altloc"":""(blank)"",""atom"":""CG"",""element"":""C"",""occupancy"":1.0,""source_row"":682},{""altloc"":""(blank)"",""atom"":""CD"",""element"":""C"",""occupancy"":1.0,""source_row"":683},{""altloc"":""(blank)"",""atom"":""CE"",""element"":""C"",""occupancy"":1.0,""source_row"":684},{""altloc"":""(blank)"",""atom"":""NZ"",""element"":""N"",""occupancy"":1.0,""source_row"":685}]",LYS_PROTONATED(+1),SELECT_RECEPTOR_CHAIN_A; blank/common; exact state category LYS_PROTONATED(+1),"{""method"":""CCD hydrogen-parent inventory; explicit AUTH04 terminal/acid/base/HIS31 adjustments; no implicit state selection"",""parent_to_hydrogen_names"":{""C"":[],""CA"":[""HA""],""CB"":[""HB2"",""HB3""],""CD"":[""HD2"",""HD3""],""CE"":[""HE2"",""HE3""],""CG"":[""HG2"",""HG3""],""N"":[""H""],""NZ"":[""HZ1"",""HZ2"",""HZ3""],""O"":[]}}",INCLUDED; 9/9 expected CCD heavy atoms; zero missing/extra,3DMX.cif atom_site source rows 677-685; CCD LYS atom/bond definitions; AUTH04 chemical-state decision; ME_DOCKING_V1_3DMX_BNZ_PREP_RDKIT_2026_03_6_HONLY_1_1 v1.1.0
86,PRO,blank/common,"[{""altloc"":""(blank)"",""atom"":""N"",""element"":""N"",""occupancy"":1.0,""source_row"":686},{""altloc"":""(blank)"",""atom"":""CA"",""element"":""C"",""occupancy"":1.0,""source_row"":687},{""altloc"":""(blank)"",""atom"":""C"",""element"":""C"",""occupancy"":1.0,""source_row"":688},{""altloc"":""(blank)"",""atom"":""O"",""element"":""O"",""occupancy"":1.0,""source_row"":689},{""altloc"":""(blank)"",""atom"":""CB"",""element"":""C"",""occupancy"":1.0,""source_row"":690},{""altloc"":""(blank)"",""atom"":""CG"",""element"":""C"",""occupancy"":1.0,""source_row"":691},{""altloc"":""(blank)"",""atom"":""CD"",""element"":""C"",""occupancy"":1.0,""source_row"":692}]",STANDARD_NEUTRAL_CCD_COMPONENT_STATE,SELECT_RECEPTOR_CHAIN_A; blank/common; exact state category STANDARD_NEUTRAL_CCD_COMPONENT_STATE,"{""method"":""CCD hydrogen-parent inventory; explicit AUTH04 terminal/acid/base/HIS31 adjustments; no implicit state selection"",""parent_to_hydrogen_names"":{""C"":[],""CA"":[""HA""],""CB"":[""HB2"",""HB3""],""CD"":[""HD2"",""HD3""],""CG"":[""HG2"",""HG3""],""N"":[],""O"":[]}}",INCLUDED; 7/7 expected CCD heavy atoms; zero missing/extra,3DMX.cif atom_site source rows 686-692; CCD PRO atom/bond definitions; AUTH04 chemical-state decision; ME_DOCKING_V1_3DMX_BNZ_PREP_RDKIT_2026_03_6_HONLY_1_1 v1.1.0
87,VAL,blank/common,"[{""altloc"":""(blank)"",""atom"":""N"",""element"":""N"",""occupancy"":1.0,""source_row"":693},{""altloc"":""(blank)"",""atom"":""CA"",""element"":""C"",""occupancy"":1.0,""source_row"":694},{""altloc"":""(blank)"",""atom"":""C"",""element"":""C"",""occupancy"":1.0,""source_row"":695},{""altloc"":""(blank)"",""atom"":""O"",""element"":""O"",""occupancy"":1.0,""source_row"":696},{""altloc"":""(blank)"",""atom"":""CB"",""element"":""C"",""occupancy"":1.0,""source_row"":697},{""altloc"":""(blank)"",""atom"":""CG1"",""element"":""C"",""occupancy"":1.0,""source_row"":698},{""altloc"":""(blank)"",""atom"":""CG2"",""element"":""C"",""occupancy"":1.0,""source_row"":699}]",STANDARD_NEUTRAL_CCD_COMPONENT_STATE,SELECT_RECEPTOR_CHAIN_A; blank/common; exact state category STANDARD_NEUTRAL_CCD_COMPONENT_STATE,"{""method"":""CCD hydrogen-parent inventory; explicit AUTH04 terminal/acid/base/HIS31 adjustments; no implicit state selection"",""parent_to_hydrogen_names"":{""C"":[],""CA"":[""HA""],""CB"":[""HB""],""CG1"":[""HG11"",""HG12"",""HG13""],""CG2"":[""HG21"",""HG22"",""HG23""],""N"":[""H""],""O"":[]}}",INCLUDED; 7/7 expected CCD heavy atoms; zero missing/extra,3DMX.cif atom_site source rows 693-699; CCD VAL atom/bond definitions; AUTH04 chemical-state decision; ME_DOCKING_V1_3DMX_BNZ_PREP_RDKIT_2026_03_6_HONLY_1_1 v1.1.0
88,TYR,blank/common,"[{""altloc"":""(blank)"",""atom"":""N"",""element"":""N"",""occupancy"":1.0,""source_row"":700},{""altloc"":""(blank)"",""atom"":""CA"",""element"":""C"",""occupancy"":1.0,""source_row"":701},{""altloc"":""(blank)"",""atom"":""C"",""element"":""C"",""occupancy"":1.0,""source_row"":702},{""altloc"":""(blank)"",""atom"":""O"",""element"":""O"",""occupancy"":1.0,""source_row"":703},{""altloc"":""(blank)"",""atom"":""CB"",""element"":""C"",""occupancy"":1.0,""source_row"":704},{""altloc"":""(blank)"",""atom"":""CG"",""element"":""C"",""occupancy"":1.0,""source_row"":705},{""altloc"":""(blank)"",""atom"":""CD1"",""element"":""C"",""occupancy"":1.0,""source_row"":706},{""altloc"":""(blank)"",""atom"":""CD2"",""element"":""C"",""occupancy"":1.0,""source_row"":707},{""altloc"":""(blank)"",""atom"":""CE1"",""element"":""C"",""occupancy"":1.0,""source_row"":708},{""altloc"":""(blank)"",""atom"":""CE2"",""element"":""C"",""occupancy"":1.0,""source_row"":709},{""altloc"":""(blank)"",""atom"":""CZ"",""element"":""C"",""occupancy"":1.0,""source_row"":710},{""altloc"":""(blank)"",""atom"":""OH"",""element"":""O"",""occupancy"":1.0,""source_row"":711}]",TYR_NEUTRAL(0),SELECT_RECEPTOR_CHAIN_A; blank/common; exact state category TYR_NEUTRAL(0),"{""method"":""CCD hydrogen-parent inventory; explicit AUTH04 terminal/acid/base/HIS31 adjustments; no implicit state selection"",""parent_to_hydrogen_names"":{""C"":[],""CA"":[""HA""],""CB"":[""HB2"",""HB3""],""CD1"":[""HD1""],""CD2"":[""HD2""],""CE1"":[""HE1""],""CE2"":[""HE2""],""CG"":[],""CZ"":[],""N"":[""H""],""O"":[],""OH"":[""HH""]}}",INCLUDED; 12/12 expected CCD heavy atoms; zero missing/extra,3DMX.cif atom_site source rows 700-711; CCD TYR atom/bond definitions; AUTH04 chemical-state decision; ME_DOCKING_V1_3DMX_BNZ_PREP_RDKIT_2026_03_6_HONLY_1_1 v1.1.0
89,ASP,blank/common,"[{""altloc"":""(blank)"",""atom"":""N"",""element"":""N"",""occupancy"":1.0,""source_row"":712},{""altloc"":""(blank)"",""atom"":""CA"",""element"":""C"",""occupancy"":1.0,""source_row"":713},{""altloc"":""(blank)"",""atom"":""C"",""element"":""C"",""occupancy"":1.0,""source_row"":714},{""altloc"":""(blank)"",""atom"":""O"",""element"":""O"",""occupancy"":1.0,""source_row"":715},{""altloc"":""(blank)"",""atom"":""CB"",""element"":""C"",""occupancy"":1.0,""source_row"":716},{""altloc"":""(blank)"",""atom"":""CG"",""element"":""C"",""occupancy"":1.0,""source_row"":717},{""altloc"":""(blank)"",""atom"":""OD1"",""element"":""O"",""occupancy"":1.0,""source_row"":718},{""altloc"":""(blank)"",""atom"":""OD2"",""element"":""O"",""occupancy"":1.0,""source_row"":719}]",ASP_DEPROTONATED(-1),SELECT_RECEPTOR_CHAIN_A; blank/common; exact state category ASP_DEPROTONATED(-1),"{""method"":""CCD hydrogen-parent inventory; explicit AUTH04 terminal/acid/base/HIS31 adjustments; no implicit state selection"",""parent_to_hydrogen_names"":{""C"":[],""CA"":[""HA""],""CB"":[""HB2"",""HB3""],""CG"":[],""N"":[""H""],""O"":[],""OD1"":[],""OD2"":[]}}",INCLUDED; 8/8 expected CCD heavy atoms; zero missing/extra,3DMX.cif atom_site source rows 712-719; CCD ASP atom/bond definitions; AUTH04 chemical-state decision; ME_DOCKING_V1_3DMX_BNZ_PREP_RDKIT_2026_03_6_HONLY_1_1 v1.1.0
90,SER,blank/common,"[{""altloc"":""(blank)"",""atom"":""N"",""element"":""N"",""occupancy"":1.0,""source_row"":720},{""altloc"":""(blank)"",""atom"":""CA"",""element"":""C"",""occupancy"":1.0,""source_row"":721},{""altloc"":""(blank)"",""atom"":""C"",""element"":""C"",""occupancy"":1.0,""source_row"":722},{""altloc"":""(blank)"",""atom"":""O"",""element"":""O"",""occupancy"":1.0,""source_row"":723},{""altloc"":""(blank)"",""atom"":""CB"",""element"":""C"",""occupancy"":1.0,""source_row"":724},{""altloc"":""(blank)"",""atom"":""OG"",""element"":""O"",""occupancy"":1.0,""source_row"":725}]",STANDARD_NEUTRAL_CCD_COMPONENT_STATE,SELECT_RECEPTOR_CHAIN_A; blank/common; exact state category STANDARD_NEUTRAL_CCD_COMPONENT_STATE,"{""method"":""CCD hydrogen-parent inventory; explicit AUTH04 terminal/acid/base/HIS31 adjustments; no implicit state selection"",""parent_to_hydrogen_names"":{""C"":[],""CA"":[""HA""],""CB"":[""HB2"",""HB3""],""N"":[""H""],""O"":[],""OG"":[""HG""]}}",INCLUDED; 6/6 expected CCD heavy atoms; zero missing/extra,3DMX.cif atom_site source rows 720-725; CCD SER atom/bond definitions; AUTH04 chemical-state decision; ME_DOCKING_V1_3DMX_BNZ_PREP_RDKIT_2026_03_6_HONLY_1_1 v1.1.0
91,LEU,blank/common,"[{""altloc"":""(blank)"",""atom"":""N"",""element"":""N"",""occupancy"":1.0,""source_row"":726},{""altloc"":""(blank)"",""atom"":""CA"",""element"":""C"",""occupancy"":1.0,""source_row"":727},{""altloc"":""(blank)"",""atom"":""C"",""element"":""C"",""occupancy"":1.0,""source_row"":728},{""altloc"":""(blank)"",""atom"":""O"",""element"":""O"",""occupancy"":1.0,""source_row"":729},{""altloc"":""(blank)"",""atom"":""CB"",""element"":""C"",""occupancy"":1.0,""source_row"":730},{""altloc"":""(blank)"",""atom"":""CG"",""element"":""C"",""occupancy"":1.0,""source_row"":731},{""altloc"":""(blank)"",""atom"":""CD1"",""element"":""C"",""occupancy"":1.0,""source_row"":732},{""altloc"":""(blank)"",""atom"":""CD2"",""element"":""C"",""occupancy"":1.0,""source_row"":733}]",STANDARD_NEUTRAL_CCD_COMPONENT_STATE,SELECT_RECEPTOR_CHAIN_A; blank/common; exact state category STANDARD_NEUTRAL_CCD_COMPONENT_STATE,"{""method"":""CCD hydrogen-parent inventory; explicit AUTH04 terminal/acid/base/HIS31 adjustments; no implicit state selection"",""parent_to_hydrogen_names"":{""C"":[],""CA"":[""HA""],""CB"":[""HB2"",""HB3""],""CD1"":[""HD11"",""HD12"",""HD13""],""CD2"":[""HD21"",""HD22"",""HD23""],""CG"":[""HG""],""N"":[""H""],""O"":[]}}",INCLUDED; 8/8 expected CCD heavy atoms; zero missing/extra,3DMX.cif atom_site source rows 726-733; CCD LEU atom/bond definitions; AUTH04 chemical-state decision; ME_DOCKING_V1_3DMX_BNZ_PREP_RDKIT_2026_03_6_HONLY_1_1 v1.1.0
92,ASP,blank/common,"[{""altloc"":""(blank)"",""atom"":""N"",""element"":""N"",""occupancy"":1.0,""source_row"":734},{""altloc"":""(blank)"",""atom"":""CA"",""element"":""C"",""occupancy"":1.0,""source_row"":735},{""altloc"":""(blank)"",""atom"":""C"",""element"":""C"",""occupancy"":1.0,""source_row"":736},{""altloc"":""(blank)"",""atom"":""O"",""element"":""O"",""occupancy"":1.0,""source_row"":737},{""altloc"":""(blank)"",""atom"":""CB"",""element"":""C"",""occupancy"":1.0,""source_row"":738},{""altloc"":""(blank)"",""atom"":""CG"",""element"":""C"",""occupancy"":1.0,""source_row"":739},{""altloc"":""(blank)"",""atom"":""OD1"",""element"":""O"",""occupancy"":1.0,""source_row"":740},{""altloc"":""(blank)"",""atom"":""OD2"",""element"":""O"",""occupancy"":1.0,""source_row"":741}]",ASP_DEPROTONATED(-1),SELECT_RECEPTOR_CHAIN_A; blank/common; exact state category ASP_DEPROTONATED(-1),"{""method"":""CCD hydrogen-parent inventory; explicit AUTH04 terminal/acid/base/HIS31 adjustments; no implicit state selection"",""parent_to_hydrogen_names"":{""C"":[],""CA"":[""HA""],""CB"":[""HB2"",""HB3""],""CG"":[],""N"":[""H""],""O"":[],""OD1"":[],""OD2"":[]}}",INCLUDED; 8/8 expected CCD heavy atoms; zero missing/extra,3DMX.cif atom_site source rows 734-741; CCD ASP atom/bond definitions; AUTH04 chemical-state decision; ME_DOCKING_V1_3DMX_BNZ_PREP_RDKIT_2026_03_6_HONLY_1_1 v1.1.0
93,ALA,blank/common,"[{""altloc"":""(blank)"",""atom"":""N"",""element"":""N"",""occupancy"":1.0,""source_row"":742},{""altloc"":""(blank)"",""atom"":""CA"",""element"":""C"",""occupancy"":1.0,""source_row"":743},{""altloc"":""(blank)"",""atom"":""C"",""element"":""C"",""occupancy"":1.0,""source_row"":744},{""altloc"":""(blank)"",""atom"":""O"",""element"":""O"",""occupancy"":1.0,""source_row"":745},{""altloc"":""(blank)"",""atom"":""CB"",""element"":""C"",""occupancy"":1.0,""source_row"":746}]",STANDARD_NEUTRAL_CCD_COMPONENT_STATE,SELECT_RECEPTOR_CHAIN_A; blank/common; exact state category STANDARD_NEUTRAL_CCD_COMPONENT_STATE,"{""method"":""CCD hydrogen-parent inventory; explicit AUTH04 terminal/acid/base/HIS31 adjustments; no implicit state selection"",""parent_to_hydrogen_names"":{""C"":[],""CA"":[""HA""],""CB"":[""HB1"",""HB2"",""HB3""],""N"":[""H""],""O"":[]}}",INCLUDED; 5/5 expected CCD heavy atoms; zero missing/extra,3DMX.cif atom_site source rows 742-746; CCD ALA atom/bond definitions; AUTH04 chemical-state decision; ME_DOCKING_V1_3DMX_BNZ_PREP_RDKIT_2026_03_6_HONLY_1_1 v1.1.0
94,VAL,blank/common,"[{""altloc"":""(blank)"",""atom"":""N"",""element"":""N"",""occupancy"":1.0,""source_row"":747},{""altloc"":""(blank)"",""atom"":""CA"",""element"":""C"",""occupancy"":1.0,""source_row"":748},{""altloc"":""(blank)"",""atom"":""C"",""element"":""C"",""occupancy"":1.0,""source_row"":749},{""altloc"":""(blank)"",""atom"":""O"",""element"":""O"",""occupancy"":1.0,""source_row"":750},{""altloc"":""(blank)"",""atom"":""CB"",""element"":""C"",""occupancy"":1.0,""source_row"":751},{""altloc"":""(blank)"",""atom"":""CG1"",""element"":""C"",""occupancy"":1.0,""source_row"":752},{""altloc"":""(blank)"",""atom"":""CG2"",""element"":""C"",""occupancy"":1.0,""source_row"":753}]",STANDARD_NEUTRAL_CCD_COMPONENT_STATE,SELECT_RECEPTOR_CHAIN_A; blank/common; exact state category STANDARD_NEUTRAL_CCD_COMPONENT_STATE,"{""method"":""CCD hydrogen-parent inventory; explicit AUTH04 terminal/acid/base/HIS31 adjustments; no implicit state selection"",""parent_to_hydrogen_names"":{""C"":[],""CA"":[""HA""],""CB"":[""HB""],""CG1"":[""HG11"",""HG12"",""HG13""],""CG2"":[""HG21"",""HG22"",""HG23""],""N"":[""H""],""O"":[]}}",INCLUDED; 7/7 expected CCD heavy atoms; zero missing/extra,3DMX.cif atom_site source rows 747-753; CCD VAL atom/bond definitions; AUTH04 chemical-state decision; ME_DOCKING_V1_3DMX_BNZ_PREP_RDKIT_2026_03_6_HONLY_1_1 v1.1.0
95,ARG,blank/common,"[{""altloc"":""(blank)"",""atom"":""N"",""element"":""N"",""occupancy"":1.0,""source_row"":754},{""altloc"":""(blank)"",""atom"":""CA"",""element"":""C"",""occupancy"":1.0,""source_row"":755},{""altloc"":""(blank)"",""atom"":""C"",""element"":""C"",""occupancy"":1.0,""source_row"":756},{""altloc"":""(blank)"",""atom"":""O"",""element"":""O"",""occupancy"":1.0,""source_row"":757},{""altloc"":""(blank)"",""atom"":""CB"",""element"":""C"",""occupancy"":1.0,""source_row"":758},{""altloc"":""(blank)"",""atom"":""CG"",""element"":""C"",""occupancy"":1.0,""source_row"":759},{""altloc"":""(blank)"",""atom"":""CD"",""element"":""C"",""occupancy"":1.0,""source_row"":760},{""altloc"":""(blank)"",""atom"":""NE"",""element"":""N"",""occupancy"":1.0,""source_row"":761},{""altloc"":""(blank)"",""atom"":""CZ"",""element"":""C"",""occupancy"":1.0,""source_row"":762},{""altloc"":""(blank)"",""atom"":""NH1"",""element"":""N"",""occupancy"":1.0,""source_row"":763},{""altloc"":""(blank)"",""atom"":""NH2"",""element"":""N"",""occupancy"":1.0,""source_row"":764}]",ARG_PROTONATED(+1),SELECT_RECEPTOR_CHAIN_A; blank/common; exact state category ARG_PROTONATED(+1),"{""method"":""CCD hydrogen-parent inventory; explicit AUTH04 terminal/acid/base/HIS31 adjustments; no implicit state selection"",""parent_to_hydrogen_names"":{""C"":[],""CA"":[""HA""],""CB"":[""HB2"",""HB3""],""CD"":[""HD2"",""HD3""],""CG"":[""HG2"",""HG3""],""CZ"":[],""N"":[""H""],""NE"":[""HE""],""NH1"":[""HH11"",""HH12""],""NH2"":[""HH21"",""HH22""],""O"":[]}}",INCLUDED; 11/11 expected CCD heavy atoms; zero missing/extra,3DMX.cif atom_site source rows 754-764; CCD ARG atom/bond definitions; AUTH04 chemical-state decision; ME_DOCKING_V1_3DMX_BNZ_PREP_RDKIT_2026_03_6_HONLY_1_1 v1.1.0
96,ARG,blank/common,"[{""altloc"":""(blank)"",""atom"":""N"",""element"":""N"",""occupancy"":1.0,""source_row"":765},{""altloc"":""(blank)"",""atom"":""CA"",""element"":""C"",""occupancy"":1.0,""source_row"":766},{""altloc"":""(blank)"",""atom"":""C"",""element"":""C"",""occupancy"":1.0,""source_row"":767},{""altloc"":""(blank)"",""atom"":""O"",""element"":""O"",""occupancy"":1.0,""source_row"":768},{""altloc"":""(blank)"",""atom"":""CB"",""element"":""C"",""occupancy"":1.0,""source_row"":769},{""altloc"":""(blank)"",""atom"":""CG"",""element"":""C"",""occupancy"":1.0,""source_row"":770},{""altloc"":""(blank)"",""atom"":""CD"",""element"":""C"",""occupancy"":1.0,""source_row"":771},{""altloc"":""(blank)"",""atom"":""NE"",""element"":""N"",""occupancy"":1.0,""source_row"":772},{""altloc"":""(blank)"",""atom"":""CZ"",""element"":""C"",""occupancy"":1.0,""source_row"":773},{""altloc"":""(blank)"",""atom"":""NH1"",""element"":""N"",""occupancy"":1.0,""source_row"":774},{""altloc"":""(blank)"",""atom"":""NH2"",""element"":""N"",""occupancy"":1.0,""source_row"":775}]",ARG_PROTONATED(+1),SELECT_RECEPTOR_CHAIN_A; blank/common; exact state category ARG_PROTONATED(+1),"{""method"":""CCD hydrogen-parent inventory; explicit AUTH04 terminal/acid/base/HIS31 adjustments; no implicit state selection"",""parent_to_hydrogen_names"":{""C"":[],""CA"":[""HA""],""CB"":[""HB2"",""HB3""],""CD"":[""HD2"",""HD3""],""CG"":[""HG2"",""HG3""],""CZ"":[],""N"":[""H""],""NE"":[""HE""],""NH1"":[""HH11"",""HH12""],""NH2"":[""HH21"",""HH22""],""O"":[]}}",INCLUDED; 11/11 expected CCD heavy atoms; zero missing/extra,3DMX.cif atom_site source rows 765-775; CCD ARG atom/bond definitions; AUTH04 chemical-state decision; ME_DOCKING_V1_3DMX_BNZ_PREP_RDKIT_2026_03_6_HONLY_1_1 v1.1.0
97,ALA,blank/common,"[{""altloc"":""(blank)"",""atom"":""N"",""element"":""N"",""occupancy"":1.0,""source_row"":776},{""altloc"":""(blank)"",""atom"":""CA"",""element"":""C"",""occupancy"":1.0,""source_row"":777},{""altloc"":""(blank)"",""atom"":""C"",""element"":""C"",""occupancy"":1.0,""source_row"":778},{""altloc"":""(blank)"",""atom"":""O"",""element"":""O"",""occupancy"":1.0,""source_row"":779},{""altloc"":""(blank)"",""atom"":""CB"",""element"":""C"",""occupancy"":1.0,""source_row"":780}]",STANDARD_NEUTRAL_CCD_COMPONENT_STATE,SELECT_RECEPTOR_CHAIN_A; blank/common; exact state category STANDARD_NEUTRAL_CCD_COMPONENT_STATE,"{""method"":""CCD hydrogen-parent inventory; explicit AUTH04 terminal/acid/base/HIS31 adjustments; no implicit state selection"",""parent_to_hydrogen_names"":{""C"":[],""CA"":[""HA""],""CB"":[""HB1"",""HB2"",""HB3""],""N"":[""H""],""O"":[]}}",INCLUDED; 5/5 expected CCD heavy atoms; zero missing/extra,3DMX.cif atom_site source rows 776-780; CCD ALA atom/bond definitions; AUTH04 chemical-state decision; ME_DOCKING_V1_3DMX_BNZ_PREP_RDKIT_2026_03_6_HONLY_1_1 v1.1.0
98,ALA,blank/common,"[{""altloc"":""(blank)"",""atom"":""N"",""element"":""N"",""occupancy"":1.0,""source_row"":781},{""altloc"":""(blank)"",""atom"":""CA"",""element"":""C"",""occupancy"":1.0,""source_row"":782},{""altloc"":""(blank)"",""atom"":""C"",""element"":""C"",""occupancy"":1.0,""source_row"":783},{""altloc"":""(blank)"",""atom"":""O"",""element"":""O"",""occupancy"":1.0,""source_row"":784},{""altloc"":""(blank)"",""atom"":""CB"",""element"":""C"",""occupancy"":1.0,""source_row"":785}]",STANDARD_NEUTRAL_CCD_COMPONENT_STATE,SELECT_RECEPTOR_CHAIN_A; blank/common; exact state category STANDARD_NEUTRAL_CCD_COMPONENT_STATE,"{""method"":""CCD hydrogen-parent inventory; explicit AUTH04 terminal/acid/base/HIS31 adjustments; no implicit state selection"",""parent_to_hydrogen_names"":{""C"":[],""CA"":[""HA""],""CB"":[""HB1"",""HB2"",""HB3""],""N"":[""H""],""O"":[]}}",INCLUDED; 5/5 expected CCD heavy atoms; zero missing/extra,3DMX.cif atom_site source rows 781-785; CCD ALA atom/bond definitions; AUTH04 chemical-state decision; ME_DOCKING_V1_3DMX_BNZ_PREP_RDKIT_2026_03_6_HONLY_1_1 v1.1.0
99,ALA,blank/common,"[{""altloc"":""(blank)"",""atom"":""N"",""element"":""N"",""occupancy"":1.0,""source_row"":786},{""altloc"":""(blank)"",""atom"":""CA"",""element"":""C"",""occupancy"":1.0,""source_row"":787},{""altloc"":""(blank)"",""atom"":""C"",""element"":""C"",""occupancy"":1.0,""source_row"":788},{""altloc"":""(blank)"",""atom"":""O"",""element"":""O"",""occupancy"":1.0,""source_row"":789},{""altloc"":""(blank)"",""atom"":""CB"",""element"":""C"",""occupancy"":1.0,""source_row"":790}]",STANDARD_NEUTRAL_CCD_COMPONENT_STATE,SELECT_RECEPTOR_CHAIN_A; blank/common; exact state category STANDARD_NEUTRAL_CCD_COMPONENT_STATE,"{""method"":""CCD hydrogen-parent inventory; explicit AUTH04 terminal/acid/base/HIS31 adjustments; no implicit state selection"",""parent_to_hydrogen_names"":{""C"":[],""CA"":[""HA""],""CB"":[""HB1"",""HB2"",""HB3""],""N"":[""H""],""O"":[]}}",INCLUDED; 5/5 expected CCD heavy atoms; zero missing/extra,3DMX.cif atom_site source rows 786-790; CCD ALA atom/bond definitions; AUTH04 chemical-state decision; ME_DOCKING_V1_3DMX_BNZ_PREP_RDKIT_2026_03_6_HONLY_1_1 v1.1.0
100,ILE,blank/common,"[{""altloc"":""(blank)"",""atom"":""N"",""element"":""N"",""occupancy"":1.0,""source_row"":791},{""altloc"":""(blank)"",""atom"":""CA"",""element"":""C"",""occupancy"":1.0,""source_row"":792},{""altloc"":""(blank)"",""atom"":""C"",""element"":""C"",""occupancy"":1.0,""source_row"":793},{""altloc"":""(blank)"",""atom"":""O"",""element"":""O"",""occupancy"":1.0,""source_row"":794},{""altloc"":""(blank)"",""atom"":""CB"",""element"":""C"",""occupancy"":1.0,""source_row"":795},{""altloc"":""(blank)"",""atom"":""CG1"",""element"":""C"",""occupancy"":1.0,""source_row"":796},{""altloc"":""(blank)"",""atom"":""CG2"",""element"":""C"",""occupancy"":1.0,""source_row"":797},{""altloc"":""(blank)"",""atom"":""CD1"",""element"":""C"",""occupancy"":1.0,""source_row"":798}]",STANDARD_NEUTRAL_CCD_COMPONENT_STATE,SELECT_RECEPTOR_CHAIN_A; blank/common; exact state category STANDARD_NEUTRAL_CCD_COMPONENT_STATE,"{""method"":""CCD hydrogen-parent inventory; explicit AUTH04 terminal/acid/base/HIS31 adjustments; no implicit state selection"",""parent_to_hydrogen_names"":{""C"":[],""CA"":[""HA""],""CB"":[""HB""],""CD1"":[""HD11"",""HD12"",""HD13""],""CG1"":[""HG12"",""HG13""],""CG2"":[""HG21"",""HG22"",""HG23""],""N"":[""H""],""O"":[]}}",INCLUDED; 8/8 expected CCD heavy atoms; zero missing/extra,3DMX.cif atom_site source rows 791-798; CCD ILE atom/bond definitions; AUTH04 chemical-state decision; ME_DOCKING_V1_3DMX_BNZ_PREP_RDKIT_2026_03_6_HONLY_1_1 v1.1.0
101,ASN,blank/common,"[{""altloc"":""(blank)"",""atom"":""N"",""element"":""N"",""occupancy"":1.0,""source_row"":799},{""altloc"":""(blank)"",""atom"":""CA"",""element"":""C"",""occupancy"":1.0,""source_row"":800},{""altloc"":""(blank)"",""atom"":""C"",""element"":""C"",""occupancy"":1.0,""source_row"":801},{""altloc"":""(blank)"",""atom"":""O"",""element"":""O"",""occupancy"":1.0,""source_row"":802},{""altloc"":""(blank)"",""atom"":""CB"",""element"":""C"",""occupancy"":1.0,""source_row"":803},{""altloc"":""(blank)"",""atom"":""CG"",""element"":""C"",""occupancy"":1.0,""source_row"":804},{""altloc"":""(blank)"",""atom"":""OD1"",""element"":""O"",""occupancy"":1.0,""source_row"":805},{""altloc"":""(blank)"",""atom"":""ND2"",""element"":""N"",""occupancy"":1.0,""source_row"":806}]",STANDARD_NEUTRAL_CCD_COMPONENT_STATE,SELECT_RECEPTOR_CHAIN_A; blank/common; exact state category STANDARD_NEUTRAL_CCD_COMPONENT_STATE,"{""method"":""CCD hydrogen-parent inventory; explicit AUTH04 terminal/acid/base/HIS31 adjustments; no implicit state selection"",""parent_to_hydrogen_names"":{""C"":[],""CA"":[""HA""],""CB"":[""HB2"",""HB3""],""CG"":[],""N"":[""H""],""ND2"":[""HD21"",""HD22""],""O"":[],""OD1"":[]}}",INCLUDED; 8/8 expected CCD heavy atoms; zero missing/extra,3DMX.cif atom_site source rows 799-806; CCD ASN atom/bond definitions; AUTH04 chemical-state decision; ME_DOCKING_V1_3DMX_BNZ_PREP_RDKIT_2026_03_6_HONLY_1_1 v1.1.0
102,MET,blank/common,"[{""altloc"":""(blank)"",""atom"":""N"",""element"":""N"",""occupancy"":1.0,""source_row"":807},{""altloc"":""(blank)"",""atom"":""CA"",""element"":""C"",""occupancy"":1.0,""source_row"":808},{""altloc"":""(blank)"",""atom"":""C"",""element"":""C"",""occupancy"":1.0,""source_row"":809},{""altloc"":""(blank)"",""atom"":""O"",""element"":""O"",""occupancy"":1.0,""source_row"":810},{""altloc"":""(blank)"",""atom"":""CB"",""element"":""C"",""occupancy"":1.0,""source_row"":811},{""altloc"":""(blank)"",""atom"":""CG"",""element"":""C"",""occupancy"":1.0,""source_row"":812},{""altloc"":""(blank)"",""atom"":""SD"",""element"":""S"",""occupancy"":1.0,""source_row"":813},{""altloc"":""(blank)"",""atom"":""CE"",""element"":""C"",""occupancy"":1.0,""source_row"":814}]",STANDARD_NEUTRAL_CCD_COMPONENT_STATE,SELECT_RECEPTOR_CHAIN_A; blank/common; exact state category STANDARD_NEUTRAL_CCD_COMPONENT_STATE,"{""method"":""CCD hydrogen-parent inventory; explicit AUTH04 terminal/acid/base/HIS31 adjustments; no implicit state selection"",""parent_to_hydrogen_names"":{""C"":[],""CA"":[""HA""],""CB"":[""HB2"",""HB3""],""CE"":[""HE1"",""HE2"",""HE3""],""CG"":[""HG2"",""HG3""],""N"":[""H""],""O"":[],""SD"":[]}}",INCLUDED; 8/8 expected CCD heavy atoms; zero missing/extra,3DMX.cif atom_site source rows 807-814; CCD MET atom/bond definitions; AUTH04 chemical-state decision; ME_DOCKING_V1_3DMX_BNZ_PREP_RDKIT_2026_03_6_HONLY_1_1 v1.1.0
103,VAL,blank/common,"[{""altloc"":""(blank)"",""atom"":""N"",""element"":""N"",""occupancy"":1.0,""source_row"":815},{""altloc"":""(blank)"",""atom"":""CA"",""element"":""C"",""occupancy"":1.0,""source_row"":816},{""altloc"":""(blank)"",""atom"":""C"",""element"":""C"",""occupancy"":1.0,""source_row"":817},{""altloc"":""(blank)"",""atom"":""O"",""element"":""O"",""occupancy"":1.0,""source_row"":818},{""altloc"":""(blank)"",""atom"":""CB"",""element"":""C"",""occupancy"":1.0,""source_row"":819},{""altloc"":""(blank)"",""atom"":""CG1"",""element"":""C"",""occupancy"":1.0,""source_row"":820},{""altloc"":""(blank)"",""atom"":""CG2"",""element"":""C"",""occupancy"":1.0,""source_row"":821}]",STANDARD_NEUTRAL_CCD_COMPONENT_STATE,SELECT_RECEPTOR_CHAIN_A; blank/common; exact state category STANDARD_NEUTRAL_CCD_COMPONENT_STATE,"{""method"":""CCD hydrogen-parent inventory; explicit AUTH04 terminal/acid/base/HIS31 adjustments; no implicit state selection"",""parent_to_hydrogen_names"":{""C"":[],""CA"":[""HA""],""CB"":[""HB""],""CG1"":[""HG11"",""HG12"",""HG13""],""CG2"":[""HG21"",""HG22"",""HG23""],""N"":[""H""],""O"":[]}}",INCLUDED; 7/7 expected CCD heavy atoms; zero missing/extra,3DMX.cif atom_site source rows 815-821; CCD VAL atom/bond definitions; AUTH04 chemical-state decision; ME_DOCKING_V1_3DMX_BNZ_PREP_RDKIT_2026_03_6_HONLY_1_1 v1.1.0
104,PHE,blank/common,"[{""altloc"":""(blank)"",""atom"":""N"",""element"":""N"",""occupancy"":1.0,""source_row"":822},{""altloc"":""(blank)"",""atom"":""CA"",""element"":""C"",""occupancy"":1.0,""source_row"":823},{""altloc"":""(blank)"",""atom"":""C"",""element"":""C"",""occupancy"":1.0,""source_row"":824},{""altloc"":""(blank)"",""atom"":""O"",""element"":""O"",""occupancy"":1.0,""source_row"":825},{""altloc"":""(blank)"",""atom"":""CB"",""element"":""C"",""occupancy"":1.0,""source_row"":826},{""altloc"":""(blank)"",""atom"":""CG"",""element"":""C"",""occupancy"":1.0,""source_row"":827},{""altloc"":""(blank)"",""atom"":""CD1"",""element"":""C"",""occupancy"":1.0,""source_row"":828},{""altloc"":""(blank)"",""atom"":""CD2"",""element"":""C"",""occupancy"":1.0,""source_row"":829},{""altloc"":""(blank)"",""atom"":""CE1"",""element"":""C"",""occupancy"":1.0,""source_row"":830},{""altloc"":""(blank)"",""atom"":""CE2"",""element"":""C"",""occupancy"":1.0,""source_row"":831},{""altloc"":""(blank)"",""atom"":""CZ"",""element"":""C"",""occupancy"":1.0,""source_row"":832}]",STANDARD_NEUTRAL_CCD_COMPONENT_STATE,SELECT_RECEPTOR_CHAIN_A; blank/common; exact state category STANDARD_NEUTRAL_CCD_COMPONENT_STATE,"{""method"":""CCD hydrogen-parent inventory; explicit AUTH04 terminal/acid/base/HIS31 adjustments; no implicit state selection"",""parent_to_hydrogen_names"":{""C"":[],""CA"":[""HA""],""CB"":[""HB2"",""HB3""],""CD1"":[""HD1""],""CD2"":[""HD2""],""CE1"":[""HE1""],""CE2"":[""HE2""],""CG"":[],""CZ"":[""HZ""],""N"":[""H""],""O"":[]}}",INCLUDED; 11/11 expected CCD heavy atoms; zero missing/extra,3DMX.cif atom_site source rows 822-832; CCD PHE atom/bond definitions; AUTH04 chemical-state decision; ME_DOCKING_V1_3DMX_BNZ_PREP_RDKIT_2026_03_6_HONLY_1_1 v1.1.0
105,GLN,blank/common,"[{""altloc"":""(blank)"",""atom"":""N"",""element"":""N"",""occupancy"":1.0,""source_row"":833},{""altloc"":""(blank)"",""atom"":""CA"",""element"":""C"",""occupancy"":1.0,""source_row"":834},{""altloc"":""(blank)"",""atom"":""C"",""element"":""C"",""occupancy"":1.0,""source_row"":835},{""altloc"":""(blank)"",""atom"":""O"",""element"":""O"",""occupancy"":1.0,""source_row"":836},{""altloc"":""(blank)"",""atom"":""CB"",""element"":""C"",""occupancy"":1.0,""source_row"":837},{""altloc"":""(blank)"",""atom"":""CG"",""element"":""C"",""occupancy"":1.0,""source_row"":838},{""altloc"":""(blank)"",""atom"":""CD"",""element"":""C"",""occupancy"":1.0,""source_row"":839},{""altloc"":""(blank)"",""atom"":""OE1"",""element"":""O"",""occupancy"":1.0,""source_row"":840},{""altloc"":""(blank)"",""atom"":""NE2"",""element"":""N"",""occupancy"":1.0,""source_row"":841}]",STANDARD_NEUTRAL_CCD_COMPONENT_STATE,SELECT_RECEPTOR_CHAIN_A; blank/common; exact state category STANDARD_NEUTRAL_CCD_COMPONENT_STATE,"{""method"":""CCD hydrogen-parent inventory; explicit AUTH04 terminal/acid/base/HIS31 adjustments; no implicit state selection"",""parent_to_hydrogen_names"":{""C"":[],""CA"":[""HA""],""CB"":[""HB2"",""HB3""],""CD"":[],""CG"":[""HG2"",""HG3""],""N"":[""H""],""NE2"":[""HE21"",""HE22""],""O"":[],""OE1"":[]}}",INCLUDED; 9/9 expected CCD heavy atoms; zero missing/extra,3DMX.cif atom_site source rows 833-841; CCD GLN atom/bond definitions; AUTH04 chemical-state decision; ME_DOCKING_V1_3DMX_BNZ_PREP_RDKIT_2026_03_6_HONLY_1_1 v1.1.0
106,MET,A+blank,"[{""altloc"":""(blank)"",""atom"":""N"",""element"":""N"",""occupancy"":1.0,""source_row"":842},{""altloc"":""A"",""atom"":""CA"",""element"":""C"",""occupancy"":0.7,""source_row"":843},{""altloc"":""B"",""atom"":""CA"",""element"":""C"",""occupancy"":0.3,""source_row"":844},{""altloc"":""(blank)"",""atom"":""C"",""element"":""C"",""occupancy"":1.0,""source_row"":845},{""altloc"":""(blank)"",""atom"":""O"",""element"":""O"",""occupancy"":1.0,""source_row"":846},{""altloc"":""A"",""atom"":""CB"",""element"":""C"",""occupancy"":0.7,""source_row"":847},{""altloc"":""B"",""atom"":""CB"",""element"":""C"",""occupancy"":0.3,""source_row"":848},{""altloc"":""A"",""atom"":""CG"",""element"":""C"",""occupancy"":0.7,""source_row"":849},{""altloc"":""B"",""atom"":""CG"",""element"":""C"",""occupancy"":0.3,""source_row"":850},{""altloc"":""A"",""atom"":""SD"",""element"":""S"",""occupancy"":0.7,""source_row"":851},{""altloc"":""B"",""atom"":""SD"",""element"":""S"",""occupancy"":0.3,""source_row"":852},{""altloc"":""A"",""atom"":""CE"",""element"":""C"",""occupancy"":0.7,""source_row"":853},{""altloc"":""B"",""atom"":""CE"",""element"":""C"",""occupancy"":0.3,""source_row"":854}]",STANDARD_NEUTRAL_CCD_COMPONENT_STATE,SELECT_RECEPTOR_CHAIN_A; A+blank; exact state category STANDARD_NEUTRAL_CCD_COMPONENT_STATE,"{""method"":""CCD hydrogen-parent inventory; explicit AUTH04 terminal/acid/base/HIS31 adjustments; no implicit state selection"",""parent_to_hydrogen_names"":{""C"":[],""CA"":[""HA""],""CB"":[""HB2"",""HB3""],""CE"":[""HE1"",""HE2"",""HE3""],""CG"":[""HG2"",""HG3""],""N"":[""H""],""O"":[],""SD"":[]}}",INCLUDED; 8/8 expected CCD heavy atoms; zero missing/extra,3DMX.cif atom_site source rows 842-854; CCD MET atom/bond definitions; AUTH04 chemical-state decision; ME_DOCKING_V1_3DMX_BNZ_PREP_RDKIT_2026_03_6_HONLY_1_1 v1.1.0
107,GLY,blank/common,"[{""altloc"":""(blank)"",""atom"":""N"",""element"":""N"",""occupancy"":1.0,""source_row"":855},{""altloc"":""(blank)"",""atom"":""CA"",""element"":""C"",""occupancy"":1.0,""source_row"":856},{""altloc"":""(blank)"",""atom"":""C"",""element"":""C"",""occupancy"":1.0,""source_row"":857},{""altloc"":""(blank)"",""atom"":""O"",""element"":""O"",""occupancy"":1.0,""source_row"":858}]",STANDARD_NEUTRAL_CCD_COMPONENT_STATE,SELECT_RECEPTOR_CHAIN_A; blank/common; exact state category STANDARD_NEUTRAL_CCD_COMPONENT_STATE,"{""method"":""CCD hydrogen-parent inventory; explicit AUTH04 terminal/acid/base/HIS31 adjustments; no implicit state selection"",""parent_to_hydrogen_names"":{""C"":[],""CA"":[""HA2"",""HA3""],""N"":[""H""],""O"":[]}}",INCLUDED; 4/4 expected CCD heavy atoms; zero missing/extra,3DMX.cif atom_site source rows 855-858; CCD GLY atom/bond definitions; AUTH04 chemical-state decision; ME_DOCKING_V1_3DMX_BNZ_PREP_RDKIT_2026_03_6_HONLY_1_1 v1.1.0
108,GLU,A+blank,"[{""altloc"":""(blank)"",""atom"":""N"",""element"":""N"",""occupancy"":1.0,""source_row"":859},{""altloc"":""A"",""atom"":""CA"",""element"":""C"",""occupancy"":0.7,""source_row"":860},{""altloc"":""B"",""atom"":""CA"",""element"":""C"",""occupancy"":0.3,""source_row"":861},{""altloc"":""(blank)"",""atom"":""C"",""element"":""C"",""occupancy"":1.0,""source_row"":862},{""altloc"":""(blank)"",""atom"":""O"",""element"":""O"",""occupancy"":1.0,""source_row"":863},{""altloc"":""A"",""atom"":""CB"",""element"":""C"",""occupancy"":0.7,""source_row"":864},{""altloc"":""B"",""atom"":""CB"",""element"":""C"",""occupancy"":0.3,""source_row"":865},{""altloc"":""A"",""atom"":""CG"",""element"":""C"",""occupancy"":0.7,""source_row"":866},{""altloc"":""B"",""atom"":""CG"",""element"":""C"",""occupancy"":0.3,""source_row"":867},{""altloc"":""A"",""atom"":""CD"",""element"":""C"",""occupancy"":0.7,""source_row"":868},{""altloc"":""B"",""atom"":""CD"",""element"":""C"",""occupancy"":0.3,""source_row"":869},{""altloc"":""A"",""atom"":""OE1"",""element"":""O"",""occupancy"":0.7,""source_row"":870},{""altloc"":""B"",""atom"":""OE1"",""element"":""O"",""occupancy"":0.3,""source_row"":871},{""altloc"":""A"",""atom"":""OE2"",""element"":""O"",""occupancy"":0.7,""source_row"":872},{""altloc"":""B"",""atom"":""OE2"",""element"":""O"",""occupancy"":0.3,""source_row"":873}]",GLU_DEPROTONATED(-1),SELECT_RECEPTOR_CHAIN_A; A+blank; exact state category GLU_DEPROTONATED(-1),"{""method"":""CCD hydrogen-parent inventory; explicit AUTH04 terminal/acid/base/HIS31 adjustments; no implicit state selection"",""parent_to_hydrogen_names"":{""C"":[],""CA"":[""HA""],""CB"":[""HB2"",""HB3""],""CD"":[],""CG"":[""HG2"",""HG3""],""N"":[""H""],""O"":[],""OE1"":[],""OE2"":[]}}",INCLUDED; 9/9 expected CCD heavy atoms; zero missing/extra,3DMX.cif atom_site source rows 859-873; CCD GLU atom/bond definitions; AUTH04 chemical-state decision; ME_DOCKING_V1_3DMX_BNZ_PREP_RDKIT_2026_03_6_HONLY_1_1 v1.1.0
109,THR,blank/common,"[{""altloc"":""(blank)"",""atom"":""N"",""element"":""N"",""occupancy"":1.0,""source_row"":874},{""altloc"":""(blank)"",""atom"":""CA"",""element"":""C"",""occupancy"":1.0,""source_row"":875},{""altloc"":""(blank)"",""atom"":""C"",""element"":""C"",""occupancy"":1.0,""source_row"":876},{""altloc"":""(blank)"",""atom"":""O"",""element"":""O"",""occupancy"":1.0,""source_row"":877},{""altloc"":""(blank)"",""atom"":""CB"",""element"":""C"",""occupancy"":1.0,""source_row"":878},{""altloc"":""(blank)"",""atom"":""OG1"",""element"":""O"",""occupancy"":1.0,""source_row"":879},{""altloc"":""(blank)"",""atom"":""CG2"",""element"":""C"",""occupancy"":1.0,""source_row"":880}]",STANDARD_NEUTRAL_CCD_COMPONENT_STATE,SELECT_RECEPTOR_CHAIN_A; blank/common; exact state category STANDARD_NEUTRAL_CCD_COMPONENT_STATE,"{""method"":""CCD hydrogen-parent inventory; explicit AUTH04 terminal/acid/base/HIS31 adjustments; no implicit state selection"",""parent_to_hydrogen_names"":{""C"":[],""CA"":[""HA""],""CB"":[""HB""],""CG2"":[""HG21"",""HG22"",""HG23""],""N"":[""H""],""O"":[],""OG1"":[""HG1""]}}",INCLUDED; 7/7 expected CCD heavy atoms; zero missing/extra,3DMX.cif atom_site source rows 874-880; CCD THR atom/bond definitions; AUTH04 chemical-state decision; ME_DOCKING_V1_3DMX_BNZ_PREP_RDKIT_2026_03_6_HONLY_1_1 v1.1.0
110,GLY,blank/common,"[{""altloc"":""(blank)"",""atom"":""N"",""element"":""N"",""occupancy"":1.0,""source_row"":881},{""altloc"":""(blank)"",""atom"":""CA"",""element"":""C"",""occupancy"":1.0,""source_row"":882},{""altloc"":""(blank)"",""atom"":""C"",""element"":""C"",""occupancy"":1.0,""source_row"":883},{""altloc"":""(blank)"",""atom"":""O"",""element"":""O"",""occupancy"":1.0,""source_row"":884}]",STANDARD_NEUTRAL_CCD_COMPONENT_STATE,SELECT_RECEPTOR_CHAIN_A; blank/common; exact state category STANDARD_NEUTRAL_CCD_COMPONENT_STATE,"{""method"":""CCD hydrogen-parent inventory; explicit AUTH04 terminal/acid/base/HIS31 adjustments; no implicit state selection"",""parent_to_hydrogen_names"":{""C"":[],""CA"":[""HA2"",""HA3""],""N"":[""H""],""O"":[]}}",INCLUDED; 4/4 expected CCD heavy atoms; zero missing/extra,3DMX.cif atom_site source rows 881-884; CCD GLY atom/bond definitions; AUTH04 chemical-state decision; ME_DOCKING_V1_3DMX_BNZ_PREP_RDKIT_2026_03_6_HONLY_1_1 v1.1.0
111,VAL,blank/common,"[{""altloc"":""(blank)"",""atom"":""N"",""element"":""N"",""occupancy"":1.0,""source_row"":885},{""altloc"":""(blank)"",""atom"":""CA"",""element"":""C"",""occupancy"":1.0,""source_row"":886},{""altloc"":""(blank)"",""atom"":""C"",""element"":""C"",""occupancy"":1.0,""source_row"":887},{""altloc"":""(blank)"",""atom"":""O"",""element"":""O"",""occupancy"":1.0,""source_row"":888},{""altloc"":""(blank)"",""atom"":""CB"",""element"":""C"",""occupancy"":1.0,""source_row"":889},{""altloc"":""(blank)"",""atom"":""CG1"",""element"":""C"",""occupancy"":1.0,""source_row"":890},{""altloc"":""(blank)"",""atom"":""CG2"",""element"":""C"",""occupancy"":1.0,""source_row"":891}]",STANDARD_NEUTRAL_CCD_COMPONENT_STATE,SELECT_RECEPTOR_CHAIN_A; blank/common; exact state category STANDARD_NEUTRAL_CCD_COMPONENT_STATE,"{""method"":""CCD hydrogen-parent inventory; explicit AUTH04 terminal/acid/base/HIS31 adjustments; no implicit state selection"",""parent_to_hydrogen_names"":{""C"":[],""CA"":[""HA""],""CB"":[""HB""],""CG1"":[""HG11"",""HG12"",""HG13""],""CG2"":[""HG21"",""HG22"",""HG23""],""N"":[""H""],""O"":[]}}",INCLUDED; 7/7 expected CCD heavy atoms; zero missing/extra,3DMX.cif atom_site source rows 885-891; CCD VAL atom/bond definitions; AUTH04 chemical-state decision; ME_DOCKING_V1_3DMX_BNZ_PREP_RDKIT_2026_03_6_HONLY_1_1 v1.1.0
112,ALA,blank/common,"[{""altloc"":""(blank)"",""atom"":""N"",""element"":""N"",""occupancy"":1.0,""source_row"":892},{""altloc"":""(blank)"",""atom"":""CA"",""element"":""C"",""occupancy"":1.0,""source_row"":893},{""altloc"":""(blank)"",""atom"":""C"",""element"":""C"",""occupancy"":1.0,""source_row"":894},{""altloc"":""(blank)"",""atom"":""O"",""element"":""O"",""occupancy"":1.0,""source_row"":895},{""altloc"":""(blank)"",""atom"":""CB"",""element"":""C"",""occupancy"":1.0,""source_row"":896}]",STANDARD_NEUTRAL_CCD_COMPONENT_STATE,SELECT_RECEPTOR_CHAIN_A; blank/common; exact state category STANDARD_NEUTRAL_CCD_COMPONENT_STATE,"{""method"":""CCD hydrogen-parent inventory; explicit AUTH04 terminal/acid/base/HIS31 adjustments; no implicit state selection"",""parent_to_hydrogen_names"":{""C"":[],""CA"":[""HA""],""CB"":[""HB1"",""HB2"",""HB3""],""N"":[""H""],""O"":[]}}",INCLUDED; 5/5 expected CCD heavy atoms; zero missing/extra,3DMX.cif atom_site source rows 892-896; CCD ALA atom/bond definitions; AUTH04 chemical-state decision; ME_DOCKING_V1_3DMX_BNZ_PREP_RDKIT_2026_03_6_HONLY_1_1 v1.1.0
113,GLY,blank/common,"[{""altloc"":""(blank)"",""atom"":""N"",""element"":""N"",""occupancy"":1.0,""source_row"":897},{""altloc"":""(blank)"",""atom"":""CA"",""element"":""C"",""occupancy"":1.0,""source_row"":898},{""altloc"":""(blank)"",""atom"":""C"",""element"":""C"",""occupancy"":1.0,""source_row"":899},{""altloc"":""(blank)"",""atom"":""O"",""element"":""O"",""occupancy"":1.0,""source_row"":900}]",STANDARD_NEUTRAL_CCD_COMPONENT_STATE,SELECT_RECEPTOR_CHAIN_A; blank/common; exact state category STANDARD_NEUTRAL_CCD_COMPONENT_STATE,"{""method"":""CCD hydrogen-parent inventory; explicit AUTH04 terminal/acid/base/HIS31 adjustments; no implicit state selection"",""parent_to_hydrogen_names"":{""C"":[],""CA"":[""HA2"",""HA3""],""N"":[""H""],""O"":[]}}",INCLUDED; 4/4 expected CCD heavy atoms; zero missing/extra,3DMX.cif atom_site source rows 897-900; CCD GLY atom/bond definitions; AUTH04 chemical-state decision; ME_DOCKING_V1_3DMX_BNZ_PREP_RDKIT_2026_03_6_HONLY_1_1 v1.1.0
114,PHE,blank/common,"[{""altloc"":""(blank)"",""atom"":""N"",""element"":""N"",""occupancy"":1.0,""source_row"":901},{""altloc"":""(blank)"",""atom"":""CA"",""element"":""C"",""occupancy"":1.0,""source_row"":902},{""altloc"":""(blank)"",""atom"":""C"",""element"":""C"",""occupancy"":1.0,""source_row"":903},{""altloc"":""(blank)"",""atom"":""O"",""element"":""O"",""occupancy"":1.0,""source_row"":904},{""altloc"":""(blank)"",""atom"":""CB"",""element"":""C"",""occupancy"":1.0,""source_row"":905},{""altloc"":""(blank)"",""atom"":""CG"",""element"":""C"",""occupancy"":1.0,""source_row"":906},{""altloc"":""(blank)"",""atom"":""CD1"",""element"":""C"",""occupancy"":1.0,""source_row"":907},{""altloc"":""(blank)"",""atom"":""CD2"",""element"":""C"",""occupancy"":1.0,""source_row"":908},{""altloc"":""(blank)"",""atom"":""CE1"",""element"":""C"",""occupancy"":1.0,""source_row"":909},{""altloc"":""(blank)"",""atom"":""CE2"",""element"":""C"",""occupancy"":1.0,""source_row"":910},{""altloc"":""(blank)"",""atom"":""CZ"",""element"":""C"",""occupancy"":1.0,""source_row"":911}]",STANDARD_NEUTRAL_CCD_COMPONENT_STATE,SELECT_RECEPTOR_CHAIN_A; blank/common; exact state category STANDARD_NEUTRAL_CCD_COMPONENT_STATE,"{""method"":""CCD hydrogen-parent inventory; explicit AUTH04 terminal/acid/base/HIS31 adjustments; no implicit state selection"",""parent_to_hydrogen_names"":{""C"":[],""CA"":[""HA""],""CB"":[""HB2"",""HB3""],""CD1"":[""HD1""],""CD2"":[""HD2""],""CE1"":[""HE1""],""CE2"":[""HE2""],""CG"":[],""CZ"":[""HZ""],""N"":[""H""],""O"":[]}}",INCLUDED; 11/11 expected CCD heavy atoms; zero missing/extra,3DMX.cif atom_site source rows 901-911; CCD PHE atom/bond definitions; AUTH04 chemical-state decision; ME_DOCKING_V1_3DMX_BNZ_PREP_RDKIT_2026_03_6_HONLY_1_1 v1.1.0
115,THR,blank/common,"[{""altloc"":""(blank)"",""atom"":""N"",""element"":""N"",""occupancy"":1.0,""source_row"":912},{""altloc"":""(blank)"",""atom"":""CA"",""element"":""C"",""occupancy"":1.0,""source_row"":913},{""altloc"":""(blank)"",""atom"":""C"",""element"":""C"",""occupancy"":1.0,""source_row"":914},{""altloc"":""(blank)"",""atom"":""O"",""element"":""O"",""occupancy"":1.0,""source_row"":915},{""altloc"":""(blank)"",""atom"":""CB"",""element"":""C"",""occupancy"":1.0,""source_row"":916},{""altloc"":""(blank)"",""atom"":""OG1"",""element"":""O"",""occupancy"":1.0,""source_row"":917},{""altloc"":""(blank)"",""atom"":""CG2"",""element"":""C"",""occupancy"":1.0,""source_row"":918}]",STANDARD_NEUTRAL_CCD_COMPONENT_STATE,SELECT_RECEPTOR_CHAIN_A; blank/common; exact state category STANDARD_NEUTRAL_CCD_COMPONENT_STATE,"{""method"":""CCD hydrogen-parent inventory; explicit AUTH04 terminal/acid/base/HIS31 adjustments; no implicit state selection"",""parent_to_hydrogen_names"":{""C"":[],""CA"":[""HA""],""CB"":[""HB""],""CG2"":[""HG21"",""HG22"",""HG23""],""N"":[""H""],""O"":[],""OG1"":[""HG1""]}}",INCLUDED; 7/7 expected CCD heavy atoms; zero missing/extra,3DMX.cif atom_site source rows 912-918; CCD THR atom/bond definitions; AUTH04 chemical-state decision; ME_DOCKING_V1_3DMX_BNZ_PREP_RDKIT_2026_03_6_HONLY_1_1 v1.1.0
116,ASN,blank/common,"[{""altloc"":""(blank)"",""atom"":""N"",""element"":""N"",""occupancy"":1.0,""source_row"":919},{""altloc"":""(blank)"",""atom"":""CA"",""element"":""C"",""occupancy"":1.0,""source_row"":920},{""altloc"":""(blank)"",""atom"":""C"",""element"":""C"",""occupancy"":1.0,""source_row"":921},{""altloc"":""(blank)"",""atom"":""O"",""element"":""O"",""occupancy"":1.0,""source_row"":922},{""altloc"":""(blank)"",""atom"":""CB"",""element"":""C"",""occupancy"":1.0,""source_row"":923},{""altloc"":""(blank)"",""atom"":""CG"",""element"":""C"",""occupancy"":1.0,""source_row"":924},{""altloc"":""(blank)"",""atom"":""OD1"",""element"":""O"",""occupancy"":1.0,""source_row"":925},{""altloc"":""(blank)"",""atom"":""ND2"",""element"":""N"",""occupancy"":1.0,""source_row"":926}]",STANDARD_NEUTRAL_CCD_COMPONENT_STATE,SELECT_RECEPTOR_CHAIN_A; blank/common; exact state category STANDARD_NEUTRAL_CCD_COMPONENT_STATE,"{""method"":""CCD hydrogen-parent inventory; explicit AUTH04 terminal/acid/base/HIS31 adjustments; no implicit state selection"",""parent_to_hydrogen_names"":{""C"":[],""CA"":[""HA""],""CB"":[""HB2"",""HB3""],""CG"":[],""N"":[""H""],""ND2"":[""HD21"",""HD22""],""O"":[],""OD1"":[]}}",INCLUDED; 8/8 expected CCD heavy atoms; zero missing/extra,3DMX.cif atom_site source rows 919-926; CCD ASN atom/bond definitions; AUTH04 chemical-state decision; ME_DOCKING_V1_3DMX_BNZ_PREP_RDKIT_2026_03_6_HONLY_1_1 v1.1.0
117,SER,blank/common,"[{""altloc"":""(blank)"",""atom"":""N"",""element"":""N"",""occupancy"":1.0,""source_row"":927},{""altloc"":""(blank)"",""atom"":""CA"",""element"":""C"",""occupancy"":1.0,""source_row"":928},{""altloc"":""(blank)"",""atom"":""C"",""element"":""C"",""occupancy"":1.0,""source_row"":929},{""altloc"":""(blank)"",""atom"":""O"",""element"":""O"",""occupancy"":1.0,""source_row"":930},{""altloc"":""(blank)"",""atom"":""CB"",""element"":""C"",""occupancy"":1.0,""source_row"":931},{""altloc"":""(blank)"",""atom"":""OG"",""element"":""O"",""occupancy"":1.0,""source_row"":932}]",STANDARD_NEUTRAL_CCD_COMPONENT_STATE,SELECT_RECEPTOR_CHAIN_A; blank/common; exact state category STANDARD_NEUTRAL_CCD_COMPONENT_STATE,"{""method"":""CCD hydrogen-parent inventory; explicit AUTH04 terminal/acid/base/HIS31 adjustments; no implicit state selection"",""parent_to_hydrogen_names"":{""C"":[],""CA"":[""HA""],""CB"":[""HB2"",""HB3""],""N"":[""H""],""O"":[],""OG"":[""HG""]}}",INCLUDED; 6/6 expected CCD heavy atoms; zero missing/extra,3DMX.cif atom_site source rows 927-932; CCD SER atom/bond definitions; AUTH04 chemical-state decision; ME_DOCKING_V1_3DMX_BNZ_PREP_RDKIT_2026_03_6_HONLY_1_1 v1.1.0
118,LEU,blank/common,"[{""altloc"":""(blank)"",""atom"":""N"",""element"":""N"",""occupancy"":1.0,""source_row"":933},{""altloc"":""(blank)"",""atom"":""CA"",""element"":""C"",""occupancy"":1.0,""source_row"":934},{""altloc"":""(blank)"",""atom"":""C"",""element"":""C"",""occupancy"":1.0,""source_row"":935},{""altloc"":""(blank)"",""atom"":""O"",""element"":""O"",""occupancy"":1.0,""source_row"":936},{""altloc"":""(blank)"",""atom"":""CB"",""element"":""C"",""occupancy"":1.0,""source_row"":937},{""altloc"":""(blank)"",""atom"":""CG"",""element"":""C"",""occupancy"":1.0,""source_row"":938},{""altloc"":""(blank)"",""atom"":""CD1"",""element"":""C"",""occupancy"":1.0,""source_row"":939},{""altloc"":""(blank)"",""atom"":""CD2"",""element"":""C"",""occupancy"":1.0,""source_row"":940}]",STANDARD_NEUTRAL_CCD_COMPONENT_STATE,SELECT_RECEPTOR_CHAIN_A; blank/common; exact state category STANDARD_NEUTRAL_CCD_COMPONENT_STATE,"{""method"":""CCD hydrogen-parent inventory; explicit AUTH04 terminal/acid/base/HIS31 adjustments; no implicit state selection"",""parent_to_hydrogen_names"":{""C"":[],""CA"":[""HA""],""CB"":[""HB2"",""HB3""],""CD1"":[""HD11"",""HD12"",""HD13""],""CD2"":[""HD21"",""HD22"",""HD23""],""CG"":[""HG""],""N"":[""H""],""O"":[]}}",INCLUDED; 8/8 expected CCD heavy atoms; zero missing/extra,3DMX.cif atom_site source rows 933-940; CCD LEU atom/bond definitions; AUTH04 chemical-state decision; ME_DOCKING_V1_3DMX_BNZ_PREP_RDKIT_2026_03_6_HONLY_1_1 v1.1.0
119,ARG,blank/common,"[{""altloc"":""(blank)"",""atom"":""N"",""element"":""N"",""occupancy"":1.0,""source_row"":941},{""altloc"":""(blank)"",""atom"":""CA"",""element"":""C"",""occupancy"":1.0,""source_row"":942},{""altloc"":""(blank)"",""atom"":""C"",""element"":""C"",""occupancy"":1.0,""source_row"":943},{""altloc"":""(blank)"",""atom"":""O"",""element"":""O"",""occupancy"":1.0,""source_row"":944},{""altloc"":""(blank)"",""atom"":""CB"",""element"":""C"",""occupancy"":1.0,""source_row"":945},{""altloc"":""(blank)"",""atom"":""CG"",""element"":""C"",""occupancy"":1.0,""source_row"":946},{""altloc"":""(blank)"",""atom"":""CD"",""element"":""C"",""occupancy"":1.0,""source_row"":947},{""altloc"":""(blank)"",""atom"":""NE"",""element"":""N"",""occupancy"":1.0,""source_row"":948},{""altloc"":""(blank)"",""atom"":""CZ"",""element"":""C"",""occupancy"":1.0,""source_row"":949},{""altloc"":""(blank)"",""atom"":""NH1"",""element"":""N"",""occupancy"":1.0,""source_row"":950},{""altloc"":""(blank)"",""atom"":""NH2"",""element"":""N"",""occupancy"":1.0,""source_row"":951}]",ARG_PROTONATED(+1),SELECT_RECEPTOR_CHAIN_A; blank/common; exact state category ARG_PROTONATED(+1),"{""method"":""CCD hydrogen-parent inventory; explicit AUTH04 terminal/acid/base/HIS31 adjustments; no implicit state selection"",""parent_to_hydrogen_names"":{""C"":[],""CA"":[""HA""],""CB"":[""HB2"",""HB3""],""CD"":[""HD2"",""HD3""],""CG"":[""HG2"",""HG3""],""CZ"":[],""N"":[""H""],""NE"":[""HE""],""NH1"":[""HH11"",""HH12""],""NH2"":[""HH21"",""HH22""],""O"":[]}}",INCLUDED; 11/11 expected CCD heavy atoms; zero missing/extra,3DMX.cif atom_site source rows 941-951; CCD ARG atom/bond definitions; AUTH04 chemical-state decision; ME_DOCKING_V1_3DMX_BNZ_PREP_RDKIT_2026_03_6_HONLY_1_1 v1.1.0
120,MET,blank/common,"[{""altloc"":""(blank)"",""atom"":""N"",""element"":""N"",""occupancy"":1.0,""source_row"":952},{""altloc"":""(blank)"",""atom"":""CA"",""element"":""C"",""occupancy"":1.0,""source_row"":953},{""altloc"":""(blank)"",""atom"":""C"",""element"":""C"",""occupancy"":1.0,""source_row"":954},{""altloc"":""(blank)"",""atom"":""O"",""element"":""O"",""occupancy"":1.0,""source_row"":955},{""altloc"":""(blank)"",""atom"":""CB"",""element"":""C"",""occupancy"":1.0,""source_row"":956},{""altloc"":""(blank)"",""atom"":""CG"",""element"":""C"",""occupancy"":1.0,""source_row"":957},{""altloc"":""(blank)"",""atom"":""SD"",""element"":""S"",""occupancy"":1.0,""source_row"":958},{""altloc"":""(blank)"",""atom"":""CE"",""element"":""C"",""occupancy"":1.0,""source_row"":959}]",STANDARD_NEUTRAL_CCD_COMPONENT_STATE,SELECT_RECEPTOR_CHAIN_A; blank/common; exact state category STANDARD_NEUTRAL_CCD_COMPONENT_STATE,"{""method"":""CCD hydrogen-parent inventory; explicit AUTH04 terminal/acid/base/HIS31 adjustments; no implicit state selection"",""parent_to_hydrogen_names"":{""C"":[],""CA"":[""HA""],""CB"":[""HB2"",""HB3""],""CE"":[""HE1"",""HE2"",""HE3""],""CG"":[""HG2"",""HG3""],""N"":[""H""],""O"":[],""SD"":[]}}",INCLUDED; 8/8 expected CCD heavy atoms; zero missing/extra,3DMX.cif atom_site source rows 952-959; CCD MET atom/bond definitions; AUTH04 chemical-state decision; ME_DOCKING_V1_3DMX_BNZ_PREP_RDKIT_2026_03_6_HONLY_1_1 v1.1.0
121,LEU,blank/common,"[{""altloc"":""(blank)"",""atom"":""N"",""element"":""N"",""occupancy"":1.0,""source_row"":960},{""altloc"":""(blank)"",""atom"":""CA"",""element"":""C"",""occupancy"":1.0,""source_row"":961},{""altloc"":""(blank)"",""atom"":""C"",""element"":""C"",""occupancy"":1.0,""source_row"":962},{""altloc"":""(blank)"",""atom"":""O"",""element"":""O"",""occupancy"":1.0,""source_row"":963},{""altloc"":""(blank)"",""atom"":""CB"",""element"":""C"",""occupancy"":1.0,""source_row"":964},{""altloc"":""(blank)"",""atom"":""CG"",""element"":""C"",""occupancy"":1.0,""source_row"":965},{""altloc"":""(blank)"",""atom"":""CD1"",""element"":""C"",""occupancy"":1.0,""source_row"":966},{""altloc"":""(blank)"",""atom"":""CD2"",""element"":""C"",""occupancy"":1.0,""source_row"":967}]",STANDARD_NEUTRAL_CCD_COMPONENT_STATE,SELECT_RECEPTOR_CHAIN_A; blank/common; exact state category STANDARD_NEUTRAL_CCD_COMPONENT_STATE,"{""method"":""CCD hydrogen-parent inventory; explicit AUTH04 terminal/acid/base/HIS31 adjustments; no implicit state selection"",""parent_to_hydrogen_names"":{""C"":[],""CA"":[""HA""],""CB"":[""HB2"",""HB3""],""CD1"":[""HD11"",""HD12"",""HD13""],""CD2"":[""HD21"",""HD22"",""HD23""],""CG"":[""HG""],""N"":[""H""],""O"":[]}}",INCLUDED; 8/8 expected CCD heavy atoms; zero missing/extra,3DMX.cif atom_site source rows 960-967; CCD LEU atom/bond definitions; AUTH04 chemical-state decision; ME_DOCKING_V1_3DMX_BNZ_PREP_RDKIT_2026_03_6_HONLY_1_1 v1.1.0
122,GLN,blank/common,"[{""altloc"":""(blank)"",""atom"":""N"",""element"":""N"",""occupancy"":1.0,""source_row"":968},{""altloc"":""(blank)"",""atom"":""CA"",""element"":""C"",""occupancy"":1.0,""source_row"":969},{""altloc"":""(blank)"",""atom"":""C"",""element"":""C"",""occupancy"":1.0,""source_row"":970},{""altloc"":""(blank)"",""atom"":""O"",""element"":""O"",""occupancy"":1.0,""source_row"":971},{""altloc"":""(blank)"",""atom"":""CB"",""element"":""C"",""occupancy"":1.0,""source_row"":972},{""altloc"":""(blank)"",""atom"":""CG"",""element"":""C"",""occupancy"":1.0,""source_row"":973},{""altloc"":""(blank)"",""atom"":""CD"",""element"":""C"",""occupancy"":1.0,""source_row"":974},{""altloc"":""(blank)"",""atom"":""OE1"",""element"":""O"",""occupancy"":1.0,""source_row"":975},{""altloc"":""(blank)"",""atom"":""NE2"",""element"":""N"",""occupancy"":1.0,""source_row"":976}]",STANDARD_NEUTRAL_CCD_COMPONENT_STATE,SELECT_RECEPTOR_CHAIN_A; blank/common; exact state category STANDARD_NEUTRAL_CCD_COMPONENT_STATE,"{""method"":""CCD hydrogen-parent inventory; explicit AUTH04 terminal/acid/base/HIS31 adjustments; no implicit state selection"",""parent_to_hydrogen_names"":{""C"":[],""CA"":[""HA""],""CB"":[""HB2"",""HB3""],""CD"":[],""CG"":[""HG2"",""HG3""],""N"":[""H""],""NE2"":[""HE21"",""HE22""],""O"":[],""OE1"":[]}}",INCLUDED; 9/9 expected CCD heavy atoms; zero missing/extra,3DMX.cif atom_site source rows 968-976; CCD GLN atom/bond definitions; AUTH04 chemical-state decision; ME_DOCKING_V1_3DMX_BNZ_PREP_RDKIT_2026_03_6_HONLY_1_1 v1.1.0
123,GLN,blank/common,"[{""altloc"":""(blank)"",""atom"":""N"",""element"":""N"",""occupancy"":1.0,""source_row"":977},{""altloc"":""(blank)"",""atom"":""CA"",""element"":""C"",""occupancy"":1.0,""source_row"":978},{""altloc"":""(blank)"",""atom"":""C"",""element"":""C"",""occupancy"":1.0,""source_row"":979},{""altloc"":""(blank)"",""atom"":""O"",""element"":""O"",""occupancy"":1.0,""source_row"":980},{""altloc"":""(blank)"",""atom"":""CB"",""element"":""C"",""occupancy"":1.0,""source_row"":981},{""altloc"":""(blank)"",""atom"":""CG"",""element"":""C"",""occupancy"":1.0,""source_row"":982},{""altloc"":""(blank)"",""atom"":""CD"",""element"":""C"",""occupancy"":1.0,""source_row"":983},{""altloc"":""(blank)"",""atom"":""OE1"",""element"":""O"",""occupancy"":1.0,""source_row"":984},{""altloc"":""(blank)"",""atom"":""NE2"",""element"":""N"",""occupancy"":1.0,""source_row"":985}]",STANDARD_NEUTRAL_CCD_COMPONENT_STATE,SELECT_RECEPTOR_CHAIN_A; blank/common; exact state category STANDARD_NEUTRAL_CCD_COMPONENT_STATE,"{""method"":""CCD hydrogen-parent inventory; explicit AUTH04 terminal/acid/base/HIS31 adjustments; no implicit state selection"",""parent_to_hydrogen_names"":{""C"":[],""CA"":[""HA""],""CB"":[""HB2"",""HB3""],""CD"":[],""CG"":[""HG2"",""HG3""],""N"":[""H""],""NE2"":[""HE21"",""HE22""],""O"":[],""OE1"":[]}}",INCLUDED; 9/9 expected CCD heavy atoms; zero missing/extra,3DMX.cif atom_site source rows 977-985; CCD GLN atom/bond definitions; AUTH04 chemical-state decision; ME_DOCKING_V1_3DMX_BNZ_PREP_RDKIT_2026_03_6_HONLY_1_1 v1.1.0
124,LYS,blank/common,"[{""altloc"":""(blank)"",""atom"":""N"",""element"":""N"",""occupancy"":1.0,""source_row"":986},{""altloc"":""(blank)"",""atom"":""CA"",""element"":""C"",""occupancy"":1.0,""source_row"":987},{""altloc"":""(blank)"",""atom"":""C"",""element"":""C"",""occupancy"":1.0,""source_row"":988},{""altloc"":""(blank)"",""atom"":""O"",""element"":""O"",""occupancy"":1.0,""source_row"":989},{""altloc"":""(blank)"",""atom"":""CB"",""element"":""C"",""occupancy"":1.0,""source_row"":990},{""altloc"":""(blank)"",""atom"":""CG"",""element"":""C"",""occupancy"":1.0,""source_row"":991},{""altloc"":""(blank)"",""atom"":""CD"",""element"":""C"",""occupancy"":1.0,""source_row"":992},{""altloc"":""(blank)"",""atom"":""CE"",""element"":""C"",""occupancy"":1.0,""source_row"":993},{""altloc"":""(blank)"",""atom"":""NZ"",""element"":""N"",""occupancy"":1.0,""source_row"":994}]",LYS_PROTONATED(+1),SELECT_RECEPTOR_CHAIN_A; blank/common; exact state category LYS_PROTONATED(+1),"{""method"":""CCD hydrogen-parent inventory; explicit AUTH04 terminal/acid/base/HIS31 adjustments; no implicit state selection"",""parent_to_hydrogen_names"":{""C"":[],""CA"":[""HA""],""CB"":[""HB2"",""HB3""],""CD"":[""HD2"",""HD3""],""CE"":[""HE2"",""HE3""],""CG"":[""HG2"",""HG3""],""N"":[""H""],""NZ"":[""HZ1"",""HZ2"",""HZ3""],""O"":[]}}",INCLUDED; 9/9 expected CCD heavy atoms; zero missing/extra,3DMX.cif atom_site source rows 986-994; CCD LYS atom/bond definitions; AUTH04 chemical-state decision; ME_DOCKING_V1_3DMX_BNZ_PREP_RDKIT_2026_03_6_HONLY_1_1 v1.1.0
125,ARG,blank/common,"[{""altloc"":""(blank)"",""atom"":""N"",""element"":""N"",""occupancy"":1.0,""source_row"":995},{""altloc"":""(blank)"",""atom"":""CA"",""element"":""C"",""occupancy"":1.0,""source_row"":996},{""altloc"":""(blank)"",""atom"":""C"",""element"":""C"",""occupancy"":1.0,""source_row"":997},{""altloc"":""(blank)"",""atom"":""O"",""element"":""O"",""occupancy"":1.0,""source_row"":998},{""altloc"":""(blank)"",""atom"":""CB"",""element"":""C"",""occupancy"":1.0,""source_row"":999},{""altloc"":""(blank)"",""atom"":""CG"",""element"":""C"",""occupancy"":1.0,""source_row"":1000},{""altloc"":""(blank)"",""atom"":""CD"",""element"":""C"",""occupancy"":1.0,""source_row"":1001},{""altloc"":""(blank)"",""atom"":""NE"",""element"":""N"",""occupancy"":1.0,""source_row"":1002},{""altloc"":""(blank)"",""atom"":""CZ"",""element"":""C"",""occupancy"":1.0,""source_row"":1003},{""altloc"":""(blank)"",""atom"":""NH1"",""element"":""N"",""occupancy"":1.0,""source_row"":1004},{""altloc"":""(blank)"",""atom"":""NH2"",""element"":""N"",""occupancy"":1.0,""source_row"":1005}]",ARG_PROTONATED(+1),SELECT_RECEPTOR_CHAIN_A; blank/common; exact state category ARG_PROTONATED(+1),"{""method"":""CCD hydrogen-parent inventory; explicit AUTH04 terminal/acid/base/HIS31 adjustments; no implicit state selection"",""parent_to_hydrogen_names"":{""C"":[],""CA"":[""HA""],""CB"":[""HB2"",""HB3""],""CD"":[""HD2"",""HD3""],""CG"":[""HG2"",""HG3""],""CZ"":[],""N"":[""H""],""NE"":[""HE""],""NH1"":[""HH11"",""HH12""],""NH2"":[""HH21"",""HH22""],""O"":[]}}",INCLUDED; 11/11 expected CCD heavy atoms; zero missing/extra,3DMX.cif atom_site source rows 995-1005; CCD ARG atom/bond definitions; AUTH04 chemical-state decision; ME_DOCKING_V1_3DMX_BNZ_PREP_RDKIT_2026_03_6_HONLY_1_1 v1.1.0
126,TRP,blank/common,"[{""altloc"":""(blank)"",""atom"":""N"",""element"":""N"",""occupancy"":1.0,""source_row"":1006},{""altloc"":""(blank)"",""atom"":""CA"",""element"":""C"",""occupancy"":1.0,""source_row"":1007},{""altloc"":""(blank)"",""atom"":""C"",""element"":""C"",""occupancy"":1.0,""source_row"":1008},{""altloc"":""(blank)"",""atom"":""O"",""element"":""O"",""occupancy"":1.0,""source_row"":1009},{""altloc"":""(blank)"",""atom"":""CB"",""element"":""C"",""occupancy"":1.0,""source_row"":1010},{""altloc"":""(blank)"",""atom"":""CG"",""element"":""C"",""occupancy"":1.0,""source_row"":1011},{""altloc"":""(blank)"",""atom"":""CD1"",""element"":""C"",""occupancy"":1.0,""source_row"":1012},{""altloc"":""(blank)"",""atom"":""CD2"",""element"":""C"",""occupancy"":1.0,""source_row"":1013},{""altloc"":""(blank)"",""atom"":""NE1"",""element"":""N"",""occupancy"":1.0,""source_row"":1014},{""altloc"":""(blank)"",""atom"":""CE2"",""element"":""C"",""occupancy"":1.0,""source_row"":1015},{""altloc"":""(blank)"",""atom"":""CE3"",""element"":""C"",""occupancy"":1.0,""source_row"":1016},{""altloc"":""(blank)"",""atom"":""CZ2"",""element"":""C"",""occupancy"":1.0,""source_row"":1017},{""altloc"":""(blank)"",""atom"":""CZ3"",""element"":""C"",""occupancy"":1.0,""source_row"":1018},{""altloc"":""(blank)"",""atom"":""CH2"",""element"":""C"",""occupancy"":1.0,""source_row"":1019}]",STANDARD_NEUTRAL_CCD_COMPONENT_STATE,SELECT_RECEPTOR_CHAIN_A; blank/common; exact state category STANDARD_NEUTRAL_CCD_COMPONENT_STATE,"{""method"":""CCD hydrogen-parent inventory; explicit AUTH04 terminal/acid/base/HIS31 adjustments; no implicit state selection"",""parent_to_hydrogen_names"":{""C"":[],""CA"":[""HA""],""CB"":[""HB2"",""HB3""],""CD1"":[""HD1""],""CD2"":[],""CE2"":[],""CE3"":[""HE3""],""CG"":[],""CH2"":[""HH2""],""CZ2"":[""HZ2""],""CZ3"":[""HZ3""],""N"":[""H""],""NE1"":[""HE1""],""O"":[]}}",INCLUDED; 14/14 expected CCD heavy atoms; zero missing/extra,3DMX.cif atom_site source rows 1006-1019; CCD TRP atom/bond definitions; AUTH04 chemical-state decision; ME_DOCKING_V1_3DMX_BNZ_PREP_RDKIT_2026_03_6_HONLY_1_1 v1.1.0
127,ASP,blank/common,"[{""altloc"":""(blank)"",""atom"":""N"",""element"":""N"",""occupancy"":1.0,""source_row"":1020},{""altloc"":""(blank)"",""atom"":""CA"",""element"":""C"",""occupancy"":1.0,""source_row"":1021},{""altloc"":""(blank)"",""atom"":""C"",""element"":""C"",""occupancy"":1.0,""source_row"":1022},{""altloc"":""(blank)"",""atom"":""O"",""element"":""O"",""occupancy"":1.0,""source_row"":1023},{""altloc"":""(blank)"",""atom"":""CB"",""element"":""C"",""occupancy"":1.0,""source_row"":1024},{""altloc"":""(blank)"",""atom"":""CG"",""element"":""C"",""occupancy"":1.0,""source_row"":1025},{""altloc"":""(blank)"",""atom"":""OD1"",""element"":""O"",""occupancy"":1.0,""source_row"":1026},{""altloc"":""(blank)"",""atom"":""OD2"",""element"":""O"",""occupancy"":1.0,""source_row"":1027}]",ASP_DEPROTONATED(-1),SELECT_RECEPTOR_CHAIN_A; blank/common; exact state category ASP_DEPROTONATED(-1),"{""method"":""CCD hydrogen-parent inventory; explicit AUTH04 terminal/acid/base/HIS31 adjustments; no implicit state selection"",""parent_to_hydrogen_names"":{""C"":[],""CA"":[""HA""],""CB"":[""HB2"",""HB3""],""CG"":[],""N"":[""H""],""O"":[],""OD1"":[],""OD2"":[]}}",INCLUDED; 8/8 expected CCD heavy atoms; zero missing/extra,3DMX.cif atom_site source rows 1020-1027; CCD ASP atom/bond definitions; AUTH04 chemical-state decision; ME_DOCKING_V1_3DMX_BNZ_PREP_RDKIT_2026_03_6_HONLY_1_1 v1.1.0
128,GLU,blank/common,"[{""altloc"":""(blank)"",""atom"":""N"",""element"":""N"",""occupancy"":1.0,""source_row"":1028},{""altloc"":""(blank)"",""atom"":""CA"",""element"":""C"",""occupancy"":1.0,""source_row"":1029},{""altloc"":""(blank)"",""atom"":""C"",""element"":""C"",""occupancy"":1.0,""source_row"":1030},{""altloc"":""(blank)"",""atom"":""O"",""element"":""O"",""occupancy"":1.0,""source_row"":1031},{""altloc"":""(blank)"",""atom"":""CB"",""element"":""C"",""occupancy"":1.0,""source_row"":1032},{""altloc"":""(blank)"",""atom"":""CG"",""element"":""C"",""occupancy"":1.0,""source_row"":1033},{""altloc"":""(blank)"",""atom"":""CD"",""element"":""C"",""occupancy"":1.0,""source_row"":1034},{""altloc"":""(blank)"",""atom"":""OE1"",""element"":""O"",""occupancy"":1.0,""source_row"":1035},{""altloc"":""(blank)"",""atom"":""OE2"",""element"":""O"",""occupancy"":1.0,""source_row"":1036}]",GLU_DEPROTONATED(-1),SELECT_RECEPTOR_CHAIN_A; blank/common; exact state category GLU_DEPROTONATED(-1),"{""method"":""CCD hydrogen-parent inventory; explicit AUTH04 terminal/acid/base/HIS31 adjustments; no implicit state selection"",""parent_to_hydrogen_names"":{""C"":[],""CA"":[""HA""],""CB"":[""HB2"",""HB3""],""CD"":[],""CG"":[""HG2"",""HG3""],""N"":[""H""],""O"":[],""OE1"":[],""OE2"":[]}}",INCLUDED; 9/9 expected CCD heavy atoms; zero missing/extra,3DMX.cif atom_site source rows 1028-1036; CCD GLU atom/bond definitions; AUTH04 chemical-state decision; ME_DOCKING_V1_3DMX_BNZ_PREP_RDKIT_2026_03_6_HONLY_1_1 v1.1.0
129,ALA,blank/common,"[{""altloc"":""(blank)"",""atom"":""N"",""element"":""N"",""occupancy"":1.0,""source_row"":1037},{""altloc"":""(blank)"",""atom"":""CA"",""element"":""C"",""occupancy"":1.0,""source_row"":1038},{""altloc"":""(blank)"",""atom"":""C"",""element"":""C"",""occupancy"":1.0,""source_row"":1039},{""altloc"":""(blank)"",""atom"":""O"",""element"":""O"",""occupancy"":1.0,""source_row"":1040},{""altloc"":""(blank)"",""atom"":""CB"",""element"":""C"",""occupancy"":1.0,""source_row"":1041}]",STANDARD_NEUTRAL_CCD_COMPONENT_STATE,SELECT_RECEPTOR_CHAIN_A; blank/common; exact state category STANDARD_NEUTRAL_CCD_COMPONENT_STATE,"{""method"":""CCD hydrogen-parent inventory; explicit AUTH04 terminal/acid/base/HIS31 adjustments; no implicit state selection"",""parent_to_hydrogen_names"":{""C"":[],""CA"":[""HA""],""CB"":[""HB1"",""HB2"",""HB3""],""N"":[""H""],""O"":[]}}",INCLUDED; 5/5 expected CCD heavy atoms; zero missing/extra,3DMX.cif atom_site source rows 1037-1041; CCD ALA atom/bond definitions; AUTH04 chemical-state decision; ME_DOCKING_V1_3DMX_BNZ_PREP_RDKIT_2026_03_6_HONLY_1_1 v1.1.0
130,ALA,blank/common,"[{""altloc"":""(blank)"",""atom"":""N"",""element"":""N"",""occupancy"":1.0,""source_row"":1042},{""altloc"":""(blank)"",""atom"":""CA"",""element"":""C"",""occupancy"":1.0,""source_row"":1043},{""altloc"":""(blank)"",""atom"":""C"",""element"":""C"",""occupancy"":1.0,""source_row"":1044},{""altloc"":""(blank)"",""atom"":""O"",""element"":""O"",""occupancy"":1.0,""source_row"":1045},{""altloc"":""(blank)"",""atom"":""CB"",""element"":""C"",""occupancy"":1.0,""source_row"":1046}]",STANDARD_NEUTRAL_CCD_COMPONENT_STATE,SELECT_RECEPTOR_CHAIN_A; blank/common; exact state category STANDARD_NEUTRAL_CCD_COMPONENT_STATE,"{""method"":""CCD hydrogen-parent inventory; explicit AUTH04 terminal/acid/base/HIS31 adjustments; no implicit state selection"",""parent_to_hydrogen_names"":{""C"":[],""CA"":[""HA""],""CB"":[""HB1"",""HB2"",""HB3""],""N"":[""H""],""O"":[]}}",INCLUDED; 5/5 expected CCD heavy atoms; zero missing/extra,3DMX.cif atom_site source rows 1042-1046; CCD ALA atom/bond definitions; AUTH04 chemical-state decision; ME_DOCKING_V1_3DMX_BNZ_PREP_RDKIT_2026_03_6_HONLY_1_1 v1.1.0
131,VAL,blank/common,"[{""altloc"":""(blank)"",""atom"":""N"",""element"":""N"",""occupancy"":1.0,""source_row"":1047},{""altloc"":""(blank)"",""atom"":""CA"",""element"":""C"",""occupancy"":1.0,""source_row"":1048},{""altloc"":""(blank)"",""atom"":""C"",""element"":""C"",""occupancy"":1.0,""source_row"":1049},{""altloc"":""(blank)"",""atom"":""O"",""element"":""O"",""occupancy"":1.0,""source_row"":1050},{""altloc"":""(blank)"",""atom"":""CB"",""element"":""C"",""occupancy"":1.0,""source_row"":1051},{""altloc"":""(blank)"",""atom"":""CG1"",""element"":""C"",""occupancy"":1.0,""source_row"":1052},{""altloc"":""(blank)"",""atom"":""CG2"",""element"":""C"",""occupancy"":1.0,""source_row"":1053}]",STANDARD_NEUTRAL_CCD_COMPONENT_STATE,SELECT_RECEPTOR_CHAIN_A; blank/common; exact state category STANDARD_NEUTRAL_CCD_COMPONENT_STATE,"{""method"":""CCD hydrogen-parent inventory; explicit AUTH04 terminal/acid/base/HIS31 adjustments; no implicit state selection"",""parent_to_hydrogen_names"":{""C"":[],""CA"":[""HA""],""CB"":[""HB""],""CG1"":[""HG11"",""HG12"",""HG13""],""CG2"":[""HG21"",""HG22"",""HG23""],""N"":[""H""],""O"":[]}}",INCLUDED; 7/7 expected CCD heavy atoms; zero missing/extra,3DMX.cif atom_site source rows 1047-1053; CCD VAL atom/bond definitions; AUTH04 chemical-state decision; ME_DOCKING_V1_3DMX_BNZ_PREP_RDKIT_2026_03_6_HONLY_1_1 v1.1.0
132,ASN,blank/common,"[{""altloc"":""(blank)"",""atom"":""N"",""element"":""N"",""occupancy"":1.0,""source_row"":1054},{""altloc"":""(blank)"",""atom"":""CA"",""element"":""C"",""occupancy"":1.0,""source_row"":1055},{""altloc"":""(blank)"",""atom"":""C"",""element"":""C"",""occupancy"":1.0,""source_row"":1056},{""altloc"":""(blank)"",""atom"":""O"",""element"":""O"",""occupancy"":1.0,""source_row"":1057},{""altloc"":""(blank)"",""atom"":""CB"",""element"":""C"",""occupancy"":1.0,""source_row"":1058},{""altloc"":""(blank)"",""atom"":""CG"",""element"":""C"",""occupancy"":1.0,""source_row"":1059},{""altloc"":""(blank)"",""atom"":""OD1"",""element"":""O"",""occupancy"":1.0,""source_row"":1060},{""altloc"":""(blank)"",""atom"":""ND2"",""element"":""N"",""occupancy"":1.0,""source_row"":1061}]",STANDARD_NEUTRAL_CCD_COMPONENT_STATE,SELECT_RECEPTOR_CHAIN_A; blank/common; exact state category STANDARD_NEUTRAL_CCD_COMPONENT_STATE,"{""method"":""CCD hydrogen-parent inventory; explicit AUTH04 terminal/acid/base/HIS31 adjustments; no implicit state selection"",""parent_to_hydrogen_names"":{""C"":[],""CA"":[""HA""],""CB"":[""HB2"",""HB3""],""CG"":[],""N"":[""H""],""ND2"":[""HD21"",""HD22""],""O"":[],""OD1"":[]}}",INCLUDED; 8/8 expected CCD heavy atoms; zero missing/extra,3DMX.cif atom_site source rows 1054-1061; CCD ASN atom/bond definitions; AUTH04 chemical-state decision; ME_DOCKING_V1_3DMX_BNZ_PREP_RDKIT_2026_03_6_HONLY_1_1 v1.1.0
133,LEU,blank/common,"[{""altloc"":""(blank)"",""atom"":""N"",""element"":""N"",""occupancy"":1.0,""source_row"":1062},{""altloc"":""(blank)"",""atom"":""CA"",""element"":""C"",""occupancy"":1.0,""source_row"":1063},{""altloc"":""(blank)"",""atom"":""C"",""element"":""C"",""occupancy"":1.0,""source_row"":1064},{""altloc"":""(blank)"",""atom"":""O"",""element"":""O"",""occupancy"":1.0,""source_row"":1065},{""altloc"":""(blank)"",""atom"":""CB"",""element"":""C"",""occupancy"":1.0,""source_row"":1066},{""altloc"":""(blank)"",""atom"":""CG"",""element"":""C"",""occupancy"":1.0,""source_row"":1067},{""altloc"":""(blank)"",""atom"":""CD1"",""element"":""C"",""occupancy"":1.0,""source_row"":1068},{""altloc"":""(blank)"",""atom"":""CD2"",""element"":""C"",""occupancy"":1.0,""source_row"":1069}]",STANDARD_NEUTRAL_CCD_COMPONENT_STATE,SELECT_RECEPTOR_CHAIN_A; blank/common; exact state category STANDARD_NEUTRAL_CCD_COMPONENT_STATE,"{""method"":""CCD hydrogen-parent inventory; explicit AUTH04 terminal/acid/base/HIS31 adjustments; no implicit state selection"",""parent_to_hydrogen_names"":{""C"":[],""CA"":[""HA""],""CB"":[""HB2"",""HB3""],""CD1"":[""HD11"",""HD12"",""HD13""],""CD2"":[""HD21"",""HD22"",""HD23""],""CG"":[""HG""],""N"":[""H""],""O"":[]}}",INCLUDED; 8/8 expected CCD heavy atoms; zero missing/extra,3DMX.cif atom_site source rows 1062-1069; CCD LEU atom/bond definitions; AUTH04 chemical-state decision; ME_DOCKING_V1_3DMX_BNZ_PREP_RDKIT_2026_03_6_HONLY_1_1 v1.1.0
134,ALA,blank/common,"[{""altloc"":""(blank)"",""atom"":""N"",""element"":""N"",""occupancy"":1.0,""source_row"":1070},{""altloc"":""(blank)"",""atom"":""CA"",""element"":""C"",""occupancy"":1.0,""source_row"":1071},{""altloc"":""(blank)"",""atom"":""C"",""element"":""C"",""occupancy"":1.0,""source_row"":1072},{""altloc"":""(blank)"",""atom"":""O"",""element"":""O"",""occupancy"":1.0,""source_row"":1073},{""altloc"":""(blank)"",""atom"":""CB"",""element"":""C"",""occupancy"":1.0,""source_row"":1074}]",STANDARD_NEUTRAL_CCD_COMPONENT_STATE,SELECT_RECEPTOR_CHAIN_A; blank/common; exact state category STANDARD_NEUTRAL_CCD_COMPONENT_STATE,"{""method"":""CCD hydrogen-parent inventory; explicit AUTH04 terminal/acid/base/HIS31 adjustments; no implicit state selection"",""parent_to_hydrogen_names"":{""C"":[],""CA"":[""HA""],""CB"":[""HB1"",""HB2"",""HB3""],""N"":[""H""],""O"":[]}}",INCLUDED; 5/5 expected CCD heavy atoms; zero missing/extra,3DMX.cif atom_site source rows 1070-1074; CCD ALA atom/bond definitions; AUTH04 chemical-state decision; ME_DOCKING_V1_3DMX_BNZ_PREP_RDKIT_2026_03_6_HONLY_1_1 v1.1.0
135,LYS,blank/common,"[{""altloc"":""(blank)"",""atom"":""N"",""element"":""N"",""occupancy"":1.0,""source_row"":1075},{""altloc"":""(blank)"",""atom"":""CA"",""element"":""C"",""occupancy"":1.0,""source_row"":1076},{""altloc"":""(blank)"",""atom"":""C"",""element"":""C"",""occupancy"":1.0,""source_row"":1077},{""altloc"":""(blank)"",""atom"":""O"",""element"":""O"",""occupancy"":1.0,""source_row"":1078},{""altloc"":""(blank)"",""atom"":""CB"",""element"":""C"",""occupancy"":1.0,""source_row"":1079},{""altloc"":""(blank)"",""atom"":""CG"",""element"":""C"",""occupancy"":1.0,""source_row"":1080},{""altloc"":""(blank)"",""atom"":""CD"",""element"":""C"",""occupancy"":1.0,""source_row"":1081},{""altloc"":""(blank)"",""atom"":""CE"",""element"":""C"",""occupancy"":1.0,""source_row"":1082},{""altloc"":""(blank)"",""atom"":""NZ"",""element"":""N"",""occupancy"":1.0,""source_row"":1083}]",LYS_PROTONATED(+1),SELECT_RECEPTOR_CHAIN_A; blank/common; exact state category LYS_PROTONATED(+1),"{""method"":""CCD hydrogen-parent inventory; explicit AUTH04 terminal/acid/base/HIS31 adjustments; no implicit state selection"",""parent_to_hydrogen_names"":{""C"":[],""CA"":[""HA""],""CB"":[""HB2"",""HB3""],""CD"":[""HD2"",""HD3""],""CE"":[""HE2"",""HE3""],""CG"":[""HG2"",""HG3""],""N"":[""H""],""NZ"":[""HZ1"",""HZ2"",""HZ3""],""O"":[]}}",INCLUDED; 9/9 expected CCD heavy atoms; zero missing/extra,3DMX.cif atom_site source rows 1075-1083; CCD LYS atom/bond definitions; AUTH04 chemical-state decision; ME_DOCKING_V1_3DMX_BNZ_PREP_RDKIT_2026_03_6_HONLY_1_1 v1.1.0
136,SER,blank/common,"[{""altloc"":""(blank)"",""atom"":""N"",""element"":""N"",""occupancy"":1.0,""source_row"":1084},{""altloc"":""(blank)"",""atom"":""CA"",""element"":""C"",""occupancy"":1.0,""source_row"":1085},{""altloc"":""(blank)"",""atom"":""C"",""element"":""C"",""occupancy"":1.0,""source_row"":1086},{""altloc"":""(blank)"",""atom"":""O"",""element"":""O"",""occupancy"":1.0,""source_row"":1087},{""altloc"":""(blank)"",""atom"":""CB"",""element"":""C"",""occupancy"":1.0,""source_row"":1088},{""altloc"":""(blank)"",""atom"":""OG"",""element"":""O"",""occupancy"":1.0,""source_row"":1089}]",STANDARD_NEUTRAL_CCD_COMPONENT_STATE,SELECT_RECEPTOR_CHAIN_A; blank/common; exact state category STANDARD_NEUTRAL_CCD_COMPONENT_STATE,"{""method"":""CCD hydrogen-parent inventory; explicit AUTH04 terminal/acid/base/HIS31 adjustments; no implicit state selection"",""parent_to_hydrogen_names"":{""C"":[],""CA"":[""HA""],""CB"":[""HB2"",""HB3""],""N"":[""H""],""O"":[],""OG"":[""HG""]}}",INCLUDED; 6/6 expected CCD heavy atoms; zero missing/extra,3DMX.cif atom_site source rows 1084-1089; CCD SER atom/bond definitions; AUTH04 chemical-state decision; ME_DOCKING_V1_3DMX_BNZ_PREP_RDKIT_2026_03_6_HONLY_1_1 v1.1.0
137,ARG,blank/common,"[{""altloc"":""(blank)"",""atom"":""N"",""element"":""N"",""occupancy"":1.0,""source_row"":1090},{""altloc"":""(blank)"",""atom"":""CA"",""element"":""C"",""occupancy"":1.0,""source_row"":1091},{""altloc"":""(blank)"",""atom"":""C"",""element"":""C"",""occupancy"":1.0,""source_row"":1092},{""altloc"":""(blank)"",""atom"":""O"",""element"":""O"",""occupancy"":1.0,""source_row"":1093},{""altloc"":""(blank)"",""atom"":""CB"",""element"":""C"",""occupancy"":1.0,""source_row"":1094},{""altloc"":""(blank)"",""atom"":""CG"",""element"":""C"",""occupancy"":1.0,""source_row"":1095},{""altloc"":""(blank)"",""atom"":""CD"",""element"":""C"",""occupancy"":1.0,""source_row"":1096},{""altloc"":""(blank)"",""atom"":""NE"",""element"":""N"",""occupancy"":1.0,""source_row"":1097},{""altloc"":""(blank)"",""atom"":""CZ"",""element"":""C"",""occupancy"":1.0,""source_row"":1098},{""altloc"":""(blank)"",""atom"":""NH1"",""element"":""N"",""occupancy"":1.0,""source_row"":1099},{""altloc"":""(blank)"",""atom"":""NH2"",""element"":""N"",""occupancy"":1.0,""source_row"":1100}]",ARG_PROTONATED(+1),SELECT_RECEPTOR_CHAIN_A; blank/common; exact state category ARG_PROTONATED(+1),"{""method"":""CCD hydrogen-parent inventory; explicit AUTH04 terminal/acid/base/HIS31 adjustments; no implicit state selection"",""parent_to_hydrogen_names"":{""C"":[],""CA"":[""HA""],""CB"":[""HB2"",""HB3""],""CD"":[""HD2"",""HD3""],""CG"":[""HG2"",""HG3""],""CZ"":[],""N"":[""H""],""NE"":[""HE""],""NH1"":[""HH11"",""HH12""],""NH2"":[""HH21"",""HH22""],""O"":[]}}",INCLUDED; 11/11 expected CCD heavy atoms; zero missing/extra,3DMX.cif atom_site source rows 1090-1100; CCD ARG atom/bond definitions; AUTH04 chemical-state decision; ME_DOCKING_V1_3DMX_BNZ_PREP_RDKIT_2026_03_6_HONLY_1_1 v1.1.0
138,TRP,blank/common,"[{""altloc"":""(blank)"",""atom"":""N"",""element"":""N"",""occupancy"":1.0,""source_row"":1101},{""altloc"":""(blank)"",""atom"":""CA"",""element"":""C"",""occupancy"":1.0,""source_row"":1102},{""altloc"":""(blank)"",""atom"":""C"",""element"":""C"",""occupancy"":1.0,""source_row"":1103},{""altloc"":""(blank)"",""atom"":""O"",""element"":""O"",""occupancy"":1.0,""source_row"":1104},{""altloc"":""(blank)"",""atom"":""CB"",""element"":""C"",""occupancy"":1.0,""source_row"":1105},{""altloc"":""(blank)"",""atom"":""CG"",""element"":""C"",""occupancy"":1.0,""source_row"":1106},{""altloc"":""(blank)"",""atom"":""CD1"",""element"":""C"",""occupancy"":1.0,""source_row"":1107},{""altloc"":""(blank)"",""atom"":""CD2"",""element"":""C"",""occupancy"":1.0,""source_row"":1108},{""altloc"":""(blank)"",""atom"":""NE1"",""element"":""N"",""occupancy"":1.0,""source_row"":1109},{""altloc"":""(blank)"",""atom"":""CE2"",""element"":""C"",""occupancy"":1.0,""source_row"":1110},{""altloc"":""(blank)"",""atom"":""CE3"",""element"":""C"",""occupancy"":1.0,""source_row"":1111},{""altloc"":""(blank)"",""atom"":""CZ2"",""element"":""C"",""occupancy"":1.0,""source_row"":1112},{""altloc"":""(blank)"",""atom"":""CZ3"",""element"":""C"",""occupancy"":1.0,""source_row"":1113},{""altloc"":""(blank)"",""atom"":""CH2"",""element"":""C"",""occupancy"":1.0,""source_row"":1114}]",STANDARD_NEUTRAL_CCD_COMPONENT_STATE,SELECT_RECEPTOR_CHAIN_A; blank/common; exact state category STANDARD_NEUTRAL_CCD_COMPONENT_STATE,"{""method"":""CCD hydrogen-parent inventory; explicit AUTH04 terminal/acid/base/HIS31 adjustments; no implicit state selection"",""parent_to_hydrogen_names"":{""C"":[],""CA"":[""HA""],""CB"":[""HB2"",""HB3""],""CD1"":[""HD1""],""CD2"":[],""CE2"":[],""CE3"":[""HE3""],""CG"":[],""CH2"":[""HH2""],""CZ2"":[""HZ2""],""CZ3"":[""HZ3""],""N"":[""H""],""NE1"":[""HE1""],""O"":[]}}",INCLUDED; 14/14 expected CCD heavy atoms; zero missing/extra,3DMX.cif atom_site source rows 1101-1114; CCD TRP atom/bond definitions; AUTH04 chemical-state decision; ME_DOCKING_V1_3DMX_BNZ_PREP_RDKIT_2026_03_6_HONLY_1_1 v1.1.0
139,TYR,blank/common,"[{""altloc"":""(blank)"",""atom"":""N"",""element"":""N"",""occupancy"":1.0,""source_row"":1115},{""altloc"":""(blank)"",""atom"":""CA"",""element"":""C"",""occupancy"":1.0,""source_row"":1116},{""altloc"":""(blank)"",""atom"":""C"",""element"":""C"",""occupancy"":1.0,""source_row"":1117},{""altloc"":""(blank)"",""atom"":""O"",""element"":""O"",""occupancy"":1.0,""source_row"":1118},{""altloc"":""(blank)"",""atom"":""CB"",""element"":""C"",""occupancy"":1.0,""source_row"":1119},{""altloc"":""(blank)"",""atom"":""CG"",""element"":""C"",""occupancy"":1.0,""source_row"":1120},{""altloc"":""(blank)"",""atom"":""CD1"",""element"":""C"",""occupancy"":1.0,""source_row"":1121},{""altloc"":""(blank)"",""atom"":""CD2"",""element"":""C"",""occupancy"":1.0,""source_row"":1122},{""altloc"":""(blank)"",""atom"":""CE1"",""element"":""C"",""occupancy"":1.0,""source_row"":1123},{""altloc"":""(blank)"",""atom"":""CE2"",""element"":""C"",""occupancy"":1.0,""source_row"":1124},{""altloc"":""(blank)"",""atom"":""CZ"",""element"":""C"",""occupancy"":1.0,""source_row"":1125},{""altloc"":""(blank)"",""atom"":""OH"",""element"":""O"",""occupancy"":1.0,""source_row"":1126}]",TYR_NEUTRAL(0),SELECT_RECEPTOR_CHAIN_A; blank/common; exact state category TYR_NEUTRAL(0),"{""method"":""CCD hydrogen-parent inventory; explicit AUTH04 terminal/acid/base/HIS31 adjustments; no implicit state selection"",""parent_to_hydrogen_names"":{""C"":[],""CA"":[""HA""],""CB"":[""HB2"",""HB3""],""CD1"":[""HD1""],""CD2"":[""HD2""],""CE1"":[""HE1""],""CE2"":[""HE2""],""CG"":[],""CZ"":[],""N"":[""H""],""O"":[],""OH"":[""HH""]}}",INCLUDED; 12/12 expected CCD heavy atoms; zero missing/extra,3DMX.cif atom_site source rows 1115-1126; CCD TYR atom/bond definitions; AUTH04 chemical-state decision; ME_DOCKING_V1_3DMX_BNZ_PREP_RDKIT_2026_03_6_HONLY_1_1 v1.1.0
140,ASN,blank/common,"[{""altloc"":""(blank)"",""atom"":""N"",""element"":""N"",""occupancy"":1.0,""source_row"":1127},{""altloc"":""(blank)"",""atom"":""CA"",""element"":""C"",""occupancy"":1.0,""source_row"":1128},{""altloc"":""(blank)"",""atom"":""C"",""element"":""C"",""occupancy"":1.0,""source_row"":1129},{""altloc"":""(blank)"",""atom"":""O"",""element"":""O"",""occupancy"":1.0,""source_row"":1130},{""altloc"":""(blank)"",""atom"":""CB"",""element"":""C"",""occupancy"":1.0,""source_row"":1131},{""altloc"":""(blank)"",""atom"":""CG"",""element"":""C"",""occupancy"":1.0,""source_row"":1132},{""altloc"":""(blank)"",""atom"":""OD1"",""element"":""O"",""occupancy"":1.0,""source_row"":1133},{""altloc"":""(blank)"",""atom"":""ND2"",""element"":""N"",""occupancy"":1.0,""source_row"":1134}]",STANDARD_NEUTRAL_CCD_COMPONENT_STATE,SELECT_RECEPTOR_CHAIN_A; blank/common; exact state category STANDARD_NEUTRAL_CCD_COMPONENT_STATE,"{""method"":""CCD hydrogen-parent inventory; explicit AUTH04 terminal/acid/base/HIS31 adjustments; no implicit state selection"",""parent_to_hydrogen_names"":{""C"":[],""CA"":[""HA""],""CB"":[""HB2"",""HB3""],""CG"":[],""N"":[""H""],""ND2"":[""HD21"",""HD22""],""O"":[],""OD1"":[]}}",INCLUDED; 8/8 expected CCD heavy atoms; zero missing/extra,3DMX.cif atom_site source rows 1127-1134; CCD ASN atom/bond definitions; AUTH04 chemical-state decision; ME_DOCKING_V1_3DMX_BNZ_PREP_RDKIT_2026_03_6_HONLY_1_1 v1.1.0
141,GLN,blank/common,"[{""altloc"":""(blank)"",""atom"":""N"",""element"":""N"",""occupancy"":1.0,""source_row"":1135},{""altloc"":""(blank)"",""atom"":""CA"",""element"":""C"",""occupancy"":1.0,""source_row"":1136},{""altloc"":""(blank)"",""atom"":""C"",""element"":""C"",""occupancy"":1.0,""source_row"":1137},{""altloc"":""(blank)"",""atom"":""O"",""element"":""O"",""occupancy"":1.0,""source_row"":1138},{""altloc"":""(blank)"",""atom"":""CB"",""element"":""C"",""occupancy"":1.0,""source_row"":1139},{""altloc"":""(blank)"",""atom"":""CG"",""element"":""C"",""occupancy"":1.0,""source_row"":1140},{""altloc"":""(blank)"",""atom"":""CD"",""element"":""C"",""occupancy"":1.0,""source_row"":1141},{""altloc"":""(blank)"",""atom"":""OE1"",""element"":""O"",""occupancy"":1.0,""source_row"":1142},{""altloc"":""(blank)"",""atom"":""NE2"",""element"":""N"",""occupancy"":1.0,""source_row"":1143}]",STANDARD_NEUTRAL_CCD_COMPONENT_STATE,SELECT_RECEPTOR_CHAIN_A; blank/common; exact state category STANDARD_NEUTRAL_CCD_COMPONENT_STATE,"{""method"":""CCD hydrogen-parent inventory; explicit AUTH04 terminal/acid/base/HIS31 adjustments; no implicit state selection"",""parent_to_hydrogen_names"":{""C"":[],""CA"":[""HA""],""CB"":[""HB2"",""HB3""],""CD"":[],""CG"":[""HG2"",""HG3""],""N"":[""H""],""NE2"":[""HE21"",""HE22""],""O"":[],""OE1"":[]}}",INCLUDED; 9/9 expected CCD heavy atoms; zero missing/extra,3DMX.cif atom_site source rows 1135-1143; CCD GLN atom/bond definitions; AUTH04 chemical-state decision; ME_DOCKING_V1_3DMX_BNZ_PREP_RDKIT_2026_03_6_HONLY_1_1 v1.1.0
142,THR,blank/common,"[{""altloc"":""(blank)"",""atom"":""N"",""element"":""N"",""occupancy"":1.0,""source_row"":1144},{""altloc"":""(blank)"",""atom"":""CA"",""element"":""C"",""occupancy"":1.0,""source_row"":1145},{""altloc"":""(blank)"",""atom"":""C"",""element"":""C"",""occupancy"":1.0,""source_row"":1146},{""altloc"":""(blank)"",""atom"":""O"",""element"":""O"",""occupancy"":1.0,""source_row"":1147},{""altloc"":""(blank)"",""atom"":""CB"",""element"":""C"",""occupancy"":1.0,""source_row"":1148},{""altloc"":""(blank)"",""atom"":""OG1"",""element"":""O"",""occupancy"":1.0,""source_row"":1149},{""altloc"":""(blank)"",""atom"":""CG2"",""element"":""C"",""occupancy"":1.0,""source_row"":1150}]",STANDARD_NEUTRAL_CCD_COMPONENT_STATE,SELECT_RECEPTOR_CHAIN_A; blank/common; exact state category STANDARD_NEUTRAL_CCD_COMPONENT_STATE,"{""method"":""CCD hydrogen-parent inventory; explicit AUTH04 terminal/acid/base/HIS31 adjustments; no implicit state selection"",""parent_to_hydrogen_names"":{""C"":[],""CA"":[""HA""],""CB"":[""HB""],""CG2"":[""HG21"",""HG22"",""HG23""],""N"":[""H""],""O"":[],""OG1"":[""HG1""]}}",INCLUDED; 7/7 expected CCD heavy atoms; zero missing/extra,3DMX.cif atom_site source rows 1144-1150; CCD THR atom/bond definitions; AUTH04 chemical-state decision; ME_DOCKING_V1_3DMX_BNZ_PREP_RDKIT_2026_03_6_HONLY_1_1 v1.1.0
143,PRO,blank/common,"[{""altloc"":""(blank)"",""atom"":""N"",""element"":""N"",""occupancy"":1.0,""source_row"":1151},{""altloc"":""(blank)"",""atom"":""CA"",""element"":""C"",""occupancy"":1.0,""source_row"":1152},{""altloc"":""(blank)"",""atom"":""C"",""element"":""C"",""occupancy"":1.0,""source_row"":1153},{""altloc"":""(blank)"",""atom"":""O"",""element"":""O"",""occupancy"":1.0,""source_row"":1154},{""altloc"":""(blank)"",""atom"":""CB"",""element"":""C"",""occupancy"":1.0,""source_row"":1155},{""altloc"":""(blank)"",""atom"":""CG"",""element"":""C"",""occupancy"":1.0,""source_row"":1156},{""altloc"":""(blank)"",""atom"":""CD"",""element"":""C"",""occupancy"":1.0,""source_row"":1157}]",STANDARD_NEUTRAL_CCD_COMPONENT_STATE,SELECT_RECEPTOR_CHAIN_A; blank/common; exact state category STANDARD_NEUTRAL_CCD_COMPONENT_STATE,"{""method"":""CCD hydrogen-parent inventory; explicit AUTH04 terminal/acid/base/HIS31 adjustments; no implicit state selection"",""parent_to_hydrogen_names"":{""C"":[],""CA"":[""HA""],""CB"":[""HB2"",""HB3""],""CD"":[""HD2"",""HD3""],""CG"":[""HG2"",""HG3""],""N"":[],""O"":[]}}",INCLUDED; 7/7 expected CCD heavy atoms; zero missing/extra,3DMX.cif atom_site source rows 1151-1157; CCD PRO atom/bond definitions; AUTH04 chemical-state decision; ME_DOCKING_V1_3DMX_BNZ_PREP_RDKIT_2026_03_6_HONLY_1_1 v1.1.0
144,ASN,blank/common,"[{""altloc"":""(blank)"",""atom"":""N"",""element"":""N"",""occupancy"":1.0,""source_row"":1158},{""altloc"":""(blank)"",""atom"":""CA"",""element"":""C"",""occupancy"":1.0,""source_row"":1159},{""altloc"":""(blank)"",""atom"":""C"",""element"":""C"",""occupancy"":1.0,""source_row"":1160},{""altloc"":""(blank)"",""atom"":""O"",""element"":""O"",""occupancy"":1.0,""source_row"":1161},{""altloc"":""(blank)"",""atom"":""CB"",""element"":""C"",""occupancy"":1.0,""source_row"":1162},{""altloc"":""(blank)"",""atom"":""CG"",""element"":""C"",""occupancy"":1.0,""source_row"":1163},{""altloc"":""(blank)"",""atom"":""OD1"",""element"":""O"",""occupancy"":1.0,""source_row"":1164},{""altloc"":""(blank)"",""atom"":""ND2"",""element"":""N"",""occupancy"":1.0,""source_row"":1165}]",STANDARD_NEUTRAL_CCD_COMPONENT_STATE,SELECT_RECEPTOR_CHAIN_A; blank/common; exact state category STANDARD_NEUTRAL_CCD_COMPONENT_STATE,"{""method"":""CCD hydrogen-parent inventory; explicit AUTH04 terminal/acid/base/HIS31 adjustments; no implicit state selection"",""parent_to_hydrogen_names"":{""C"":[],""CA"":[""HA""],""CB"":[""HB2"",""HB3""],""CG"":[],""N"":[""H""],""ND2"":[""HD21"",""HD22""],""O"":[],""OD1"":[]}}",INCLUDED; 8/8 expected CCD heavy atoms; zero missing/extra,3DMX.cif atom_site source rows 1158-1165; CCD ASN atom/bond definitions; AUTH04 chemical-state decision; ME_DOCKING_V1_3DMX_BNZ_PREP_RDKIT_2026_03_6_HONLY_1_1 v1.1.0
145,ARG,blank/common,"[{""altloc"":""(blank)"",""atom"":""N"",""element"":""N"",""occupancy"":1.0,""source_row"":1166},{""altloc"":""(blank)"",""atom"":""CA"",""element"":""C"",""occupancy"":1.0,""source_row"":1167},{""altloc"":""(blank)"",""atom"":""C"",""element"":""C"",""occupancy"":1.0,""source_row"":1168},{""altloc"":""(blank)"",""atom"":""O"",""element"":""O"",""occupancy"":1.0,""source_row"":1169},{""altloc"":""(blank)"",""atom"":""CB"",""element"":""C"",""occupancy"":1.0,""source_row"":1170},{""altloc"":""(blank)"",""atom"":""CG"",""element"":""C"",""occupancy"":1.0,""source_row"":1171},{""altloc"":""(blank)"",""atom"":""CD"",""element"":""C"",""occupancy"":1.0,""source_row"":1172},{""altloc"":""(blank)"",""atom"":""NE"",""element"":""N"",""occupancy"":1.0,""source_row"":1173},{""altloc"":""(blank)"",""atom"":""CZ"",""element"":""C"",""occupancy"":1.0,""source_row"":1174},{""altloc"":""(blank)"",""atom"":""NH1"",""element"":""N"",""occupancy"":1.0,""source_row"":1175},{""altloc"":""(blank)"",""atom"":""NH2"",""element"":""N"",""occupancy"":1.0,""source_row"":1176}]",ARG_PROTONATED(+1),SELECT_RECEPTOR_CHAIN_A; blank/common; exact state category ARG_PROTONATED(+1),"{""method"":""CCD hydrogen-parent inventory; explicit AUTH04 terminal/acid/base/HIS31 adjustments; no implicit state selection"",""parent_to_hydrogen_names"":{""C"":[],""CA"":[""HA""],""CB"":[""HB2"",""HB3""],""CD"":[""HD2"",""HD3""],""CG"":[""HG2"",""HG3""],""CZ"":[],""N"":[""H""],""NE"":[""HE""],""NH1"":[""HH11"",""HH12""],""NH2"":[""HH21"",""HH22""],""O"":[]}}",INCLUDED; 11/11 expected CCD heavy atoms; zero missing/extra,3DMX.cif atom_site source rows 1166-1176; CCD ARG atom/bond definitions; AUTH04 chemical-state decision; ME_DOCKING_V1_3DMX_BNZ_PREP_RDKIT_2026_03_6_HONLY_1_1 v1.1.0
146,ALA,blank/common,"[{""altloc"":""(blank)"",""atom"":""N"",""element"":""N"",""occupancy"":1.0,""source_row"":1177},{""altloc"":""(blank)"",""atom"":""CA"",""element"":""C"",""occupancy"":1.0,""source_row"":1178},{""altloc"":""(blank)"",""atom"":""C"",""element"":""C"",""occupancy"":1.0,""source_row"":1179},{""altloc"":""(blank)"",""atom"":""O"",""element"":""O"",""occupancy"":1.0,""source_row"":1180},{""altloc"":""(blank)"",""atom"":""CB"",""element"":""C"",""occupancy"":1.0,""source_row"":1181}]",STANDARD_NEUTRAL_CCD_COMPONENT_STATE,SELECT_RECEPTOR_CHAIN_A; blank/common; exact state category STANDARD_NEUTRAL_CCD_COMPONENT_STATE,"{""method"":""CCD hydrogen-parent inventory; explicit AUTH04 terminal/acid/base/HIS31 adjustments; no implicit state selection"",""parent_to_hydrogen_names"":{""C"":[],""CA"":[""HA""],""CB"":[""HB1"",""HB2"",""HB3""],""N"":[""H""],""O"":[]}}",INCLUDED; 5/5 expected CCD heavy atoms; zero missing/extra,3DMX.cif atom_site source rows 1177-1181; CCD ALA atom/bond definitions; AUTH04 chemical-state decision; ME_DOCKING_V1_3DMX_BNZ_PREP_RDKIT_2026_03_6_HONLY_1_1 v1.1.0
147,LYS,blank/common,"[{""altloc"":""(blank)"",""atom"":""N"",""element"":""N"",""occupancy"":1.0,""source_row"":1182},{""altloc"":""(blank)"",""atom"":""CA"",""element"":""C"",""occupancy"":1.0,""source_row"":1183},{""altloc"":""(blank)"",""atom"":""C"",""element"":""C"",""occupancy"":1.0,""source_row"":1184},{""altloc"":""(blank)"",""atom"":""O"",""element"":""O"",""occupancy"":1.0,""source_row"":1185},{""altloc"":""(blank)"",""atom"":""CB"",""element"":""C"",""occupancy"":1.0,""source_row"":1186},{""altloc"":""(blank)"",""atom"":""CG"",""element"":""C"",""occupancy"":1.0,""source_row"":1187},{""altloc"":""(blank)"",""atom"":""CD"",""element"":""C"",""occupancy"":1.0,""source_row"":1188},{""altloc"":""(blank)"",""atom"":""CE"",""element"":""C"",""occupancy"":1.0,""source_row"":1189},{""altloc"":""(blank)"",""atom"":""NZ"",""element"":""N"",""occupancy"":1.0,""source_row"":1190}]",LYS_PROTONATED(+1),SELECT_RECEPTOR_CHAIN_A; blank/common; exact state category LYS_PROTONATED(+1),"{""method"":""CCD hydrogen-parent inventory; explicit AUTH04 terminal/acid/base/HIS31 adjustments; no implicit state selection"",""parent_to_hydrogen_names"":{""C"":[],""CA"":[""HA""],""CB"":[""HB2"",""HB3""],""CD"":[""HD2"",""HD3""],""CE"":[""HE2"",""HE3""],""CG"":[""HG2"",""HG3""],""N"":[""H""],""NZ"":[""HZ1"",""HZ2"",""HZ3""],""O"":[]}}",INCLUDED; 9/9 expected CCD heavy atoms; zero missing/extra,3DMX.cif atom_site source rows 1182-1190; CCD LYS atom/bond definitions; AUTH04 chemical-state decision; ME_DOCKING_V1_3DMX_BNZ_PREP_RDKIT_2026_03_6_HONLY_1_1 v1.1.0
148,ARG,blank/common,"[{""altloc"":""(blank)"",""atom"":""N"",""element"":""N"",""occupancy"":1.0,""source_row"":1191},{""altloc"":""(blank)"",""atom"":""CA"",""element"":""C"",""occupancy"":1.0,""source_row"":1192},{""altloc"":""(blank)"",""atom"":""C"",""element"":""C"",""occupancy"":1.0,""source_row"":1193},{""altloc"":""(blank)"",""atom"":""O"",""element"":""O"",""occupancy"":1.0,""source_row"":1194},{""altloc"":""(blank)"",""atom"":""CB"",""element"":""C"",""occupancy"":1.0,""source_row"":1195},{""altloc"":""(blank)"",""atom"":""CG"",""element"":""C"",""occupancy"":1.0,""source_row"":1196},{""altloc"":""(blank)"",""atom"":""CD"",""element"":""C"",""occupancy"":1.0,""source_row"":1197},{""altloc"":""(blank)"",""atom"":""NE"",""element"":""N"",""occupancy"":1.0,""source_row"":1198},{""altloc"":""(blank)"",""atom"":""CZ"",""element"":""C"",""occupancy"":1.0,""source_row"":1199},{""altloc"":""(blank)"",""atom"":""NH1"",""element"":""N"",""occupancy"":1.0,""source_row"":1200},{""altloc"":""(blank)"",""atom"":""NH2"",""element"":""N"",""occupancy"":1.0,""source_row"":1201}]",ARG_PROTONATED(+1),SELECT_RECEPTOR_CHAIN_A; blank/common; exact state category ARG_PROTONATED(+1),"{""method"":""CCD hydrogen-parent inventory; explicit AUTH04 terminal/acid/base/HIS31 adjustments; no implicit state selection"",""parent_to_hydrogen_names"":{""C"":[],""CA"":[""HA""],""CB"":[""HB2"",""HB3""],""CD"":[""HD2"",""HD3""],""CG"":[""HG2"",""HG3""],""CZ"":[],""N"":[""H""],""NE"":[""HE""],""NH1"":[""HH11"",""HH12""],""NH2"":[""HH21"",""HH22""],""O"":[]}}",INCLUDED; 11/11 expected CCD heavy atoms; zero missing/extra,3DMX.cif atom_site source rows 1191-1201; CCD ARG atom/bond definitions; AUTH04 chemical-state decision; ME_DOCKING_V1_3DMX_BNZ_PREP_RDKIT_2026_03_6_HONLY_1_1 v1.1.0
149,VAL,blank/common,"[{""altloc"":""(blank)"",""atom"":""N"",""element"":""N"",""occupancy"":1.0,""source_row"":1202},{""altloc"":""(blank)"",""atom"":""CA"",""element"":""C"",""occupancy"":1.0,""source_row"":1203},{""altloc"":""(blank)"",""atom"":""C"",""element"":""C"",""occupancy"":1.0,""source_row"":1204},{""altloc"":""(blank)"",""atom"":""O"",""element"":""O"",""occupancy"":1.0,""source_row"":1205},{""altloc"":""(blank)"",""atom"":""CB"",""element"":""C"",""occupancy"":1.0,""source_row"":1206},{""altloc"":""(blank)"",""atom"":""CG1"",""element"":""C"",""occupancy"":1.0,""source_row"":1207},{""altloc"":""(blank)"",""atom"":""CG2"",""element"":""C"",""occupancy"":1.0,""source_row"":1208}]",STANDARD_NEUTRAL_CCD_COMPONENT_STATE,SELECT_RECEPTOR_CHAIN_A; blank/common; exact state category STANDARD_NEUTRAL_CCD_COMPONENT_STATE,"{""method"":""CCD hydrogen-parent inventory; explicit AUTH04 terminal/acid/base/HIS31 adjustments; no implicit state selection"",""parent_to_hydrogen_names"":{""C"":[],""CA"":[""HA""],""CB"":[""HB""],""CG1"":[""HG11"",""HG12"",""HG13""],""CG2"":[""HG21"",""HG22"",""HG23""],""N"":[""H""],""O"":[]}}",INCLUDED; 7/7 expected CCD heavy atoms; zero missing/extra,3DMX.cif atom_site source rows 1202-1208; CCD VAL atom/bond definitions; AUTH04 chemical-state decision; ME_DOCKING_V1_3DMX_BNZ_PREP_RDKIT_2026_03_6_HONLY_1_1 v1.1.0
150,ILE,blank/common,"[{""altloc"":""(blank)"",""atom"":""N"",""element"":""N"",""occupancy"":1.0,""source_row"":1209},{""altloc"":""(blank)"",""atom"":""CA"",""element"":""C"",""occupancy"":1.0,""source_row"":1210},{""altloc"":""(blank)"",""atom"":""C"",""element"":""C"",""occupancy"":1.0,""source_row"":1211},{""altloc"":""(blank)"",""atom"":""O"",""element"":""O"",""occupancy"":1.0,""source_row"":1212},{""altloc"":""(blank)"",""atom"":""CB"",""element"":""C"",""occupancy"":1.0,""source_row"":1213},{""altloc"":""(blank)"",""atom"":""CG1"",""element"":""C"",""occupancy"":1.0,""source_row"":1214},{""altloc"":""(blank)"",""atom"":""CG2"",""element"":""C"",""occupancy"":1.0,""source_row"":1215},{""altloc"":""(blank)"",""atom"":""CD1"",""element"":""C"",""occupancy"":1.0,""source_row"":1216}]",STANDARD_NEUTRAL_CCD_COMPONENT_STATE,SELECT_RECEPTOR_CHAIN_A; blank/common; exact state category STANDARD_NEUTRAL_CCD_COMPONENT_STATE,"{""method"":""CCD hydrogen-parent inventory; explicit AUTH04 terminal/acid/base/HIS31 adjustments; no implicit state selection"",""parent_to_hydrogen_names"":{""C"":[],""CA"":[""HA""],""CB"":[""HB""],""CD1"":[""HD11"",""HD12"",""HD13""],""CG1"":[""HG12"",""HG13""],""CG2"":[""HG21"",""HG22"",""HG23""],""N"":[""H""],""O"":[]}}",INCLUDED; 8/8 expected CCD heavy atoms; zero missing/extra,3DMX.cif atom_site source rows 1209-1216; CCD ILE atom/bond definitions; AUTH04 chemical-state decision; ME_DOCKING_V1_3DMX_BNZ_PREP_RDKIT_2026_03_6_HONLY_1_1 v1.1.0
151,THR,blank/common,"[{""altloc"":""(blank)"",""atom"":""N"",""element"":""N"",""occupancy"":1.0,""source_row"":1217},{""altloc"":""(blank)"",""atom"":""CA"",""element"":""C"",""occupancy"":1.0,""source_row"":1218},{""altloc"":""(blank)"",""atom"":""C"",""element"":""C"",""occupancy"":1.0,""source_row"":1219},{""altloc"":""(blank)"",""atom"":""O"",""element"":""O"",""occupancy"":1.0,""source_row"":1220},{""altloc"":""(blank)"",""atom"":""CB"",""element"":""C"",""occupancy"":1.0,""source_row"":1221},{""altloc"":""(blank)"",""atom"":""OG1"",""element"":""O"",""occupancy"":1.0,""source_row"":1222},{""altloc"":""(blank)"",""atom"":""CG2"",""element"":""C"",""occupancy"":1.0,""source_row"":1223}]",STANDARD_NEUTRAL_CCD_COMPONENT_STATE,SELECT_RECEPTOR_CHAIN_A; blank/common; exact state category STANDARD_NEUTRAL_CCD_COMPONENT_STATE,"{""method"":""CCD hydrogen-parent inventory; explicit AUTH04 terminal/acid/base/HIS31 adjustments; no implicit state selection"",""parent_to_hydrogen_names"":{""C"":[],""CA"":[""HA""],""CB"":[""HB""],""CG2"":[""HG21"",""HG22"",""HG23""],""N"":[""H""],""O"":[],""OG1"":[""HG1""]}}",INCLUDED; 7/7 expected CCD heavy atoms; zero missing/extra,3DMX.cif atom_site source rows 1217-1223; CCD THR atom/bond definitions; AUTH04 chemical-state decision; ME_DOCKING_V1_3DMX_BNZ_PREP_RDKIT_2026_03_6_HONLY_1_1 v1.1.0
152,THR,blank/common,"[{""altloc"":""(blank)"",""atom"":""N"",""element"":""N"",""occupancy"":1.0,""source_row"":1224},{""altloc"":""(blank)"",""atom"":""CA"",""element"":""C"",""occupancy"":1.0,""source_row"":1225},{""altloc"":""(blank)"",""atom"":""C"",""element"":""C"",""occupancy"":1.0,""source_row"":1226},{""altloc"":""(blank)"",""atom"":""O"",""element"":""O"",""occupancy"":1.0,""source_row"":1227},{""altloc"":""(blank)"",""atom"":""CB"",""element"":""C"",""occupancy"":1.0,""source_row"":1228},{""altloc"":""(blank)"",""atom"":""OG1"",""element"":""O"",""occupancy"":1.0,""source_row"":1229},{""altloc"":""(blank)"",""atom"":""CG2"",""element"":""C"",""occupancy"":1.0,""source_row"":1230}]",STANDARD_NEUTRAL_CCD_COMPONENT_STATE,SELECT_RECEPTOR_CHAIN_A; blank/common; exact state category STANDARD_NEUTRAL_CCD_COMPONENT_STATE,"{""method"":""CCD hydrogen-parent inventory; explicit AUTH04 terminal/acid/base/HIS31 adjustments; no implicit state selection"",""parent_to_hydrogen_names"":{""C"":[],""CA"":[""HA""],""CB"":[""HB""],""CG2"":[""HG21"",""HG22"",""HG23""],""N"":[""H""],""O"":[],""OG1"":[""HG1""]}}",INCLUDED; 7/7 expected CCD heavy atoms; zero missing/extra,3DMX.cif atom_site source rows 1224-1230; CCD THR atom/bond definitions; AUTH04 chemical-state decision; ME_DOCKING_V1_3DMX_BNZ_PREP_RDKIT_2026_03_6_HONLY_1_1 v1.1.0
153,PHE,blank/common,"[{""altloc"":""(blank)"",""atom"":""N"",""element"":""N"",""occupancy"":1.0,""source_row"":1231},{""altloc"":""(blank)"",""atom"":""CA"",""element"":""C"",""occupancy"":1.0,""source_row"":1232},{""altloc"":""(blank)"",""atom"":""C"",""element"":""C"",""occupancy"":1.0,""source_row"":1233},{""altloc"":""(blank)"",""atom"":""O"",""element"":""O"",""occupancy"":1.0,""source_row"":1234},{""altloc"":""(blank)"",""atom"":""CB"",""element"":""C"",""occupancy"":1.0,""source_row"":1235},{""altloc"":""(blank)"",""atom"":""CG"",""element"":""C"",""occupancy"":1.0,""source_row"":1236},{""altloc"":""(blank)"",""atom"":""CD1"",""element"":""C"",""occupancy"":1.0,""source_row"":1237},{""altloc"":""(blank)"",""atom"":""CD2"",""element"":""C"",""occupancy"":1.0,""source_row"":1238},{""altloc"":""(blank)"",""atom"":""CE1"",""element"":""C"",""occupancy"":1.0,""source_row"":1239},{""altloc"":""(blank)"",""atom"":""CE2"",""element"":""C"",""occupancy"":1.0,""source_row"":1240},{""altloc"":""(blank)"",""atom"":""CZ"",""element"":""C"",""occupancy"":1.0,""source_row"":1241}]",STANDARD_NEUTRAL_CCD_COMPONENT_STATE,SELECT_RECEPTOR_CHAIN_A; blank/common; exact state category STANDARD_NEUTRAL_CCD_COMPONENT_STATE,"{""method"":""CCD hydrogen-parent inventory; explicit AUTH04 terminal/acid/base/HIS31 adjustments; no implicit state selection"",""parent_to_hydrogen_names"":{""C"":[],""CA"":[""HA""],""CB"":[""HB2"",""HB3""],""CD1"":[""HD1""],""CD2"":[""HD2""],""CE1"":[""HE1""],""CE2"":[""HE2""],""CG"":[],""CZ"":[""HZ""],""N"":[""H""],""O"":[]}}",INCLUDED; 11/11 expected CCD heavy atoms; zero missing/extra,3DMX.cif atom_site source rows 1231-1241; CCD PHE atom/bond definitions; AUTH04 chemical-state decision; ME_DOCKING_V1_3DMX_BNZ_PREP_RDKIT_2026_03_6_HONLY_1_1 v1.1.0
154,ARG,blank/common,"[{""altloc"":""(blank)"",""atom"":""N"",""element"":""N"",""occupancy"":1.0,""source_row"":1242},{""altloc"":""(blank)"",""atom"":""CA"",""element"":""C"",""occupancy"":1.0,""source_row"":1243},{""altloc"":""(blank)"",""atom"":""C"",""element"":""C"",""occupancy"":1.0,""source_row"":1244},{""altloc"":""(blank)"",""atom"":""O"",""element"":""O"",""occupancy"":1.0,""source_row"":1245},{""altloc"":""(blank)"",""atom"":""CB"",""element"":""C"",""occupancy"":1.0,""source_row"":1246},{""altloc"":""(blank)"",""atom"":""CG"",""element"":""C"",""occupancy"":1.0,""source_row"":1247},{""altloc"":""(blank)"",""atom"":""CD"",""element"":""C"",""occupancy"":1.0,""source_row"":1248},{""altloc"":""(blank)"",""atom"":""NE"",""element"":""N"",""occupancy"":1.0,""source_row"":1249},{""altloc"":""(blank)"",""atom"":""CZ"",""element"":""C"",""occupancy"":1.0,""source_row"":1250},{""altloc"":""(blank)"",""atom"":""NH1"",""element"":""N"",""occupancy"":1.0,""source_row"":1251},{""altloc"":""(blank)"",""atom"":""NH2"",""element"":""N"",""occupancy"":1.0,""source_row"":1252}]",ARG_PROTONATED(+1),SELECT_RECEPTOR_CHAIN_A; blank/common; exact state category ARG_PROTONATED(+1),"{""method"":""CCD hydrogen-parent inventory; explicit AUTH04 terminal/acid/base/HIS31 adjustments; no implicit state selection"",""parent_to_hydrogen_names"":{""C"":[],""CA"":[""HA""],""CB"":[""HB2"",""HB3""],""CD"":[""HD2"",""HD3""],""CG"":[""HG2"",""HG3""],""CZ"":[],""N"":[""H""],""NE"":[""HE""],""NH1"":[""HH11"",""HH12""],""NH2"":[""HH21"",""HH22""],""O"":[]}}",INCLUDED; 11/11 expected CCD heavy atoms; zero missing/extra,3DMX.cif atom_site source rows 1242-1252; CCD ARG atom/bond definitions; AUTH04 chemical-state decision; ME_DOCKING_V1_3DMX_BNZ_PREP_RDKIT_2026_03_6_HONLY_1_1 v1.1.0
155,THR,blank/common,"[{""altloc"":""(blank)"",""atom"":""N"",""element"":""N"",""occupancy"":1.0,""source_row"":1253},{""altloc"":""(blank)"",""atom"":""CA"",""element"":""C"",""occupancy"":1.0,""source_row"":1254},{""altloc"":""(blank)"",""atom"":""C"",""element"":""C"",""occupancy"":1.0,""source_row"":1255},{""altloc"":""(blank)"",""atom"":""O"",""element"":""O"",""occupancy"":1.0,""source_row"":1256},{""altloc"":""(blank)"",""atom"":""CB"",""element"":""C"",""occupancy"":1.0,""source_row"":1257},{""altloc"":""(blank)"",""atom"":""OG1"",""element"":""O"",""occupancy"":1.0,""source_row"":1258},{""altloc"":""(blank)"",""atom"":""CG2"",""element"":""C"",""occupancy"":1.0,""source_row"":1259}]",STANDARD_NEUTRAL_CCD_COMPONENT_STATE,SELECT_RECEPTOR_CHAIN_A; blank/common; exact state category STANDARD_NEUTRAL_CCD_COMPONENT_STATE,"{""method"":""CCD hydrogen-parent inventory; explicit AUTH04 terminal/acid/base/HIS31 adjustments; no implicit state selection"",""parent_to_hydrogen_names"":{""C"":[],""CA"":[""HA""],""CB"":[""HB""],""CG2"":[""HG21"",""HG22"",""HG23""],""N"":[""H""],""O"":[],""OG1"":[""HG1""]}}",INCLUDED; 7/7 expected CCD heavy atoms; zero missing/extra,3DMX.cif atom_site source rows 1253-1259; CCD THR atom/bond definitions; AUTH04 chemical-state decision; ME_DOCKING_V1_3DMX_BNZ_PREP_RDKIT_2026_03_6_HONLY_1_1 v1.1.0
156,GLY,blank/common,"[{""altloc"":""(blank)"",""atom"":""N"",""element"":""N"",""occupancy"":1.0,""source_row"":1260},{""altloc"":""(blank)"",""atom"":""CA"",""element"":""C"",""occupancy"":1.0,""source_row"":1261},{""altloc"":""(blank)"",""atom"":""C"",""element"":""C"",""occupancy"":1.0,""source_row"":1262},{""altloc"":""(blank)"",""atom"":""O"",""element"":""O"",""occupancy"":1.0,""source_row"":1263}]",STANDARD_NEUTRAL_CCD_COMPONENT_STATE,SELECT_RECEPTOR_CHAIN_A; blank/common; exact state category STANDARD_NEUTRAL_CCD_COMPONENT_STATE,"{""method"":""CCD hydrogen-parent inventory; explicit AUTH04 terminal/acid/base/HIS31 adjustments; no implicit state selection"",""parent_to_hydrogen_names"":{""C"":[],""CA"":[""HA2"",""HA3""],""N"":[""H""],""O"":[]}}",INCLUDED; 4/4 expected CCD heavy atoms; zero missing/extra,3DMX.cif atom_site source rows 1260-1263; CCD GLY atom/bond definitions; AUTH04 chemical-state decision; ME_DOCKING_V1_3DMX_BNZ_PREP_RDKIT_2026_03_6_HONLY_1_1 v1.1.0
157,THR,blank/common,"[{""altloc"":""(blank)"",""atom"":""N"",""element"":""N"",""occupancy"":1.0,""source_row"":1264},{""altloc"":""(blank)"",""atom"":""CA"",""element"":""C"",""occupancy"":1.0,""source_row"":1265},{""altloc"":""(blank)"",""atom"":""C"",""element"":""C"",""occupancy"":1.0,""source_row"":1266},{""altloc"":""(blank)"",""atom"":""O"",""element"":""O"",""occupancy"":1.0,""source_row"":1267},{""altloc"":""(blank)"",""atom"":""CB"",""element"":""C"",""occupancy"":1.0,""source_row"":1268},{""altloc"":""(blank)"",""atom"":""OG1"",""element"":""O"",""occupancy"":1.0,""source_row"":1269},{""altloc"":""(blank)"",""atom"":""CG2"",""element"":""C"",""occupancy"":1.0,""source_row"":1270}]",STANDARD_NEUTRAL_CCD_COMPONENT_STATE,SELECT_RECEPTOR_CHAIN_A; blank/common; exact state category STANDARD_NEUTRAL_CCD_COMPONENT_STATE,"{""method"":""CCD hydrogen-parent inventory; explicit AUTH04 terminal/acid/base/HIS31 adjustments; no implicit state selection"",""parent_to_hydrogen_names"":{""C"":[],""CA"":[""HA""],""CB"":[""HB""],""CG2"":[""HG21"",""HG22"",""HG23""],""N"":[""H""],""O"":[],""OG1"":[""HG1""]}}",INCLUDED; 7/7 expected CCD heavy atoms; zero missing/extra,3DMX.cif atom_site source rows 1264-1270; CCD THR atom/bond definitions; AUTH04 chemical-state decision; ME_DOCKING_V1_3DMX_BNZ_PREP_RDKIT_2026_03_6_HONLY_1_1 v1.1.0
158,TRP,blank/common,"[{""altloc"":""(blank)"",""atom"":""N"",""element"":""N"",""occupancy"":1.0,""source_row"":1271},{""altloc"":""(blank)"",""atom"":""CA"",""element"":""C"",""occupancy"":1.0,""source_row"":1272},{""altloc"":""(blank)"",""atom"":""C"",""element"":""C"",""occupancy"":1.0,""source_row"":1273},{""altloc"":""(blank)"",""atom"":""O"",""element"":""O"",""occupancy"":1.0,""source_row"":1274},{""altloc"":""(blank)"",""atom"":""CB"",""element"":""C"",""occupancy"":1.0,""source_row"":1275},{""altloc"":""(blank)"",""atom"":""CG"",""element"":""C"",""occupancy"":1.0,""source_row"":1276},{""altloc"":""(blank)"",""atom"":""CD1"",""element"":""C"",""occupancy"":1.0,""source_row"":1277},{""altloc"":""(blank)"",""atom"":""CD2"",""element"":""C"",""occupancy"":1.0,""source_row"":1278},{""altloc"":""(blank)"",""atom"":""NE1"",""element"":""N"",""occupancy"":1.0,""source_row"":1279},{""altloc"":""(blank)"",""atom"":""CE2"",""element"":""C"",""occupancy"":1.0,""source_row"":1280},{""altloc"":""(blank)"",""atom"":""CE3"",""element"":""C"",""occupancy"":1.0,""source_row"":1281},{""altloc"":""(blank)"",""atom"":""CZ2"",""element"":""C"",""occupancy"":1.0,""source_row"":1282},{""altloc"":""(blank)"",""atom"":""CZ3"",""element"":""C"",""occupancy"":1.0,""source_row"":1283},{""altloc"":""(blank)"",""atom"":""CH2"",""element"":""C"",""occupancy"":1.0,""source_row"":1284}]",STANDARD_NEUTRAL_CCD_COMPONENT_STATE,SELECT_RECEPTOR_CHAIN_A; blank/common; exact state category STANDARD_NEUTRAL_CCD_COMPONENT_STATE,"{""method"":""CCD hydrogen-parent inventory; explicit AUTH04 terminal/acid/base/HIS31 adjustments; no implicit state selection"",""parent_to_hydrogen_names"":{""C"":[],""CA"":[""HA""],""CB"":[""HB2"",""HB3""],""CD1"":[""HD1""],""CD2"":[],""CE2"":[],""CE3"":[""HE3""],""CG"":[],""CH2"":[""HH2""],""CZ2"":[""HZ2""],""CZ3"":[""HZ3""],""N"":[""H""],""NE1"":[""HE1""],""O"":[]}}",INCLUDED; 14/14 expected CCD heavy atoms; zero missing/extra,3DMX.cif atom_site source rows 1271-1284; CCD TRP atom/bond definitions; AUTH04 chemical-state decision; ME_DOCKING_V1_3DMX_BNZ_PREP_RDKIT_2026_03_6_HONLY_1_1 v1.1.0
159,ASP,blank/common,"[{""altloc"":""(blank)"",""atom"":""N"",""element"":""N"",""occupancy"":1.0,""source_row"":1285},{""altloc"":""(blank)"",""atom"":""CA"",""element"":""C"",""occupancy"":1.0,""source_row"":1286},{""altloc"":""(blank)"",""atom"":""C"",""element"":""C"",""occupancy"":1.0,""source_row"":1287},{""altloc"":""(blank)"",""atom"":""O"",""element"":""O"",""occupancy"":1.0,""source_row"":1288},{""altloc"":""(blank)"",""atom"":""CB"",""element"":""C"",""occupancy"":1.0,""source_row"":1289},{""altloc"":""(blank)"",""atom"":""CG"",""element"":""C"",""occupancy"":1.0,""source_row"":1290},{""altloc"":""(blank)"",""atom"":""OD1"",""element"":""O"",""occupancy"":1.0,""source_row"":1291},{""altloc"":""(blank)"",""atom"":""OD2"",""element"":""O"",""occupancy"":1.0,""source_row"":1292}]",ASP_DEPROTONATED(-1),SELECT_RECEPTOR_CHAIN_A; blank/common; exact state category ASP_DEPROTONATED(-1),"{""method"":""CCD hydrogen-parent inventory; explicit AUTH04 terminal/acid/base/HIS31 adjustments; no implicit state selection"",""parent_to_hydrogen_names"":{""C"":[],""CA"":[""HA""],""CB"":[""HB2"",""HB3""],""CG"":[],""N"":[""H""],""O"":[],""OD1"":[],""OD2"":[]}}",INCLUDED; 8/8 expected CCD heavy atoms; zero missing/extra,3DMX.cif atom_site source rows 1285-1292; CCD ASP atom/bond definitions; AUTH04 chemical-state decision; ME_DOCKING_V1_3DMX_BNZ_PREP_RDKIT_2026_03_6_HONLY_1_1 v1.1.0
160,ALA,blank/common,"[{""altloc"":""(blank)"",""atom"":""N"",""element"":""N"",""occupancy"":1.0,""source_row"":1293},{""altloc"":""(blank)"",""atom"":""CA"",""element"":""C"",""occupancy"":1.0,""source_row"":1294},{""altloc"":""(blank)"",""atom"":""C"",""element"":""C"",""occupancy"":1.0,""source_row"":1295},{""altloc"":""(blank)"",""atom"":""O"",""element"":""O"",""occupancy"":1.0,""source_row"":1296},{""altloc"":""(blank)"",""atom"":""CB"",""element"":""C"",""occupancy"":1.0,""source_row"":1297}]",STANDARD_NEUTRAL_CCD_COMPONENT_STATE,SELECT_RECEPTOR_CHAIN_A; blank/common; exact state category STANDARD_NEUTRAL_CCD_COMPONENT_STATE,"{""method"":""CCD hydrogen-parent inventory; explicit AUTH04 terminal/acid/base/HIS31 adjustments; no implicit state selection"",""parent_to_hydrogen_names"":{""C"":[],""CA"":[""HA""],""CB"":[""HB1"",""HB2"",""HB3""],""N"":[""H""],""O"":[]}}",INCLUDED; 5/5 expected CCD heavy atoms; zero missing/extra,3DMX.cif atom_site source rows 1293-1297; CCD ALA atom/bond definitions; AUTH04 chemical-state decision; ME_DOCKING_V1_3DMX_BNZ_PREP_RDKIT_2026_03_6_HONLY_1_1 v1.1.0
161,TYR,blank/common,"[{""altloc"":""(blank)"",""atom"":""N"",""element"":""N"",""occupancy"":1.0,""source_row"":1298},{""altloc"":""(blank)"",""atom"":""CA"",""element"":""C"",""occupancy"":1.0,""source_row"":1299},{""altloc"":""(blank)"",""atom"":""C"",""element"":""C"",""occupancy"":1.0,""source_row"":1300},{""altloc"":""(blank)"",""atom"":""O"",""element"":""O"",""occupancy"":1.0,""source_row"":1301},{""altloc"":""(blank)"",""atom"":""CB"",""element"":""C"",""occupancy"":1.0,""source_row"":1302},{""altloc"":""(blank)"",""atom"":""CG"",""element"":""C"",""occupancy"":1.0,""source_row"":1303},{""altloc"":""(blank)"",""atom"":""CD1"",""element"":""C"",""occupancy"":1.0,""source_row"":1304},{""altloc"":""(blank)"",""atom"":""CD2"",""element"":""C"",""occupancy"":1.0,""source_row"":1305},{""altloc"":""(blank)"",""atom"":""CE1"",""element"":""C"",""occupancy"":1.0,""source_row"":1306},{""altloc"":""(blank)"",""atom"":""CE2"",""element"":""C"",""occupancy"":1.0,""source_row"":1307},{""altloc"":""(blank)"",""atom"":""CZ"",""element"":""C"",""occupancy"":1.0,""source_row"":1308},{""altloc"":""(blank)"",""atom"":""OH"",""element"":""O"",""occupancy"":1.0,""source_row"":1309}]",TYR_NEUTRAL(0),SELECT_RECEPTOR_CHAIN_A; blank/common; exact state category TYR_NEUTRAL(0),"{""method"":""CCD hydrogen-parent inventory; explicit AUTH04 terminal/acid/base/HIS31 adjustments; no implicit state selection"",""parent_to_hydrogen_names"":{""C"":[],""CA"":[""HA""],""CB"":[""HB2"",""HB3""],""CD1"":[""HD1""],""CD2"":[""HD2""],""CE1"":[""HE1""],""CE2"":[""HE2""],""CG"":[],""CZ"":[],""N"":[""H""],""O"":[],""OH"":[""HH""]}}",INCLUDED; 12/12 expected CCD heavy atoms; zero missing/extra,3DMX.cif atom_site source rows 1298-1309; CCD TYR atom/bond definitions; AUTH04 chemical-state decision; ME_DOCKING_V1_3DMX_BNZ_PREP_RDKIT_2026_03_6_HONLY_1_1 v1.1.0
162,LYS,blank/common,"[{""altloc"":""(blank)"",""atom"":""N"",""element"":""N"",""occupancy"":1.0,""source_row"":1310},{""altloc"":""(blank)"",""atom"":""CA"",""element"":""C"",""occupancy"":1.0,""source_row"":1311},{""altloc"":""(blank)"",""atom"":""C"",""element"":""C"",""occupancy"":1.0,""source_row"":1312},{""altloc"":""(blank)"",""atom"":""O"",""element"":""O"",""occupancy"":1.0,""source_row"":1313},{""altloc"":""(blank)"",""atom"":""CB"",""element"":""C"",""occupancy"":1.0,""source_row"":1314},{""altloc"":""(blank)"",""atom"":""CG"",""element"":""C"",""occupancy"":1.0,""source_row"":1315},{""altloc"":""(blank)"",""atom"":""CD"",""element"":""C"",""occupancy"":1.0,""source_row"":1316},{""altloc"":""(blank)"",""atom"":""CE"",""element"":""C"",""occupancy"":1.0,""source_row"":1317},{""altloc"":""(blank)"",""atom"":""NZ"",""element"":""N"",""occupancy"":1.0,""source_row"":1318}]",LYS_PROTONATED(+1),SELECT_RECEPTOR_CHAIN_A; blank/common; exact state category LYS_PROTONATED(+1),"{""method"":""CCD hydrogen-parent inventory; explicit AUTH04 terminal/acid/base/HIS31 adjustments; no implicit state selection"",""parent_to_hydrogen_names"":{""C"":[],""CA"":[""HA""],""CB"":[""HB2"",""HB3""],""CD"":[""HD2"",""HD3""],""CE"":[""HE2"",""HE3""],""CG"":[""HG2"",""HG3""],""N"":[""H""],""NZ"":[""HZ1"",""HZ2"",""HZ3""],""O"":[]}}",INCLUDED; 9/9 expected CCD heavy atoms; zero missing/extra,3DMX.cif atom_site source rows 1310-1318; CCD LYS atom/bond definitions; AUTH04 chemical-state decision; ME_DOCKING_V1_3DMX_BNZ_PREP_RDKIT_2026_03_6_HONLY_1_1 v1.1.0
163,ASN,blank/common,"[{""altloc"":""(blank)"",""atom"":""N"",""element"":""N"",""occupancy"":1.0,""source_row"":1319},{""altloc"":""(blank)"",""atom"":""CA"",""element"":""C"",""occupancy"":1.0,""source_row"":1320},{""altloc"":""(blank)"",""atom"":""C"",""element"":""C"",""occupancy"":1.0,""source_row"":1321},{""altloc"":""(blank)"",""atom"":""O"",""element"":""O"",""occupancy"":1.0,""source_row"":1322},{""altloc"":""(blank)"",""atom"":""CB"",""element"":""C"",""occupancy"":1.0,""source_row"":1323},{""altloc"":""(blank)"",""atom"":""CG"",""element"":""C"",""occupancy"":1.0,""source_row"":1324},{""altloc"":""(blank)"",""atom"":""OD1"",""element"":""O"",""occupancy"":1.0,""source_row"":1325},{""altloc"":""(blank)"",""atom"":""ND2"",""element"":""N"",""occupancy"":1.0,""source_row"":1326}]",STANDARD_NEUTRAL_CCD_COMPONENT_STATE,SELECT_RECEPTOR_CHAIN_A; blank/common; exact state category STANDARD_NEUTRAL_CCD_COMPONENT_STATE,"{""method"":""CCD hydrogen-parent inventory; explicit AUTH04 terminal/acid/base/HIS31 adjustments; no implicit state selection"",""parent_to_hydrogen_names"":{""C"":[],""CA"":[""HA""],""CB"":[""HB2"",""HB3""],""CG"":[],""N"":[""H""],""ND2"":[""HD21"",""HD22""],""O"":[],""OD1"":[]}}",INCLUDED; 8/8 expected CCD heavy atoms; zero missing/extra,3DMX.cif atom_site source rows 1319-1326; CCD ASN atom/bond definitions; AUTH04 chemical-state decision; ME_DOCKING_V1_3DMX_BNZ_PREP_RDKIT_2026_03_6_HONLY_1_1 v1.1.0
164,LEU,blank/common,"[{""altloc"":""(blank)"",""atom"":""N"",""element"":""N"",""occupancy"":1.0,""source_row"":1327},{""altloc"":""(blank)"",""atom"":""CA"",""element"":""C"",""occupancy"":1.0,""source_row"":1328},{""altloc"":""(blank)"",""atom"":""C"",""element"":""C"",""occupancy"":1.0,""source_row"":1329},{""altloc"":""(blank)"",""atom"":""O"",""element"":""O"",""occupancy"":1.0,""source_row"":1330},{""altloc"":""(blank)"",""atom"":""CB"",""element"":""C"",""occupancy"":1.0,""source_row"":1331},{""altloc"":""(blank)"",""atom"":""CG"",""element"":""C"",""occupancy"":1.0,""source_row"":1332},{""altloc"":""(blank)"",""atom"":""CD1"",""element"":""C"",""occupancy"":1.0,""source_row"":1333},{""altloc"":""(blank)"",""atom"":""CD2"",""element"":""C"",""occupancy"":1.0,""source_row"":1334},{""altloc"":""(blank)"",""atom"":""OXT"",""element"":""O"",""occupancy"":1.0,""source_row"":1335}]",LEU164_C_TERMINUS_DEPROTONATED(-1); sidechain neutral CCD state,SELECT_RECEPTOR_CHAIN_A; blank/common; exact state category LEU164_C_TERMINUS_DEPROTONATED(-1); sidechain neutral CCD state,"{""method"":""CCD hydrogen-parent inventory; explicit AUTH04 terminal/acid/base/HIS31 adjustments; no implicit state selection"",""parent_to_hydrogen_names"":{""C"":[],""CA"":[""HA""],""CB"":[""HB2"",""HB3""],""CD1"":[""HD11"",""HD12"",""HD13""],""CD2"":[""HD21"",""HD22"",""HD23""],""CG"":[""HG""],""N"":[""H""],""O"":[],""OXT"":[]}}",INCLUDED; 9/9 expected CCD heavy atoms; zero missing/extra,3DMX.cif atom_site source rows 1327-1335; CCD LEU atom/bond definitions; AUTH04 chemical-state decision; ME_DOCKING_V1_3DMX_BNZ_PREP_RDKIT_2026_03_6_HONLY_1_1 v1.1.0
