testId,category,query,priorFixture,priorExpectedClassification,applicability,executionStatus,sourceScanCount,sourceScanMembershipHash,screenshot,notes
"A-001","A","all","tests/fixtures/mini-protein.pdb","VALID_NONEMPTY","APPLICABLE_TO_4V6F","BLOCKED_CANONICAL_IMPORT","307345","9995b6d7acc8eaab70000a8949a72ef96070d799b7c7304e29e50f2b5285c68d","","Canonical 4V6F identity did not complete; no browser query or screenshot is claimed."
"A-002","A","none","tests/fixtures/mini-protein.pdb","VALID_EMPTY","APPLICABLE_TO_4V6F","BLOCKED_CANONICAL_IMPORT","0","e3b0c44298fc1c149afbf4c8996fb92427ae41e4649b934ca495991b7852b855","","Canonical 4V6F identity did not complete; no browser query or screenshot is claimed."
"A-003","A","enabled","tests/fixtures/mini-protein.pdb","VALID_NONEMPTY","APPLICABLE_TO_4V6F","BLOCKED_CANONICAL_IMPORT","","","","Canonical 4V6F identity did not complete; no browser query or screenshot is claimed."
"A-004","A","present","tests/fixtures/mini-protein.pdb","VALID_NONEMPTY","APPLICABLE_TO_4V6F","BLOCKED_CANONICAL_IMPORT","","","","Canonical 4V6F identity did not complete; no browser query or screenshot is claimed."
"A-005","A","visible","tests/fixtures/mini-protein.pdb","MISSING_DEPENDENCY","APPLICABLE_TO_4V6F","BLOCKED_CANONICAL_IMPORT","","","","Canonical 4V6F identity did not complete; no browser query or screenshot is claimed."
"A-006","A","polymer","tests/fixtures/mini-protein.pdb","VALID_NONEMPTY","APPLICABLE_TO_4V6F","BLOCKED_CANONICAL_IMPORT","301988","4ca24d7ced3445b4dea6b0c6e98ef781429875e5d769896c764eebd87b6eee21","","Canonical 4V6F identity did not complete; no browser query or screenshot is claimed."
"A-007","A","polymer.protein","tests/fixtures/mini-protein.pdb","VALID_NONEMPTY","APPLICABLE_TO_4V6F","BLOCKED_CANONICAL_IMPORT","95280","aaad321cfbb8dc3954c7f5270406fd8e9b08ba29483469976afb574d24dba050","","Canonical 4V6F identity did not complete; no browser query or screenshot is claimed."
"A-008","A","polymer.nucleic","tests/fixtures/mini-protein.pdb","MISSING_DEPENDENCY","APPLICABLE_TO_4V6F","BLOCKED_CANONICAL_IMPORT","206708","d3cc144495cca38375ab08bba51c00272ea337df5c24b294d427c521f11a9e9d","","Canonical 4V6F identity did not complete; no browser query or screenshot is claimed."
"A-009","A","organic","tests/fixtures/mini-protein.pdb","VALID_NONEMPTY","APPLICABLE_TO_4V6F","BLOCKED_CANONICAL_IMPORT","0","e3b0c44298fc1c149afbf4c8996fb92427ae41e4649b934ca495991b7852b855","","Canonical 4V6F identity did not complete; no browser query or screenshot is claimed."
"A-010","A","inorganic","tests/fixtures/mini-protein.pdb","VALID_NONEMPTY","APPLICABLE_TO_4V6F","BLOCKED_CANONICAL_IMPORT","5351","239fd4e382b3375290cf18c1afbc0bec427379e5eb1c7146e552247eefe25c02","","Canonical 4V6F identity did not complete; no browser query or screenshot is claimed."
"A-011","A","solvent","tests/fixtures/mini-protein.pdb","VALID_NONEMPTY","APPLICABLE_TO_4V6F","BLOCKED_CANONICAL_IMPORT","6","ac4eb51c83dd565771f0514c9873aa089c0e45a0fada0db6ef4534b1e91654b8","","Canonical 4V6F identity did not complete; no browser query or screenshot is claimed."
"A-012","A","metals","tests/fixtures/mini-protein.pdb","VALID_NONEMPTY","APPLICABLE_TO_4V6F","BLOCKED_CANONICAL_IMPORT","5351","239fd4e382b3375290cf18c1afbc0bec427379e5eb1c7146e552247eefe25c02","","Canonical 4V6F identity did not complete; no browser query or screenshot is claimed."
"A-013","A","hydrogens","tests/fixtures/mini-protein.pdb","VALID_EMPTY","APPLICABLE_TO_4V6F","BLOCKED_CANONICAL_IMPORT","0","e3b0c44298fc1c149afbf4c8996fb92427ae41e4649b934ca495991b7852b855","","Canonical 4V6F identity did not complete; no browser query or screenshot is claimed."
"A-014","A","hetatm","tests/fixtures/mini-protein.pdb","VALID_NONEMPTY","APPLICABLE_TO_4V6F","BLOCKED_CANONICAL_IMPORT","5531","e94cac1259fab2c18877e2447a17cb9944b037b8077949505f8737e9fde35c1c","","Canonical 4V6F identity did not complete; no browser query or screenshot is claimed."
"A-015","A","backbone","tests/fixtures/mini-protein.pdb","VALID_NONEMPTY","APPLICABLE_TO_4V6F","BLOCKED_CANONICAL_IMPORT","197622","4c82558c85634ae641567a8a3c65938f4519f70fe0e894806463e8653c18e2bf","","Canonical 4V6F identity did not complete; no browser query or screenshot is claimed."
"A-016","A","sidechain","tests/fixtures/mini-protein.pdb","VALID_EMPTY","APPLICABLE_TO_4V6F","BLOCKED_CANONICAL_IMPORT","","","","Canonical 4V6F identity did not complete; no browser query or screenshot is claimed."
"A-017","A","guide","tests/fixtures/mini-protein.pdb","VALID_NONEMPTY","APPLICABLE_TO_4V6F","BLOCKED_CANONICAL_IMPORT","21574","23d0402a3801d874d02b152ef71bf364db58cdcd2abcda6c709b1baed32eb2bf","","Canonical 4V6F identity did not complete; no browser query or screenshot is claimed."
"A-018","A","bonded","tests/fixtures/mini-protein.pdb","VALID_NONEMPTY","APPLICABLE_TO_4V6F","BLOCKED_CANONICAL_IMPORT","","","","Canonical 4V6F identity did not complete; no browser query or screenshot is claimed."
"A-019","A","donors","tests/fixtures/mini-protein.pdb","VALID_NONEMPTY","APPLICABLE_TO_4V6F","BLOCKED_CANONICAL_IMPORT","","","","Canonical 4V6F identity did not complete; no browser query or screenshot is claimed."
"A-020","A","acceptors","tests/fixtures/mini-protein.pdb","VALID_NONEMPTY","APPLICABLE_TO_4V6F","BLOCKED_CANONICAL_IMPORT","","","","Canonical 4V6F identity did not complete; no browser query or screenshot is claimed."
"AA-001","AA","show cartoon, polymer.protein","tests/fixtures/mini-protein.pdb","COMMAND_HANDLED","APPLICABLE_TO_4V6F","BLOCKED_CANONICAL_IMPORT","","","","Canonical 4V6F identity did not complete; no browser query or screenshot is claimed."
"AA-002","AA","rep cartoon","tests/fixtures/mini-protein.pdb","COMMAND_HANDLED","APPLICABLE_TO_4V6F","BLOCKED_CANONICAL_IMPORT","","","","Canonical 4V6F identity did not complete; no browser query or screenshot is claimed."
"AA-003","AA","hide cartoon, polymer.protein","tests/fixtures/mini-protein.pdb","COMMAND_HANDLED","APPLICABLE_TO_4V6F","BLOCKED_CANONICAL_IMPORT","","","","Canonical 4V6F identity did not complete; no browser query or screenshot is claimed."
"AA-004","AA","rep cartoon","tests/fixtures/mini-protein.pdb","COMMAND_HANDLED","APPLICABLE_TO_4V6F","BLOCKED_CANONICAL_IMPORT","","","","Canonical 4V6F identity did not complete; no browser query or screenshot is claimed."
"AB-001","AB","color blue, chain A","tests/fixtures/mini-protein.pdb","COMMAND_HANDLED","APPLICABLE_TO_4V6F","BLOCKED_CANONICAL_IMPORT","","","","Canonical 4V6F identity did not complete; no browser query or screenshot is claimed."
"AB-002","AB","color blue","tests/fixtures/mini-protein.pdb","COMMAND_HANDLED","APPLICABLE_TO_4V6F","BLOCKED_CANONICAL_IMPORT","","","","Canonical 4V6F identity did not complete; no browser query or screenshot is claimed."
"AB-003","AB","color red, chain A","tests/fixtures/mini-protein.pdb","COMMAND_HANDLED","APPLICABLE_TO_4V6F","BLOCKED_CANONICAL_IMPORT","","","","Canonical 4V6F identity did not complete; no browser query or screenshot is claimed."
"AB-004","AB","color blue","tests/fixtures/mini-protein.pdb","COMMAND_HANDLED","APPLICABLE_TO_4V6F","BLOCKED_CANONICAL_IMPORT","","","","Canonical 4V6F identity did not complete; no browser query or screenshot is claimed."
"AB-005","AB","color red","tests/fixtures/mini-protein.pdb","COMMAND_HANDLED","APPLICABLE_TO_4V6F","BLOCKED_CANONICAL_IMPORT","","","","Canonical 4V6F identity did not complete; no browser query or screenshot is claimed."
"AC-001","AC","select active_site, byres (polymer.protein within 4 of organic)","tests/fixtures/mini-protein.pdb","UNKNOWN_PROPERTY","APPLICABLE_TO_4V6F","BLOCKED_CANONICAL_IMPORT","","","","Canonical 4V6F identity did not complete; no browser query or screenshot is claimed."
"AC-002","AC","active_site","tests/fixtures/mini-protein.pdb","UNKNOWN_NAME","APPLICABLE_TO_4V6F","BLOCKED_CANONICAL_IMPORT","","","","Canonical 4V6F identity did not complete; no browser query or screenshot is claimed."
"AC-003","AC","%active_site","tests/fixtures/mini-protein.pdb","UNKNOWN_NAME","APPLICABLE_TO_4V6F","BLOCKED_CANONICAL_IMPORT","","","","Canonical 4V6F identity did not complete; no browser query or screenshot is claimed."
"AC-004","AC","?active_site","tests/fixtures/mini-protein.pdb","VALID_EMPTY","APPLICABLE_TO_4V6F","BLOCKED_CANONICAL_IMPORT","","","","Canonical 4V6F identity did not complete; no browser query or screenshot is claimed."
"AC-005","AC","?does_not_exist","tests/fixtures/mini-protein.pdb","VALID_EMPTY","APPLICABLE_TO_4V6F","BLOCKED_CANONICAL_IMPORT","","","","Canonical 4V6F identity did not complete; no browser query or screenshot is claimed."
"AD-001","AD","select ligand_test, organic","tests/fixtures/mini-protein.pdb","UNKNOWN_PROPERTY","APPLICABLE_TO_4V6F","BLOCKED_CANONICAL_IMPORT","","","","Canonical 4V6F identity did not complete; no browser query or screenshot is claimed."
"AD-002","AD","select pocket_test, byres (polymer.protein within 4 of ligand_test)","tests/fixtures/mini-protein.pdb","UNKNOWN_PROPERTY","APPLICABLE_TO_4V6F","BLOCKED_CANONICAL_IMPORT","","","","Canonical 4V6F identity did not complete; no browser query or screenshot is claimed."
"AD-003","AD","pocket_test and chain A","tests/fixtures/mini-protein.pdb","UNKNOWN_NAME","APPLICABLE_TO_4V6F","BLOCKED_CANONICAL_IMPORT","","","","Canonical 4V6F identity did not complete; no browser query or screenshot is claimed."
"AD-004","AD","pocket_test and name CA","tests/fixtures/mini-protein.pdb","UNKNOWN_NAME","APPLICABLE_TO_4V6F","BLOCKED_CANONICAL_IMPORT","","","","Canonical 4V6F identity did not complete; no browser query or screenshot is claimed."
"AD-005","AD","not pocket_test","tests/fixtures/mini-protein.pdb","UNKNOWN_NAME","APPLICABLE_TO_4V6F","BLOCKED_CANONICAL_IMPORT","","","","Canonical 4V6F identity did not complete; no browser query or screenshot is claimed."
"AD-006","AD","bychain pocket_test","tests/fixtures/mini-protein.pdb","UNKNOWN_NAME","APPLICABLE_TO_4V6F","BLOCKED_CANONICAL_IMPORT","","","","Canonical 4V6F identity did not complete; no browser query or screenshot is claimed."
"AE-001","AE","model mini-protein.pdb in model mini-protein.pdb","tests/fixtures/mini-protein.pdb","VALID_NONEMPTY","APPLICABLE_TO_4V6F","BLOCKED_CANONICAL_IMPORT","","","","Canonical 4V6F identity did not complete; no browser query or screenshot is claimed."
"AF-001","AF","model mini-protein.pdb like model mini-protein.pdb","tests/fixtures/mini-protein.pdb","VALID_NONEMPTY","APPLICABLE_TO_4V6F","BLOCKED_CANONICAL_IMPORT","","","","Canonical 4V6F identity did not complete; no browser query or screenshot is claimed."
"AG-001","AG","chain ZZZ","tests/fixtures/mini-protein.pdb","VALID_EMPTY","APPLICABLE_TO_4V6F","BLOCKED_CANONICAL_IMPORT","","","","Canonical 4V6F identity did not complete; no browser query or screenshot is claimed."
"AG-002","AG","resi 999999","tests/fixtures/mini-protein.pdb","VALID_EMPTY","APPLICABLE_TO_4V6F","BLOCKED_CANONICAL_IMPORT","","","","Canonical 4V6F identity did not complete; no browser query or screenshot is claimed."
"AG-003","AG","resn ZZZ","tests/fixtures/mini-protein.pdb","VALID_EMPTY","APPLICABLE_TO_4V6F","BLOCKED_CANONICAL_IMPORT","","","","Canonical 4V6F identity did not complete; no browser query or screenshot is claimed."
"AG-004","AG","name DOESNOTEXIST","tests/fixtures/mini-protein.pdb","VALID_EMPTY","APPLICABLE_TO_4V6F","BLOCKED_CANONICAL_IMPORT","","","","Canonical 4V6F identity did not complete; no browser query or screenshot is claimed."
"AG-005","AG","elem Xe","tests/fixtures/mini-protein.pdb","VALID_EMPTY","APPLICABLE_TO_4V6F","BLOCKED_CANONICAL_IMPORT","","","","Canonical 4V6F identity did not complete; no browser query or screenshot is claimed."
"AG-006","AG","model does_not_exist","tests/fixtures/mini-protein.pdb","VALID_EMPTY","APPLICABLE_TO_4V6F","BLOCKED_CANONICAL_IMPORT","","","","Canonical 4V6F identity did not complete; no browser query or screenshot is claimed."
"AG-007","AG","polymer.nucleic","tests/fixtures/mini-protein.pdb","MISSING_DEPENDENCY","APPLICABLE_TO_4V6F","BLOCKED_CANONICAL_IMPORT","206708","d3cc144495cca38375ab08bba51c00272ea337df5c24b294d427c521f11a9e9d","","Canonical 4V6F identity did not complete; no browser query or screenshot is claimed."
"AG-008","AG","metals","tests/fixtures/mini-protein.pdb","VALID_NONEMPTY","APPLICABLE_TO_4V6F","BLOCKED_CANONICAL_IMPORT","5351","239fd4e382b3375290cf18c1afbc0bec427379e5eb1c7146e552247eefe25c02","","Canonical 4V6F identity did not complete; no browser query or screenshot is claimed."
"AG-009","AG","hydrogens","tests/fixtures/mini-protein.pdb","VALID_EMPTY","APPLICABLE_TO_4V6F","BLOCKED_CANONICAL_IMPORT","0","e3b0c44298fc1c149afbf4c8996fb92427ae41e4649b934ca495991b7852b855","","Canonical 4V6F identity did not complete; no browser query or screenshot is claimed."
"AH-001","AH","chain","tests/fixtures/mini-protein.pdb","SYNTAX_ERROR","APPLICABLE_TO_4V6F","BLOCKED_CANONICAL_IMPORT","","","","Canonical 4V6F identity did not complete; no browser query or screenshot is claimed."
"AH-002","AH","resi","tests/fixtures/mini-protein.pdb","SYNTAX_ERROR","APPLICABLE_TO_4V6F","BLOCKED_CANONICAL_IMPORT","","","","Canonical 4V6F identity did not complete; no browser query or screenshot is claimed."
"AH-003","AH","name","tests/fixtures/mini-protein.pdb","SYNTAX_ERROR","APPLICABLE_TO_4V6F","BLOCKED_CANONICAL_IMPORT","","","","Canonical 4V6F identity did not complete; no browser query or screenshot is claimed."
"AH-004","AH","elem","tests/fixtures/mini-protein.pdb","SYNTAX_ERROR","APPLICABLE_TO_4V6F","BLOCKED_CANONICAL_IMPORT","","","","Canonical 4V6F identity did not complete; no browser query or screenshot is claimed."
"AH-005","AH","within 4 of","tests/fixtures/mini-protein.pdb","SYNTAX_ERROR","APPLICABLE_TO_4V6F","BLOCKED_CANONICAL_IMPORT","","","","Canonical 4V6F identity did not complete; no browser query or screenshot is claimed."
"AH-006","AH","all within of organic","tests/fixtures/mini-protein.pdb","SYNTAX_ERROR","APPLICABLE_TO_4V6F","BLOCKED_CANONICAL_IMPORT","","","","Canonical 4V6F identity did not complete; no browser query or screenshot is claimed."
"AH-007","AH","byres","tests/fixtures/mini-protein.pdb","SYNTAX_ERROR","APPLICABLE_TO_4V6F","BLOCKED_CANONICAL_IMPORT","","","","Canonical 4V6F identity did not complete; no browser query or screenshot is claimed."
"AH-008","AH","neighbor","tests/fixtures/mini-protein.pdb","SYNTAX_ERROR","APPLICABLE_TO_4V6F","BLOCKED_CANONICAL_IMPORT","","","","Canonical 4V6F identity did not complete; no browser query or screenshot is claimed."
"AH-009","AH","extend","tests/fixtures/mini-protein.pdb","SYNTAX_ERROR","APPLICABLE_TO_4V6F","BLOCKED_CANONICAL_IMPORT","","","","Canonical 4V6F identity did not complete; no browser query or screenshot is claimed."
"AH-010","AH","all and","tests/fixtures/mini-protein.pdb","SYNTAX_ERROR","APPLICABLE_TO_4V6F","BLOCKED_CANONICAL_IMPORT","","","","Canonical 4V6F identity did not complete; no browser query or screenshot is claimed."
"AH-011","AH","or all","tests/fixtures/mini-protein.pdb","UNKNOWN_PROPERTY","APPLICABLE_TO_4V6F","BLOCKED_CANONICAL_IMPORT","","","","Canonical 4V6F identity did not complete; no browser query or screenshot is claimed."
"AH-012","AH","not","tests/fixtures/mini-protein.pdb","SYNTAX_ERROR","APPLICABLE_TO_4V6F","BLOCKED_CANONICAL_IMPORT","","","","Canonical 4V6F identity did not complete; no browser query or screenshot is claimed."
"AH-013","AH","((chain A)","tests/fixtures/mini-protein.pdb","SYNTAX_ERROR","APPLICABLE_TO_4V6F","BLOCKED_CANONICAL_IMPORT","","","","Canonical 4V6F identity did not complete; no browser query or screenshot is claimed."
"AH-014","AH","chain A))","tests/fixtures/mini-protein.pdb","SYNTAX_ERROR","APPLICABLE_TO_4V6F","BLOCKED_CANONICAL_IMPORT","","","","Canonical 4V6F identity did not complete; no browser query or screenshot is claimed."
"AH-015","AH","resi abc---","tests/fixtures/mini-protein.pdb","INVALID_VALUE","APPLICABLE_TO_4V6F","BLOCKED_CANONICAL_IMPORT","","","","Canonical 4V6F identity did not complete; no browser query or screenshot is claimed."
"AH-016","AH","b <","tests/fixtures/mini-protein.pdb","SYNTAX_ERROR","APPLICABLE_TO_4V6F","BLOCKED_CANONICAL_IMPORT","","","","Canonical 4V6F identity did not complete; no browser query or screenshot is claimed."
"AH-017","AH","q >","tests/fixtures/mini-protein.pdb","SYNTAX_ERROR","APPLICABLE_TO_4V6F","BLOCKED_CANONICAL_IMPORT","","","","Canonical 4V6F identity did not complete; no browser query or screenshot is claimed."
"AH-018","AH","unknown_selector_xyz","tests/fixtures/mini-protein.pdb","UNKNOWN_NAME","APPLICABLE_TO_4V6F","BLOCKED_CANONICAL_IMPORT","","","","Canonical 4V6F identity did not complete; no browser query or screenshot is claimed."
"AH-019","AH","chain A and and name CA","tests/fixtures/mini-protein.pdb","UNKNOWN_PROPERTY","APPLICABLE_TO_4V6F","BLOCKED_CANONICAL_IMPORT","","","","Canonical 4V6F identity did not complete; no browser query or screenshot is claimed."
"AI-001","AI","all within -1 of organic","tests/fixtures/mini-protein.pdb","SYNTAX_ERROR","APPLICABLE_TO_4V6F","BLOCKED_CANONICAL_IMPORT","","","","Canonical 4V6F identity did not complete; no browser query or screenshot is claimed."
"AI-002","AI","all within NaN of organic","tests/fixtures/mini-protein.pdb","SYNTAX_ERROR","APPLICABLE_TO_4V6F","BLOCKED_CANONICAL_IMPORT","","","","Canonical 4V6F identity did not complete; no browser query or screenshot is claimed."
"AI-003","AI","all within Infinity of organic","tests/fixtures/mini-protein.pdb","SYNTAX_ERROR","APPLICABLE_TO_4V6F","BLOCKED_CANONICAL_IMPORT","","","","Canonical 4V6F identity did not complete; no browser query or screenshot is claimed."
"AI-004","AI","all within abc of organic","tests/fixtures/mini-protein.pdb","SYNTAX_ERROR","APPLICABLE_TO_4V6F","BLOCKED_CANONICAL_IMPORT","","","","Canonical 4V6F identity did not complete; no browser query or screenshot is claimed."
"AI-005","AI","organic expand -2","tests/fixtures/mini-protein.pdb","SYNTAX_ERROR","APPLICABLE_TO_4V6F","BLOCKED_CANONICAL_IMPORT","","","","Canonical 4V6F identity did not complete; no browser query or screenshot is claimed."
"AI-006","AI","resi 4--9","tests/fixtures/mini-protein.pdb","VALID_EMPTY","APPLICABLE_TO_4V6F","BLOCKED_CANONICAL_IMPORT","","","","Canonical 4V6F identity did not complete; no browser query or screenshot is claimed."
"AJ-001","AJ","chain A","tests/fixtures/mini-protein.pdb","VALID_NONEMPTY","APPLICABLE_TO_4V6F","BLOCKED_CANONICAL_IMPORT","","","","Canonical 4V6F identity did not complete; no browser query or screenshot is claimed."
"AJ-002","AJ","chain    A","tests/fixtures/mini-protein.pdb","VALID_NONEMPTY","APPLICABLE_TO_4V6F","BLOCKED_CANONICAL_IMPORT","","","","Canonical 4V6F identity did not complete; no browser query or screenshot is claimed."
"AJ-003","AJ","chain A","tests/fixtures/mini-protein.pdb","VALID_NONEMPTY","APPLICABLE_TO_4V6F","BLOCKED_CANONICAL_IMPORT","","","","Canonical 4V6F identity did not complete; no browser query or screenshot is claimed."
"AJ-004","AJ","chain A","tests/fixtures/mini-protein.pdb","VALID_NONEMPTY","APPLICABLE_TO_4V6F","BLOCKED_CANONICAL_IMPORT","","","","Canonical 4V6F identity did not complete; no browser query or screenshot is claimed."
"AJ-005","AJ","(chain A)","tests/fixtures/mini-protein.pdb","VALID_NONEMPTY","APPLICABLE_TO_4V6F","BLOCKED_CANONICAL_IMPORT","","","","Canonical 4V6F identity did not complete; no browser query or screenshot is claimed."
"AJ-006","AJ","( chain A )","tests/fixtures/mini-protein.pdb","VALID_NONEMPTY","APPLICABLE_TO_4V6F","BLOCKED_CANONICAL_IMPORT","","","","Canonical 4V6F identity did not complete; no browser query or screenshot is claimed."
"AJ-007","AJ","polymer.protein and chain A","tests/fixtures/mini-protein.pdb","VALID_NONEMPTY","APPLICABLE_TO_4V6F","BLOCKED_CANONICAL_IMPORT","","","","Canonical 4V6F identity did not complete; no browser query or screenshot is claimed."
"AJ-008","AJ","polymer.protein    and    chain A","tests/fixtures/mini-protein.pdb","VALID_NONEMPTY","APPLICABLE_TO_4V6F","BLOCKED_CANONICAL_IMPORT","","","","Canonical 4V6F identity did not complete; no browser query or screenshot is claimed."
"AK-001","AK","chain A","tests/fixtures/mini-protein.pdb","VALID_NONEMPTY","APPLICABLE_TO_4V6F","BLOCKED_CANONICAL_IMPORT","","","","Canonical 4V6F identity did not complete; no browser query or screenshot is claimed."
"AK-002","AK","CHAIN A","tests/fixtures/mini-protein.pdb","VALID_NONEMPTY","APPLICABLE_TO_4V6F","BLOCKED_CANONICAL_IMPORT","","","","Canonical 4V6F identity did not complete; no browser query or screenshot is claimed."
"AK-003","AK","Chain A","tests/fixtures/mini-protein.pdb","VALID_NONEMPTY","APPLICABLE_TO_4V6F","BLOCKED_CANONICAL_IMPORT","","","","Canonical 4V6F identity did not complete; no browser query or screenshot is claimed."
"AL-001","AL","byres (polymer.protein within 4.0 of organic)","tests/fixtures/mini-protein.pdb","VALID_NONEMPTY","APPLICABLE_TO_4V6F","BLOCKED_CANONICAL_IMPORT","","","","Canonical 4V6F identity did not complete; no browser query or screenshot is claimed."
"AL-002","AL","byres ((polymer.protein and chain A) within 4.0 of organic)","tests/fixtures/mini-protein.pdb","VALID_NONEMPTY","APPLICABLE_TO_4V6F","BLOCKED_CANONICAL_IMPORT","","","","Canonical 4V6F identity did not complete; no browser query or screenshot is claimed."
"AL-003","AL","byres ((polymer.protein and not resn GLY) within 4.0 of organic)","tests/fixtures/mini-protein.pdb","VALID_NONEMPTY","APPLICABLE_TO_4V6F","BLOCKED_CANONICAL_IMPORT","","","","Canonical 4V6F identity did not complete; no browser query or screenshot is claimed."
"AL-004","AL","byres (polymer.protein within 4.0 of (organic and elem O+N))","tests/fixtures/mini-protein.pdb","VALID_EMPTY","APPLICABLE_TO_4V6F","BLOCKED_CANONICAL_IMPORT","","","","Canonical 4V6F identity did not complete; no browser query or screenshot is claimed."
"AL-005","AL","(byres (polymer.protein within 4.0 of organic)) and name CA","tests/fixtures/mini-protein.pdb","VALID_NONEMPTY","APPLICABLE_TO_4V6F","BLOCKED_CANONICAL_IMPORT","","","","Canonical 4V6F identity did not complete; no browser query or screenshot is claimed."
"AM-001","AM","polymer.protein and backbone","tests/fixtures/mini-protein.pdb","VALID_NONEMPTY","APPLICABLE_TO_4V6F","BLOCKED_CANONICAL_IMPORT","","","","Canonical 4V6F identity did not complete; no browser query or screenshot is claimed."
"AM-002","AM","polymer.protein and sidechain","tests/fixtures/mini-protein.pdb","VALID_EMPTY","APPLICABLE_TO_4V6F","BLOCKED_CANONICAL_IMPORT","","","","Canonical 4V6F identity did not complete; no browser query or screenshot is claimed."
"AM-003","AM","(polymer.protein and backbone) or (polymer.protein and sidechain)","tests/fixtures/mini-protein.pdb","VALID_NONEMPTY","APPLICABLE_TO_4V6F","BLOCKED_CANONICAL_IMPORT","","","","Canonical 4V6F identity did not complete; no browser query or screenshot is claimed."
"AN-001","AN","organic","tests/fixtures/mini-protein.pdb","VALID_NONEMPTY","APPLICABLE_TO_4V6F","BLOCKED_CANONICAL_IMPORT","0","e3b0c44298fc1c149afbf4c8996fb92427ae41e4649b934ca495991b7852b855","","Canonical 4V6F identity did not complete; no browser query or screenshot is claimed."
"AN-002","AN","organic and elem C","tests/fixtures/mini-protein.pdb","VALID_NONEMPTY","APPLICABLE_TO_4V6F","BLOCKED_CANONICAL_IMPORT","","","","Canonical 4V6F identity did not complete; no browser query or screenshot is claimed."
"AN-003","AN","organic and elem N","tests/fixtures/mini-protein.pdb","VALID_EMPTY","APPLICABLE_TO_4V6F","BLOCKED_CANONICAL_IMPORT","","","","Canonical 4V6F identity did not complete; no browser query or screenshot is claimed."
"AN-004","AN","organic and elem O","tests/fixtures/mini-protein.pdb","VALID_NONEMPTY","APPLICABLE_TO_4V6F","BLOCKED_CANONICAL_IMPORT","","","","Canonical 4V6F identity did not complete; no browser query or screenshot is claimed."
"AN-005","AN","organic and donors","tests/fixtures/mini-protein.pdb","VALID_NONEMPTY","APPLICABLE_TO_4V6F","BLOCKED_CANONICAL_IMPORT","","","","Canonical 4V6F identity did not complete; no browser query or screenshot is claimed."
"AN-006","AN","organic and acceptors","tests/fixtures/mini-protein.pdb","VALID_NONEMPTY","APPLICABLE_TO_4V6F","BLOCKED_CANONICAL_IMPORT","","","","Canonical 4V6F identity did not complete; no browser query or screenshot is claimed."
"AN-007","AN","neighbor organic","tests/fixtures/mini-protein.pdb","VALID_EMPTY","APPLICABLE_TO_4V6F","BLOCKED_CANONICAL_IMPORT","","","","Canonical 4V6F identity did not complete; no browser query or screenshot is claimed."
"AN-008","AN","bymolecule organic","tests/fixtures/mini-protein.pdb","VALID_NONEMPTY","APPLICABLE_TO_4V6F","BLOCKED_CANONICAL_IMPORT","","","","Canonical 4V6F identity did not complete; no browser query or screenshot is claimed."
"AN-009","AN","byring organic","tests/fixtures/mini-protein.pdb","VALID_EMPTY","APPLICABLE_TO_4V6F","BLOCKED_CANONICAL_IMPORT","","","","Canonical 4V6F identity did not complete; no browser query or screenshot is claimed."
"AN-010","AN","polymer.protein within 3 of organic","tests/fixtures/mini-protein.pdb","VALID_NONEMPTY","APPLICABLE_TO_4V6F","BLOCKED_CANONICAL_IMPORT","","","","Canonical 4V6F identity did not complete; no browser query or screenshot is claimed."
"AN-011","AN","polymer.protein within 4 of organic","tests/fixtures/mini-protein.pdb","VALID_NONEMPTY","APPLICABLE_TO_4V6F","BLOCKED_CANONICAL_IMPORT","","","","Canonical 4V6F identity did not complete; no browser query or screenshot is claimed."
"AN-012","AN","polymer.protein within 5 of organic","tests/fixtures/mini-protein.pdb","VALID_NONEMPTY","APPLICABLE_TO_4V6F","BLOCKED_CANONICAL_IMPORT","","","","Canonical 4V6F identity did not complete; no browser query or screenshot is claimed."
"AN-013","AN","byres (polymer.protein within 4 of organic)","tests/fixtures/mini-protein.pdb","VALID_NONEMPTY","APPLICABLE_TO_4V6F","BLOCKED_CANONICAL_IMPORT","","","","Canonical 4V6F identity did not complete; no browser query or screenshot is claimed."
"AO-001","AO","solvent","tests/fixtures/water.xyz","VALID_EMPTY","APPLICABLE_TO_4V6F","BLOCKED_CANONICAL_IMPORT","6","ac4eb51c83dd565771f0514c9873aa089c0e45a0fada0db6ef4534b1e91654b8","","Canonical 4V6F identity did not complete; no browser query or screenshot is claimed."
"AO-002","AO","solvent and elem O","tests/fixtures/water.xyz","VALID_EMPTY","APPLICABLE_TO_4V6F","BLOCKED_CANONICAL_IMPORT","","","","Canonical 4V6F identity did not complete; no browser query or screenshot is claimed."
"AO-003","AO","solvent within 3.5 of organic","tests/fixtures/water.xyz","VALID_EMPTY","APPLICABLE_TO_4V6F","BLOCKED_CANONICAL_IMPORT","","","","Canonical 4V6F identity did not complete; no browser query or screenshot is claimed."
"AO-004","AO","byres (solvent within 3.5 of organic)","tests/fixtures/water.xyz","VALID_EMPTY","APPLICABLE_TO_4V6F","BLOCKED_CANONICAL_IMPORT","","","","Canonical 4V6F identity did not complete; no browser query or screenshot is claimed."
"AP-001","AP","metals","tests/fixtures/unit-cell.pdb","VALID_NONEMPTY","APPLICABLE_TO_4V6F","BLOCKED_CANONICAL_IMPORT","5351","239fd4e382b3375290cf18c1afbc0bec427379e5eb1c7146e552247eefe25c02","","Canonical 4V6F identity did not complete; no browser query or screenshot is claimed."
"AP-002","AP","inorganic","tests/fixtures/unit-cell.pdb","VALID_NONEMPTY","APPLICABLE_TO_4V6F","BLOCKED_CANONICAL_IMPORT","5351","239fd4e382b3375290cf18c1afbc0bec427379e5eb1c7146e552247eefe25c02","","Canonical 4V6F identity did not complete; no browser query or screenshot is claimed."
"AP-003","AP","metals within 4 of organic","tests/fixtures/unit-cell.pdb","VALID_EMPTY","APPLICABLE_TO_4V6F","BLOCKED_CANONICAL_IMPORT","","","","Canonical 4V6F identity did not complete; no browser query or screenshot is claimed."
"AP-004","AP","polymer.protein within 3 of metals","tests/fixtures/unit-cell.pdb","VALID_EMPTY","APPLICABLE_TO_4V6F","BLOCKED_CANONICAL_IMPORT","","","","Canonical 4V6F identity did not complete; no browser query or screenshot is claimed."
"AP-005","AP","byres (polymer.protein within 3 of metals)","tests/fixtures/unit-cell.pdb","VALID_EMPTY","APPLICABLE_TO_4V6F","BLOCKED_CANONICAL_IMPORT","","","","Canonical 4V6F identity did not complete; no browser query or screenshot is claimed."
"AQ-001","AQ","model mini-protein.pdb and chain A","tests/fixtures/mini-protein.pdb","VALID_NONEMPTY","APPLICABLE_TO_4V6F","BLOCKED_CANONICAL_IMPORT","","","","Canonical 4V6F identity did not complete; no browser query or screenshot is claimed."
"AQ-002","AQ","model mini-protein.pdb and chain A","tests/fixtures/mini-protein.pdb","VALID_NONEMPTY","APPLICABLE_TO_4V6F","BLOCKED_CANONICAL_IMPORT","","","","Canonical 4V6F identity did not complete; no browser query or screenshot is claimed."
"AQ-003","AQ","chain A","tests/fixtures/mini-protein.pdb","VALID_NONEMPTY","APPLICABLE_TO_4V6F","BLOCKED_CANONICAL_IMPORT","","","","Canonical 4V6F identity did not complete; no browser query or screenshot is claimed."
"AQ-004","AQ","model mini-protein.pdb and resi 45","tests/fixtures/mini-protein.pdb","VALID_EMPTY","APPLICABLE_TO_4V6F","BLOCKED_CANONICAL_IMPORT","","","","Canonical 4V6F identity did not complete; no browser query or screenshot is claimed."
"AQ-005","AQ","model mini-protein.pdb and resi 45","tests/fixtures/mini-protein.pdb","VALID_EMPTY","APPLICABLE_TO_4V6F","BLOCKED_CANONICAL_IMPORT","","","","Canonical 4V6F identity did not complete; no browser query or screenshot is claimed."
"AR-001","AR","select testsel, chain A","tests/fixtures/mini-protein.pdb","UNKNOWN_PROPERTY","APPLICABLE_TO_4V6F","BLOCKED_CANONICAL_IMPORT","","","","Canonical 4V6F identity did not complete; no browser query or screenshot is claimed."
"AR-002","AR","enabled","tests/fixtures/mini-protein.pdb","VALID_NONEMPTY","APPLICABLE_TO_4V6F","BLOCKED_CANONICAL_IMPORT","","","","Canonical 4V6F identity did not complete; no browser query or screenshot is claimed."
"AR-003","AR","visible","tests/fixtures/mini-protein.pdb","MISSING_DEPENDENCY","APPLICABLE_TO_4V6F","BLOCKED_CANONICAL_IMPORT","","","","Canonical 4V6F identity did not complete; no browser query or screenshot is claimed."
"AS-001","AS","select pocket, byres (polymer.protein within 4 of organic)","tests/fixtures/mini-protein.pdb","UNKNOWN_PROPERTY","APPLICABLE_TO_4V6F","BLOCKED_CANONICAL_IMPORT","","","","Canonical 4V6F identity did not complete; no browser query or screenshot is claimed."
"AS-002","AS","show sticks, pocket","tests/fixtures/mini-protein.pdb","COMMAND_HANDLED","APPLICABLE_TO_4V6F","BLOCKED_CANONICAL_IMPORT","","","","Canonical 4V6F identity did not complete; no browser query or screenshot is claimed."
"AS-003","AS","show surface, pocket","tests/fixtures/mini-protein.pdb","COMMAND_HANDLED","APPLICABLE_TO_4V6F","BLOCKED_CANONICAL_IMPORT","","","","Canonical 4V6F identity did not complete; no browser query or screenshot is claimed."
"AS-004","AS","show mesh, pocket","tests/fixtures/mini-protein.pdb","COMMAND_HANDLED","APPLICABLE_TO_4V6F","BLOCKED_CANONICAL_IMPORT","","","","Canonical 4V6F identity did not complete; no browser query or screenshot is claimed."
"AS-005","AS","hide sticks, pocket","tests/fixtures/mini-protein.pdb","COMMAND_HANDLED","APPLICABLE_TO_4V6F","BLOCKED_CANONICAL_IMPORT","","","","Canonical 4V6F identity did not complete; no browser query or screenshot is claimed."
"AS-006","AS","hide surface, pocket","tests/fixtures/mini-protein.pdb","COMMAND_HANDLED","APPLICABLE_TO_4V6F","BLOCKED_CANONICAL_IMPORT","","","","Canonical 4V6F identity did not complete; no browser query or screenshot is claimed."
"AS-007","AS","hide mesh, pocket","tests/fixtures/mini-protein.pdb","COMMAND_HANDLED","APPLICABLE_TO_4V6F","BLOCKED_CANONICAL_IMPORT","","","","Canonical 4V6F identity did not complete; no browser query or screenshot is claimed."
"AT-001","AT","select residue45, resi 45","tests/fixtures/mini-protein.pdb","UNKNOWN_PROPERTY","APPLICABLE_TO_4V6F","BLOCKED_CANONICAL_IMPORT","","","","Canonical 4V6F identity did not complete; no browser query or screenshot is claimed."
"AT-002","AT","color magenta, residue45","tests/fixtures/mini-protein.pdb","COMMAND_HANDLED","APPLICABLE_TO_4V6F","BLOCKED_CANONICAL_IMPORT","","","","Canonical 4V6F identity did not complete; no browser query or screenshot is claimed."
"AT-003","AT","none","tests/fixtures/mini-protein.pdb","VALID_EMPTY","APPLICABLE_TO_4V6F","BLOCKED_CANONICAL_IMPORT","0","e3b0c44298fc1c149afbf4c8996fb92427ae41e4649b934ca495991b7852b855","","Canonical 4V6F identity did not complete; no browser query or screenshot is claimed."
"AT-004","AT","select residue45, resi 45","tests/fixtures/mini-protein.pdb","UNKNOWN_PROPERTY","APPLICABLE_TO_4V6F","BLOCKED_CANONICAL_IMPORT","","","","Canonical 4V6F identity did not complete; no browser query or screenshot is claimed."
"AU-001","AU","name CA","tests/fixtures/mini-protein.pdb","VALID_NONEMPTY","APPLICABLE_TO_4V6F","BLOCKED_CANONICAL_IMPORT","","","","Canonical 4V6F identity did not complete; no browser query or screenshot is claimed."
"AU-002","AU","resi 45","tests/fixtures/mini-protein.pdb","VALID_EMPTY","APPLICABLE_TO_4V6F","BLOCKED_CANONICAL_IMPORT","","","","Canonical 4V6F identity did not complete; no browser query or screenshot is claimed."
"AU-003","AU","chain A","tests/fixtures/mini-protein.pdb","VALID_NONEMPTY","APPLICABLE_TO_4V6F","BLOCKED_CANONICAL_IMPORT","","","","Canonical 4V6F identity did not complete; no browser query or screenshot is claimed."
"AU-004","AU","organic","tests/fixtures/mini-protein.pdb","VALID_NONEMPTY","APPLICABLE_TO_4V6F","BLOCKED_CANONICAL_IMPORT","0","e3b0c44298fc1c149afbf4c8996fb92427ae41e4649b934ca495991b7852b855","","Canonical 4V6F identity did not complete; no browser query or screenshot is claimed."
"AU-005","AU","all","tests/fixtures/mini-protein.pdb","VALID_NONEMPTY","APPLICABLE_TO_4V6F","BLOCKED_CANONICAL_IMPORT","307345","9995b6d7acc8eaab70000a8949a72ef96070d799b7c7304e29e50f2b5285c68d","","Canonical 4V6F identity did not complete; no browser query or screenshot is claimed."
"AV-001-01","AV","resi 45","tests/fixtures/mini-protein.pdb","VALID_EMPTY","APPLICABLE_TO_4V6F","BLOCKED_CANONICAL_IMPORT","","","","Canonical 4V6F identity did not complete; no browser query or screenshot is claimed."
"AV-001-02","AV","none","tests/fixtures/mini-protein.pdb","VALID_EMPTY","APPLICABLE_TO_4V6F","BLOCKED_CANONICAL_IMPORT","0","e3b0c44298fc1c149afbf4c8996fb92427ae41e4649b934ca495991b7852b855","","Canonical 4V6F identity did not complete; no browser query or screenshot is claimed."
"AV-001-03","AV","organic","tests/fixtures/mini-protein.pdb","VALID_NONEMPTY","APPLICABLE_TO_4V6F","BLOCKED_CANONICAL_IMPORT","0","e3b0c44298fc1c149afbf4c8996fb92427ae41e4649b934ca495991b7852b855","","Canonical 4V6F identity did not complete; no browser query or screenshot is claimed."
"AV-001-04","AV","none","tests/fixtures/mini-protein.pdb","VALID_EMPTY","APPLICABLE_TO_4V6F","BLOCKED_CANONICAL_IMPORT","0","e3b0c44298fc1c149afbf4c8996fb92427ae41e4649b934ca495991b7852b855","","Canonical 4V6F identity did not complete; no browser query or screenshot is claimed."
"AV-001-05","AV","chain A","tests/fixtures/mini-protein.pdb","VALID_NONEMPTY","APPLICABLE_TO_4V6F","BLOCKED_CANONICAL_IMPORT","","","","Canonical 4V6F identity did not complete; no browser query or screenshot is claimed."
"AV-001-06","AV","none","tests/fixtures/mini-protein.pdb","VALID_EMPTY","APPLICABLE_TO_4V6F","BLOCKED_CANONICAL_IMPORT","0","e3b0c44298fc1c149afbf4c8996fb92427ae41e4649b934ca495991b7852b855","","Canonical 4V6F identity did not complete; no browser query or screenshot is claimed."
"AV-002-01","AV","resi 45","tests/fixtures/mini-protein.pdb","VALID_EMPTY","APPLICABLE_TO_4V6F","BLOCKED_CANONICAL_IMPORT","","","","Canonical 4V6F identity did not complete; no browser query or screenshot is claimed."
"AV-002-02","AV","none","tests/fixtures/mini-protein.pdb","VALID_EMPTY","APPLICABLE_TO_4V6F","BLOCKED_CANONICAL_IMPORT","0","e3b0c44298fc1c149afbf4c8996fb92427ae41e4649b934ca495991b7852b855","","Canonical 4V6F identity did not complete; no browser query or screenshot is claimed."
"AV-002-03","AV","organic","tests/fixtures/mini-protein.pdb","VALID_NONEMPTY","APPLICABLE_TO_4V6F","BLOCKED_CANONICAL_IMPORT","0","e3b0c44298fc1c149afbf4c8996fb92427ae41e4649b934ca495991b7852b855","","Canonical 4V6F identity did not complete; no browser query or screenshot is claimed."
"AV-002-04","AV","none","tests/fixtures/mini-protein.pdb","VALID_EMPTY","APPLICABLE_TO_4V6F","BLOCKED_CANONICAL_IMPORT","0","e3b0c44298fc1c149afbf4c8996fb92427ae41e4649b934ca495991b7852b855","","Canonical 4V6F identity did not complete; no browser query or screenshot is claimed."
"AV-002-05","AV","chain A","tests/fixtures/mini-protein.pdb","VALID_NONEMPTY","APPLICABLE_TO_4V6F","BLOCKED_CANONICAL_IMPORT","","","","Canonical 4V6F identity did not complete; no browser query or screenshot is claimed."
"AV-002-06","AV","none","tests/fixtures/mini-protein.pdb","VALID_EMPTY","APPLICABLE_TO_4V6F","BLOCKED_CANONICAL_IMPORT","0","e3b0c44298fc1c149afbf4c8996fb92427ae41e4649b934ca495991b7852b855","","Canonical 4V6F identity did not complete; no browser query or screenshot is claimed."
"AV-003-01","AV","resi 45","tests/fixtures/mini-protein.pdb","VALID_EMPTY","APPLICABLE_TO_4V6F","BLOCKED_CANONICAL_IMPORT","","","","Canonical 4V6F identity did not complete; no browser query or screenshot is claimed."
"AV-003-02","AV","none","tests/fixtures/mini-protein.pdb","VALID_EMPTY","APPLICABLE_TO_4V6F","BLOCKED_CANONICAL_IMPORT","0","e3b0c44298fc1c149afbf4c8996fb92427ae41e4649b934ca495991b7852b855","","Canonical 4V6F identity did not complete; no browser query or screenshot is claimed."
"AV-003-03","AV","organic","tests/fixtures/mini-protein.pdb","VALID_NONEMPTY","APPLICABLE_TO_4V6F","BLOCKED_CANONICAL_IMPORT","0","e3b0c44298fc1c149afbf4c8996fb92427ae41e4649b934ca495991b7852b855","","Canonical 4V6F identity did not complete; no browser query or screenshot is claimed."
"AV-003-04","AV","none","tests/fixtures/mini-protein.pdb","VALID_EMPTY","APPLICABLE_TO_4V6F","BLOCKED_CANONICAL_IMPORT","0","e3b0c44298fc1c149afbf4c8996fb92427ae41e4649b934ca495991b7852b855","","Canonical 4V6F identity did not complete; no browser query or screenshot is claimed."
"AV-003-05","AV","chain A","tests/fixtures/mini-protein.pdb","VALID_NONEMPTY","APPLICABLE_TO_4V6F","BLOCKED_CANONICAL_IMPORT","","","","Canonical 4V6F identity did not complete; no browser query or screenshot is claimed."
"AV-003-06","AV","none","tests/fixtures/mini-protein.pdb","VALID_EMPTY","APPLICABLE_TO_4V6F","BLOCKED_CANONICAL_IMPORT","0","e3b0c44298fc1c149afbf4c8996fb92427ae41e4649b934ca495991b7852b855","","Canonical 4V6F identity did not complete; no browser query or screenshot is claimed."
"AV-004-01","AV","resi 45","tests/fixtures/mini-protein.pdb","VALID_EMPTY","APPLICABLE_TO_4V6F","BLOCKED_CANONICAL_IMPORT","","","","Canonical 4V6F identity did not complete; no browser query or screenshot is claimed."
"AV-004-02","AV","none","tests/fixtures/mini-protein.pdb","VALID_EMPTY","APPLICABLE_TO_4V6F","BLOCKED_CANONICAL_IMPORT","0","e3b0c44298fc1c149afbf4c8996fb92427ae41e4649b934ca495991b7852b855","","Canonical 4V6F identity did not complete; no browser query or screenshot is claimed."
"AV-004-03","AV","organic","tests/fixtures/mini-protein.pdb","VALID_NONEMPTY","APPLICABLE_TO_4V6F","BLOCKED_CANONICAL_IMPORT","0","e3b0c44298fc1c149afbf4c8996fb92427ae41e4649b934ca495991b7852b855","","Canonical 4V6F identity did not complete; no browser query or screenshot is claimed."
"AV-004-04","AV","none","tests/fixtures/mini-protein.pdb","VALID_EMPTY","APPLICABLE_TO_4V6F","BLOCKED_CANONICAL_IMPORT","0","e3b0c44298fc1c149afbf4c8996fb92427ae41e4649b934ca495991b7852b855","","Canonical 4V6F identity did not complete; no browser query or screenshot is claimed."
"AV-004-05","AV","chain A","tests/fixtures/mini-protein.pdb","VALID_NONEMPTY","APPLICABLE_TO_4V6F","BLOCKED_CANONICAL_IMPORT","","","","Canonical 4V6F identity did not complete; no browser query or screenshot is claimed."
"AV-004-06","AV","none","tests/fixtures/mini-protein.pdb","VALID_EMPTY","APPLICABLE_TO_4V6F","BLOCKED_CANONICAL_IMPORT","0","e3b0c44298fc1c149afbf4c8996fb92427ae41e4649b934ca495991b7852b855","","Canonical 4V6F identity did not complete; no browser query or screenshot is claimed."
"AV-005-01","AV","resi 45","tests/fixtures/mini-protein.pdb","VALID_EMPTY","APPLICABLE_TO_4V6F","BLOCKED_CANONICAL_IMPORT","","","","Canonical 4V6F identity did not complete; no browser query or screenshot is claimed."
"AV-005-02","AV","none","tests/fixtures/mini-protein.pdb","VALID_EMPTY","APPLICABLE_TO_4V6F","BLOCKED_CANONICAL_IMPORT","0","e3b0c44298fc1c149afbf4c8996fb92427ae41e4649b934ca495991b7852b855","","Canonical 4V6F identity did not complete; no browser query or screenshot is claimed."
"AV-005-03","AV","organic","tests/fixtures/mini-protein.pdb","VALID_NONEMPTY","APPLICABLE_TO_4V6F","BLOCKED_CANONICAL_IMPORT","0","e3b0c44298fc1c149afbf4c8996fb92427ae41e4649b934ca495991b7852b855","","Canonical 4V6F identity did not complete; no browser query or screenshot is claimed."
"AV-005-04","AV","none","tests/fixtures/mini-protein.pdb","VALID_EMPTY","APPLICABLE_TO_4V6F","BLOCKED_CANONICAL_IMPORT","0","e3b0c44298fc1c149afbf4c8996fb92427ae41e4649b934ca495991b7852b855","","Canonical 4V6F identity did not complete; no browser query or screenshot is claimed."
"AV-005-05","AV","chain A","tests/fixtures/mini-protein.pdb","VALID_NONEMPTY","APPLICABLE_TO_4V6F","BLOCKED_CANONICAL_IMPORT","","","","Canonical 4V6F identity did not complete; no browser query or screenshot is claimed."
"AV-005-06","AV","none","tests/fixtures/mini-protein.pdb","VALID_EMPTY","APPLICABLE_TO_4V6F","BLOCKED_CANONICAL_IMPORT","0","e3b0c44298fc1c149afbf4c8996fb92427ae41e4649b934ca495991b7852b855","","Canonical 4V6F identity did not complete; no browser query or screenshot is claimed."
"AV-006-01","AV","resi 45","tests/fixtures/mini-protein.pdb","VALID_EMPTY","APPLICABLE_TO_4V6F","BLOCKED_CANONICAL_IMPORT","","","","Canonical 4V6F identity did not complete; no browser query or screenshot is claimed."
"AV-006-02","AV","none","tests/fixtures/mini-protein.pdb","VALID_EMPTY","APPLICABLE_TO_4V6F","BLOCKED_CANONICAL_IMPORT","0","e3b0c44298fc1c149afbf4c8996fb92427ae41e4649b934ca495991b7852b855","","Canonical 4V6F identity did not complete; no browser query or screenshot is claimed."
"AV-006-03","AV","organic","tests/fixtures/mini-protein.pdb","VALID_NONEMPTY","APPLICABLE_TO_4V6F","BLOCKED_CANONICAL_IMPORT","0","e3b0c44298fc1c149afbf4c8996fb92427ae41e4649b934ca495991b7852b855","","Canonical 4V6F identity did not complete; no browser query or screenshot is claimed."
"AV-006-04","AV","none","tests/fixtures/mini-protein.pdb","VALID_EMPTY","APPLICABLE_TO_4V6F","BLOCKED_CANONICAL_IMPORT","0","e3b0c44298fc1c149afbf4c8996fb92427ae41e4649b934ca495991b7852b855","","Canonical 4V6F identity did not complete; no browser query or screenshot is claimed."
"AV-006-05","AV","chain A","tests/fixtures/mini-protein.pdb","VALID_NONEMPTY","APPLICABLE_TO_4V6F","BLOCKED_CANONICAL_IMPORT","","","","Canonical 4V6F identity did not complete; no browser query or screenshot is claimed."
"AV-006-06","AV","none","tests/fixtures/mini-protein.pdb","VALID_EMPTY","APPLICABLE_TO_4V6F","BLOCKED_CANONICAL_IMPORT","0","e3b0c44298fc1c149afbf4c8996fb92427ae41e4649b934ca495991b7852b855","","Canonical 4V6F identity did not complete; no browser query or screenshot is claimed."
"AV-007-01","AV","resi 45","tests/fixtures/mini-protein.pdb","VALID_EMPTY","APPLICABLE_TO_4V6F","BLOCKED_CANONICAL_IMPORT","","","","Canonical 4V6F identity did not complete; no browser query or screenshot is claimed."
"AV-007-02","AV","none","tests/fixtures/mini-protein.pdb","VALID_EMPTY","APPLICABLE_TO_4V6F","BLOCKED_CANONICAL_IMPORT","0","e3b0c44298fc1c149afbf4c8996fb92427ae41e4649b934ca495991b7852b855","","Canonical 4V6F identity did not complete; no browser query or screenshot is claimed."
"AV-007-03","AV","organic","tests/fixtures/mini-protein.pdb","VALID_NONEMPTY","APPLICABLE_TO_4V6F","BLOCKED_CANONICAL_IMPORT","0","e3b0c44298fc1c149afbf4c8996fb92427ae41e4649b934ca495991b7852b855","","Canonical 4V6F identity did not complete; no browser query or screenshot is claimed."
"AV-007-04","AV","none","tests/fixtures/mini-protein.pdb","VALID_EMPTY","APPLICABLE_TO_4V6F","BLOCKED_CANONICAL_IMPORT","0","e3b0c44298fc1c149afbf4c8996fb92427ae41e4649b934ca495991b7852b855","","Canonical 4V6F identity did not complete; no browser query or screenshot is claimed."
"AV-007-05","AV","chain A","tests/fixtures/mini-protein.pdb","VALID_NONEMPTY","APPLICABLE_TO_4V6F","BLOCKED_CANONICAL_IMPORT","","","","Canonical 4V6F identity did not complete; no browser query or screenshot is claimed."
"AV-007-06","AV","none","tests/fixtures/mini-protein.pdb","VALID_EMPTY","APPLICABLE_TO_4V6F","BLOCKED_CANONICAL_IMPORT","0","e3b0c44298fc1c149afbf4c8996fb92427ae41e4649b934ca495991b7852b855","","Canonical 4V6F identity did not complete; no browser query or screenshot is claimed."
"AV-008-01","AV","resi 45","tests/fixtures/mini-protein.pdb","VALID_EMPTY","APPLICABLE_TO_4V6F","BLOCKED_CANONICAL_IMPORT","","","","Canonical 4V6F identity did not complete; no browser query or screenshot is claimed."
"AV-008-02","AV","none","tests/fixtures/mini-protein.pdb","VALID_EMPTY","APPLICABLE_TO_4V6F","BLOCKED_CANONICAL_IMPORT","0","e3b0c44298fc1c149afbf4c8996fb92427ae41e4649b934ca495991b7852b855","","Canonical 4V6F identity did not complete; no browser query or screenshot is claimed."
"AV-008-03","AV","organic","tests/fixtures/mini-protein.pdb","VALID_NONEMPTY","APPLICABLE_TO_4V6F","BLOCKED_CANONICAL_IMPORT","0","e3b0c44298fc1c149afbf4c8996fb92427ae41e4649b934ca495991b7852b855","","Canonical 4V6F identity did not complete; no browser query or screenshot is claimed."
"AV-008-04","AV","none","tests/fixtures/mini-protein.pdb","VALID_EMPTY","APPLICABLE_TO_4V6F","BLOCKED_CANONICAL_IMPORT","0","e3b0c44298fc1c149afbf4c8996fb92427ae41e4649b934ca495991b7852b855","","Canonical 4V6F identity did not complete; no browser query or screenshot is claimed."
"AV-008-05","AV","chain A","tests/fixtures/mini-protein.pdb","VALID_NONEMPTY","APPLICABLE_TO_4V6F","BLOCKED_CANONICAL_IMPORT","","","","Canonical 4V6F identity did not complete; no browser query or screenshot is claimed."
"AV-008-06","AV","none","tests/fixtures/mini-protein.pdb","VALID_EMPTY","APPLICABLE_TO_4V6F","BLOCKED_CANONICAL_IMPORT","0","e3b0c44298fc1c149afbf4c8996fb92427ae41e4649b934ca495991b7852b855","","Canonical 4V6F identity did not complete; no browser query or screenshot is claimed."
"AV-009-01","AV","resi 45","tests/fixtures/mini-protein.pdb","VALID_EMPTY","APPLICABLE_TO_4V6F","BLOCKED_CANONICAL_IMPORT","","","","Canonical 4V6F identity did not complete; no browser query or screenshot is claimed."
"AV-009-02","AV","none","tests/fixtures/mini-protein.pdb","VALID_EMPTY","APPLICABLE_TO_4V6F","BLOCKED_CANONICAL_IMPORT","0","e3b0c44298fc1c149afbf4c8996fb92427ae41e4649b934ca495991b7852b855","","Canonical 4V6F identity did not complete; no browser query or screenshot is claimed."
"AV-009-03","AV","organic","tests/fixtures/mini-protein.pdb","VALID_NONEMPTY","APPLICABLE_TO_4V6F","BLOCKED_CANONICAL_IMPORT","0","e3b0c44298fc1c149afbf4c8996fb92427ae41e4649b934ca495991b7852b855","","Canonical 4V6F identity did not complete; no browser query or screenshot is claimed."
"AV-009-04","AV","none","tests/fixtures/mini-protein.pdb","VALID_EMPTY","APPLICABLE_TO_4V6F","BLOCKED_CANONICAL_IMPORT","0","e3b0c44298fc1c149afbf4c8996fb92427ae41e4649b934ca495991b7852b855","","Canonical 4V6F identity did not complete; no browser query or screenshot is claimed."
"AV-009-05","AV","chain A","tests/fixtures/mini-protein.pdb","VALID_NONEMPTY","APPLICABLE_TO_4V6F","BLOCKED_CANONICAL_IMPORT","","","","Canonical 4V6F identity did not complete; no browser query or screenshot is claimed."
"AV-009-06","AV","none","tests/fixtures/mini-protein.pdb","VALID_EMPTY","APPLICABLE_TO_4V6F","BLOCKED_CANONICAL_IMPORT","0","e3b0c44298fc1c149afbf4c8996fb92427ae41e4649b934ca495991b7852b855","","Canonical 4V6F identity did not complete; no browser query or screenshot is claimed."
"AV-010-01","AV","resi 45","tests/fixtures/mini-protein.pdb","VALID_EMPTY","APPLICABLE_TO_4V6F","BLOCKED_CANONICAL_IMPORT","","","","Canonical 4V6F identity did not complete; no browser query or screenshot is claimed."
"AV-010-02","AV","none","tests/fixtures/mini-protein.pdb","VALID_EMPTY","APPLICABLE_TO_4V6F","BLOCKED_CANONICAL_IMPORT","0","e3b0c44298fc1c149afbf4c8996fb92427ae41e4649b934ca495991b7852b855","","Canonical 4V6F identity did not complete; no browser query or screenshot is claimed."
"AV-010-03","AV","organic","tests/fixtures/mini-protein.pdb","VALID_NONEMPTY","APPLICABLE_TO_4V6F","BLOCKED_CANONICAL_IMPORT","0","e3b0c44298fc1c149afbf4c8996fb92427ae41e4649b934ca495991b7852b855","","Canonical 4V6F identity did not complete; no browser query or screenshot is claimed."
"AV-010-04","AV","none","tests/fixtures/mini-protein.pdb","VALID_EMPTY","APPLICABLE_TO_4V6F","BLOCKED_CANONICAL_IMPORT","0","e3b0c44298fc1c149afbf4c8996fb92427ae41e4649b934ca495991b7852b855","","Canonical 4V6F identity did not complete; no browser query or screenshot is claimed."
"AV-010-05","AV","chain A","tests/fixtures/mini-protein.pdb","VALID_NONEMPTY","APPLICABLE_TO_4V6F","BLOCKED_CANONICAL_IMPORT","","","","Canonical 4V6F identity did not complete; no browser query or screenshot is claimed."
"AV-010-06","AV","none","tests/fixtures/mini-protein.pdb","VALID_EMPTY","APPLICABLE_TO_4V6F","BLOCKED_CANONICAL_IMPORT","0","e3b0c44298fc1c149afbf4c8996fb92427ae41e4649b934ca495991b7852b855","","Canonical 4V6F identity did not complete; no browser query or screenshot is claimed."
"AV-011-01","AV","resi 45","tests/fixtures/mini-protein.pdb","VALID_EMPTY","APPLICABLE_TO_4V6F","BLOCKED_CANONICAL_IMPORT","","","","Canonical 4V6F identity did not complete; no browser query or screenshot is claimed."
"AV-011-02","AV","none","tests/fixtures/mini-protein.pdb","VALID_EMPTY","APPLICABLE_TO_4V6F","BLOCKED_CANONICAL_IMPORT","0","e3b0c44298fc1c149afbf4c8996fb92427ae41e4649b934ca495991b7852b855","","Canonical 4V6F identity did not complete; no browser query or screenshot is claimed."
"AV-011-03","AV","organic","tests/fixtures/mini-protein.pdb","VALID_NONEMPTY","APPLICABLE_TO_4V6F","BLOCKED_CANONICAL_IMPORT","0","e3b0c44298fc1c149afbf4c8996fb92427ae41e4649b934ca495991b7852b855","","Canonical 4V6F identity did not complete; no browser query or screenshot is claimed."
"AV-011-04","AV","none","tests/fixtures/mini-protein.pdb","VALID_EMPTY","APPLICABLE_TO_4V6F","BLOCKED_CANONICAL_IMPORT","0","e3b0c44298fc1c149afbf4c8996fb92427ae41e4649b934ca495991b7852b855","","Canonical 4V6F identity did not complete; no browser query or screenshot is claimed."
"AV-011-05","AV","chain A","tests/fixtures/mini-protein.pdb","VALID_NONEMPTY","APPLICABLE_TO_4V6F","BLOCKED_CANONICAL_IMPORT","","","","Canonical 4V6F identity did not complete; no browser query or screenshot is claimed."
"AV-011-06","AV","none","tests/fixtures/mini-protein.pdb","VALID_EMPTY","APPLICABLE_TO_4V6F","BLOCKED_CANONICAL_IMPORT","0","e3b0c44298fc1c149afbf4c8996fb92427ae41e4649b934ca495991b7852b855","","Canonical 4V6F identity did not complete; no browser query or screenshot is claimed."
"AV-012-01","AV","resi 45","tests/fixtures/mini-protein.pdb","VALID_EMPTY","APPLICABLE_TO_4V6F","BLOCKED_CANONICAL_IMPORT","","","","Canonical 4V6F identity did not complete; no browser query or screenshot is claimed."
"AV-012-02","AV","none","tests/fixtures/mini-protein.pdb","VALID_EMPTY","APPLICABLE_TO_4V6F","BLOCKED_CANONICAL_IMPORT","0","e3b0c44298fc1c149afbf4c8996fb92427ae41e4649b934ca495991b7852b855","","Canonical 4V6F identity did not complete; no browser query or screenshot is claimed."
"AV-012-03","AV","organic","tests/fixtures/mini-protein.pdb","VALID_NONEMPTY","APPLICABLE_TO_4V6F","BLOCKED_CANONICAL_IMPORT","0","e3b0c44298fc1c149afbf4c8996fb92427ae41e4649b934ca495991b7852b855","","Canonical 4V6F identity did not complete; no browser query or screenshot is claimed."
"AV-012-04","AV","none","tests/fixtures/mini-protein.pdb","VALID_EMPTY","APPLICABLE_TO_4V6F","BLOCKED_CANONICAL_IMPORT","0","e3b0c44298fc1c149afbf4c8996fb92427ae41e4649b934ca495991b7852b855","","Canonical 4V6F identity did not complete; no browser query or screenshot is claimed."
"AV-012-05","AV","chain A","tests/fixtures/mini-protein.pdb","VALID_NONEMPTY","APPLICABLE_TO_4V6F","BLOCKED_CANONICAL_IMPORT","","","","Canonical 4V6F identity did not complete; no browser query or screenshot is claimed."
"AV-012-06","AV","none","tests/fixtures/mini-protein.pdb","VALID_EMPTY","APPLICABLE_TO_4V6F","BLOCKED_CANONICAL_IMPORT","0","e3b0c44298fc1c149afbf4c8996fb92427ae41e4649b934ca495991b7852b855","","Canonical 4V6F identity did not complete; no browser query or screenshot is claimed."
"AV-013-01","AV","resi 45","tests/fixtures/mini-protein.pdb","VALID_EMPTY","APPLICABLE_TO_4V6F","BLOCKED_CANONICAL_IMPORT","","","","Canonical 4V6F identity did not complete; no browser query or screenshot is claimed."
"AV-013-02","AV","none","tests/fixtures/mini-protein.pdb","VALID_EMPTY","APPLICABLE_TO_4V6F","BLOCKED_CANONICAL_IMPORT","0","e3b0c44298fc1c149afbf4c8996fb92427ae41e4649b934ca495991b7852b855","","Canonical 4V6F identity did not complete; no browser query or screenshot is claimed."
"AV-013-03","AV","organic","tests/fixtures/mini-protein.pdb","VALID_NONEMPTY","APPLICABLE_TO_4V6F","BLOCKED_CANONICAL_IMPORT","0","e3b0c44298fc1c149afbf4c8996fb92427ae41e4649b934ca495991b7852b855","","Canonical 4V6F identity did not complete; no browser query or screenshot is claimed."
"AV-013-04","AV","none","tests/fixtures/mini-protein.pdb","VALID_EMPTY","APPLICABLE_TO_4V6F","BLOCKED_CANONICAL_IMPORT","0","e3b0c44298fc1c149afbf4c8996fb92427ae41e4649b934ca495991b7852b855","","Canonical 4V6F identity did not complete; no browser query or screenshot is claimed."
"AV-013-05","AV","chain A","tests/fixtures/mini-protein.pdb","VALID_NONEMPTY","APPLICABLE_TO_4V6F","BLOCKED_CANONICAL_IMPORT","","","","Canonical 4V6F identity did not complete; no browser query or screenshot is claimed."
"AV-013-06","AV","none","tests/fixtures/mini-protein.pdb","VALID_EMPTY","APPLICABLE_TO_4V6F","BLOCKED_CANONICAL_IMPORT","0","e3b0c44298fc1c149afbf4c8996fb92427ae41e4649b934ca495991b7852b855","","Canonical 4V6F identity did not complete; no browser query or screenshot is claimed."
"AV-014-01","AV","resi 45","tests/fixtures/mini-protein.pdb","VALID_EMPTY","APPLICABLE_TO_4V6F","BLOCKED_CANONICAL_IMPORT","","","","Canonical 4V6F identity did not complete; no browser query or screenshot is claimed."
"AV-014-02","AV","none","tests/fixtures/mini-protein.pdb","VALID_EMPTY","APPLICABLE_TO_4V6F","BLOCKED_CANONICAL_IMPORT","0","e3b0c44298fc1c149afbf4c8996fb92427ae41e4649b934ca495991b7852b855","","Canonical 4V6F identity did not complete; no browser query or screenshot is claimed."
"AV-014-03","AV","organic","tests/fixtures/mini-protein.pdb","VALID_NONEMPTY","APPLICABLE_TO_4V6F","BLOCKED_CANONICAL_IMPORT","0","e3b0c44298fc1c149afbf4c8996fb92427ae41e4649b934ca495991b7852b855","","Canonical 4V6F identity did not complete; no browser query or screenshot is claimed."
"AV-014-04","AV","none","tests/fixtures/mini-protein.pdb","VALID_EMPTY","APPLICABLE_TO_4V6F","BLOCKED_CANONICAL_IMPORT","0","e3b0c44298fc1c149afbf4c8996fb92427ae41e4649b934ca495991b7852b855","","Canonical 4V6F identity did not complete; no browser query or screenshot is claimed."
"AV-014-05","AV","chain A","tests/fixtures/mini-protein.pdb","VALID_NONEMPTY","APPLICABLE_TO_4V6F","BLOCKED_CANONICAL_IMPORT","","","","Canonical 4V6F identity did not complete; no browser query or screenshot is claimed."
"AV-014-06","AV","none","tests/fixtures/mini-protein.pdb","VALID_EMPTY","APPLICABLE_TO_4V6F","BLOCKED_CANONICAL_IMPORT","0","e3b0c44298fc1c149afbf4c8996fb92427ae41e4649b934ca495991b7852b855","","Canonical 4V6F identity did not complete; no browser query or screenshot is claimed."
"AV-015-01","AV","resi 45","tests/fixtures/mini-protein.pdb","VALID_EMPTY","APPLICABLE_TO_4V6F","BLOCKED_CANONICAL_IMPORT","","","","Canonical 4V6F identity did not complete; no browser query or screenshot is claimed."
"AV-015-02","AV","none","tests/fixtures/mini-protein.pdb","VALID_EMPTY","APPLICABLE_TO_4V6F","BLOCKED_CANONICAL_IMPORT","0","e3b0c44298fc1c149afbf4c8996fb92427ae41e4649b934ca495991b7852b855","","Canonical 4V6F identity did not complete; no browser query or screenshot is claimed."
"AV-015-03","AV","organic","tests/fixtures/mini-protein.pdb","VALID_NONEMPTY","APPLICABLE_TO_4V6F","BLOCKED_CANONICAL_IMPORT","0","e3b0c44298fc1c149afbf4c8996fb92427ae41e4649b934ca495991b7852b855","","Canonical 4V6F identity did not complete; no browser query or screenshot is claimed."
"AV-015-04","AV","none","tests/fixtures/mini-protein.pdb","VALID_EMPTY","APPLICABLE_TO_4V6F","BLOCKED_CANONICAL_IMPORT","0","e3b0c44298fc1c149afbf4c8996fb92427ae41e4649b934ca495991b7852b855","","Canonical 4V6F identity did not complete; no browser query or screenshot is claimed."
"AV-015-05","AV","chain A","tests/fixtures/mini-protein.pdb","VALID_NONEMPTY","APPLICABLE_TO_4V6F","BLOCKED_CANONICAL_IMPORT","","","","Canonical 4V6F identity did not complete; no browser query or screenshot is claimed."
"AV-015-06","AV","none","tests/fixtures/mini-protein.pdb","VALID_EMPTY","APPLICABLE_TO_4V6F","BLOCKED_CANONICAL_IMPORT","0","e3b0c44298fc1c149afbf4c8996fb92427ae41e4649b934ca495991b7852b855","","Canonical 4V6F identity did not complete; no browser query or screenshot is claimed."
"AV-016-01","AV","resi 45","tests/fixtures/mini-protein.pdb","VALID_EMPTY","APPLICABLE_TO_4V6F","BLOCKED_CANONICAL_IMPORT","","","","Canonical 4V6F identity did not complete; no browser query or screenshot is claimed."
"AV-016-02","AV","none","tests/fixtures/mini-protein.pdb","VALID_EMPTY","APPLICABLE_TO_4V6F","BLOCKED_CANONICAL_IMPORT","0","e3b0c44298fc1c149afbf4c8996fb92427ae41e4649b934ca495991b7852b855","","Canonical 4V6F identity did not complete; no browser query or screenshot is claimed."
"AV-016-03","AV","organic","tests/fixtures/mini-protein.pdb","VALID_NONEMPTY","APPLICABLE_TO_4V6F","BLOCKED_CANONICAL_IMPORT","0","e3b0c44298fc1c149afbf4c8996fb92427ae41e4649b934ca495991b7852b855","","Canonical 4V6F identity did not complete; no browser query or screenshot is claimed."
"AV-016-04","AV","none","tests/fixtures/mini-protein.pdb","VALID_EMPTY","APPLICABLE_TO_4V6F","BLOCKED_CANONICAL_IMPORT","0","e3b0c44298fc1c149afbf4c8996fb92427ae41e4649b934ca495991b7852b855","","Canonical 4V6F identity did not complete; no browser query or screenshot is claimed."
"AV-016-05","AV","chain A","tests/fixtures/mini-protein.pdb","VALID_NONEMPTY","APPLICABLE_TO_4V6F","BLOCKED_CANONICAL_IMPORT","","","","Canonical 4V6F identity did not complete; no browser query or screenshot is claimed."
"AV-016-06","AV","none","tests/fixtures/mini-protein.pdb","VALID_EMPTY","APPLICABLE_TO_4V6F","BLOCKED_CANONICAL_IMPORT","0","e3b0c44298fc1c149afbf4c8996fb92427ae41e4649b934ca495991b7852b855","","Canonical 4V6F identity did not complete; no browser query or screenshot is claimed."
"AV-017-01","AV","resi 45","tests/fixtures/mini-protein.pdb","VALID_EMPTY","APPLICABLE_TO_4V6F","BLOCKED_CANONICAL_IMPORT","","","","Canonical 4V6F identity did not complete; no browser query or screenshot is claimed."
"AV-017-02","AV","none","tests/fixtures/mini-protein.pdb","VALID_EMPTY","APPLICABLE_TO_4V6F","BLOCKED_CANONICAL_IMPORT","0","e3b0c44298fc1c149afbf4c8996fb92427ae41e4649b934ca495991b7852b855","","Canonical 4V6F identity did not complete; no browser query or screenshot is claimed."
"AV-017-03","AV","organic","tests/fixtures/mini-protein.pdb","VALID_NONEMPTY","APPLICABLE_TO_4V6F","BLOCKED_CANONICAL_IMPORT","0","e3b0c44298fc1c149afbf4c8996fb92427ae41e4649b934ca495991b7852b855","","Canonical 4V6F identity did not complete; no browser query or screenshot is claimed."
"AV-017-04","AV","none","tests/fixtures/mini-protein.pdb","VALID_EMPTY","APPLICABLE_TO_4V6F","BLOCKED_CANONICAL_IMPORT","0","e3b0c44298fc1c149afbf4c8996fb92427ae41e4649b934ca495991b7852b855","","Canonical 4V6F identity did not complete; no browser query or screenshot is claimed."
"AV-017-05","AV","chain A","tests/fixtures/mini-protein.pdb","VALID_NONEMPTY","APPLICABLE_TO_4V6F","BLOCKED_CANONICAL_IMPORT","","","","Canonical 4V6F identity did not complete; no browser query or screenshot is claimed."
"AV-017-06","AV","none","tests/fixtures/mini-protein.pdb","VALID_EMPTY","APPLICABLE_TO_4V6F","BLOCKED_CANONICAL_IMPORT","0","e3b0c44298fc1c149afbf4c8996fb92427ae41e4649b934ca495991b7852b855","","Canonical 4V6F identity did not complete; no browser query or screenshot is claimed."
"AV-018-01","AV","resi 45","tests/fixtures/mini-protein.pdb","VALID_EMPTY","APPLICABLE_TO_4V6F","BLOCKED_CANONICAL_IMPORT","","","","Canonical 4V6F identity did not complete; no browser query or screenshot is claimed."
"AV-018-02","AV","none","tests/fixtures/mini-protein.pdb","VALID_EMPTY","APPLICABLE_TO_4V6F","BLOCKED_CANONICAL_IMPORT","0","e3b0c44298fc1c149afbf4c8996fb92427ae41e4649b934ca495991b7852b855","","Canonical 4V6F identity did not complete; no browser query or screenshot is claimed."
"AV-018-03","AV","organic","tests/fixtures/mini-protein.pdb","VALID_NONEMPTY","APPLICABLE_TO_4V6F","BLOCKED_CANONICAL_IMPORT","0","e3b0c44298fc1c149afbf4c8996fb92427ae41e4649b934ca495991b7852b855","","Canonical 4V6F identity did not complete; no browser query or screenshot is claimed."
"AV-018-04","AV","none","tests/fixtures/mini-protein.pdb","VALID_EMPTY","APPLICABLE_TO_4V6F","BLOCKED_CANONICAL_IMPORT","0","e3b0c44298fc1c149afbf4c8996fb92427ae41e4649b934ca495991b7852b855","","Canonical 4V6F identity did not complete; no browser query or screenshot is claimed."
"AV-018-05","AV","chain A","tests/fixtures/mini-protein.pdb","VALID_NONEMPTY","APPLICABLE_TO_4V6F","BLOCKED_CANONICAL_IMPORT","","","","Canonical 4V6F identity did not complete; no browser query or screenshot is claimed."
"AV-018-06","AV","none","tests/fixtures/mini-protein.pdb","VALID_EMPTY","APPLICABLE_TO_4V6F","BLOCKED_CANONICAL_IMPORT","0","e3b0c44298fc1c149afbf4c8996fb92427ae41e4649b934ca495991b7852b855","","Canonical 4V6F identity did not complete; no browser query or screenshot is claimed."
"AV-019-01","AV","resi 45","tests/fixtures/mini-protein.pdb","VALID_EMPTY","APPLICABLE_TO_4V6F","BLOCKED_CANONICAL_IMPORT","","","","Canonical 4V6F identity did not complete; no browser query or screenshot is claimed."
"AV-019-02","AV","none","tests/fixtures/mini-protein.pdb","VALID_EMPTY","APPLICABLE_TO_4V6F","BLOCKED_CANONICAL_IMPORT","0","e3b0c44298fc1c149afbf4c8996fb92427ae41e4649b934ca495991b7852b855","","Canonical 4V6F identity did not complete; no browser query or screenshot is claimed."
"AV-019-03","AV","organic","tests/fixtures/mini-protein.pdb","VALID_NONEMPTY","APPLICABLE_TO_4V6F","BLOCKED_CANONICAL_IMPORT","0","e3b0c44298fc1c149afbf4c8996fb92427ae41e4649b934ca495991b7852b855","","Canonical 4V6F identity did not complete; no browser query or screenshot is claimed."
"AV-019-04","AV","none","tests/fixtures/mini-protein.pdb","VALID_EMPTY","APPLICABLE_TO_4V6F","BLOCKED_CANONICAL_IMPORT","0","e3b0c44298fc1c149afbf4c8996fb92427ae41e4649b934ca495991b7852b855","","Canonical 4V6F identity did not complete; no browser query or screenshot is claimed."
"AV-019-05","AV","chain A","tests/fixtures/mini-protein.pdb","VALID_NONEMPTY","APPLICABLE_TO_4V6F","BLOCKED_CANONICAL_IMPORT","","","","Canonical 4V6F identity did not complete; no browser query or screenshot is claimed."
"AV-019-06","AV","none","tests/fixtures/mini-protein.pdb","VALID_EMPTY","APPLICABLE_TO_4V6F","BLOCKED_CANONICAL_IMPORT","0","e3b0c44298fc1c149afbf4c8996fb92427ae41e4649b934ca495991b7852b855","","Canonical 4V6F identity did not complete; no browser query or screenshot is claimed."
"AV-020-01","AV","resi 45","tests/fixtures/mini-protein.pdb","VALID_EMPTY","APPLICABLE_TO_4V6F","BLOCKED_CANONICAL_IMPORT","","","","Canonical 4V6F identity did not complete; no browser query or screenshot is claimed."
"AV-020-02","AV","none","tests/fixtures/mini-protein.pdb","VALID_EMPTY","APPLICABLE_TO_4V6F","BLOCKED_CANONICAL_IMPORT","0","e3b0c44298fc1c149afbf4c8996fb92427ae41e4649b934ca495991b7852b855","","Canonical 4V6F identity did not complete; no browser query or screenshot is claimed."
"AV-020-03","AV","organic","tests/fixtures/mini-protein.pdb","VALID_NONEMPTY","APPLICABLE_TO_4V6F","BLOCKED_CANONICAL_IMPORT","0","e3b0c44298fc1c149afbf4c8996fb92427ae41e4649b934ca495991b7852b855","","Canonical 4V6F identity did not complete; no browser query or screenshot is claimed."
"AV-020-04","AV","none","tests/fixtures/mini-protein.pdb","VALID_EMPTY","APPLICABLE_TO_4V6F","BLOCKED_CANONICAL_IMPORT","0","e3b0c44298fc1c149afbf4c8996fb92427ae41e4649b934ca495991b7852b855","","Canonical 4V6F identity did not complete; no browser query or screenshot is claimed."
"AV-020-05","AV","chain A","tests/fixtures/mini-protein.pdb","VALID_NONEMPTY","APPLICABLE_TO_4V6F","BLOCKED_CANONICAL_IMPORT","","","","Canonical 4V6F identity did not complete; no browser query or screenshot is claimed."
"AV-020-06","AV","none","tests/fixtures/mini-protein.pdb","VALID_EMPTY","APPLICABLE_TO_4V6F","BLOCKED_CANONICAL_IMPORT","0","e3b0c44298fc1c149afbf4c8996fb92427ae41e4649b934ca495991b7852b855","","Canonical 4V6F identity did not complete; no browser query or screenshot is claimed."
"AW-001-001","AW","chain A","tests/fixtures/mini-protein.pdb","VALID_NONEMPTY","APPLICABLE_TO_4V6F","BLOCKED_CANONICAL_IMPORT","","","","Canonical 4V6F identity did not complete; no browser query or screenshot is claimed."
"AW-001-002","AW","name CA","tests/fixtures/mini-protein.pdb","VALID_NONEMPTY","APPLICABLE_TO_4V6F","BLOCKED_CANONICAL_IMPORT","","","","Canonical 4V6F identity did not complete; no browser query or screenshot is claimed."
"AW-001-003","AW","resi 45","tests/fixtures/mini-protein.pdb","VALID_EMPTY","APPLICABLE_TO_4V6F","BLOCKED_CANONICAL_IMPORT","","","","Canonical 4V6F identity did not complete; no browser query or screenshot is claimed."
"AW-001-004","AW","organic","tests/fixtures/mini-protein.pdb","VALID_NONEMPTY","APPLICABLE_TO_4V6F","BLOCKED_CANONICAL_IMPORT","0","e3b0c44298fc1c149afbf4c8996fb92427ae41e4649b934ca495991b7852b855","","Canonical 4V6F identity did not complete; no browser query or screenshot is claimed."
"AW-001-005","AW","solvent","tests/fixtures/mini-protein.pdb","VALID_NONEMPTY","APPLICABLE_TO_4V6F","BLOCKED_CANONICAL_IMPORT","6","ac4eb51c83dd565771f0514c9873aa089c0e45a0fada0db6ef4534b1e91654b8","","Canonical 4V6F identity did not complete; no browser query or screenshot is claimed."
"AW-001-006","AW","all","tests/fixtures/mini-protein.pdb","VALID_NONEMPTY","APPLICABLE_TO_4V6F","BLOCKED_CANONICAL_IMPORT","307345","9995b6d7acc8eaab70000a8949a72ef96070d799b7c7304e29e50f2b5285c68d","","Canonical 4V6F identity did not complete; no browser query or screenshot is claimed."
"AW-001-007","AW","none","tests/fixtures/mini-protein.pdb","VALID_EMPTY","APPLICABLE_TO_4V6F","BLOCKED_CANONICAL_IMPORT","0","e3b0c44298fc1c149afbf4c8996fb92427ae41e4649b934ca495991b7852b855","","Canonical 4V6F identity did not complete; no browser query or screenshot is claimed."
"AW-001-008","AW","byres (polymer.protein within 4 of organic)","tests/fixtures/mini-protein.pdb","VALID_NONEMPTY","APPLICABLE_TO_4V6F","BLOCKED_CANONICAL_IMPORT","","","","Canonical 4V6F identity did not complete; no browser query or screenshot is claimed."
"AW-002-001","AW","chain A","tests/fixtures/mini-protein.pdb","VALID_NONEMPTY","APPLICABLE_TO_4V6F","BLOCKED_CANONICAL_IMPORT","","","","Canonical 4V6F identity did not complete; no browser query or screenshot is claimed."
"AW-002-002","AW","name CA","tests/fixtures/mini-protein.pdb","VALID_NONEMPTY","APPLICABLE_TO_4V6F","BLOCKED_CANONICAL_IMPORT","","","","Canonical 4V6F identity did not complete; no browser query or screenshot is claimed."
"AW-002-003","AW","resi 45","tests/fixtures/mini-protein.pdb","VALID_EMPTY","APPLICABLE_TO_4V6F","BLOCKED_CANONICAL_IMPORT","","","","Canonical 4V6F identity did not complete; no browser query or screenshot is claimed."
"AW-002-004","AW","organic","tests/fixtures/mini-protein.pdb","VALID_NONEMPTY","APPLICABLE_TO_4V6F","BLOCKED_CANONICAL_IMPORT","0","e3b0c44298fc1c149afbf4c8996fb92427ae41e4649b934ca495991b7852b855","","Canonical 4V6F identity did not complete; no browser query or screenshot is claimed."
"AW-002-005","AW","solvent","tests/fixtures/mini-protein.pdb","VALID_NONEMPTY","APPLICABLE_TO_4V6F","BLOCKED_CANONICAL_IMPORT","6","ac4eb51c83dd565771f0514c9873aa089c0e45a0fada0db6ef4534b1e91654b8","","Canonical 4V6F identity did not complete; no browser query or screenshot is claimed."
"AW-002-006","AW","all","tests/fixtures/mini-protein.pdb","VALID_NONEMPTY","APPLICABLE_TO_4V6F","BLOCKED_CANONICAL_IMPORT","307345","9995b6d7acc8eaab70000a8949a72ef96070d799b7c7304e29e50f2b5285c68d","","Canonical 4V6F identity did not complete; no browser query or screenshot is claimed."
"AW-002-007","AW","none","tests/fixtures/mini-protein.pdb","VALID_EMPTY","APPLICABLE_TO_4V6F","BLOCKED_CANONICAL_IMPORT","0","e3b0c44298fc1c149afbf4c8996fb92427ae41e4649b934ca495991b7852b855","","Canonical 4V6F identity did not complete; no browser query or screenshot is claimed."
"AW-002-008","AW","byres (polymer.protein within 4 of organic)","tests/fixtures/mini-protein.pdb","VALID_NONEMPTY","APPLICABLE_TO_4V6F","BLOCKED_CANONICAL_IMPORT","","","","Canonical 4V6F identity did not complete; no browser query or screenshot is claimed."
"AW-003-001","AW","chain A","tests/fixtures/mini-protein.pdb","VALID_NONEMPTY","APPLICABLE_TO_4V6F","BLOCKED_CANONICAL_IMPORT","","","","Canonical 4V6F identity did not complete; no browser query or screenshot is claimed."
"AW-003-002","AW","name CA","tests/fixtures/mini-protein.pdb","VALID_NONEMPTY","APPLICABLE_TO_4V6F","BLOCKED_CANONICAL_IMPORT","","","","Canonical 4V6F identity did not complete; no browser query or screenshot is claimed."
"AW-003-003","AW","resi 45","tests/fixtures/mini-protein.pdb","VALID_EMPTY","APPLICABLE_TO_4V6F","BLOCKED_CANONICAL_IMPORT","","","","Canonical 4V6F identity did not complete; no browser query or screenshot is claimed."
"AW-003-004","AW","organic","tests/fixtures/mini-protein.pdb","VALID_NONEMPTY","APPLICABLE_TO_4V6F","BLOCKED_CANONICAL_IMPORT","0","e3b0c44298fc1c149afbf4c8996fb92427ae41e4649b934ca495991b7852b855","","Canonical 4V6F identity did not complete; no browser query or screenshot is claimed."
"AW-003-005","AW","solvent","tests/fixtures/mini-protein.pdb","VALID_NONEMPTY","APPLICABLE_TO_4V6F","BLOCKED_CANONICAL_IMPORT","6","ac4eb51c83dd565771f0514c9873aa089c0e45a0fada0db6ef4534b1e91654b8","","Canonical 4V6F identity did not complete; no browser query or screenshot is claimed."
"AW-003-006","AW","all","tests/fixtures/mini-protein.pdb","VALID_NONEMPTY","APPLICABLE_TO_4V6F","BLOCKED_CANONICAL_IMPORT","307345","9995b6d7acc8eaab70000a8949a72ef96070d799b7c7304e29e50f2b5285c68d","","Canonical 4V6F identity did not complete; no browser query or screenshot is claimed."
"AW-003-007","AW","none","tests/fixtures/mini-protein.pdb","VALID_EMPTY","APPLICABLE_TO_4V6F","BLOCKED_CANONICAL_IMPORT","0","e3b0c44298fc1c149afbf4c8996fb92427ae41e4649b934ca495991b7852b855","","Canonical 4V6F identity did not complete; no browser query or screenshot is claimed."
"AW-003-008","AW","byres (polymer.protein within 4 of organic)","tests/fixtures/mini-protein.pdb","VALID_NONEMPTY","APPLICABLE_TO_4V6F","BLOCKED_CANONICAL_IMPORT","","","","Canonical 4V6F identity did not complete; no browser query or screenshot is claimed."
"AW-004-001","AW","chain A","tests/fixtures/mini-protein.pdb","VALID_NONEMPTY","APPLICABLE_TO_4V6F","BLOCKED_CANONICAL_IMPORT","","","","Canonical 4V6F identity did not complete; no browser query or screenshot is claimed."
"AW-004-002","AW","name CA","tests/fixtures/mini-protein.pdb","VALID_NONEMPTY","APPLICABLE_TO_4V6F","BLOCKED_CANONICAL_IMPORT","","","","Canonical 4V6F identity did not complete; no browser query or screenshot is claimed."
"AW-004-003","AW","resi 45","tests/fixtures/mini-protein.pdb","VALID_EMPTY","APPLICABLE_TO_4V6F","BLOCKED_CANONICAL_IMPORT","","","","Canonical 4V6F identity did not complete; no browser query or screenshot is claimed."
"AW-004-004","AW","organic","tests/fixtures/mini-protein.pdb","VALID_NONEMPTY","APPLICABLE_TO_4V6F","BLOCKED_CANONICAL_IMPORT","0","e3b0c44298fc1c149afbf4c8996fb92427ae41e4649b934ca495991b7852b855","","Canonical 4V6F identity did not complete; no browser query or screenshot is claimed."
"AW-004-005","AW","solvent","tests/fixtures/mini-protein.pdb","VALID_NONEMPTY","APPLICABLE_TO_4V6F","BLOCKED_CANONICAL_IMPORT","6","ac4eb51c83dd565771f0514c9873aa089c0e45a0fada0db6ef4534b1e91654b8","","Canonical 4V6F identity did not complete; no browser query or screenshot is claimed."
"AW-004-006","AW","all","tests/fixtures/mini-protein.pdb","VALID_NONEMPTY","APPLICABLE_TO_4V6F","BLOCKED_CANONICAL_IMPORT","307345","9995b6d7acc8eaab70000a8949a72ef96070d799b7c7304e29e50f2b5285c68d","","Canonical 4V6F identity did not complete; no browser query or screenshot is claimed."
"AW-004-007","AW","none","tests/fixtures/mini-protein.pdb","VALID_EMPTY","APPLICABLE_TO_4V6F","BLOCKED_CANONICAL_IMPORT","0","e3b0c44298fc1c149afbf4c8996fb92427ae41e4649b934ca495991b7852b855","","Canonical 4V6F identity did not complete; no browser query or screenshot is claimed."
"AW-004-008","AW","byres (polymer.protein within 4 of organic)","tests/fixtures/mini-protein.pdb","VALID_NONEMPTY","APPLICABLE_TO_4V6F","BLOCKED_CANONICAL_IMPORT","","","","Canonical 4V6F identity did not complete; no browser query or screenshot is claimed."
"AW-005-001","AW","chain A","tests/fixtures/mini-protein.pdb","VALID_NONEMPTY","APPLICABLE_TO_4V6F","BLOCKED_CANONICAL_IMPORT","","","","Canonical 4V6F identity did not complete; no browser query or screenshot is claimed."
"AW-005-002","AW","name CA","tests/fixtures/mini-protein.pdb","VALID_NONEMPTY","APPLICABLE_TO_4V6F","BLOCKED_CANONICAL_IMPORT","","","","Canonical 4V6F identity did not complete; no browser query or screenshot is claimed."
"AW-005-003","AW","resi 45","tests/fixtures/mini-protein.pdb","VALID_EMPTY","APPLICABLE_TO_4V6F","BLOCKED_CANONICAL_IMPORT","","","","Canonical 4V6F identity did not complete; no browser query or screenshot is claimed."
"AW-005-004","AW","organic","tests/fixtures/mini-protein.pdb","VALID_NONEMPTY","APPLICABLE_TO_4V6F","BLOCKED_CANONICAL_IMPORT","0","e3b0c44298fc1c149afbf4c8996fb92427ae41e4649b934ca495991b7852b855","","Canonical 4V6F identity did not complete; no browser query or screenshot is claimed."
"AW-005-005","AW","solvent","tests/fixtures/mini-protein.pdb","VALID_NONEMPTY","APPLICABLE_TO_4V6F","BLOCKED_CANONICAL_IMPORT","6","ac4eb51c83dd565771f0514c9873aa089c0e45a0fada0db6ef4534b1e91654b8","","Canonical 4V6F identity did not complete; no browser query or screenshot is claimed."
"AW-005-006","AW","all","tests/fixtures/mini-protein.pdb","VALID_NONEMPTY","APPLICABLE_TO_4V6F","BLOCKED_CANONICAL_IMPORT","307345","9995b6d7acc8eaab70000a8949a72ef96070d799b7c7304e29e50f2b5285c68d","","Canonical 4V6F identity did not complete; no browser query or screenshot is claimed."
"AW-005-007","AW","none","tests/fixtures/mini-protein.pdb","VALID_EMPTY","APPLICABLE_TO_4V6F","BLOCKED_CANONICAL_IMPORT","0","e3b0c44298fc1c149afbf4c8996fb92427ae41e4649b934ca495991b7852b855","","Canonical 4V6F identity did not complete; no browser query or screenshot is claimed."
"AW-005-008","AW","byres (polymer.protein within 4 of organic)","tests/fixtures/mini-protein.pdb","VALID_NONEMPTY","APPLICABLE_TO_4V6F","BLOCKED_CANONICAL_IMPORT","","","","Canonical 4V6F identity did not complete; no browser query or screenshot is claimed."
"AW-006-001","AW","chain A","tests/fixtures/mini-protein.pdb","VALID_NONEMPTY","APPLICABLE_TO_4V6F","BLOCKED_CANONICAL_IMPORT","","","","Canonical 4V6F identity did not complete; no browser query or screenshot is claimed."
"AW-006-002","AW","name CA","tests/fixtures/mini-protein.pdb","VALID_NONEMPTY","APPLICABLE_TO_4V6F","BLOCKED_CANONICAL_IMPORT","","","","Canonical 4V6F identity did not complete; no browser query or screenshot is claimed."
"AW-006-003","AW","resi 45","tests/fixtures/mini-protein.pdb","VALID_EMPTY","APPLICABLE_TO_4V6F","BLOCKED_CANONICAL_IMPORT","","","","Canonical 4V6F identity did not complete; no browser query or screenshot is claimed."
"AW-006-004","AW","organic","tests/fixtures/mini-protein.pdb","VALID_NONEMPTY","APPLICABLE_TO_4V6F","BLOCKED_CANONICAL_IMPORT","0","e3b0c44298fc1c149afbf4c8996fb92427ae41e4649b934ca495991b7852b855","","Canonical 4V6F identity did not complete; no browser query or screenshot is claimed."
"AW-006-005","AW","solvent","tests/fixtures/mini-protein.pdb","VALID_NONEMPTY","APPLICABLE_TO_4V6F","BLOCKED_CANONICAL_IMPORT","6","ac4eb51c83dd565771f0514c9873aa089c0e45a0fada0db6ef4534b1e91654b8","","Canonical 4V6F identity did not complete; no browser query or screenshot is claimed."
"AW-006-006","AW","all","tests/fixtures/mini-protein.pdb","VALID_NONEMPTY","APPLICABLE_TO_4V6F","BLOCKED_CANONICAL_IMPORT","307345","9995b6d7acc8eaab70000a8949a72ef96070d799b7c7304e29e50f2b5285c68d","","Canonical 4V6F identity did not complete; no browser query or screenshot is claimed."
"AW-006-007","AW","none","tests/fixtures/mini-protein.pdb","VALID_EMPTY","APPLICABLE_TO_4V6F","BLOCKED_CANONICAL_IMPORT","0","e3b0c44298fc1c149afbf4c8996fb92427ae41e4649b934ca495991b7852b855","","Canonical 4V6F identity did not complete; no browser query or screenshot is claimed."
"AW-006-008","AW","byres (polymer.protein within 4 of organic)","tests/fixtures/mini-protein.pdb","VALID_NONEMPTY","APPLICABLE_TO_4V6F","BLOCKED_CANONICAL_IMPORT","","","","Canonical 4V6F identity did not complete; no browser query or screenshot is claimed."
"AW-007-001","AW","chain A","tests/fixtures/mini-protein.pdb","VALID_NONEMPTY","APPLICABLE_TO_4V6F","BLOCKED_CANONICAL_IMPORT","","","","Canonical 4V6F identity did not complete; no browser query or screenshot is claimed."
"AW-007-002","AW","name CA","tests/fixtures/mini-protein.pdb","VALID_NONEMPTY","APPLICABLE_TO_4V6F","BLOCKED_CANONICAL_IMPORT","","","","Canonical 4V6F identity did not complete; no browser query or screenshot is claimed."
"AW-007-003","AW","resi 45","tests/fixtures/mini-protein.pdb","VALID_EMPTY","APPLICABLE_TO_4V6F","BLOCKED_CANONICAL_IMPORT","","","","Canonical 4V6F identity did not complete; no browser query or screenshot is claimed."
"AW-007-004","AW","organic","tests/fixtures/mini-protein.pdb","VALID_NONEMPTY","APPLICABLE_TO_4V6F","BLOCKED_CANONICAL_IMPORT","0","e3b0c44298fc1c149afbf4c8996fb92427ae41e4649b934ca495991b7852b855","","Canonical 4V6F identity did not complete; no browser query or screenshot is claimed."
"AW-007-005","AW","solvent","tests/fixtures/mini-protein.pdb","VALID_NONEMPTY","APPLICABLE_TO_4V6F","BLOCKED_CANONICAL_IMPORT","6","ac4eb51c83dd565771f0514c9873aa089c0e45a0fada0db6ef4534b1e91654b8","","Canonical 4V6F identity did not complete; no browser query or screenshot is claimed."
"AW-007-006","AW","all","tests/fixtures/mini-protein.pdb","VALID_NONEMPTY","APPLICABLE_TO_4V6F","BLOCKED_CANONICAL_IMPORT","307345","9995b6d7acc8eaab70000a8949a72ef96070d799b7c7304e29e50f2b5285c68d","","Canonical 4V6F identity did not complete; no browser query or screenshot is claimed."
"AW-007-007","AW","none","tests/fixtures/mini-protein.pdb","VALID_EMPTY","APPLICABLE_TO_4V6F","BLOCKED_CANONICAL_IMPORT","0","e3b0c44298fc1c149afbf4c8996fb92427ae41e4649b934ca495991b7852b855","","Canonical 4V6F identity did not complete; no browser query or screenshot is claimed."
"AW-007-008","AW","byres (polymer.protein within 4 of organic)","tests/fixtures/mini-protein.pdb","VALID_NONEMPTY","APPLICABLE_TO_4V6F","BLOCKED_CANONICAL_IMPORT","","","","Canonical 4V6F identity did not complete; no browser query or screenshot is claimed."
"AW-008-001","AW","chain A","tests/fixtures/mini-protein.pdb","VALID_NONEMPTY","APPLICABLE_TO_4V6F","BLOCKED_CANONICAL_IMPORT","","","","Canonical 4V6F identity did not complete; no browser query or screenshot is claimed."
"AW-008-002","AW","name CA","tests/fixtures/mini-protein.pdb","VALID_NONEMPTY","APPLICABLE_TO_4V6F","BLOCKED_CANONICAL_IMPORT","","","","Canonical 4V6F identity did not complete; no browser query or screenshot is claimed."
"AW-008-003","AW","resi 45","tests/fixtures/mini-protein.pdb","VALID_EMPTY","APPLICABLE_TO_4V6F","BLOCKED_CANONICAL_IMPORT","","","","Canonical 4V6F identity did not complete; no browser query or screenshot is claimed."
"AW-008-004","AW","organic","tests/fixtures/mini-protein.pdb","VALID_NONEMPTY","APPLICABLE_TO_4V6F","BLOCKED_CANONICAL_IMPORT","0","e3b0c44298fc1c149afbf4c8996fb92427ae41e4649b934ca495991b7852b855","","Canonical 4V6F identity did not complete; no browser query or screenshot is claimed."
"AW-008-005","AW","solvent","tests/fixtures/mini-protein.pdb","VALID_NONEMPTY","APPLICABLE_TO_4V6F","BLOCKED_CANONICAL_IMPORT","6","ac4eb51c83dd565771f0514c9873aa089c0e45a0fada0db6ef4534b1e91654b8","","Canonical 4V6F identity did not complete; no browser query or screenshot is claimed."
"AW-008-006","AW","all","tests/fixtures/mini-protein.pdb","VALID_NONEMPTY","APPLICABLE_TO_4V6F","BLOCKED_CANONICAL_IMPORT","307345","9995b6d7acc8eaab70000a8949a72ef96070d799b7c7304e29e50f2b5285c68d","","Canonical 4V6F identity did not complete; no browser query or screenshot is claimed."
"AW-008-007","AW","none","tests/fixtures/mini-protein.pdb","VALID_EMPTY","APPLICABLE_TO_4V6F","BLOCKED_CANONICAL_IMPORT","0","e3b0c44298fc1c149afbf4c8996fb92427ae41e4649b934ca495991b7852b855","","Canonical 4V6F identity did not complete; no browser query or screenshot is claimed."
"AW-008-008","AW","byres (polymer.protein within 4 of organic)","tests/fixtures/mini-protein.pdb","VALID_NONEMPTY","APPLICABLE_TO_4V6F","BLOCKED_CANONICAL_IMPORT","","","","Canonical 4V6F identity did not complete; no browser query or screenshot is claimed."
"AW-009-001","AW","chain A","tests/fixtures/mini-protein.pdb","VALID_NONEMPTY","APPLICABLE_TO_4V6F","BLOCKED_CANONICAL_IMPORT","","","","Canonical 4V6F identity did not complete; no browser query or screenshot is claimed."
"AW-009-002","AW","name CA","tests/fixtures/mini-protein.pdb","VALID_NONEMPTY","APPLICABLE_TO_4V6F","BLOCKED_CANONICAL_IMPORT","","","","Canonical 4V6F identity did not complete; no browser query or screenshot is claimed."
"AW-009-003","AW","resi 45","tests/fixtures/mini-protein.pdb","VALID_EMPTY","APPLICABLE_TO_4V6F","BLOCKED_CANONICAL_IMPORT","","","","Canonical 4V6F identity did not complete; no browser query or screenshot is claimed."
"AW-009-004","AW","organic","tests/fixtures/mini-protein.pdb","VALID_NONEMPTY","APPLICABLE_TO_4V6F","BLOCKED_CANONICAL_IMPORT","0","e3b0c44298fc1c149afbf4c8996fb92427ae41e4649b934ca495991b7852b855","","Canonical 4V6F identity did not complete; no browser query or screenshot is claimed."
"AW-009-005","AW","solvent","tests/fixtures/mini-protein.pdb","VALID_NONEMPTY","APPLICABLE_TO_4V6F","BLOCKED_CANONICAL_IMPORT","6","ac4eb51c83dd565771f0514c9873aa089c0e45a0fada0db6ef4534b1e91654b8","","Canonical 4V6F identity did not complete; no browser query or screenshot is claimed."
"AW-009-006","AW","all","tests/fixtures/mini-protein.pdb","VALID_NONEMPTY","APPLICABLE_TO_4V6F","BLOCKED_CANONICAL_IMPORT","307345","9995b6d7acc8eaab70000a8949a72ef96070d799b7c7304e29e50f2b5285c68d","","Canonical 4V6F identity did not complete; no browser query or screenshot is claimed."
"AW-009-007","AW","none","tests/fixtures/mini-protein.pdb","VALID_EMPTY","APPLICABLE_TO_4V6F","BLOCKED_CANONICAL_IMPORT","0","e3b0c44298fc1c149afbf4c8996fb92427ae41e4649b934ca495991b7852b855","","Canonical 4V6F identity did not complete; no browser query or screenshot is claimed."
"AW-009-008","AW","byres (polymer.protein within 4 of organic)","tests/fixtures/mini-protein.pdb","VALID_NONEMPTY","APPLICABLE_TO_4V6F","BLOCKED_CANONICAL_IMPORT","","","","Canonical 4V6F identity did not complete; no browser query or screenshot is claimed."
"AW-010-001","AW","chain A","tests/fixtures/mini-protein.pdb","VALID_NONEMPTY","APPLICABLE_TO_4V6F","BLOCKED_CANONICAL_IMPORT","","","","Canonical 4V6F identity did not complete; no browser query or screenshot is claimed."
"AW-010-002","AW","name CA","tests/fixtures/mini-protein.pdb","VALID_NONEMPTY","APPLICABLE_TO_4V6F","BLOCKED_CANONICAL_IMPORT","","","","Canonical 4V6F identity did not complete; no browser query or screenshot is claimed."
"AW-010-003","AW","resi 45","tests/fixtures/mini-protein.pdb","VALID_EMPTY","APPLICABLE_TO_4V6F","BLOCKED_CANONICAL_IMPORT","","","","Canonical 4V6F identity did not complete; no browser query or screenshot is claimed."
"AW-010-004","AW","organic","tests/fixtures/mini-protein.pdb","VALID_NONEMPTY","APPLICABLE_TO_4V6F","BLOCKED_CANONICAL_IMPORT","0","e3b0c44298fc1c149afbf4c8996fb92427ae41e4649b934ca495991b7852b855","","Canonical 4V6F identity did not complete; no browser query or screenshot is claimed."
"AW-010-005","AW","solvent","tests/fixtures/mini-protein.pdb","VALID_NONEMPTY","APPLICABLE_TO_4V6F","BLOCKED_CANONICAL_IMPORT","6","ac4eb51c83dd565771f0514c9873aa089c0e45a0fada0db6ef4534b1e91654b8","","Canonical 4V6F identity did not complete; no browser query or screenshot is claimed."
"AW-010-006","AW","all","tests/fixtures/mini-protein.pdb","VALID_NONEMPTY","APPLICABLE_TO_4V6F","BLOCKED_CANONICAL_IMPORT","307345","9995b6d7acc8eaab70000a8949a72ef96070d799b7c7304e29e50f2b5285c68d","","Canonical 4V6F identity did not complete; no browser query or screenshot is claimed."
"AW-010-007","AW","none","tests/fixtures/mini-protein.pdb","VALID_EMPTY","APPLICABLE_TO_4V6F","BLOCKED_CANONICAL_IMPORT","0","e3b0c44298fc1c149afbf4c8996fb92427ae41e4649b934ca495991b7852b855","","Canonical 4V6F identity did not complete; no browser query or screenshot is claimed."
"AW-010-008","AW","byres (polymer.protein within 4 of organic)","tests/fixtures/mini-protein.pdb","VALID_NONEMPTY","APPLICABLE_TO_4V6F","BLOCKED_CANONICAL_IMPORT","","","","Canonical 4V6F identity did not complete; no browser query or screenshot is claimed."
"AX-001","AX","select lig_test, organic; show sticks, lig_test","tests/fixtures/mini-protein.pdb","UNKNOWN_PROPERTY","APPLICABLE_TO_4V6F","BLOCKED_CANONICAL_IMPORT","","","","Canonical 4V6F identity did not complete; no browser query or screenshot is claimed."
"AX-002","AX","select pocket, byres (polymer.protein within 4.0 of organic); show sticks, pocket; color yellow, pocket","tests/fixtures/mini-protein.pdb","UNKNOWN_PROPERTY","APPLICABLE_TO_4V6F","BLOCKED_CANONICAL_IMPORT","","","","Canonical 4V6F identity did not complete; no browser query or screenshot is claimed."
"AX-003","AX","select a, chain A; show spheres, a; hide spheres, a; show sticks, a","tests/fixtures/mini-protein.pdb","UNKNOWN_PROPERTY","APPLICABLE_TO_4V6F","BLOCKED_CANONICAL_IMPORT","","","","Canonical 4V6F identity did not complete; no browser query or screenshot is claimed."
"AY-001","AY","select a, chain A; BADCOMMAND; color red, a","tests/fixtures/mini-protein.pdb","SYNTAX_ERROR","APPLICABLE_TO_4V6F","BLOCKED_CANONICAL_IMPORT","","","","Canonical 4V6F identity did not complete; no browser query or screenshot is claimed."
"AZ-001","AZ","model mini-protein.pdb and polymer.protein and chain A and (resn ALA or resn GLY or resn SER or resn THR) and not name H* and not solvent","tests/fixtures/mini-protein.pdb","VALID_NONEMPTY","APPLICABLE_TO_4V6F","BLOCKED_CANONICAL_IMPORT","","","","Canonical 4V6F identity did not complete; no browser query or screenshot is claimed."
"AZ-002","AZ","((polymer.protein and chain A) or (organic and elem O)) and not solvent","tests/fixtures/mini-protein.pdb","VALID_NONEMPTY","APPLICABLE_TO_4V6F","BLOCKED_CANONICAL_IMPORT","","","","Canonical 4V6F identity did not complete; no browser query or screenshot is claimed."
"AZ-003","AZ","not (not (not (not (not (not chain A)))))","tests/fixtures/mini-protein.pdb","VALID_NONEMPTY","APPLICABLE_TO_4V6F","BLOCKED_CANONICAL_IMPORT","","","","Canonical 4V6F identity did not complete; no browser query or screenshot is claimed."
"B-001","B","model mini-protein.pdb","tests/fixtures/mini-protein.pdb","VALID_NONEMPTY","APPLICABLE_TO_4V6F","BLOCKED_CANONICAL_IMPORT","","","","Canonical 4V6F identity did not complete; no browser query or screenshot is claimed."
"B-002","B","model mini-protein.pdb","tests/fixtures/mini-protein.pdb","VALID_NONEMPTY","APPLICABLE_TO_4V6F","BLOCKED_CANONICAL_IMPORT","","","","Canonical 4V6F identity did not complete; no browser query or screenshot is claimed."
"B-003","B","model mini-protein.pdb or model mini-protein.pdb","tests/fixtures/mini-protein.pdb","VALID_NONEMPTY","APPLICABLE_TO_4V6F","BLOCKED_CANONICAL_IMPORT","","","","Canonical 4V6F identity did not complete; no browser query or screenshot is claimed."
"B-004","B","model mini-protein.pdb and model mini-protein.pdb","tests/fixtures/mini-protein.pdb","VALID_NONEMPTY","APPLICABLE_TO_4V6F","BLOCKED_CANONICAL_IMPORT","","","","Canonical 4V6F identity did not complete; no browser query or screenshot is claimed."
"B-005","B","not model mini-protein.pdb","tests/fixtures/mini-protein.pdb","VALID_EMPTY","APPLICABLE_TO_4V6F","BLOCKED_CANONICAL_IMPORT","","","","Canonical 4V6F identity did not complete; no browser query or screenshot is claimed."
"B-006","B","byobject (model mini-protein.pdb and name CA)","tests/fixtures/mini-protein.pdb","VALID_NONEMPTY","APPLICABLE_TO_4V6F","BLOCKED_CANONICAL_IMPORT","","","","Canonical 4V6F identity did not complete; no browser query or screenshot is claimed."
"BA-001","BA","select pocket, byres (polymer.protein within 4 of organic)","tests/fixtures/multistate.pdb","UNKNOWN_PROPERTY","NOT_APPLICABLE_TO_4V6F","RETAIN_PRIOR_FIXTURE_ONLY","","","","Fixture-specific charge, multi-state, or small-edit case retained in prior A→BE campaign."
"BA-002","BA","rotate 15","tests/fixtures/multistate.pdb","COMMAND_HANDLED","NOT_APPLICABLE_TO_4V6F","RETAIN_PRIOR_FIXTURE_ONLY","","","","Fixture-specific charge, multi-state, or small-edit case retained in prior A→BE campaign."
"BA-003","BA","pan 1","tests/fixtures/multistate.pdb","COMMAND_HANDLED","NOT_APPLICABLE_TO_4V6F","RETAIN_PRIOR_FIXTURE_ONLY","","","","Fixture-specific charge, multi-state, or small-edit case retained in prior A→BE campaign."
"BA-004","BA","zoom 1","tests/fixtures/multistate.pdb","COMMAND_HANDLED","NOT_APPLICABLE_TO_4V6F","RETAIN_PRIOR_FIXTURE_ONLY","","","","Fixture-specific charge, multi-state, or small-edit case retained in prior A→BE campaign."
"BA-005","BA","fit","tests/fixtures/multistate.pdb","COMMAND_HANDLED","NOT_APPLICABLE_TO_4V6F","RETAIN_PRIOR_FIXTURE_ONLY","","","","Fixture-specific charge, multi-state, or small-edit case retained in prior A→BE campaign."
"BA-006","BA","center","tests/fixtures/multistate.pdb","COMMAND_HANDLED","NOT_APPLICABLE_TO_4V6F","RETAIN_PRIOR_FIXTURE_ONLY","","","","Fixture-specific charge, multi-state, or small-edit case retained in prior A→BE campaign."
"BA-007","BA","orient","tests/fixtures/multistate.pdb","COMMAND_HANDLED","NOT_APPLICABLE_TO_4V6F","RETAIN_PRIOR_FIXTURE_ONLY","","","","Fixture-specific charge, multi-state, or small-edit case retained in prior A→BE campaign."
"BA-008","BA","perspective","tests/fixtures/multistate.pdb","COMMAND_HANDLED","NOT_APPLICABLE_TO_4V6F","RETAIN_PRIOR_FIXTURE_ONLY","","","","Fixture-specific charge, multi-state, or small-edit case retained in prior A→BE campaign."
"BA-009","BA","orthographic","tests/fixtures/multistate.pdb","COMMAND_HANDLED","NOT_APPLICABLE_TO_4V6F","RETAIN_PRIOR_FIXTURE_ONLY","","","","Fixture-specific charge, multi-state, or small-edit case retained in prior A→BE campaign."
"BB-001","BB","select pocket, byres (polymer.protein within 4 of organic)","tests/fixtures/multistate.pdb","UNKNOWN_PROPERTY","NOT_APPLICABLE_TO_4V6F","RETAIN_PRIOR_FIXTURE_ONLY","","","","Fixture-specific charge, multi-state, or small-edit case retained in prior A→BE campaign."
"BB-002","BB","show cartoon, all","tests/fixtures/multistate.pdb","COMMAND_HANDLED","NOT_APPLICABLE_TO_4V6F","RETAIN_PRIOR_FIXTURE_ONLY","","","","Fixture-specific charge, multi-state, or small-edit case retained in prior A→BE campaign."
"BB-003","BB","show sticks, all","tests/fixtures/multistate.pdb","COMMAND_HANDLED","NOT_APPLICABLE_TO_4V6F","RETAIN_PRIOR_FIXTURE_ONLY","","","","Fixture-specific charge, multi-state, or small-edit case retained in prior A→BE campaign."
"BB-004","BB","show surface, all","tests/fixtures/multistate.pdb","COMMAND_HANDLED","NOT_APPLICABLE_TO_4V6F","RETAIN_PRIOR_FIXTURE_ONLY","","","","Fixture-specific charge, multi-state, or small-edit case retained in prior A→BE campaign."
"BB-005","BB","show mesh, all","tests/fixtures/multistate.pdb","COMMAND_HANDLED","NOT_APPLICABLE_TO_4V6F","RETAIN_PRIOR_FIXTURE_ONLY","","","","Fixture-specific charge, multi-state, or small-edit case retained in prior A→BE campaign."
"BB-006","BB","show spheres, all","tests/fixtures/multistate.pdb","COMMAND_HANDLED","NOT_APPLICABLE_TO_4V6F","RETAIN_PRIOR_FIXTURE_ONLY","","","","Fixture-specific charge, multi-state, or small-edit case retained in prior A→BE campaign."
"BB-007","BB","show lines, all","tests/fixtures/multistate.pdb","COMMAND_HANDLED","NOT_APPLICABLE_TO_4V6F","RETAIN_PRIOR_FIXTURE_ONLY","","","","Fixture-specific charge, multi-state, or small-edit case retained in prior A→BE campaign."
"BB-008","BB","show sticks, all","tests/fixtures/multistate.pdb","COMMAND_HANDLED","NOT_APPLICABLE_TO_4V6F","RETAIN_PRIOR_FIXTURE_ONLY","","","","Fixture-specific charge, multi-state, or small-edit case retained in prior A→BE campaign."
"BC-001","BC","select edit_target, index 2","tests/fixtures/r07-b2-topology.pdb","UNKNOWN_PROPERTY","NOT_APPLICABLE_TO_4V6F","RETAIN_PRIOR_FIXTURE_ONLY","","","","Fixture-specific charge, multi-state, or small-edit case retained in prior A→BE campaign."
"BC-002","BC","remove index 2","tests/fixtures/r07-b2-topology.pdb","COMMAND_HANDLED","NOT_APPLICABLE_TO_4V6F","RETAIN_PRIOR_FIXTURE_ONLY","","","","Fixture-specific charge, multi-state, or small-edit case retained in prior A→BE campaign."
"BC-003","BC","edit_test","tests/fixtures/r07-b2-topology.pdb","COMMAND_HANDLED","NOT_APPLICABLE_TO_4V6F","RETAIN_PRIOR_FIXTURE_ONLY","","","","Fixture-specific charge, multi-state, or small-edit case retained in prior A→BE campaign."
"BC-004","BC","undo","tests/fixtures/r07-b2-topology.pdb","COMMAND_HANDLED","NOT_APPLICABLE_TO_4V6F","RETAIN_PRIOR_FIXTURE_ONLY","","","","Fixture-specific charge, multi-state, or small-edit case retained in prior A→BE campaign."
"BC-005","BC","edit_test","tests/fixtures/r07-b2-topology.pdb","COMMAND_HANDLED","NOT_APPLICABLE_TO_4V6F","RETAIN_PRIOR_FIXTURE_ONLY","","","","Fixture-specific charge, multi-state, or small-edit case retained in prior A→BE campaign."
"BC-006","BC","redo","tests/fixtures/r07-b2-topology.pdb","COMMAND_HANDLED","NOT_APPLICABLE_TO_4V6F","RETAIN_PRIOR_FIXTURE_ONLY","","","","Fixture-specific charge, multi-state, or small-edit case retained in prior A→BE campaign."
"BC-007","BC","edit_test","tests/fixtures/r07-b2-topology.pdb","COMMAND_HANDLED","NOT_APPLICABLE_TO_4V6F","RETAIN_PRIOR_FIXTURE_ONLY","","","","Fixture-specific charge, multi-state, or small-edit case retained in prior A→BE campaign."
"BD-001","BD","select one, chain A","tests/fixtures/mini-protein.pdb","UNKNOWN_PROPERTY","APPLICABLE_TO_4V6F","BLOCKED_CANONICAL_IMPORT","","","","Canonical 4V6F identity did not complete; no browser query or screenshot is claimed."
"BD-002","BD","select two, organic","tests/fixtures/mini-protein.pdb","UNKNOWN_PROPERTY","APPLICABLE_TO_4V6F","BLOCKED_CANONICAL_IMPORT","","","","Canonical 4V6F identity did not complete; no browser query or screenshot is claimed."
"BD-003","BD","save","tests/fixtures/mini-protein.pdb","COMMAND_HANDLED","APPLICABLE_TO_4V6F","BLOCKED_CANONICAL_IMPORT","","","","Canonical 4V6F identity did not complete; no browser query or screenshot is claimed."
"BD-004","BD","none","tests/fixtures/mini-protein.pdb","VALID_EMPTY","APPLICABLE_TO_4V6F","BLOCKED_CANONICAL_IMPORT","0","e3b0c44298fc1c149afbf4c8996fb92427ae41e4649b934ca495991b7852b855","","Canonical 4V6F identity did not complete; no browser query or screenshot is claimed."
"BD-005","BD","open","tests/fixtures/mini-protein.pdb","COMMAND_HANDLED","APPLICABLE_TO_4V6F","BLOCKED_CANONICAL_IMPORT","","","","Canonical 4V6F identity did not complete; no browser query or screenshot is claimed."
"BD-006","BD","one","tests/fixtures/mini-protein.pdb","UNKNOWN_NAME","APPLICABLE_TO_4V6F","BLOCKED_CANONICAL_IMPORT","","","","Canonical 4V6F identity did not complete; no browser query or screenshot is claimed."
"BD-007","BD","two","tests/fixtures/mini-protein.pdb","UNKNOWN_NAME","APPLICABLE_TO_4V6F","BLOCKED_CANONICAL_IMPORT","","","","Canonical 4V6F identity did not complete; no browser query or screenshot is claimed."
"BE-001","BE","polymer.nucleic","tests/fixtures/typed-nucleic.mmcif","VALID_NONEMPTY","APPLICABLE_TO_4V6F","BLOCKED_CANONICAL_IMPORT","206708","d3cc144495cca38375ab08bba51c00272ea337df5c24b294d427c521f11a9e9d","","Canonical 4V6F identity did not complete; no browser query or screenshot is claimed."
"BE-002","BE","polymer.protein","tests/fixtures/typed-nucleic.mmcif","VALID_NONEMPTY","APPLICABLE_TO_4V6F","BLOCKED_CANONICAL_IMPORT","95280","aaad321cfbb8dc3954c7f5270406fd8e9b08ba29483469976afb574d24dba050","","Canonical 4V6F identity did not complete; no browser query or screenshot is claimed."
"BE-003","BE","guide","tests/fixtures/typed-nucleic.mmcif","VALID_NONEMPTY","APPLICABLE_TO_4V6F","BLOCKED_CANONICAL_IMPORT","21574","23d0402a3801d874d02b152ef71bf364db58cdcd2abcda6c709b1baed32eb2bf","","Canonical 4V6F identity did not complete; no browser query or screenshot is claimed."
"BE-004","BE","backbone","tests/fixtures/typed-nucleic.mmcif","VALID_NONEMPTY","APPLICABLE_TO_4V6F","BLOCKED_CANONICAL_IMPORT","197622","4c82558c85634ae641567a8a3c65938f4519f70fe0e894806463e8653c18e2bf","","Canonical 4V6F identity did not complete; no browser query or screenshot is claimed."
"BE-005","BE","sidechain","tests/fixtures/typed-nucleic.mmcif","VALID_NONEMPTY","APPLICABLE_TO_4V6F","BLOCKED_CANONICAL_IMPORT","","","","Canonical 4V6F identity did not complete; no browser query or screenshot is claimed."
"BE-006","BE","chain A","tests/fixtures/typed-nucleic.mmcif","VALID_NONEMPTY","APPLICABLE_TO_4V6F","BLOCKED_CANONICAL_IMPORT","","","","Canonical 4V6F identity did not complete; no browser query or screenshot is claimed."
"BE-007","BE","resn DA+DT+DG+DC","tests/fixtures/typed-nucleic.mmcif","VALID_EMPTY","APPLICABLE_TO_4V6F","BLOCKED_CANONICAL_IMPORT","","","","Canonical 4V6F identity did not complete; no browser query or screenshot is claimed."
"BE-008","BE","resn A+U","tests/fixtures/typed-nucleic.mmcif","VALID_EMPTY","APPLICABLE_TO_4V6F","BLOCKED_CANONICAL_IMPORT","","","","Canonical 4V6F identity did not complete; no browser query or screenshot is claimed."
"C-001","C","chain A","tests/fixtures/mini-protein.pdb","VALID_NONEMPTY","APPLICABLE_TO_4V6F","BLOCKED_CANONICAL_IMPORT","","","","Canonical 4V6F identity did not complete; no browser query or screenshot is claimed."
"C-002","C","not chain A","tests/fixtures/mini-protein.pdb","VALID_NONEMPTY","APPLICABLE_TO_4V6F","BLOCKED_CANONICAL_IMPORT","","","","Canonical 4V6F identity did not complete; no browser query or screenshot is claimed."
"C-003","C","chain A or chain B","tests/fixtures/mini-protein.pdb","VALID_NONEMPTY","APPLICABLE_TO_4V6F","BLOCKED_CANONICAL_IMPORT","","","","Canonical 4V6F identity did not complete; no browser query or screenshot is claimed."
"C-004","C","chain A and polymer.protein","tests/fixtures/mini-protein.pdb","VALID_NONEMPTY","APPLICABLE_TO_4V6F","BLOCKED_CANONICAL_IMPORT","","","","Canonical 4V6F identity did not complete; no browser query or screenshot is claimed."
"C-005","C","chain ZZZ","tests/fixtures/mini-protein.pdb","VALID_EMPTY","APPLICABLE_TO_4V6F","BLOCKED_CANONICAL_IMPORT","","","","Canonical 4V6F identity did not complete; no browser query or screenshot is claimed."
"C-006","C","chain A","tests/fixtures/mini-protein.pdb","VALID_NONEMPTY","APPLICABLE_TO_4V6F","BLOCKED_CANONICAL_IMPORT","","","","Canonical 4V6F identity did not complete; no browser query or screenshot is claimed."
"C-007","C","chain a","tests/fixtures/mini-protein.pdb","VALID_NONEMPTY","APPLICABLE_TO_4V6F","BLOCKED_CANONICAL_IMPORT","","","","Canonical 4V6F identity did not complete; no browser query or screenshot is claimed."
"D-001","D","resn ALA","tests/fixtures/mini-protein.pdb","VALID_NONEMPTY","APPLICABLE_TO_4V6F","BLOCKED_CANONICAL_IMPORT","","","","Canonical 4V6F identity did not complete; no browser query or screenshot is claimed."
"D-002","D","resn GLY","tests/fixtures/mini-protein.pdb","VALID_NONEMPTY","APPLICABLE_TO_4V6F","BLOCKED_CANONICAL_IMPORT","","","","Canonical 4V6F identity did not complete; no browser query or screenshot is claimed."
"D-003","D","resn TYR","tests/fixtures/mini-protein.pdb","VALID_EMPTY","APPLICABLE_TO_4V6F","BLOCKED_CANONICAL_IMPORT","","","","Canonical 4V6F identity did not complete; no browser query or screenshot is claimed."
"D-004","D","resn ASP","tests/fixtures/mini-protein.pdb","VALID_EMPTY","APPLICABLE_TO_4V6F","BLOCKED_CANONICAL_IMPORT","","","","Canonical 4V6F identity did not complete; no browser query or screenshot is claimed."
"D-005","D","resn ALA+GLY","tests/fixtures/mini-protein.pdb","VALID_EMPTY","APPLICABLE_TO_4V6F","BLOCKED_CANONICAL_IMPORT","","","","Canonical 4V6F identity did not complete; no browser query or screenshot is claimed."
"D-006","D","polymer.protein and resn TYR","tests/fixtures/mini-protein.pdb","VALID_EMPTY","APPLICABLE_TO_4V6F","BLOCKED_CANONICAL_IMPORT","","","","Canonical 4V6F identity did not complete; no browser query or screenshot is claimed."
"D-007","D","chain A and resn ASP","tests/fixtures/mini-protein.pdb","VALID_EMPTY","APPLICABLE_TO_4V6F","BLOCKED_CANONICAL_IMPORT","","","","Canonical 4V6F identity did not complete; no browser query or screenshot is claimed."
"D-008","D","resn LIG","tests/fixtures/mini-protein.pdb","VALID_NONEMPTY","APPLICABLE_TO_4V6F","BLOCKED_CANONICAL_IMPORT","","","","Canonical 4V6F identity did not complete; no browser query or screenshot is claimed."
"E-001","E","resi 45","tests/fixtures/mini-protein.pdb","VALID_EMPTY","APPLICABLE_TO_4V6F","BLOCKED_CANONICAL_IMPORT","","","","Canonical 4V6F identity did not complete; no browser query or screenshot is claimed."
"E-002","E","resi 45+46","tests/fixtures/mini-protein.pdb","INVALID_VALUE","APPLICABLE_TO_4V6F","BLOCKED_CANONICAL_IMPORT","","","","Canonical 4V6F identity did not complete; no browser query or screenshot is claimed."
"E-003","E","resi 40-50","tests/fixtures/mini-protein.pdb","VALID_EMPTY","APPLICABLE_TO_4V6F","BLOCKED_CANONICAL_IMPORT","","","","Canonical 4V6F identity did not complete; no browser query or screenshot is claimed."
"E-004","E","chain A and resi 45","tests/fixtures/mini-protein.pdb","VALID_EMPTY","APPLICABLE_TO_4V6F","BLOCKED_CANONICAL_IMPORT","","","","Canonical 4V6F identity did not complete; no browser query or screenshot is claimed."
"E-005","E","chain A and resi 40-50","tests/fixtures/mini-protein.pdb","VALID_EMPTY","APPLICABLE_TO_4V6F","BLOCKED_CANONICAL_IMPORT","","","","Canonical 4V6F identity did not complete; no browser query or screenshot is claimed."
"E-006","E","resi 1","tests/fixtures/mini-protein.pdb","VALID_NONEMPTY","APPLICABLE_TO_4V6F","BLOCKED_CANONICAL_IMPORT","","","","Canonical 4V6F identity did not complete; no browser query or screenshot is claimed."
"E-007","E","resi HETOM","tests/fixtures/mini-protein.pdb","INVALID_VALUE","APPLICABLE_TO_4V6F","BLOCKED_CANONICAL_IMPORT","","","","Canonical 4V6F identity did not complete; no browser query or screenshot is claimed."
"F-001","F","name CA","tests/fixtures/mini-protein.pdb","VALID_NONEMPTY","APPLICABLE_TO_4V6F","BLOCKED_CANONICAL_IMPORT","","","","Canonical 4V6F identity did not complete; no browser query or screenshot is claimed."
"F-002","F","name N","tests/fixtures/mini-protein.pdb","VALID_NONEMPTY","APPLICABLE_TO_4V6F","BLOCKED_CANONICAL_IMPORT","","","","Canonical 4V6F identity did not complete; no browser query or screenshot is claimed."
"F-003","F","name C","tests/fixtures/mini-protein.pdb","VALID_NONEMPTY","APPLICABLE_TO_4V6F","BLOCKED_CANONICAL_IMPORT","","","","Canonical 4V6F identity did not complete; no browser query or screenshot is claimed."
"F-004","F","name O","tests/fixtures/mini-protein.pdb","VALID_NONEMPTY","APPLICABLE_TO_4V6F","BLOCKED_CANONICAL_IMPORT","","","","Canonical 4V6F identity did not complete; no browser query or screenshot is claimed."
"F-005","F","name CA+N+C+O","tests/fixtures/mini-protein.pdb","VALID_EMPTY","APPLICABLE_TO_4V6F","BLOCKED_CANONICAL_IMPORT","","","","Canonical 4V6F identity did not complete; no browser query or screenshot is claimed."
"F-006","F","polymer.protein and name CA","tests/fixtures/mini-protein.pdb","VALID_NONEMPTY","APPLICABLE_TO_4V6F","BLOCKED_CANONICAL_IMPORT","","","","Canonical 4V6F identity did not complete; no browser query or screenshot is claimed."
"F-007","F","chain A and name CA","tests/fixtures/mini-protein.pdb","VALID_NONEMPTY","APPLICABLE_TO_4V6F","BLOCKED_CANONICAL_IMPORT","","","","Canonical 4V6F identity did not complete; no browser query or screenshot is claimed."
"F-008","F","resi 45 and name CA","tests/fixtures/mini-protein.pdb","VALID_EMPTY","APPLICABLE_TO_4V6F","BLOCKED_CANONICAL_IMPORT","","","","Canonical 4V6F identity did not complete; no browser query or screenshot is claimed."
"G-001","G","elem C","tests/fixtures/mini-protein.pdb","VALID_NONEMPTY","APPLICABLE_TO_4V6F","BLOCKED_CANONICAL_IMPORT","","","","Canonical 4V6F identity did not complete; no browser query or screenshot is claimed."
"G-002","G","elem N","tests/fixtures/mini-protein.pdb","VALID_NONEMPTY","APPLICABLE_TO_4V6F","BLOCKED_CANONICAL_IMPORT","","","","Canonical 4V6F identity did not complete; no browser query or screenshot is claimed."
"G-003","G","elem O","tests/fixtures/mini-protein.pdb","VALID_NONEMPTY","APPLICABLE_TO_4V6F","BLOCKED_CANONICAL_IMPORT","","","","Canonical 4V6F identity did not complete; no browser query or screenshot is claimed."
"G-004","G","elem S","tests/fixtures/mini-protein.pdb","VALID_EMPTY","APPLICABLE_TO_4V6F","BLOCKED_CANONICAL_IMPORT","","","","Canonical 4V6F identity did not complete; no browser query or screenshot is claimed."
"G-005","G","elem P","tests/fixtures/mini-protein.pdb","VALID_EMPTY","APPLICABLE_TO_4V6F","BLOCKED_CANONICAL_IMPORT","","","","Canonical 4V6F identity did not complete; no browser query or screenshot is claimed."
"G-006","G","organic and elem C","tests/fixtures/mini-protein.pdb","VALID_NONEMPTY","APPLICABLE_TO_4V6F","BLOCKED_CANONICAL_IMPORT","","","","Canonical 4V6F identity did not complete; no browser query or screenshot is claimed."
"G-007","G","polymer.protein and elem N","tests/fixtures/mini-protein.pdb","VALID_NONEMPTY","APPLICABLE_TO_4V6F","BLOCKED_CANONICAL_IMPORT","","","","Canonical 4V6F identity did not complete; no browser query or screenshot is claimed."
"G-008","G","solvent and elem O","tests/fixtures/mini-protein.pdb","VALID_NONEMPTY","APPLICABLE_TO_4V6F","BLOCKED_CANONICAL_IMPORT","","","","Canonical 4V6F identity did not complete; no browser query or screenshot is claimed."
"G-009","G","metals and elem Zn","tests/fixtures/unit-cell.pdb","VALID_EMPTY","APPLICABLE_TO_4V6F","BLOCKED_CANONICAL_IMPORT","","","","Canonical 4V6F identity did not complete; no browser query or screenshot is claimed."
"H-001","H","polymer.protein and chain A","tests/fixtures/mini-protein.pdb","VALID_NONEMPTY","APPLICABLE_TO_4V6F","BLOCKED_CANONICAL_IMPORT","","","","Canonical 4V6F identity did not complete; no browser query or screenshot is claimed."
"H-002","H","polymer.protein or organic","tests/fixtures/mini-protein.pdb","VALID_NONEMPTY","APPLICABLE_TO_4V6F","BLOCKED_CANONICAL_IMPORT","","","","Canonical 4V6F identity did not complete; no browser query or screenshot is claimed."
"H-003","H","not solvent","tests/fixtures/mini-protein.pdb","VALID_NONEMPTY","APPLICABLE_TO_4V6F","BLOCKED_CANONICAL_IMPORT","","","","Canonical 4V6F identity did not complete; no browser query or screenshot is claimed."
"H-004","H","not polymer","tests/fixtures/mini-protein.pdb","VALID_NONEMPTY","APPLICABLE_TO_4V6F","BLOCKED_CANONICAL_IMPORT","","","","Canonical 4V6F identity did not complete; no browser query or screenshot is claimed."
"H-005","H","chain A and name CA","tests/fixtures/mini-protein.pdb","VALID_NONEMPTY","APPLICABLE_TO_4V6F","BLOCKED_CANONICAL_IMPORT","","","","Canonical 4V6F identity did not complete; no browser query or screenshot is claimed."
"H-006","H","chain A and (resn ALA or resn GLY)","tests/fixtures/mini-protein.pdb","VALID_NONEMPTY","APPLICABLE_TO_4V6F","BLOCKED_CANONICAL_IMPORT","","","","Canonical 4V6F identity did not complete; no browser query or screenshot is claimed."
"H-007","H","(chain A or chain B) and name CA","tests/fixtures/mini-protein.pdb","VALID_NONEMPTY","APPLICABLE_TO_4V6F","BLOCKED_CANONICAL_IMPORT","","","","Canonical 4V6F identity did not complete; no browser query or screenshot is claimed."
"H-008","H","polymer.protein and not name CA","tests/fixtures/mini-protein.pdb","VALID_NONEMPTY","APPLICABLE_TO_4V6F","BLOCKED_CANONICAL_IMPORT","","","","Canonical 4V6F identity did not complete; no browser query or screenshot is claimed."
"H-009","H","organic and not elem C","tests/fixtures/mini-protein.pdb","VALID_NONEMPTY","APPLICABLE_TO_4V6F","BLOCKED_CANONICAL_IMPORT","","","","Canonical 4V6F identity did not complete; no browser query or screenshot is claimed."
"H-010","H","chain A and resn ALA or resn GLY","tests/fixtures/mini-protein.pdb","VALID_NONEMPTY","APPLICABLE_TO_4V6F","BLOCKED_CANONICAL_IMPORT","","","","Canonical 4V6F identity did not complete; no browser query or screenshot is claimed."
"H-011","H","chain A and (resn ALA or resn GLY)","tests/fixtures/mini-protein.pdb","VALID_NONEMPTY","APPLICABLE_TO_4V6F","BLOCKED_CANONICAL_IMPORT","","","","Canonical 4V6F identity did not complete; no browser query or screenshot is claimed."
"I-001","I","first all","tests/fixtures/mini-protein.pdb","VALID_NONEMPTY","APPLICABLE_TO_4V6F","BLOCKED_CANONICAL_IMPORT","","","","Canonical 4V6F identity did not complete; no browser query or screenshot is claimed."
"I-002","I","last all","tests/fixtures/mini-protein.pdb","VALID_NONEMPTY","APPLICABLE_TO_4V6F","BLOCKED_CANONICAL_IMPORT","","","","Canonical 4V6F identity did not complete; no browser query or screenshot is claimed."
"I-003","I","first polymer.protein","tests/fixtures/mini-protein.pdb","VALID_NONEMPTY","APPLICABLE_TO_4V6F","BLOCKED_CANONICAL_IMPORT","","","","Canonical 4V6F identity did not complete; no browser query or screenshot is claimed."
"I-004","I","last polymer.protein","tests/fixtures/mini-protein.pdb","VALID_NONEMPTY","APPLICABLE_TO_4V6F","BLOCKED_CANONICAL_IMPORT","","","","Canonical 4V6F identity did not complete; no browser query or screenshot is claimed."
"I-005","I","first none","tests/fixtures/mini-protein.pdb","VALID_EMPTY","APPLICABLE_TO_4V6F","BLOCKED_CANONICAL_IMPORT","","","","Canonical 4V6F identity did not complete; no browser query or screenshot is claimed."
"I-006","I","last none","tests/fixtures/mini-protein.pdb","VALID_EMPTY","APPLICABLE_TO_4V6F","BLOCKED_CANONICAL_IMPORT","","","","Canonical 4V6F identity did not complete; no browser query or screenshot is claimed."
"J-001","J","organic","tests/fixtures/mini-protein.pdb","VALID_NONEMPTY","APPLICABLE_TO_4V6F","BLOCKED_CANONICAL_IMPORT","0","e3b0c44298fc1c149afbf4c8996fb92427ae41e4649b934ca495991b7852b855","","Canonical 4V6F identity did not complete; no browser query or screenshot is claimed."
"J-002","J","polymer.protein within 4.0 of organic","tests/fixtures/mini-protein.pdb","VALID_NONEMPTY","APPLICABLE_TO_4V6F","BLOCKED_CANONICAL_IMPORT","","","","Canonical 4V6F identity did not complete; no browser query or screenshot is claimed."
"J-003","J","byres (polymer.protein within 4.0 of organic)","tests/fixtures/mini-protein.pdb","VALID_NONEMPTY","APPLICABLE_TO_4V6F","BLOCKED_CANONICAL_IMPORT","","","","Canonical 4V6F identity did not complete; no browser query or screenshot is claimed."
"J-004","J","byres (polymer.protein within 2.5 of organic)","tests/fixtures/mini-protein.pdb","VALID_NONEMPTY","APPLICABLE_TO_4V6F","BLOCKED_CANONICAL_IMPORT","","","","Canonical 4V6F identity did not complete; no browser query or screenshot is claimed."
"J-005","J","byres (polymer.protein within 3.0 of organic)","tests/fixtures/mini-protein.pdb","VALID_NONEMPTY","APPLICABLE_TO_4V6F","BLOCKED_CANONICAL_IMPORT","","","","Canonical 4V6F identity did not complete; no browser query or screenshot is claimed."
"J-006","J","byres (polymer.protein within 4.0 of organic)","tests/fixtures/mini-protein.pdb","VALID_NONEMPTY","APPLICABLE_TO_4V6F","BLOCKED_CANONICAL_IMPORT","","","","Canonical 4V6F identity did not complete; no browser query or screenshot is claimed."
"J-007","J","byres (polymer.protein within 5.0 of organic)","tests/fixtures/mini-protein.pdb","VALID_NONEMPTY","APPLICABLE_TO_4V6F","BLOCKED_CANONICAL_IMPORT","","","","Canonical 4V6F identity did not complete; no browser query or screenshot is claimed."
"J-008","J","byres (polymer.protein within 8.0 of organic)","tests/fixtures/mini-protein.pdb","VALID_NONEMPTY","APPLICABLE_TO_4V6F","BLOCKED_CANONICAL_IMPORT","","","","Canonical 4V6F identity did not complete; no browser query or screenshot is claimed."
"K-001","K","bychain (resi 45)","tests/fixtures/mini-protein.pdb","VALID_EMPTY","APPLICABLE_TO_4V6F","BLOCKED_CANONICAL_IMPORT","","","","Canonical 4V6F identity did not complete; no browser query or screenshot is claimed."
"K-002","K","byobject (resi 45)","tests/fixtures/mini-protein.pdb","VALID_EMPTY","APPLICABLE_TO_4V6F","BLOCKED_CANONICAL_IMPORT","","","","Canonical 4V6F identity did not complete; no browser query or screenshot is claimed."
"K-003","K","bymolecule (organic)","tests/fixtures/mini-protein.pdb","VALID_NONEMPTY","APPLICABLE_TO_4V6F","BLOCKED_CANONICAL_IMPORT","","","","Canonical 4V6F identity did not complete; no browser query or screenshot is claimed."
"K-004","K","bycalpha (resi 45)","tests/fixtures/mini-protein.pdb","VALID_EMPTY","APPLICABLE_TO_4V6F","BLOCKED_CANONICAL_IMPORT","","","","Canonical 4V6F identity did not complete; no browser query or screenshot is claimed."
"K-005","K","bysegi (resi 45)","tests/fixtures/mini-protein.pdb","UNSUPPORTED_OPERATOR_OR_PROFILE","APPLICABLE_TO_4V6F","BLOCKED_CANONICAL_IMPORT","","","","Canonical 4V6F identity did not complete; no browser query or screenshot is claimed."
"K-006","K","byfragment (organic)","tests/fixtures/mini-protein.pdb","MISSING_DEPENDENCY","APPLICABLE_TO_4V6F","BLOCKED_CANONICAL_IMPORT","","","","Canonical 4V6F identity did not complete; no browser query or screenshot is claimed."
"K-007","K","byring (organic)","tests/fixtures/ring-ligand.pdb","VALID_NONEMPTY","APPLICABLE_TO_4V6F","BLOCKED_CANONICAL_IMPORT","","","","Canonical 4V6F identity did not complete; no browser query or screenshot is claimed."
"K-008","K","byres (chain A or chain B)","tests/fixtures/mini-protein.pdb","VALID_NONEMPTY","APPLICABLE_TO_4V6F","BLOCKED_CANONICAL_IMPORT","","","","Canonical 4V6F identity did not complete; no browser query or screenshot is claimed."
"K-009","K","(byres chain A) or chain B","tests/fixtures/mini-protein.pdb","VALID_NONEMPTY","APPLICABLE_TO_4V6F","BLOCKED_CANONICAL_IMPORT","","","","Canonical 4V6F identity did not complete; no browser query or screenshot is claimed."
"L-001","L","chain A and resi 45 and name CA","tests/fixtures/mini-protein.pdb","VALID_EMPTY","APPLICABLE_TO_4V6F","BLOCKED_CANONICAL_IMPORT","","","","Canonical 4V6F identity did not complete; no browser query or screenshot is claimed."
"L-002","L","neighbor (chain A and resi 45 and name CA)","tests/fixtures/mini-protein.pdb","VALID_EMPTY","APPLICABLE_TO_4V6F","BLOCKED_CANONICAL_IMPORT","","","","Canonical 4V6F identity did not complete; no browser query or screenshot is claimed."
"L-003","L","neighbor organic","tests/fixtures/mini-protein.pdb","VALID_EMPTY","APPLICABLE_TO_4V6F","BLOCKED_CANONICAL_IMPORT","","","","Canonical 4V6F identity did not complete; no browser query or screenshot is claimed."
"M-001","M","bound_to (chain A and resi 45 and name CA)","tests/fixtures/mini-protein.pdb","VALID_EMPTY","APPLICABLE_TO_4V6F","BLOCKED_CANONICAL_IMPORT","","","","Canonical 4V6F identity did not complete; no browser query or screenshot is claimed."
"M-002","M","neighbor (chain A and resi 45 and name CA)","tests/fixtures/mini-protein.pdb","VALID_EMPTY","APPLICABLE_TO_4V6F","BLOCKED_CANONICAL_IMPORT","","","","Canonical 4V6F identity did not complete; no browser query or screenshot is claimed."
"N-001","N","(chain A and resi 45 and name CA) extend 1","tests/fixtures/mini-protein.pdb","VALID_EMPTY","APPLICABLE_TO_4V6F","BLOCKED_CANONICAL_IMPORT","","","","Canonical 4V6F identity did not complete; no browser query or screenshot is claimed."
"N-002","N","(chain A and resi 45 and name CA) extend 2","tests/fixtures/mini-protein.pdb","VALID_EMPTY","APPLICABLE_TO_4V6F","BLOCKED_CANONICAL_IMPORT","","","","Canonical 4V6F identity did not complete; no browser query or screenshot is claimed."
"N-003","N","(chain A and resi 45 and name CA) extend 3","tests/fixtures/mini-protein.pdb","VALID_EMPTY","APPLICABLE_TO_4V6F","BLOCKED_CANONICAL_IMPORT","","","","Canonical 4V6F identity did not complete; no browser query or screenshot is claimed."
"O-001","O","polymer.protein within 4.0 of organic","tests/fixtures/mini-protein.pdb","VALID_NONEMPTY","APPLICABLE_TO_4V6F","BLOCKED_CANONICAL_IMPORT","","","","Canonical 4V6F identity did not complete; no browser query or screenshot is claimed."
"O-002","O","all within 4.0 of organic","tests/fixtures/mini-protein.pdb","VALID_NONEMPTY","APPLICABLE_TO_4V6F","BLOCKED_CANONICAL_IMPORT","","","","Canonical 4V6F identity did not complete; no browser query or screenshot is claimed."
"O-003","O","solvent within 4.0 of organic","tests/fixtures/mini-protein.pdb","VALID_EMPTY","APPLICABLE_TO_4V6F","BLOCKED_CANONICAL_IMPORT","","","","Canonical 4V6F identity did not complete; no browser query or screenshot is claimed."
"O-004","O","metals within 5.0 of organic","tests/fixtures/mini-protein.pdb","VALID_EMPTY","APPLICABLE_TO_4V6F","BLOCKED_CANONICAL_IMPORT","","","","Canonical 4V6F identity did not complete; no browser query or screenshot is claimed."
"O-005","O","chain A within 4.0 of organic","tests/fixtures/mini-protein.pdb","VALID_NONEMPTY","APPLICABLE_TO_4V6F","BLOCKED_CANONICAL_IMPORT","","","","Canonical 4V6F identity did not complete; no browser query or screenshot is claimed."
"O-006","O","all within 0 of organic","tests/fixtures/mini-protein.pdb","VALID_NONEMPTY","APPLICABLE_TO_4V6F","BLOCKED_CANONICAL_IMPORT","","","","Canonical 4V6F identity did not complete; no browser query or screenshot is claimed."
"O-007","O","all within 0.1 of organic","tests/fixtures/mini-protein.pdb","VALID_NONEMPTY","APPLICABLE_TO_4V6F","BLOCKED_CANONICAL_IMPORT","","","","Canonical 4V6F identity did not complete; no browser query or screenshot is claimed."
"O-008","O","all within 100 of organic","tests/fixtures/mini-protein.pdb","VALID_NONEMPTY","APPLICABLE_TO_4V6F","BLOCKED_CANONICAL_IMPORT","","","","Canonical 4V6F identity did not complete; no browser query or screenshot is claimed."
"P-001","P","organic around 4.0","tests/fixtures/mini-protein.pdb","SYNTAX_ERROR","APPLICABLE_TO_4V6F","BLOCKED_CANONICAL_IMPORT","","","","Canonical 4V6F identity did not complete; no browser query or screenshot is claimed."
"P-002","P","all within 4.0 of organic","tests/fixtures/mini-protein.pdb","VALID_NONEMPTY","APPLICABLE_TO_4V6F","BLOCKED_CANONICAL_IMPORT","","","","Canonical 4V6F identity did not complete; no browser query or screenshot is claimed."
"P-003","P","resi 45 around 3","tests/fixtures/mini-protein.pdb","SYNTAX_ERROR","APPLICABLE_TO_4V6F","BLOCKED_CANONICAL_IMPORT","","","","Canonical 4V6F identity did not complete; no browser query or screenshot is claimed."
"Q-001","Q","all near_to 4.0 of organic","tests/fixtures/mini-protein.pdb","VALID_NONEMPTY","APPLICABLE_TO_4V6F","BLOCKED_CANONICAL_IMPORT","","","","Canonical 4V6F identity did not complete; no browser query or screenshot is claimed."
"Q-002","Q","all within 4.0 of organic","tests/fixtures/mini-protein.pdb","VALID_NONEMPTY","APPLICABLE_TO_4V6F","BLOCKED_CANONICAL_IMPORT","","","","Canonical 4V6F identity did not complete; no browser query or screenshot is claimed."
"R-001","R","all beyond 4.0 of organic","tests/fixtures/mini-protein.pdb","VALID_NONEMPTY","APPLICABLE_TO_4V6F","BLOCKED_CANONICAL_IMPORT","","","","Canonical 4V6F identity did not complete; no browser query or screenshot is claimed."
"R-002","R","all beyond 8.0 of organic","tests/fixtures/mini-protein.pdb","VALID_EMPTY","APPLICABLE_TO_4V6F","BLOCKED_CANONICAL_IMPORT","","","","Canonical 4V6F identity did not complete; no browser query or screenshot is claimed."
"R-003","R","all beyond 20.0 of organic","tests/fixtures/mini-protein.pdb","VALID_EMPTY","APPLICABLE_TO_4V6F","BLOCKED_CANONICAL_IMPORT","","","","Canonical 4V6F identity did not complete; no browser query or screenshot is claimed."
"S-001","S","organic expand 2","tests/fixtures/mini-protein.pdb","VALID_NONEMPTY","APPLICABLE_TO_4V6F","BLOCKED_CANONICAL_IMPORT","","","","Canonical 4V6F identity did not complete; no browser query or screenshot is claimed."
"S-002","S","organic expand 4","tests/fixtures/mini-protein.pdb","VALID_NONEMPTY","APPLICABLE_TO_4V6F","BLOCKED_CANONICAL_IMPORT","","","","Canonical 4V6F identity did not complete; no browser query or screenshot is claimed."
"S-003","S","organic expand 6","tests/fixtures/mini-protein.pdb","VALID_NONEMPTY","APPLICABLE_TO_4V6F","BLOCKED_CANONICAL_IMPORT","","","","Canonical 4V6F identity did not complete; no browser query or screenshot is claimed."
"S-004","S","organic extend 4","tests/fixtures/mini-protein.pdb","VALID_NONEMPTY","APPLICABLE_TO_4V6F","BLOCKED_CANONICAL_IMPORT","","","","Canonical 4V6F identity did not complete; no browser query or screenshot is claimed."
"T-001","T","organic gap 1.0","tests/fixtures/mini-protein.pdb","VALID_NONEMPTY","APPLICABLE_TO_4V6F","BLOCKED_CANONICAL_IMPORT","","","","Canonical 4V6F identity did not complete; no browser query or screenshot is claimed."
"T-002","T","organic gap 2.0","tests/fixtures/mini-protein.pdb","VALID_NONEMPTY","APPLICABLE_TO_4V6F","BLOCKED_CANONICAL_IMPORT","","","","Canonical 4V6F identity did not complete; no browser query or screenshot is claimed."
"U-001","U","b < 100","tests/fixtures/mini-protein.pdb","VALID_NONEMPTY","APPLICABLE_TO_4V6F","BLOCKED_CANONICAL_IMPORT","","","","Canonical 4V6F identity did not complete; no browser query or screenshot is claimed."
"U-002","U","b < 50","tests/fixtures/mini-protein.pdb","VALID_NONEMPTY","APPLICABLE_TO_4V6F","BLOCKED_CANONICAL_IMPORT","","","","Canonical 4V6F identity did not complete; no browser query or screenshot is claimed."
"U-003","U","b >= 20","tests/fixtures/mini-protein.pdb","VALID_NONEMPTY","APPLICABLE_TO_4V6F","BLOCKED_CANONICAL_IMPORT","","","","Canonical 4V6F identity did not complete; no browser query or screenshot is claimed."
"U-004","U","polymer.protein and b > 30","tests/fixtures/mini-protein.pdb","VALID_EMPTY","APPLICABLE_TO_4V6F","BLOCKED_CANONICAL_IMPORT","","","","Canonical 4V6F identity did not complete; no browser query or screenshot is claimed."
"U-005","U","b < -999","tests/fixtures/mini-protein.pdb","VALID_EMPTY","APPLICABLE_TO_4V6F","BLOCKED_CANONICAL_IMPORT","","","","Canonical 4V6F identity did not complete; no browser query or screenshot is claimed."
"U-006","U","b > 99999","tests/fixtures/mini-protein.pdb","VALID_EMPTY","APPLICABLE_TO_4V6F","BLOCKED_CANONICAL_IMPORT","","","","Canonical 4V6F identity did not complete; no browser query or screenshot is claimed."
"V-001","V","q < 1.0","tests/fixtures/mini-protein.pdb","VALID_EMPTY","APPLICABLE_TO_4V6F","BLOCKED_CANONICAL_IMPORT","","","","Canonical 4V6F identity did not complete; no browser query or screenshot is claimed."
"V-002","V","q = 1.0","tests/fixtures/mini-protein.pdb","VALID_NONEMPTY","APPLICABLE_TO_4V6F","BLOCKED_CANONICAL_IMPORT","","","","Canonical 4V6F identity did not complete; no browser query or screenshot is claimed."
"V-003","V","q > 0.5","tests/fixtures/mini-protein.pdb","VALID_NONEMPTY","APPLICABLE_TO_4V6F","BLOCKED_CANONICAL_IMPORT","","","","Canonical 4V6F identity did not complete; no browser query or screenshot is claimed."
"W-001","W","ss H","tests/fixtures/g1c-secondary-formal.pdb","VALID_EMPTY","APPLICABLE_TO_4V6F","BLOCKED_CANONICAL_IMPORT","","","","Canonical 4V6F identity did not complete; no browser query or screenshot is claimed."
"W-002","W","ss S","tests/fixtures/g1c-secondary-formal.pdb","VALID_EMPTY","APPLICABLE_TO_4V6F","BLOCKED_CANONICAL_IMPORT","","","","Canonical 4V6F identity did not complete; no browser query or screenshot is claimed."
"W-003","W","ss L","tests/fixtures/g1c-secondary-formal.pdb","VALID_EMPTY","APPLICABLE_TO_4V6F","BLOCKED_CANONICAL_IMPORT","","","","Canonical 4V6F identity did not complete; no browser query or screenshot is claimed."
"W-004","W","ss H+S","tests/fixtures/g1c-secondary-formal.pdb","VALID_EMPTY","APPLICABLE_TO_4V6F","BLOCKED_CANONICAL_IMPORT","","","","Canonical 4V6F identity did not complete; no browser query or screenshot is claimed."
"W-005","W","polymer.protein and ss H","tests/fixtures/g1c-secondary-formal.pdb","VALID_EMPTY","APPLICABLE_TO_4V6F","BLOCKED_CANONICAL_IMPORT","","","","Canonical 4V6F identity did not complete; no browser query or screenshot is claimed."
"X-001","X","formal_charge = 1","tests/fixtures/charged.pqr","MISSING_DEPENDENCY","NOT_APPLICABLE_TO_4V6F","RETAIN_PRIOR_FIXTURE_ONLY","","","","Fixture-specific charge, multi-state, or small-edit case retained in prior A→BE campaign."
"X-002","X","formal_charge = -1","tests/fixtures/charged.pqr","MISSING_DEPENDENCY","NOT_APPLICABLE_TO_4V6F","RETAIN_PRIOR_FIXTURE_ONLY","","","","Fixture-specific charge, multi-state, or small-edit case retained in prior A→BE campaign."
"X-003","X","partial_charge < 0","tests/fixtures/charged.pqr","VALID_NONEMPTY","NOT_APPLICABLE_TO_4V6F","RETAIN_PRIOR_FIXTURE_ONLY","","","","Fixture-specific charge, multi-state, or small-edit case retained in prior A→BE campaign."
"X-004","X","partial_charge > 0","tests/fixtures/charged.pqr","VALID_NONEMPTY","NOT_APPLICABLE_TO_4V6F","RETAIN_PRIOR_FIXTURE_ONLY","","","","Fixture-specific charge, multi-state, or small-edit case retained in prior A→BE campaign."
"Y-001","Y","x < 0","tests/fixtures/mini-protein.pdb","VALID_EMPTY","APPLICABLE_TO_4V6F","BLOCKED_CANONICAL_IMPORT","","","","Canonical 4V6F identity did not complete; no browser query or screenshot is claimed."
"Y-002","Y","x > 0","tests/fixtures/mini-protein.pdb","VALID_NONEMPTY","APPLICABLE_TO_4V6F","BLOCKED_CANONICAL_IMPORT","","","","Canonical 4V6F identity did not complete; no browser query or screenshot is claimed."
"Y-003","Y","y < 0","tests/fixtures/mini-protein.pdb","VALID_NONEMPTY","APPLICABLE_TO_4V6F","BLOCKED_CANONICAL_IMPORT","","","","Canonical 4V6F identity did not complete; no browser query or screenshot is claimed."
"Y-004","Y","z > 0","tests/fixtures/mini-protein.pdb","VALID_EMPTY","APPLICABLE_TO_4V6F","BLOCKED_CANONICAL_IMPORT","","","","Canonical 4V6F identity did not complete; no browser query or screenshot is claimed."
"Y-005","Y","polymer.protein and x > 0","tests/fixtures/mini-protein.pdb","VALID_NONEMPTY","APPLICABLE_TO_4V6F","BLOCKED_CANONICAL_IMPORT","","","","Canonical 4V6F identity did not complete; no browser query or screenshot is claimed."
"Z-001","Z","state 1","tests/fixtures/multistate.pdb","MISSING_DEPENDENCY","NOT_APPLICABLE_TO_4V6F","RETAIN_PRIOR_FIXTURE_ONLY","","","","Fixture-specific charge, multi-state, or small-edit case retained in prior A→BE campaign."
"Z-002","Z","state 2","tests/fixtures/multistate.pdb","MISSING_DEPENDENCY","NOT_APPLICABLE_TO_4V6F","RETAIN_PRIOR_FIXTURE_ONLY","","","","Fixture-specific charge, multi-state, or small-edit case retained in prior A→BE campaign."
"Z-003","Z","present","tests/fixtures/multistate.pdb","VALID_NONEMPTY","NOT_APPLICABLE_TO_4V6F","RETAIN_PRIOR_FIXTURE_ONLY","","","","Fixture-specific charge, multi-state, or small-edit case retained in prior A→BE campaign."
"Z-004","Z","present","tests/fixtures/multistate.pdb","VALID_NONEMPTY","NOT_APPLICABLE_TO_4V6F","RETAIN_PRIOR_FIXTURE_ONLY","","","","Fixture-specific charge, multi-state, or small-edit case retained in prior A→BE campaign."
