pdb_id,candidate_set,receptor_label_asym,receptor_entity_id,label_seq_id,residue_comp_id,expected_heavy_atom_count_CCD_plus_terminal,expected_heavy_atom_names_CCD_plus_terminal,observed_heavy_atom_names_union_of_altlocs,missing_expected_heavy_atom_names,observed_heavy_atom_count_union_of_altlocs,observed_atom_rows_including_altlocs,incomplete_heavy_atom_site,minimum_observed_residue_ligand_distance_A,nearest_observed_residue_atom,nearest_observed_ligand_atom,within_5A,within_8A,missing_atoms_plausible_in_scoring_environment
5LJB,existing_28_cohort,A,1,2,PRO,7,C;CA;CB;CD;CG;N;O,C;CA;CB;CD;CG;N;O,,7,7,no,15.4669,CB,O1,no,no,not_applicable
5LJB,existing_28_cohort,A,1,3,VAL,7,C;CA;CB;CG1;CG2;N;O,C;CA;CB;CG1;CG2;N;O,,7,7,no,12.7871,CG1,O1,no,no,not_applicable
5LJB,existing_28_cohort,A,1,4,ASP,8,C;CA;CB;CG;N;O;OD1;OD2,C;CA;CB;CG;N;O;OD1;OD2,,8,8,no,12.5587,C,O1,no,no,not_applicable
5LJB,existing_28_cohort,A,1,5,PHE,11,C;CA;CB;CD1;CD2;CE1;CE2;CG;CZ;N;O,C;CA;CB;CD1;CD2;CE1;CE2;CG;CZ;N;O,,11,11,no,8.3608,CD1,O1,no,no,not_applicable
5LJB,existing_28_cohort,A,1,6,THR,7,C;CA;CB;CG2;N;O;OG1,C;CA;CB;CG2;N;O;OG1,,7,7,no,11.4650,N,O1,no,no,not_applicable
5LJB,existing_28_cohort,A,1,7,GLY,4,C;CA;N;O,C;CA;N;O,,4,4,no,10.5779,O,O1,no,no,not_applicable
5LJB,existing_28_cohort,A,1,8,TYR,12,C;CA;CB;CD1;CD2;CE1;CE2;CG;CZ;N;O;OH,C;CA;CB;CD1;CD2;CE1;CE2;CG;CZ;N;O;OH,,12,12,no,11.6411,OH,C17,no,no,not_applicable
5LJB,existing_28_cohort,A,1,9,TRP,14,C;CA;CB;CD1;CD2;CE2;CE3;CG;CH2;CZ2;CZ3;N;NE1;O,C;CA;CB;CD1;CD2;CE2;CE3;CG;CH2;CZ2;CZ3;N;NE1;O,,14,14,no,9.1081,CD1,O1,no,no,not_applicable
5LJB,existing_28_cohort,A,1,10,LYS,9,C;CA;CB;CD;CE;CG;N;NZ;O,C;CA;CB;CD;CE;CG;N;NZ;O,,9,9,no,11.8906,N,O1,no,no,not_applicable
5LJB,existing_28_cohort,A,1,11,MET,8,C;CA;CB;CE;CG;N;O;SD,C;CA;CB;CE;CG;N;O;SD,,8,8,no,8.2918,CE,C17,no,no,not_applicable
5LJB,existing_28_cohort,A,1,12,LEU,8,C;CA;CB;CD1;CD2;CG;N;O,C;CA;CB;CD1;CD2;CG;N;O,,8,8,no,13.0519,N,O1,no,no,not_applicable
5LJB,existing_28_cohort,A,1,13,VAL,7,C;CA;CB;CG1;CG2;N;O,C;CA;CB;CG1;CG2;N;O,,7,7,no,11.5275,O,O1,no,no,not_applicable
5LJB,existing_28_cohort,A,1,14,ASN,8,C;CA;CB;CG;N;ND2;O;OD1,C;CA;CB;CG;N;ND2;O;OD1,,8,8,no,8.5152,OD1,C19,no,no,not_applicable
5LJB,existing_28_cohort,A,1,15,GLU,9,C;CA;CB;CD;CG;N;O;OE1;OE2,C;CA;CB;CD;CG;N;O;OE1;OE2,,9,9,no,10.8100,O,C19,no,no,not_applicable
5LJB,existing_28_cohort,A,1,16,ASN,8,C;CA;CB;CG;N;ND2;O;OD1,C;CA;CB;CG;N;ND2;O;OD1,,8,8,no,9.8399,O,C19,no,no,not_applicable
5LJB,existing_28_cohort,A,1,17,PHE,11,C;CA;CB;CD1;CD2;CE1;CE2;CG;CZ;N;O,C;CA;CB;CD1;CD2;CE1;CE2;CG;CZ;N;O,,11,11,no,4.2225,CZ,C7,yes,yes,not_applicable
5LJB,existing_28_cohort,A,1,18,GLU,9,C;CA;CB;CD;CG;N;O;OE1;OE2,C;CA;CB;CD;CG;N;O;OE1;OE2,,9,9,no,8.8371,N,C18,no,no,not_applicable
5LJB,existing_28_cohort,A,1,19,GLU,9,C;CA;CB;CD;CG;N;O;OE1;OE2,C;CA;CB;CD;CG;N;O;OE1;OE2,,9,9,no,10.3185,C,C18,no,no,not_applicable
5LJB,existing_28_cohort,A,1,20,TYR,12,C;CA;CB;CD1;CD2;CE1;CE2;CG;CZ;N;O;OH,C;CA;CB;CD1;CD2;CE1;CE2;CG;CZ;N;O;OH,,12,12,no,4.0189,CE2,C19,yes,yes,not_applicable
5LJB,existing_28_cohort,A,1,21,LEU,8,C;CA;CB;CD1;CD2;CG;N;O,C;CA;CB;CD1;CD2;CG;N;O,,8,8,no,3.4884,CD2,C18,yes,yes,not_applicable
5LJB,existing_28_cohort,A,1,22,ARG,11,C;CA;CB;CD;CG;CZ;N;NE;NH1;NH2;O,C;CA;CB;CD;CG;CZ;N;NE;NH1;NH2;O,,11,11,no,8.4270,N,C18,no,no,not_applicable
5LJB,existing_28_cohort,A,1,23,ALA,5,C;CA;CB;N;O,C;CA;CB;N;O,,5,5,no,10.3692,N,C18,no,no,not_applicable
5LJB,existing_28_cohort,A,1,24,LEU,8,C;CA;CB;CD1;CD2;CG;N;O,C;CA;CB;CD1;CD2;CG;N;O,,8,8,no,5.6143,CD1,C19,no,yes,not_applicable
5LJB,existing_28_cohort,A,1,25,ASP,8,C;CA;CB;CG;N;O;OD1;OD2,C;CA;CB;CG;N;O;OD1;OD2,,8,8,no,9.3555,C,C18,no,no,not_applicable
5LJB,existing_28_cohort,A,1,26,VAL,7,C;CA;CB;CG1;CG2;N;O,C;CA;CB;CG1;CG2;N;O,,7,7,no,5.2772,CG2,C18,no,yes,not_applicable
5LJB,existing_28_cohort,A,1,27,ASN,8,C;CA;CB;CG;N;ND2;O;OD1,C;CA;CB;CG;N;ND2;O;OD1,,8,8,no,8.5649,O,C18,no,no,not_applicable
5LJB,existing_28_cohort,A,1,28,VAL,7,C;CA;CB;CG1;CG2;N;O,C;CA;CB;CG1;CG2;N;O,,7,7,no,10.3368,O,C18,no,no,not_applicable
5LJB,existing_28_cohort,A,1,29,ALA,5,C;CA;CB;N;O,C;CA;CB;N;O,,5,5,no,8.7103,O,C4,no,no,not_applicable
5LJB,existing_28_cohort,A,1,30,LEU,8,C;CA;CB;CD1;CD2;CG;N;O,C;CA;CB;CD1;CD2;CG;N;O,,8,8,no,4.3669,CD1,C4,yes,yes,not_applicable
5LJB,existing_28_cohort,A,1,31,ARG,11,C;CA;CB;CD;CG;CZ;N;NE;NH1;NH2;O,C;CA;CB;CD;CG;CZ;N;NE;NH1;NH2;O,,11,11,no,6.8661,CA,C18,no,yes,not_applicable
5LJB,existing_28_cohort,A,1,32,LYS,9,C;CA;CB;CD;CE;CG;N;NZ;O,C;CA;CB;CD;CE;CG;N;NZ;O,,9,9,no,8.6813,N,C4,no,no,not_applicable
5LJB,existing_28_cohort,A,1,33,ILE,8,C;CA;CB;CD1;CG1;CG2;N;O,C;CA;CB;CD1;CG1;CG2;N;O,,8,8,no,6.2656,CG2,C4,no,yes,not_applicable
5LJB,existing_28_cohort,A,1,34,ALA,5,C;CA;CB;N;O,C;CA;CB;N;O,,5,5,no,4.2490,CB,C4,yes,yes,not_applicable
5LJB,existing_28_cohort,A,1,35,ASN,8,C;CA;CB;CG;N;ND2;O;OD1,C;CA;CB;CG;N;ND2;O;OD1,,8,8,no,7.3628,N,C4,no,yes,not_applicable
5LJB,existing_28_cohort,A,1,36,LEU,8,C;CA;CB;CD1;CD2;CG;N;O,C;CA;CB;CD1;CD2;CG;N;O,,8,8,no,9.1340,N,C4,no,no,not_applicable
5LJB,existing_28_cohort,A,1,37,LEU,8,C;CA;CB;CD1;CD2;CG;N;O,C;CA;CB;CD1;CD2;CG;N;O,,8,8,no,3.9232,CD1,C2,yes,yes,not_applicable
5LJB,existing_28_cohort,A,1,38,LYS,9,C;CA;CB;CD;CE;CG;N;NZ;O,C;CA;CB;CD;CE;CG;N;NZ;O,,9,9,no,7.2446,C,C17,no,yes,not_applicable
5LJB,existing_28_cohort,A,1,39,PRO,7,C;CA;CB;CD;CG;N;O,C;CA;CB;CD;CG;N;O,,7,7,no,3.9983,CG,C17,yes,yes,not_applicable
5LJB,existing_28_cohort,A,1,40,ASP,8,C;CA;CB;CG;N;O;OD1;OD2,C;CA;CB;CG;N;O;OD1;OD2,,8,8,no,7.1709,N,C17,no,yes,not_applicable
5LJB,existing_28_cohort,A,1,41,LYS,9,C;CA;CB;CD;CE;CG;N;NZ;O,C;CA;CB;CD;CE;CG;N;NZ;O,,9,9,no,3.1465,NZ,C12,yes,yes,not_applicable
5LJB,existing_28_cohort,A,1,42,GLU,9,C;CA;CB;CD;CG;N;O;OE1;OE2,C;CA;CB;CD;CG;N;O;OE1;OE2,,9,9,no,8.2716,N,O1,no,no,not_applicable
5LJB,existing_28_cohort,A,1,43,ILE,8,C;CA;CB;CD1;CG1;CG2;N;O,C;CA;CB;CD1;CG1;CG2;N;O,,8,8,no,5.9954,CD1,O1,no,yes,not_applicable
5LJB,existing_28_cohort,A,1,44,VAL,7,C;CA;CB;CG1;CG2;N;O,C;CA;CB;CG1;CG2;N;O,,7,7,no,10.4596,N,O1,no,no,not_applicable
5LJB,existing_28_cohort,A,1,45,GLN,9,C;CA;CB;CD;CG;N;NE2;O;OE1,C;CA;CB;CD;CG;N;NE2;O;OE1,,9,9,no,11.1729,OE1,O1,no,no,not_applicable
5LJB,existing_28_cohort,A,1,46,ASP,8,C;CA;CB;CG;N;O;OD1;OD2,C;CA;CB;CG;N;O;OD1;OD2,,8,8,no,14.4846,N,C15,no,no,not_applicable
5LJB,existing_28_cohort,A,1,47,GLY,4,C;CA;N;O,C;CA;N;O,,4,4,no,13.8718,O,C15,no,no,not_applicable
5LJB,existing_28_cohort,A,1,48,ASP,8,C;CA;CB;CG;N;O;OD1;OD2,C;CA;CB;CG;N;O;OD1;OD2,,8,8,no,12.5677,O,C15,no,no,not_applicable
5LJB,existing_28_cohort,A,1,49,HIS,10,C;CA;CB;CD2;CE1;CG;N;ND1;NE2;O,C;CA;CB;CD2;CE1;CG;N;ND1;NE2;O,,10,10,no,12.2820,C,C15,no,no,not_applicable
5LJB,existing_28_cohort,A,1,50,MET,8,C;CA;CB;CE;CG;N;O;SD,C;CA;CB;CE;CG;N;O;SD,,8,13,no,7.4711,SD,C15,no,yes,not_applicable
5LJB,existing_28_cohort,A,1,51,ILE,8,C;CA;CB;CD1;CG1;CG2;N;O,C;CA;CB;CD1;CG1;CG2;N;O,,8,8,no,8.0638,C,C15,no,no,not_applicable
5LJB,existing_28_cohort,A,1,52,ILE,8,C;CA;CB;CD1;CG1;CG2;N;O,C;CA;CB;CD1;CG1;CG2;N;O,,8,8,no,3.7081,CG2,O1,yes,yes,not_applicable
5LJB,existing_28_cohort,A,1,53,ARG,11,C;CA;CB;CD;CG;CZ;N;NE;NH1;NH2;O,C;CA;CB;CD;CG;CZ;N;NE;NH1;NH2;O,,11,11,no,6.7974,C,C14,no,yes,not_applicable
5LJB,existing_28_cohort,A,1,54,THR,7,C;CA;CB;CG2;N;O;OG1,C;CA;CB;CG2;N;O;OG1,,7,7,no,3.4373,OG1,C12,yes,yes,not_applicable
5LJB,existing_28_cohort,A,1,55,LEU,8,C;CA;CB;CD1;CD2;CG;N;O,C;CA;CB;CD1;CD2;CG;N;O,,8,8,no,5.6168,C,C17,no,yes,not_applicable
5LJB,existing_28_cohort,A,1,56,SER,6,C;CA;CB;N;O;OG,C;CA;CB;N;O;OG,,6,6,no,3.9918,OG,C2,yes,yes,not_applicable
5LJB,existing_28_cohort,A,1,57,THR,7,C;CA;CB;CG2;N;O;OG1,C;CA;CB;CG2;N;O;OG1,,7,7,no,7.2287,N,C2,no,yes,not_applicable
5LJB,existing_28_cohort,A,1,58,PHE,11,C;CA;CB;CD1;CD2;CE1;CE2;CG;CZ;N;O,C;CA;CB;CD1;CD2;CE1;CE2;CG;CZ;N;O,,11,11,no,3.7935,CD2,C3,yes,yes,not_applicable
5LJB,existing_28_cohort,A,1,59,ARG,11,C;CA;CB;CD;CG;CZ;N;NE;NH1;NH2;O,C;CA;CB;CD;CG;CZ;N;NE;NH1;NH2;O,,11,11,no,3.6248,O,C2,yes,yes,not_applicable
5LJB,existing_28_cohort,A,1,60,ASN,8,C;CA;CB;CG;N;ND2;O;OD1,C;CA;CB;CG;N;ND2;O;OD1,,8,8,no,4.3631,O,C16,yes,yes,not_applicable
5LJB,existing_28_cohort,A,1,61,TYR,12,C;CA;CB;CD1;CD2;CE1;CE2;CG;CZ;N;O;OH,C;CA;CB;CD1;CD2;CE1;CE2;CG;CZ;N;O;OH,,12,12,no,4.0033,CB,C16,yes,yes,not_applicable
5LJB,existing_28_cohort,A,1,62,ILE,8,C;CA;CB;CD1;CG1;CG2;N;O,C;CA;CB;CD1;CG1;CG2;N;O,,8,8,no,7.1686,N,C16,no,yes,not_applicable
5LJB,existing_28_cohort,A,1,63,MET,8,C;CA;CB;CE;CG;N;O;SD,C;CA;CB;CE;CG;N;O;SD,,8,8,no,3.8721,SD,C15,yes,yes,not_applicable
5LJB,existing_28_cohort,A,1,64,ASP,8,C;CA;CB;CG;N;O;OD1;OD2,C;CA;CB;CG;N;O;OD1;OD2,,8,8,no,8.8257,N,C15,no,no,not_applicable
5LJB,existing_28_cohort,A,1,65,PHE,11,C;CA;CB;CD1;CD2;CE1;CE2;CG;CZ;N;O,C;CA;CB;CD1;CD2;CE1;CE2;CG;CZ;N;O,,11,11,no,6.1726,CE2,C15,no,yes,not_applicable
5LJB,existing_28_cohort,A,1,66,GLN,9,C;CA;CB;CD;CG;N;NE2;O;OE1,C;CA;CB;CD;CG;N;NE2;O;OE1,,9,9,no,12.0506,N,C15,no,no,not_applicable
5LJB,existing_28_cohort,A,1,67,VAL,7,C;CA;CB;CG1;CG2;N;O,C;CA;CB;CG1;CG2;N;O,,7,7,no,10.7191,CG2,C15,no,no,not_applicable
5LJB,existing_28_cohort,A,1,68,GLY,4,C;CA;N;O,C;CA;N;O,,4,4,no,13.2684,N,C15,no,no,not_applicable
5LJB,existing_28_cohort,A,1,69,LYS,9,C;CA;CB;CD;CE;CG;N;NZ;O,C;CA;CB;CD;CE;CG;N;NZ;O,,9,9,no,13.3336,O,C15,no,no,not_applicable
5LJB,existing_28_cohort,A,1,70,GLU,9,C;CA;CB;CD;CG;N;O;OE1;OE2,C;CA;CB;CD;CG;N;O;OE1;OE2,,9,9,no,14.7495,CA,C15,no,no,not_applicable
5LJB,existing_28_cohort,A,1,71,PHE,11,C;CA;CB;CD1;CD2;CE1;CE2;CG;CZ;N;O,C;CA;CB;CD1;CD2;CE1;CE2;CG;CZ;N;O,,11,11,no,9.0310,CZ,C15,no,no,not_applicable
5LJB,existing_28_cohort,A,1,72,GLU,9,C;CA;CB;CD;CG;N;O;OE1;OE2,C;CA;CB;CD;CG;N;O;OE1;OE2,,9,9,no,13.4919,O,C14,no,no,not_applicable
5LJB,existing_28_cohort,A,1,73,GLU,9,C;CA;CB;CD;CG;N;O;OE1;OE2,C;CA;CB;CD;CG;N;O;OE1;OE2,,9,9,no,6.4721,OE2,C13,no,yes,not_applicable
5LJB,existing_28_cohort,A,1,74,ASP,8,C;CA;CB;CG;N;O;OD1;OD2,C;CA;CB;CG;N;O;OD1;OD2,,8,8,no,9.4941,O,C16,no,no,not_applicable
5LJB,existing_28_cohort,A,1,75,LEU,8,C;CA;CB;CD1;CD2;CG;N;O,C;CA;CB;CD1;CD2;CG;N;O,,8,8,no,6.6897,CD2,C11,no,yes,not_applicable
5LJB,existing_28_cohort,A,1,76,THR,7,C;CA;CB;CG2;N;O;OG1,C;CA;CB;CG2;N;O;OG1,,7,7,no,6.0418,O,C16,no,yes,not_applicable
5LJB,existing_28_cohort,A,1,77,GLY,4,C;CA;N;O,C;CA;N;O,,4,4,no,3.8359,O,C3,yes,yes,not_applicable
5LJB,existing_28_cohort,A,1,78,ILE,8,C;CA;CB;CD1;CG1;CG2;N;O,C;CA;CB;CD1;CG1;CG2;N;O,,8,8,no,3.5935,CD1,C9,yes,yes,not_applicable
5LJB,existing_28_cohort,A,1,79,ASP,8,C;CA;CB;CG;N;O;OD1;OD2,C;CA;CB;CG;N;O;OD1;OD2,,8,8,no,6.4898,N,C18,no,yes,not_applicable
5LJB,existing_28_cohort,A,1,80,ASP,8,C;CA;CB;CG;N;O;OD1;OD2,C;CA;CB;CG;N;O;OD1;OD2,,8,8,no,8.9337,OD1,C16,no,no,not_applicable
5LJB,existing_28_cohort,A,1,81,ARG,11,C;CA;CB;CD;CG;CZ;N;NE;NH1;NH2;O,C;CA;CB;CD;CG;CZ;N;NE;NH1;NH2;O,,11,11,no,10.9564,NH1,C18,no,no,not_applicable
5LJB,existing_28_cohort,A,1,82,LYS,9,C;CA;CB;CD;CE;CG;N;NZ;O,C;CA;CB;CD;CE;CG;N;NZ;O,,9,9,no,13.0602,N,C19,no,no,not_applicable
5LJB,existing_28_cohort,A,1,83,CYS,6,C;CA;CB;N;O;SG,C;CA;CB;N;O;SG,,6,6,no,11.0482,SG,C20,no,no,not_applicable
5LJB,existing_28_cohort,A,1,84,MET,8,C;CA;CB;CE;CG;N;O;SD,C;CA;CB;CE;CG;N;O;SD,,8,8,no,13.0103,O,C20,no,no,not_applicable
5LJB,existing_28_cohort,A,1,85,THR,7,C;CA;CB;CG2;N;O;OG1,C;CA;CB;CG2;N;O;OG1,,7,7,no,8.9299,CG2,C20,no,no,not_applicable
5LJB,existing_28_cohort,A,1,86,THR,7,C;CA;CB;CG2;N;O;OG1,C;CA;CB;CG2;N;O;OG1,,7,7,no,10.3885,O,C15,no,no,not_applicable
5LJB,existing_28_cohort,A,1,87,VAL,7,C;CA;CB;CG1;CG2;N;O,C;CA;CB;CG1;CG2;N;O,,7,7,no,7.2937,CG2,C15,no,yes,not_applicable
5LJB,existing_28_cohort,A,1,88,SER,6,C;CA;CB;N;O;OG,C;CA;CB;N;O;OG,,6,6,no,10.8170,N,C15,no,no,not_applicable
5LJB,existing_28_cohort,A,1,89,TRP,14,C;CA;CB;CD1;CD2;CE2;CE3;CG;CH2;CZ2;CZ3;N;NE1;O,C;CA;CB;CD1;CD2;CE2;CE3;CG;CH2;CZ2;CZ3;N;NE1;O,,14,14,no,11.9824,CH2,O1,no,no,not_applicable
5LJB,existing_28_cohort,A,1,90,ASP,8,C;CA;CB;CG;N;O;OD1;OD2,C;CA;CB;CG;N;O;OD1;OD2,,8,8,no,14.0102,N,C15,no,no,not_applicable
5LJB,existing_28_cohort,A,1,91,GLY,4,C;CA;N;O,C;CA;N;O,,4,4,no,15.4530,O,O1,no,no,not_applicable
5LJB,existing_28_cohort,A,1,92,ASP,8,C;CA;CB;CG;N;O;OD1;OD2,C;CA;CB;CG;N;O;OD1;OD2,,8,8,no,12.1726,O,O1,no,no,not_applicable
5LJB,existing_28_cohort,A,1,93,LYS,9,C;CA;CB;CD;CE;CG;N;NZ;O,C;CA;CB;CD;CE;CG;N;NZ;O,,9,9,no,11.0126,C,O1,no,no,not_applicable
5LJB,existing_28_cohort,A,1,94,LEU,8,C;CA;CB;CD1;CD2;CG;N;O,C;CA;CB;CD1;CD2;CG;N;O,,8,8,no,7.1256,CD1,C15,no,yes,not_applicable
5LJB,existing_28_cohort,A,1,95,GLN,9,C;CA;CB;CD;CG;N;NE2;O;OE1,C;CA;CB;CD;CG;N;NE2;O;OE1,,9,9,no,9.2631,C,C15,no,no,not_applicable
5LJB,existing_28_cohort,A,1,96,CYS,6,C;CA;CB;N;O;SG,C;CA;CB;N;O;SG,,6,6,no,6.7336,SG,C20,no,yes,not_applicable
5LJB,existing_28_cohort,A,1,97,VAL,7,C;CA;CB;CG1;CG2;N;O,C;CA;CB;CG1;CG2;N;O,,7,7,no,9.5994,N,C20,no,no,not_applicable
5LJB,existing_28_cohort,A,1,98,GLN,9,C;CA;CB;CD;CG;N;NE2;O;OE1,C;CA;CB;CD;CG;N;NE2;O;OE1,,9,9,no,5.9375,NE2,C20,no,yes,not_applicable
5LJB,existing_28_cohort,A,1,99,LYS,9,C;CA;CB;CD;CE;CG;N;NZ;O,C;CA;CB;CD;CE;CG;N;NZ;O,,9,9,no,12.3147,N,C20,no,no,not_applicable
5LJB,existing_28_cohort,A,1,100,GLY,4,C;CA;N;O,C;CA;N;O,,4,4,no,14.5292,N,C20,no,no,not_applicable
5LJB,existing_28_cohort,A,1,101,GLU,9,C;CA;CB;CD;CG;N;O;OE1;OE2,C;CA;CB;CD;CG;N;O;OE1;OE2,,9,9,no,15.1601,N,C19,no,no,not_applicable
5LJB,existing_28_cohort,A,1,102,LYS,9,C;CA;CB;CD;CE;CG;N;NZ;O,C;CA;CB;CD;CE;CG;N;NZ;O,,9,9,no,11.9951,CG,C19,no,no,not_applicable
5LJB,existing_28_cohort,A,1,103,GLU,9,C;CA;CB;CD;CG;N;O;OE1;OE2,C;CA;CB;CD;CG;N;O;OE1;OE2,,9,9,no,13.7204,O,C20,no,no,not_applicable
5LJB,existing_28_cohort,A,1,104,GLY,4,C;CA;N;O,C;CA;N;O,,4,4,no,11.2385,O,C20,no,no,not_applicable
5LJB,existing_28_cohort,A,1,105,ARG,11,C;CA;CB;CD;CG;CZ;N;NE;NH1;NH2;O,C;CA;CB;CD;CG;CZ;N;NE;NH1;NH2;O,,11,11,no,6.7000,NH2,C19,no,yes,not_applicable
5LJB,existing_28_cohort,A,1,106,GLY,4,C;CA;N;O,C;CA;N;O,,4,4,no,6.2776,O,C20,no,yes,not_applicable
5LJB,existing_28_cohort,A,1,107,TRP,14,C;CA;CB;CD1;CD2;CE2;CE3;CG;CH2;CZ2;CZ3;N;NE1;O,C;CA;CB;CD1;CD2;CE2;CE3;CG;CH2;CZ2;CZ3;N;NE1;O,,14,14,no,3.3008,CD1,C20,yes,yes,not_applicable
5LJB,existing_28_cohort,A,1,108,THR,7,C;CA;CB;CG2;N;O;OG1,C;CA;CB;CG2;N;O;OG1,,7,7,no,7.0369,N,C20,no,yes,not_applicable
5LJB,existing_28_cohort,A,1,109,GLN,9,C;CA;CB;CD;CG;N;NE2;O;OE1,C;CA;CB;CD;CG;N;NE2;O;OE1,,9,9,no,2.9203,OE1,O1,yes,yes,not_applicable
5LJB,existing_28_cohort,A,1,110,TRP,14,C;CA;CB;CD1;CD2;CE2;CE3;CG;CH2;CZ2;CZ3;N;NE1;O,C;CA;CB;CD1;CD2;CE2;CE3;CG;CH2;CZ2;CZ3;N;NE1;O,,14,14,no,8.3032,N,O1,no,no,not_applicable
5LJB,existing_28_cohort,A,1,111,ILE,8,C;CA;CB;CD1;CG1;CG2;N;O,C;CA;CB;CD1;CG1;CG2;N;O,,8,8,no,11.0184,CG1,O1,no,no,not_applicable
5LJB,existing_28_cohort,A,1,112,GLU,9,C;CA;CB;CD;CG;N;O;OE1;OE2,C;CA;CB;CD;CG;N;O;OE1;OE2,,9,9,no,13.5793,N,O1,no,no,not_applicable
5LJB,existing_28_cohort,A,1,113,GLY,4,C;CA;N;O,C;CA;N;O,,4,4,no,16.2031,O,O1,no,no,not_applicable
5LJB,existing_28_cohort,A,1,114,ASP,8,C;CA;CB;CG;N;O;OD1;OD2,C;CA;CB;CG;N;O;OD1;OD2,,8,8,no,14.6716,O,O1,no,no,not_applicable
5LJB,existing_28_cohort,A,1,115,GLU,9,C;CA;CB;CD;CG;N;O;OE1;OE2,C;CA;CB;CD;CG;N;O;OE1;OE2,,9,9,no,11.9555,C,O1,no,no,not_applicable
5LJB,existing_28_cohort,A,1,116,LEU,8,C;CA;CB;CD1;CD2;CG;N;O,C;CA;CB;CD1;CD2;CG;N;O,,8,8,no,6.5105,CD2,O1,no,yes,not_applicable
5LJB,existing_28_cohort,A,1,117,HIS,10,C;CA;CB;CD2;CE1;CG;N;ND1;NE2;O,C;CA;CB;CD2;CE1;CG;N;ND1;NE2;O,,10,10,no,7.2752,O,O1,no,yes,not_applicable
5LJB,existing_28_cohort,A,1,118,LEU,8,C;CA;CB;CD1;CD2;CG;N;O,C;CA;CB;CD1;CD2;CG;N;O,,8,8,no,3.9043,CD2,O1,yes,yes,not_applicable
5LJB,existing_28_cohort,A,1,119,GLU,9,C;CA;CB;CD;CG;N;O;OE1;OE2,C;CA;CB;CD;CG;N;O;OE1;OE2,,9,9,no,6.5628,O,C20,no,yes,not_applicable
5LJB,existing_28_cohort,A,1,120,MET,8,C;CA;CB;CE;CG;N;O;SD,C;CA;CB;CE;CG;N;O;SD,,8,8,no,3.7972,SD,C11,yes,yes,not_applicable
5LJB,existing_28_cohort,A,1,121,ARG,11,C;CA;CB;CD;CG;CZ;N;NE;NH1;NH2;O,C;CA;CB;CD;CG;CZ;N;NE;NH1;NH2;O,,11,11,no,7.4913,N,C20,no,yes,not_applicable
5LJB,existing_28_cohort,A,1,122,VAL,7,C;CA;CB;CG1;CG2;N;O,C;CA;CB;CG1;CG2;N;O,,7,7,no,9.1233,CG1,C19,no,no,not_applicable
5LJB,existing_28_cohort,A,1,123,GLU,9,C;CA;CB;CD;CG;N;O;OE1;OE2,C;CA;CB;CD;CG;N;O;OE1;OE2,,9,9,no,12.8692,N,C19,no,no,not_applicable
5LJB,existing_28_cohort,A,1,124,GLY,4,C;CA;N;O,C;CA;N;O,,4,4,no,14.5321,N,C19,no,no,not_applicable
5LJB,existing_28_cohort,A,1,125,VAL,7,C;CA;CB;CG1;CG2;N;O,C;CA;CB;CG1;CG2;N;O,,7,7,no,11.2483,CG1,C19,no,no,not_applicable
5LJB,existing_28_cohort,A,1,126,VAL,7,C;CA;CB;CG1;CG2;N;O,C;CA;CB;CG1;CG2;N;O,,7,7,no,11.1288,C,C19,no,no,not_applicable
5LJB,existing_28_cohort,A,1,127,CYS,6,C;CA;CB;N;O;SG,C;CA;CB;N;O;SG,,6,6,no,7.5041,SG,C19,no,yes,not_applicable
5LJB,existing_28_cohort,A,1,128,LYS,9,C;CA;CB;CD;CE;CG;N;NZ;O,C;CA;CB;CD;CE;CG;N;NZ;O,,9,9,no,10.3007,C,C20,no,no,not_applicable
5LJB,existing_28_cohort,A,1,129,GLN,9,C;CA;CB;CD;CG;N;NE2;O;OE1,C;CA;CB;CD;CG;N;NE2;O;OE1,,9,9,no,6.0446,OE1,C11,no,yes,not_applicable
5LJB,existing_28_cohort,A,1,130,VAL,7,C;CA;CB;CG1;CG2;N;O,C;CA;CB;CG1;CG2;N;O,,7,7,no,10.1490,N,O1,no,no,not_applicable
5LJB,existing_28_cohort,A,1,131,PHE,11,C;CA;CB;CD1;CD2;CE1;CE2;CG;CZ;N;O,C;CA;CB;CD1;CD2;CE1;CE2;CG;CZ;N;O,,11,11,no,6.6538,CE1,O1,no,yes,not_applicable
5LJB,existing_28_cohort,A,1,132,LYS,9,C;CA;CB;CD;CE;CG;N;NZ;O,C;CA;CB;CD;CE;CG;N;NZ;O,,9,9,no,12.3471,N,O1,no,no,not_applicable
5LJB,existing_28_cohort,A,1,133,LYS,9,C;CA;CB;CD;CE;CG;N;NZ;O,C;CA;CB;CD;CE;CG;N;NZ;O,,9,9,no,13.7184,CE,O1,no,no,not_applicable
5LJB,existing_28_cohort,A,1,134,VAL,7,C;CA;CB;CG1;CG2;N;O,C;CA;CB;CG1;CG2;N;O,,7,7,no,16.7220,N,O1,no,no,not_applicable
5LJB,existing_28_cohort,A,1,135,GLN,10,C;CA;CB;CD;CG;N;NE2;O;OE1;OXT[terminal-carboxyl],C;CA;CB;CD;CG;N;NE2;O;OE1;OXT,,10,10,no,19.7837,N,O1,no,no,not_applicable
1KT5,existing_28_cohort,A,1,1,GLU,9,C;CA;CB;CD;CG;N;O;OE1;OE2,C;CA;CB;CD;CG;N;O;OE1;OE2,,9,9,no,27.7353,OE1,C16,no,no,not_applicable
1KT5,existing_28_cohort,A,1,2,ARG,11,C;CA;CB;CD;CG;CZ;N;NE;NH1;NH2;O,C;CA;CB;CD;CG;CZ;N;NE;NH1;NH2;O,,11,11,no,21.9528,NH2,C16,no,no,not_applicable
1KT5,existing_28_cohort,A,1,3,ASP,8,C;CA;CB;CG;N;O;OD1;OD2,C;CA;CB;CG;N;O;OD1;OD2,,8,8,no,21.7463,O,C16,no,no,not_applicable
1KT5,existing_28_cohort,A,1,4,CYS,6,C;CA;CB;N;O;SG,C;CA;CB;N;O;SG,,6,6,no,19.5569,O,C16,no,no,not_applicable
1KT5,existing_28_cohort,A,1,5,ARG,11,C;CA;CB;CD;CG;CZ;N;NE;NH1;NH2;O,C;CA;CB;CD;CG;CZ;N;NE;NH1;NH2;O,,11,11,no,19.5775,C,C16,no,no,not_applicable
1KT5,existing_28_cohort,A,1,6,VAL,7,C;CA;CB;CG1;CG2;N;O,C;CA;CB;CG1;CG2;N;O,,7,7,no,15.4161,CG1,C16,no,no,not_applicable
1KT5,existing_28_cohort,A,1,7,SER,6,C;CA;CB;N;O;OG,C;CA;CB;N;O;OG,,6,6,no,18.8672,N,C16,no,no,not_applicable
1KT5,existing_28_cohort,A,1,8,SER,6,C;CA;CB;N;O;OG,C;CA;CB;N;O;OG,,6,6,no,19.9716,C,C16,no,no,not_applicable
1KT5,existing_28_cohort,A,1,9,PHE,11,C;CA;CB;CD1;CD2;CE1;CE2;CG;CZ;N;O,C;CA;CB;CD1;CD2;CE1;CE2;CG;CZ;N;O,,11,11,no,15.4868,CD2,C16,no,no,not_applicable
1KT5,existing_28_cohort,A,1,10,ARG,11,C;CA;CB;CD;CG;CZ;N;NE;NH1;NH2;O,C;CA;CB;CD;CG;CZ;N;NE;NH1;NH2;O,,11,11,no,16.0863,O,C16,no,no,not_applicable
1KT5,existing_28_cohort,A,1,11,VAL,7,C;CA;CB;CG1;CG2;N;O,C;CA;CB;CG1;CG2;N;O,,7,7,no,14.2708,CG1,C16,no,no,not_applicable
1KT5,existing_28_cohort,A,1,12,LYS,9,C;CA;CB;CD;CE;CG;N;NZ;O,C;CA;CB;CD;CE;CG;N;NZ;O,,9,9,no,15.1040,CB,C2,no,no,not_applicable
1KT5,existing_28_cohort,A,1,13,GLU,9,C;CA;CB;CD;CG;N;O;OE1;OE2,C;CA;CB;CD;CG;N;O;OE1;OE2,,9,9,no,18.1968,N,C16,no,no,not_applicable
1KT5,existing_28_cohort,A,1,14,ASN,8,C;CA;CB;CG;N;ND2;O;OD1,C;CA;CB;CG;N;ND2;O;OD1,,8,8,no,18.0550,O,C2,no,no,not_applicable
1KT5,existing_28_cohort,A,1,15,PHE,11,C;CA;CB;CD1;CD2;CE1;CE2;CG;CZ;N;O,C;CA;CB;CD1;CD2;CE1;CE2;CG;CZ;N;O,,11,11,no,11.0135,CZ,C2,no,no,not_applicable
1KT5,existing_28_cohort,A,1,16,ASP,8,C;CA;CB;CG;N;O;OD1;OD2,C;CA;CB;CG;N;O;OD1;OD2,,8,8,no,14.2397,O,C3,no,no,not_applicable
1KT5,existing_28_cohort,A,1,17,LYS,9,C;CA;CB;CD;CE;CG;N;NZ;O,C;CA;CB;CD;CE;CG;N;NZ;O,,9,9,no,12.3551,O,C3,no,no,not_applicable
1KT5,existing_28_cohort,A,1,18,ALA,5,C;CA;CB;N;O,C;CA;CB;N;O,,5,5,no,14.3515,O,C3,no,no,not_applicable
1KT5,existing_28_cohort,A,1,19,ARG,11,C;CA;CB;CD;CG;CZ;N;NE;NH1;NH2;O,C;CA;CB;CD;CG;CZ;N;NE;NH1;NH2;O,,11,11,no,13.9663,O,C3,no,no,not_applicable
1KT5,existing_28_cohort,A,1,20,PHE,11,C;CA;CB;CD1;CD2;CE1;CE2;CG;CZ;N;O,C;CA;CB;CD1;CD2;CE1;CE2;CG;CZ;N;O,,11,11,no,7.6479,CE2,C2,no,yes,not_applicable
1KT5,existing_28_cohort,A,1,21,ALA,5,C;CA;CB;N;O,C;CA;CB;N;O,,5,5,no,10.9221,CA,C3,no,no,not_applicable
1KT5,existing_28_cohort,A,1,22,GLY,4,C;CA;N;O,C;CA;N;O,,4,4,no,8.6604,O,C3,no,no,not_applicable
1KT5,existing_28_cohort,A,1,23,THR,7,C;CA;CB;CG2;N;O;OG1,C;CA;CB;CG2;N;O;OG1,,7,7,no,9.8704,C,C3,no,no,not_applicable
1KT5,existing_28_cohort,A,1,24,TRP,14,C;CA;CB;CD1;CD2;CE2;CE3;CG;CH2;CZ2;CZ3;N;NE1;O,C;CA;CB;CD1;CD2;CE2;CE3;CG;CH2;CZ2;CZ3;N;NE1;O,,14,14,no,7.8800,CB,C3,no,yes,not_applicable
1KT5,existing_28_cohort,A,1,25,TYR,12,C;CA;CB;CD1;CD2;CE1;CE2;CG;CZ;N;O;OH,C;CA;CB;CD1;CD2;CE1;CE2;CG;CZ;N;O;OH,,12,12,no,8.9756,C,C17,no,no,not_applicable
1KT5,existing_28_cohort,A,1,26,ALA,5,C;CA;CB;N;O,C;CA;CB;N;O,,5,5,no,6.7331,CB,C17,no,yes,not_applicable
1KT5,existing_28_cohort,A,1,27,MET,8,C;CA;CB;CE;CG;N;O;SD,C;CA;CB;CE;CG;N;O;SD,,8,8,no,10.0052,N,C17,no,no,not_applicable
1KT5,existing_28_cohort,A,1,28,ALA,5,C;CA;CB;N;O,C;CA;CB;N;O,,5,5,no,9.3357,O,C17,no,no,not_applicable
1KT5,existing_28_cohort,A,1,29,LYS,9,C;CA;CB;CD;CE;CG;N;NZ;O,C;CA;CB;CD;CE;CG;N;NZ;O,,9,9,no,8.4390,CD,C17,no,no,not_applicable
1KT5,existing_28_cohort,A,1,30,LYS,9,C;CA;CB;CD;CE;CG;N;NZ;O,C;CA;CB;CD;CE;CG;N;NZ;O,,9,9,no,9.5009,O,C19,no,no,not_applicable
1KT5,existing_28_cohort,A,1,31,ASP,8,C;CA;CB;CG;N;O;OD1;OD2,C;CA;CB;CG;N;O;OD1;OD2,,8,8,no,9.6276,OD1,C19,no,no,not_applicable
1KT5,existing_28_cohort,A,1,32,PRO,7,C;CA;CB;CD;CG;N;O,C;CA;CB;CD;CG;N;O,,7,7,no,6.8735,CG,C19,no,yes,not_applicable
1KT5,existing_28_cohort,A,1,33,GLU,9,C;CA;CB;CD;CG;N;O;OE1;OE2,C;CA;CB;CD;CG;N;O;OE1;OE2,,9,9,no,7.5389,O,C20,no,yes,not_applicable
1KT5,existing_28_cohort,A,1,34,GLY,4,C;CA;N;O,C;CA;N;O,,4,4,no,6.2863,C,C20,no,yes,not_applicable
1KT5,existing_28_cohort,A,1,35,LEU,8,C;CA;CB;CD1;CD2;CG;N;O,C;CA;CB;CD1;CD2;CG;N;O,,8,8,no,3.4481,O,C20,yes,yes,not_applicable
1KT5,existing_28_cohort,A,1,36,PHE,11,C;CA;CB;CD1;CD2;CE1;CE2;CG;CZ;N;O,C;CA;CB;CD1;CD2;CE1;CE2;CG;CZ;N;O,,11,11,no,3.8029,N,C20,yes,yes,not_applicable
1KT5,existing_28_cohort,A,1,37,LEU,8,C;CA;CB;CD1;CD2;CG;N;O,C;CA;CB;CD1;CD2;CG;N;O,,8,8,no,3.6894,CG,C10,yes,yes,not_applicable
1KT5,existing_28_cohort,A,1,38,GLN,9,C;CA;CB;CD;CG;N;NE2;O;OE1,C;CA;CB;CD;CG;N;NE2;O;OE1,,9,9,no,7.4395,N,C12,no,yes,not_applicable
1KT5,existing_28_cohort,A,1,39,ASP,8,C;CA;CB;CG;N;O;OD1;OD2,C;CA;CB;CG;N;O;OD1;OD2,,8,8,no,9.8652,N,C12,no,no,not_applicable
1KT5,existing_28_cohort,A,1,40,ASN,8,C;CA;CB;CG;N;ND2;O;OD1,C;CA;CB;CG;N;ND2;O;OD1,,8,8,no,9.6929,O,C17,no,no,not_applicable
1KT5,existing_28_cohort,A,1,41,ILE,8,C;CA;CB;CD1;CG1;CG2;N;O,C;CA;CB;CD1;CG1;CG2;N;O,,8,8,no,5.1606,CG2,C17,no,yes,not_applicable
1KT5,existing_28_cohort,A,1,42,VAL,7,C;CA;CB;CG1;CG2;N;O,C;CA;CB;CG1;CG2;N;O,,7,7,no,6.6728,O,C3,no,yes,not_applicable
1KT5,existing_28_cohort,A,1,43,ALA,5,C;CA;CB;N;O,C;CA;CB;N;O,,5,5,no,4.0382,CB,C3,yes,yes,not_applicable
1KT5,existing_28_cohort,A,1,44,GLU,9,C;CA;CB;CD;CG;N;O;OE1;OE2,C;CA;CB;CD;CG;N;O;OE1;OE2,,9,9,no,5.8013,N,C3,no,yes,not_applicable
1KT5,existing_28_cohort,A,1,45,PHE,11,C;CA;CB;CD1;CD2;CE1;CE2;CG;CZ;N;O,C;CA;CB;CD1;CD2;CE1;CE2;CG;CZ;N;O,,11,11,no,3.9306,CZ,C3,yes,yes,not_applicable
1KT5,existing_28_cohort,A,1,46,SER,6,C;CA;CB;N;O;OG,C;CA;CB;N;O;OG,,6,6,no,8.6919,N,C3,no,no,not_applicable
1KT5,existing_28_cohort,A,1,47,VAL,7,C;CA;CB;CG1;CG2;N;O,C;CA;CB;CG1;CG2;N;O,,7,7,no,11.9182,N,C3,no,no,not_applicable
1KT5,existing_28_cohort,A,1,48,ASP,8,C;CA;CB;CG;N;O;OD1;OD2,C;CA;CB;CG;N;O;OD1;OD2,,8,8,no,14.2312,N,C4,no,no,not_applicable
1KT5,existing_28_cohort,A,1,49,GLU,9,C;CA;CB;CD;CG;N;O;OE1;OE2,C;CA;CB;CD;CG;N;O;OE1;OE2,,9,9,no,17.8438,N,C4,no,no,not_applicable
1KT5,existing_28_cohort,A,1,50,ASN,8,C;CA;CB;CG;N;ND2;O;OD1,C;CA;CB;CG;N;ND2;O;OD1,,8,8,no,18.0697,C,C4,no,no,not_applicable
1KT5,existing_28_cohort,A,1,51,GLY,4,C;CA;N;O,C;CA;N;O,,4,4,no,14.6162,O,C4,no,no,not_applicable
1KT5,existing_28_cohort,A,1,52,HIS,10,C;CA;CB;CD2;CE1;CG;N;ND1;NE2;O,C;CA;CB;CD2;CE1;CG;N;ND1;NE2;O,,10,10,no,12.3720,O,C4,no,no,not_applicable
1KT5,existing_28_cohort,A,1,53,MET,8,C;CA;CB;CE;CG;N;O;SD,C;CA;CB;CE;CG;N;O;SD,,8,8,no,8.3626,CE,C3,no,no,not_applicable
1KT5,existing_28_cohort,A,1,54,SER,6,C;CA;CB;N;O;OG,C;CA;CB;N;O;OG,,6,6,no,6.4941,C,C4,no,yes,not_applicable
1KT5,existing_28_cohort,A,1,55,ALA,5,C;CA;CB;N;O,C;CA;CB;N;O,,5,5,no,3.8252,CB,C3,yes,yes,not_applicable
1KT5,existing_28_cohort,A,1,56,THR,7,C;CA;CB;CG2;N;O;OG1,C;CA;CB;CG2;N;O;OG1,,7,7,no,4.6736,O,C3,yes,yes,not_applicable
1KT5,existing_28_cohort,A,1,57,ALA,5,C;CA;CB;N;O,C;CA;CB;N;O,,5,5,no,3.9648,CB,C4,yes,yes,not_applicable
1KT5,existing_28_cohort,A,1,58,LYS,9,C;CA;CB;CD;CE;CG;N;NZ;O,C;CA;CB;CD;CE;CG;N;NZ;O,,9,9,no,7.1895,N,C17,no,yes,not_applicable
1KT5,existing_28_cohort,A,1,59,GLY,4,C;CA;N;O,C;CA;N;O,,4,4,no,7.3438,O,C14,no,yes,not_applicable
1KT5,existing_28_cohort,A,1,60,ARG,11,C;CA;CB;CD;CG;CZ;N;NE;NH1;NH2;O,C;CA;CB;CD;CG;CZ;N;NE;NH1;NH2;O,,11,11,no,7.3880,O,C14,no,yes,not_applicable
1KT5,existing_28_cohort,A,1,61,VAL,7,C;CA;CB;CG1;CG2;N;O,C;CA;CB;CG1;CG2;N;O,,7,7,no,4.1086,CG2,C15,yes,yes,not_applicable
1KT5,existing_28_cohort,A,1,62,ARG,11,C;CA;CB;CD;CG;CZ;N;NE;NH1;NH2;O,C;CA;CB;CD;CG;CZ;N;NE;NH1;NH2;O,,11,11,no,5.7845,O,C15,no,yes,not_applicable
1KT5,existing_28_cohort,A,1,63,LEU,8,C;CA;CB;CD1;CD2;CG;N;O,C;CA;CB;CD1;CD2;CG;N;O,,8,8,no,4.3906,CD2,C15,yes,yes,not_applicable
1KT5,existing_28_cohort,A,1,64,LEU,8,C;CA;CB;CD1;CD2;CG;N;O,C;CA;CB;CD1;CD2;CG;N;O,,8,8,no,7.2276,N,O1,no,yes,not_applicable
1KT5,existing_28_cohort,A,1,65,ASN,8,C;CA;CB;CG;N;ND2;O;OD1,C;CA;CB;CG;N;ND2;O;OD1,,8,8,no,9.7531,OD1,O1,no,no,not_applicable
1KT5,existing_28_cohort,A,1,66,ASN,8,C;CA;CB;CG;N;ND2;O;OD1,C;CA;CB;CG;N;ND2;O;OD1,,8,8,no,10.4591,O,C15,no,no,not_applicable
1KT5,existing_28_cohort,A,1,67,TRP,14,C;CA;CB;CD1;CD2;CE2;CE3;CG;CH2;CZ2;CZ3;N;NE1;O,C;CA;CB;CD1;CD2;CE2;CE3;CG;CH2;CZ2;CZ3;N;NE1;O,,14,14,no,8.5318,O,C15,no,no,not_applicable
1KT5,existing_28_cohort,A,1,68,ASP,8,C;CA;CB;CG;N;O;OD1;OD2,C;CA;CB;CG;N;O;OD1;OD2,,8,8,no,9.4361,C,C15,no,no,not_applicable
1KT5,existing_28_cohort,A,1,69,VAL,7,C;CA;CB;CG1;CG2;N;O,C;CA;CB;CG1;CG2;N;O,,7,7,no,6.4675,CG2,C15,no,yes,not_applicable
1KT5,existing_28_cohort,A,1,70,CYS,6,C;CA;CB;N;O;SG,C;CA;CB;N;O;SG,,6,6,no,8.0683,C,C14,no,no,not_applicable
1KT5,existing_28_cohort,A,1,71,ALA,5,C;CA;CB;N;O,C;CA;CB;N;O,,5,5,no,4.8838,CB,C14,yes,yes,not_applicable
1KT5,existing_28_cohort,A,1,72,ASP,8,C;CA;CB;CG;N;O;OD1;OD2,C;CA;CB;CG;N;O;OD1;OD2,,8,8,no,7.3879,C,C18,no,yes,not_applicable
1KT5,existing_28_cohort,A,1,73,MET,8,C;CA;CB;CE;CG;N;O;SD,C;CA;CB;CE;CG;N;O;SD,,8,8,no,3.7363,CE,C12,yes,yes,not_applicable
1KT5,existing_28_cohort,A,1,74,VAL,7,C;CA;CB;CG1;CG2;N;O,C;CA;CB;CG1;CG2;N;O,,7,7,no,4.0946,C,C18,yes,yes,not_applicable
1KT5,existing_28_cohort,A,1,75,GLY,4,C;CA;N;O,C;CA;N;O,,4,4,no,4.0961,N,C18,yes,yes,not_applicable
1KT5,existing_28_cohort,A,1,76,THR,7,C;CA;CB;CG2;N;O;OG1,C;CA;CB;CG2;N;O;OG1,,7,7,no,6.4737,N,C18,no,yes,not_applicable
1KT5,existing_28_cohort,A,1,77,PHE,11,C;CA;CB;CD1;CD2;CE1;CE2;CG;CZ;N;O,C;CA;CB;CD1;CD2;CE1;CE2;CG;CZ;N;O,,11,11,no,4.6485,CZ,C4,yes,yes,not_applicable
1KT5,existing_28_cohort,A,1,78,THR,7,C;CA;CB;CG2;N;O;OG1,C;CA;CB;CG2;N;O;OG1,,7,7,no,11.2302,N,C4,no,no,not_applicable
1KT5,existing_28_cohort,A,1,79,ASP,8,C;CA;CB;CG;N;O;OD1;OD2,C;CA;CB;CG;N;O;OD1;OD2,,8,8,no,14.0733,N,C4,no,no,not_applicable
1KT5,existing_28_cohort,A,1,80,THR,7,C;CA;CB;CG2;N;O;OG1,C;CA;CB;CG2;N;O;OG1,,7,7,no,15.1081,CG2,C16,no,no,not_applicable
1KT5,existing_28_cohort,A,1,81,GLU,9,C;CA;CB;CD;CG;N;O;OE1;OE2,C;CA;CB;CD;CG;N;O;OE1;OE2,,9,9,no,18.6748,N,C16,no,no,not_applicable
1KT5,existing_28_cohort,A,1,82,ASP,8,C;CA;CB;CG;N;O;OD1;OD2,C;CA;CB;CG;N;O;OD1;OD2,,8,8,no,15.6009,O,C16,no,no,not_applicable
1KT5,existing_28_cohort,A,1,83,PRO,7,C;CA;CB;CD;CG;N;O,C;CA;CB;CD;CG;N;O,,7,7,no,14.0695,O,C2,no,no,not_applicable
1KT5,existing_28_cohort,A,1,84,ALA,5,C;CA;CB;N;O,C;CA;CB;N;O,,5,5,no,11.4964,O,C16,no,no,not_applicable
1KT5,existing_28_cohort,A,1,85,LYS,9,C;CA;CB;CD;CE;CG;N;NZ;O,C;CA;CB;CD;CE;CG;N;NZ;O,,9,9,no,12.1936,C,C16,no,no,not_applicable
1KT5,existing_28_cohort,A,1,86,PHE,11,C;CA;CB;CD1;CD2;CE1;CE2;CG;CZ;N;O,C;CA;CB;CD1;CD2;CE1;CE2;CG;CZ;N;O,,11,11,no,9.9475,CB,C16,no,no,not_applicable
1KT5,existing_28_cohort,A,1,87,LYS,9,C;CA;CB;CD;CE;CG;N;NZ;O,C;CA;CB;CD;CE;CG;N;NZ;O,,9,9,no,9.7469,C,C18,no,no,not_applicable
1KT5,existing_28_cohort,A,1,88,MET,8,C;CA;CB;CE;CG;N;O;SD,C;CA;CB;CE;CG;N;O;SD,,8,8,no,3.6221,CE,C7,yes,yes,not_applicable
1KT5,existing_28_cohort,A,1,89,LYS,9,C;CA;CB;CD;CE;CG;N;NZ;O,C;CA;CB;CD;CE;CG;N;NZ;O,,9,9,no,5.8151,O,C18,no,yes,not_applicable
1KT5,existing_28_cohort,A,1,90,TYR,12,C;CA;CB;CD1;CD2;CE1;CE2;CG;CZ;N;O;OH,C;CA;CB;CD1;CD2;CE1;CE2;CG;CZ;N;O;OH,,12,12,no,3.6639,CB,C18,yes,yes,not_applicable
1KT5,existing_28_cohort,A,1,91,TRP,14,C;CA;CB;CD1;CD2;CE2;CE3;CG;CH2;CZ2;CZ3;N;NE1;O,C;CA;CB;CD1;CD2;CE2;CE3;CG;CH2;CZ2;CZ3;N;NE1;O,,14,14,no,5.5845,N,C18,no,yes,not_applicable
1KT5,existing_28_cohort,A,1,92,GLY,4,C;CA;N;O,C;CA;N;O,,4,4,no,7.1943,CA,C14,no,yes,not_applicable
1KT5,existing_28_cohort,A,1,93,VAL,7,C;CA;CB;CG1;CG2;N;O,C;CA;CB;CG1;CG2;N;O,,7,7,no,8.9849,N,C14,no,no,not_applicable
1KT5,existing_28_cohort,A,1,94,ALA,5,C;CA;CB;N;O,C;CA;CB;N;O,,5,5,no,7.2084,O,O1,no,yes,not_applicable
1KT5,existing_28_cohort,A,1,95,SER,6,C;CA;CB;N;O;OG,C;CA;CB;N;O;OG,,6,6,no,7.3209,O,O1,no,yes,not_applicable
1KT5,existing_28_cohort,A,1,96,PHE,11,C;CA;CB;CD1;CD2;CE1;CE2;CG;CZ;N;O,C;CA;CB;CD1;CD2;CE1;CE2;CG;CZ;N;O,,11,11,no,4.0377,O,O1,yes,yes,not_applicable
1KT5,existing_28_cohort,A,1,97,LEU,8,C;CA;CB;CD1;CD2;CG;N;O,C;CA;CB;CD1;CD2;CG;N;O,,8,8,no,3.2964,CA,O1,yes,yes,not_applicable
1KT5,existing_28_cohort,A,1,98,GLN,9,C;CA;CB;CD;CG;N;NE2;O;OE1,C;CA;CB;CD;CG;N;NE2;O;OE1,,9,9,no,2.6359,N,O1,yes,yes,not_applicable
1KT5,existing_28_cohort,A,1,99,LYS,9,C;CA;CB;CD;CE;CG;N;NZ;O,C;CA;CB;CD;CE;CG;N;NZ;O,,9,9,no,5.9440,N,O1,no,yes,not_applicable
1KT5,existing_28_cohort,A,1,100,GLY,4,C;CA;N;O,C;CA;N;O,,4,4,no,7.6390,N,C19,no,yes,not_applicable
1KT5,existing_28_cohort,A,1,101,ASN,8,C;CA;CB;CG;N;ND2;O;OD1,C;CA;CB;CG;N;ND2;O;OD1,,8,8,no,8.2613,N,C19,no,no,not_applicable
1KT5,existing_28_cohort,A,1,102,ASP,8,C;CA;CB;CG;N;O;OD1;OD2,C;CA;CB;CG;N;O;OD1;OD2,,8,8,no,4.2774,OD2,C19,yes,yes,not_applicable
1KT5,existing_28_cohort,A,1,103,ASP,8,C;CA;CB;CG;N;O;OD1;OD2,C;CA;CB;CG;N;O;OD1;OD2,,8,8,no,6.8076,O,C16,no,yes,not_applicable
1KT5,existing_28_cohort,A,1,104,HIS,10,C;CA;CB;CD2;CE1;CG;N;ND1;NE2;O,C;CA;CB;CD2;CE1;CG;N;ND1;NE2;O,,10,10,no,3.7300,CE1,C16,yes,yes,not_applicable
1KT5,existing_28_cohort,A,1,105,TRP,14,C;CA;CB;CD1;CD2;CE2;CE3;CG;CH2;CZ2;CZ3;N;NE1;O,C;CA;CB;CD1;CD2;CE2;CE3;CG;CH2;CZ2;CZ3;N;NE1;O,,14,14,no,7.9805,N,C16,no,yes,not_applicable
1KT5,existing_28_cohort,A,1,106,ILE,8,C;CA;CB;CD1;CG1;CG2;N;O,C;CA;CB;CD1;CG1;CG2;N;O,,8,8,no,8.1930,CD1,C2,no,no,not_applicable
1KT5,existing_28_cohort,A,1,107,ILE,8,C;CA;CB;CD1;CG1;CG2;N;O,C;CA;CB;CD1;CG1;CG2;N;O,,8,8,no,11.3214,N,C16,no,no,not_applicable
1KT5,existing_28_cohort,A,1,108,ASP,8,C;CA;CB;CG;N;O;OD1;OD2,C;CA;CB;CG;N;O;OD1;OD2,,8,8,no,12.5853,O,C16,no,no,not_applicable
1KT5,existing_28_cohort,A,1,109,THR,7,C;CA;CB;CG2;N;O;OG1,C;CA;CB;CG2;N;O;OG1,,7,7,no,12.8401,OG1,C2,no,no,not_applicable
1KT5,existing_28_cohort,A,1,110,ASP,8,C;CA;CB;CG;N;O;OD1;OD2,C;CA;CB;CG;N;O;OD1;OD2,,8,8,no,15.5786,N,C2,no,no,not_applicable
1KT5,existing_28_cohort,A,1,111,TYR,12,C;CA;CB;CD1;CD2;CE1;CE2;CG;CZ;N;O;OH,C;CA;CB;CD1;CD2;CE1;CE2;CG;CZ;N;O;OH,,12,12,no,14.3752,CD1,C2,no,no,not_applicable
1KT5,existing_28_cohort,A,1,112,GLU,9,C;CA;CB;CD;CG;N;O;OE1;OE2,C;CA;CB;CD;CG;N;O;OE1;OE2,,9,9,no,16.1369,N,C2,no,no,not_applicable
1KT5,existing_28_cohort,A,1,113,THR,7,C;CA;CB;CG2;N;O;OG1,C;CA;CB;CG2;N;O;OG1,,7,7,no,14.7268,O,C2,no,no,not_applicable
1KT5,existing_28_cohort,A,1,114,PHE,11,C;CA;CB;CD1;CD2;CE1;CE2;CG;CZ;N;O,C;CA;CB;CD1;CD2;CE1;CE2;CG;CZ;N;O,,11,11,no,12.9117,C,C2,no,no,not_applicable
1KT5,existing_28_cohort,A,1,115,ALA,5,C;CA;CB;N;O,C;CA;CB;N;O,,5,5,no,10.0150,CB,C2,no,no,not_applicable
1KT5,existing_28_cohort,A,1,116,VAL,7,C;CA;CB;CG1;CG2;N;O,C;CA;CB;CG1;CG2;N;O,,7,7,no,9.5042,C,C16,no,no,not_applicable
1KT5,existing_28_cohort,A,1,117,GLN,9,C;CA;CB;CD;CG;N;NE2;O;OE1,C;CA;CB;CD;CG;N;NE2;O;OE1,,9,9,no,4.1610,NE2,C16,yes,yes,not_applicable
1KT5,existing_28_cohort,A,1,118,TYR,12,C;CA;CB;CD1;CD2;CE1;CE2;CG;CZ;N;O;OH,C;CA;CB;CD1;CD2;CE1;CE2;CG;CZ;N;O;OH,,12,12,no,7.5394,O,C16,no,yes,not_applicable
1KT5,existing_28_cohort,A,1,119,SER,6,C;CA;CB;N;O;OG,C;CA;CB;N;O;OG,,6,6,no,6.8762,CB,C16,no,yes,not_applicable
1KT5,existing_28_cohort,A,1,120,CYS,6,C;CA;CB;N;O;SG,C;CA;CB;N;O;SG,,6,6,no,10.2681,N,C16,no,no,not_applicable
1KT5,existing_28_cohort,A,1,121,ARG,11,C;CA;CB;CD;CG;CZ;N;NE;NH1;NH2;O,C;CA;CB;CD;CG;CZ;N;NE;NH1;NH2;O,,11,11,no,3.8089,NH1,C19,yes,yes,not_applicable
1KT5,existing_28_cohort,A,1,122,LEU,8,C;CA;CB;CD1;CD2;CG;N;O,C;CA;CB;CD1;CD2;CG;N;O,,8,8,no,12.7790,N,C19,no,no,not_applicable
1KT5,existing_28_cohort,A,1,123,LEU,8,C;CA;CB;CD1;CD2;CG;N;O,C;CA;CB;CD1;CD2;CG;N;O,,8,8,no,16.2070,N,C19,no,no,not_applicable
1KT5,existing_28_cohort,A,1,124,ASN,8,C;CA;CB;CG;N;ND2;O;OD1,C;CA;CB;CG;N;ND2;O;OD1,,8,8,no,18.9836,N,C19,no,no,not_applicable
1KT5,existing_28_cohort,A,1,125,LEU,8,C;CA;CB;CD1;CD2;CG;N;O,C;CA;CB;CD1;CD2;CG;N;O,,8,8,no,22.3634,N,C19,no,no,not_applicable
1KT5,existing_28_cohort,A,1,126,ASP,8,C;CA;CB;CG;N;O;OD1;OD2,C;CA;CB;CG;N;O;OD1;OD2,,8,8,no,22.9052,OD1,C19,no,no,not_applicable
1KT5,existing_28_cohort,A,1,127,GLY,4,C;CA;N;O,C;CA;N;O,,4,4,no,19.8097,O,C16,no,no,not_applicable
1KT5,existing_28_cohort,A,1,128,THR,7,C;CA;CB;CG2;N;O;OG1,C;CA;CB;CG2;N;O;OG1,,7,7,no,18.7053,O,C19,no,no,not_applicable
1KT5,existing_28_cohort,A,1,129,CYS,6,C;CA;CB;N;O;SG,C;CA;CB;N;O;SG,,6,6,no,13.7203,SG,C19,no,no,not_applicable
1KT5,existing_28_cohort,A,1,130,ALA,5,C;CA;CB;N;O,C;CA;CB;N;O,,5,5,no,14.9922,C,C19,no,no,not_applicable
1KT5,existing_28_cohort,A,1,131,ASP,8,C;CA;CB;CG;N;O;OD1;OD2,C;CA;CB;CG;N;O;OD1;OD2,,8,8,no,10.5127,OD2,C19,no,no,not_applicable
1KT5,existing_28_cohort,A,1,132,SER,6,C;CA;CB;N;O;OG,C;CA;CB;N;O;OG,,6,6,no,9.8545,C,C19,no,no,not_applicable
1KT5,existing_28_cohort,A,1,133,TYR,12,C;CA;CB;CD1;CD2;CE1;CE2;CG;CZ;N;O;OH,C;CA;CB;CD1;CD2;CE1;CE2;CG;CZ;N;O;OH,,12,12,no,3.9717,OH,C19,yes,yes,not_applicable
1KT5,existing_28_cohort,A,1,134,SER,6,C;CA;CB;N;O;OG,C;CA;CB;N;O;OG,,6,6,no,7.5878,C,C16,no,yes,not_applicable
1KT5,existing_28_cohort,A,1,135,PHE,11,C;CA;CB;CD1;CD2;CE1;CE2;CG;CZ;N;O,C;CA;CB;CD1;CD2;CE1;CE2;CG;CZ;N;O,,11,11,no,3.7946,CE2,C17,yes,yes,not_applicable
1KT5,existing_28_cohort,A,1,136,VAL,7,C;CA;CB;CG1;CG2;N;O,C;CA;CB;CG1;CG2;N;O,,7,7,no,8.9931,N,C17,no,no,not_applicable
1KT5,existing_28_cohort,A,1,137,PHE,11,C;CA;CB;CD1;CD2;CE1;CE2;CG;CZ;N;O,C;CA;CB;CD1;CD2;CE1;CE2;CG;CZ;N;O,,11,11,no,4.3609,CZ,C17,yes,yes,not_applicable
1KT5,existing_28_cohort,A,1,138,ALA,5,C;CA;CB;N;O,C;CA;CB;N;O,,5,5,no,11.1542,N,C17,no,no,not_applicable
1KT5,existing_28_cohort,A,1,139,ARG,11,C;CA;CB;CD;CG;CZ;N;NE;NH1;NH2;O,C;CA;CB;CD;CG;CZ;N;NE;NH1;NH2;O,,11,11,no,11.5191,NH2,C3,no,no,not_applicable
1KT5,existing_28_cohort,A,1,140,ASP,8,C;CA;CB;CG;N;O;OD1;OD2,C;CA;CB;CG;N;O;OD1;OD2,,8,8,no,15.3639,N,C17,no,no,not_applicable
1KT5,existing_28_cohort,A,1,141,PRO,7,C;CA;CB;CD;CG;N;O,C;CA;CB;CD;CG;N;O,,7,7,no,15.1114,CB,C17,no,no,not_applicable
1KT5,existing_28_cohort,A,1,142,SER,6,C;CA;CB;N;O;OG,C;CA;CB;N;O;OG,,6,6,no,17.0252,O,C17,no,no,not_applicable
1KT5,existing_28_cohort,A,1,143,GLY,4,C;CA;N;O,C;CA;N;O,,4,4,no,18.5771,O,C17,no,no,not_applicable
1KT5,existing_28_cohort,A,1,144,PHE,11,C;CA;CB;CD1;CD2;CE1;CE2;CG;CZ;N;O,C;CA;CB;CD1;CD2;CE1;CE2;CG;CZ;N;O,,11,11,no,14.5094,CZ,C17,no,no,not_applicable
1KT5,existing_28_cohort,A,1,145,SER,6,C;CA;CB;N;O;OG,C;CA;CB;N;O;OG,,6,6,no,21.4846,N,C17,no,no,not_applicable
1KT5,existing_28_cohort,A,1,146,PRO,7,C;CA;CB;CD;CG;N;O,C;CA;CB;CD;CG;N;O,,7,7,no,23.6337,O,C17,no,no,not_applicable
1KT5,existing_28_cohort,A,1,147,GLU,9,C;CA;CB;CD;CG;N;O;OE1;OE2,C;CA;CB;CD;CG;N;O;OE1;OE2,,9,9,no,22.7193,O,C16,no,no,not_applicable
1KT5,existing_28_cohort,A,1,148,VAL,7,C;CA;CB;CG1;CG2;N;O,C;CA;CB;CG1;CG2;N;O,,7,7,no,18.2252,CG1,C17,no,no,not_applicable
1KT5,existing_28_cohort,A,1,149,GLN,9,C;CA;CB;CD;CG;N;NE2;O;OE1,C;CA;CB;CD;CG;N;NE2;O;OE1,,9,9,no,19.9668,O,C16,no,no,not_applicable
1KT5,existing_28_cohort,A,1,150,LYS,9,C;CA;CB;CD;CE;CG;N;NZ;O,C;CA;CB;CD;CE;CG;N;NZ;O,,9,9,no,21.2611,O,C16,no,no,not_applicable
1KT5,existing_28_cohort,A,1,151,ILE,8,C;CA;CB;CD1;CG1;CG2;N;O,C;CA;CB;CD1;CG1;CG2;N;O,,8,8,no,18.5883,O,C16,no,no,not_applicable
1KT5,existing_28_cohort,A,1,152,VAL,7,C;CA;CB;CG1;CG2;N;O,C;CA;CB;CG1;CG2;N;O,,7,7,no,15.2948,CG1,C16,no,no,not_applicable
1KT5,existing_28_cohort,A,1,153,ARG,11,C;CA;CB;CD;CG;CZ;N;NE;NH1;NH2;O,C;CA;CB;CD;CG;CZ;N;NE;NH1;NH2;O,,11,11,no,18.4535,N,C16,no,no,not_applicable
1KT5,existing_28_cohort,A,1,154,GLN,9,C;CA;CB;CD;CG;N;NE2;O;OE1,C;CA;CB;CD;CG;N;NE2;O;OE1,,9,9,no,19.0049,C,C16,no,no,not_applicable
1KT5,existing_28_cohort,A,1,155,ARG,11,C;CA;CB;CD;CG;CZ;N;NE;NH1;NH2;O,C;CA;CB;CD;CG;CZ;N;NE;NH1;NH2;O,,11,11,no,15.7434,CB,C16,no,no,not_applicable
1KT5,existing_28_cohort,A,1,156,GLN,9,C;CA;CB;CD;CG;N;NE2;O;OE1,C;CA;CB;CD;CG;N;NE2;O;OE1,,9,9,no,14.6840,OE1,C16,no,no,not_applicable
1KT5,existing_28_cohort,A,1,157,GLU,9,C;CA;CB;CD;CG;N;O;OE1;OE2,C;CA;CB;CD;CG;N;O;OE1;OE2,,9,9,no,18.2170,N,C16,no,no,not_applicable
1KT5,existing_28_cohort,A,1,158,GLU,9,C;CA;CB;CD;CG;N;O;OE1;OE2,C;CA;CB;CD;CG;N;O;OE1;OE2,,9,9,no,16.5898,OE1,C16,no,no,not_applicable
1KT5,existing_28_cohort,A,1,159,LEU,8,C;CA;CB;CD1;CD2;CG;N;O,C;CA;CB;CD1;CD2;CG;N;O,,8,8,no,12.6753,CD1,C16,no,no,not_applicable
1KT5,existing_28_cohort,A,1,160,CYS,6,C;CA;CB;N;O;SG,C;CA;CB;N;O;SG,,6,6,no,17.7164,C,C16,no,no,not_applicable
1KT5,existing_28_cohort,A,1,161,LEU,8,C;CA;CB;CD1;CD2;CG;N;O,C;CA;CB;CD1;CD2;CG;N;O,,8,8,no,12.6383,CD1,C16,no,no,not_applicable
1KT5,existing_28_cohort,A,1,162,ALA,5,C;CA;CB;N;O,C;CA;CB;N;O,,5,5,no,17.9686,N,C16,no,no,not_applicable
1KT5,existing_28_cohort,A,1,163,ARG,11,C;CA;CB;CD;CG;CZ;N;NE;NH1;NH2;O,C;CA;CB;CD;CG;CZ;N;NE;NH1;NH2;O,,11,11,no,18.8699,C,C16,no,no,not_applicable
1KT5,existing_28_cohort,A,1,164,GLN,9,C;CA;CB;CD;CG;N;NE2;O;OE1,C;CA;CB;CD;CG;N;NE2;O;OE1,,9,9,no,14.9834,O,C16,no,no,not_applicable
1KT5,existing_28_cohort,A,1,165,TYR,12,C;CA;CB;CD1;CD2;CE1;CE2;CG;CZ;N;O;OH,C;CA;CB;CD1;CD2;CE1;CE2;CG;CZ;N;O;OH,,12,12,no,11.6556,CE2,C16,no,no,not_applicable
1KT5,existing_28_cohort,A,1,166,ARG,11,C;CA;CB;CD;CG;CZ;N;NE;NH1;NH2;O,C;CA;CB;CD;CG;CZ;N;NE;NH1;NH2;O,,11,11,no,12.8465,NH1,C20,no,no,not_applicable
1KT5,existing_28_cohort,A,1,167,LEU,8,C;CA;CB;CD1;CD2;CG;N;O,C;CA;CB;CD1;CD2;CG;N;O,,8,8,no,13.9677,C,C17,no,no,not_applicable
1KT5,existing_28_cohort,A,1,168,ILE,8,C;CA;CB;CD1;CG1;CG2;N;O,C;CA;CB;CD1;CG1;CG2;N;O,,8,8,no,8.8451,CD1,C17,no,no,not_applicable
1KT5,existing_28_cohort,A,1,169,PRO,7,C;CA;CB;CD;CG;N;O,C;CA;CB;CD;CG;N;O,,7,7,no,12.9516,O,C17,no,no,not_applicable
1KT5,existing_28_cohort,A,1,170,HIS,10,C;CA;CB;CD2;CE1;CG;N;ND1;NE2;O,C;CA;CB;CD2;CE1;CG;N;ND1;NE2;O,,10,10,no,10.7234,NE2,C17,no,no,not_applicable
1KT5,existing_28_cohort,A,1,171,ASN,8,C;CA;CB;CG;N;ND2;O;OD1,C;CA;CB;CG;N;ND2;O;OD1,,8,8,no,16.0535,N,C17,no,no,not_applicable
1KT5,existing_28_cohort,A,1,172,GLY,4,C;CA;N;O,C;CA;N;O,,4,4,no,16.8610,N,C17,no,no,not_applicable
1KT5,existing_28_cohort,A,1,173,TYR,12,C;CA;CB;CD1;CD2;CE1;CE2;CG;CZ;N;O;OH,C;CA;CB;CD1;CD2;CE1;CE2;CG;CZ;N;O;OH,,12,12,no,12.0761,CE1,C15,no,no,not_applicable
1KT5,existing_28_cohort,A,1,174,CYS,6,C;CA;CB;N;O;SG,C;CA;CB;N;O;SG,,6,6,no,11.3425,SG,C14,no,no,not_applicable
1KT5,existing_28_cohort,A,1,175,ASP,9,C;CA;CB;CG;N;O;OD1;OD2;OXT[terminal-carboxyl],C;CA;CB;CG;N;O;OD1;OD2,OXT[terminal-carboxyl],8,8,yes,15.7429,N,C14,no,no,unlikely
1GX8,existing_28_cohort,A,1,2,ILE,8,C;CA;CB;CD1;CG1;CG2;N;O,C;CA;CB;CD1;CG1;CG2;N;O,,8,8,no,12.0385,CG2,C18,no,no,not_applicable
1GX8,existing_28_cohort,A,1,3,VAL,7,C;CA;CB;CG1;CG2;N;O,C;CA;CB;CG1;CG2;N;O,,7,7,no,10.2614,CG2,C4,no,no,not_applicable
1GX8,existing_28_cohort,A,1,4,THR,7,C;CA;CB;CG2;N;O;OG1,C;CA;CB;CG2;N;O;OG1,,7,7,no,14.6229,N,C4,no,no,not_applicable
1GX8,existing_28_cohort,A,1,5,GLN,9,C;CA;CB;CD;CG;N;NE2;O;OE1,C;CA;CB;CD;CG;N;NE2;O;OE1,,9,9,no,12.8312,O,C2,no,no,not_applicable
1GX8,existing_28_cohort,A,1,6,THR,7,C;CA;CB;CG2;N;O;OG1,C;CA;CB;CG2;N;O;OG1,,7,7,no,12.9027,CG2,C2,no,no,not_applicable
1GX8,existing_28_cohort,A,1,7,MET,8,C;CA;CB;CE;CG;N;O;SD,C;CA;CB;CE;CG;N;O;SD,,8,8,no,14.0823,N,C2,no,no,not_applicable
1GX8,existing_28_cohort,A,1,8,LYS,9,C;CA;CB;CD;CE;CG;N;NZ;O,C;CA;CB;CD;CE;CG;N;NZ;O,,9,9,no,17.1894,N,C2,no,no,not_applicable
1GX8,existing_28_cohort,A,1,9,GLY,4,C;CA;N;O,C;CA;N;O,,4,4,no,18.3745,C,C2,no,no,not_applicable
1GX8,existing_28_cohort,A,1,10,LEU,8,C;CA;CB;CD1;CD2;CG;N;O,C;CA;CB;CD1;CD2;CG;N;O,,8,8,no,12.3884,CD2,C2,no,no,not_applicable
1GX8,existing_28_cohort,A,1,11,ASP,8,C;CA;CB;CG;N;O;OD1;OD2,C;CA;CB;CG;N;O;OD1;OD2,,8,8,no,15.9836,O,C2,no,no,not_applicable
1GX8,existing_28_cohort,A,1,12,ILE,8,C;CA;CB;CD1;CG1;CG2;N;O,C;CA;CB;CD1;CG1;CG2;N;O,,8,8,no,11.3538,CD1,C2,no,no,not_applicable
1GX8,existing_28_cohort,A,1,13,GLN,9,C;CA;CB;CD;CG;N;NE2;O;OE1,C;CA;CB;CD;CG;N;NE2;O;OE1,,9,9,no,16.0085,O,C17,no,no,not_applicable
1GX8,existing_28_cohort,A,1,14,LYS,9,C;CA;CB;CD;CE;CG;N;NZ;O,C;CA;CB;CD;CE;CG;N;NZ;O,,9,9,no,15.7932,C,C17,no,no,not_applicable
1GX8,existing_28_cohort,A,1,15,VAL,7,C;CA;CB;CG1;CG2;N;O,C;CA;CB;CG1;CG2;N;O,,7,7,no,11.5428,CG2,C2,no,no,not_applicable
1GX8,existing_28_cohort,A,1,16,ALA,5,C;CA;CB;N;O,C;CA;CB;N;O,,5,5,no,13.6476,CA,C17,no,no,not_applicable
1GX8,existing_28_cohort,A,1,17,GLY,4,C;CA;N;O,C;CA;N;O,,4,4,no,11.9801,O,C17,no,no,not_applicable
1GX8,existing_28_cohort,A,1,18,THR,7,C;CA;CB;CG2;N;O;OG1,C;CA;CB;CG2;N;O;OG1,,7,7,no,12.7600,C,C17,no,no,not_applicable
1GX8,existing_28_cohort,A,1,19,TRP,14,C;CA;CB;CD1;CD2;CE2;CE3;CG;CH2;CZ2;CZ3;N;NE1;O,C;CA;CB;CD1;CD2;CE2;CE3;CG;CH2;CZ2;CZ3;N;NE1;O,,14,14,no,9.8964,CB,C17,no,no,not_applicable
1GX8,existing_28_cohort,A,1,20,TYR,12,C;CA;CB;CD1;CD2;CE1;CE2;CG;CZ;N;O;OH,C;CA;CB;CD1;CD2;CE1;CE2;CG;CZ;N;O;OH,,12,12,no,9.9983,O,C3,no,no,not_applicable
1GX8,existing_28_cohort,A,1,21,SER,6,C;CA;CB;N;O;OG,C;CA;CB;N;O;OG,,6,6,no,6.9292,OG,C3,no,yes,not_applicable
1GX8,existing_28_cohort,A,1,22,LEU,8,C;CA;CB;CD1;CD2;CG;N;O,C;CA;CB;CD1;CD2;CG;N;O,,8,8,no,10.2952,N,C3,no,no,not_applicable
1GX8,existing_28_cohort,A,1,23,ALA,5,C;CA;CB;N;O,C;CA;CB;N;O,,5,5,no,7.8516,O,C3,no,yes,not_applicable
1GX8,existing_28_cohort,A,1,24,MET,8,C;CA;CB;CE;CG;N;O;SD,C;CA;CB;CE;CG;N;O;SD,,8,8,no,7.0567,CB,C4,no,yes,not_applicable
1GX8,existing_28_cohort,A,1,25,ALA,5,C;CA;CB;N;O,C;CA;CB;N;O,,5,5,no,6.8880,O,C4,no,yes,not_applicable
1GX8,existing_28_cohort,A,1,26,ALA,5,C;CA;CB;N;O,C;CA;CB;N;O,,5,5,no,7.7798,CB,C18,no,yes,not_applicable
1GX8,existing_28_cohort,A,1,27,SER,6,C;CA;CB;N;O;OG,C;CA;CB;N;O;OG,,6,6,no,9.5600,N,C18,no,no,not_applicable
1GX8,existing_28_cohort,A,1,28,ASP,8,C;CA;CB;CG;N;O;OD1;OD2,C;CA;CB;CG;N;O;OD1;OD2,,8,8,no,10.3689,O,C18,no,no,not_applicable
1GX8,existing_28_cohort,A,1,29,ILE,8,C;CA;CB;CD1;CG1;CG2;N;O,C;CA;CB;CD1;CG1;CG2;N;O,,8,8,no,12.0004,O,C18,no,no,not_applicable
1GX8,existing_28_cohort,A,1,30,SER,6,C;CA;CB;N;O;OG,C;CA;CB;N;O;OG,,6,6,no,10.8393,O,C18,no,no,not_applicable
1GX8,existing_28_cohort,A,1,31,LEU,8,C;CA;CB;CD1;CD2;CG;N;O,C;CA;CB;CD1;CD2;CG;N;O,,8,8,no,7.2508,O,C18,no,yes,not_applicable
1GX8,existing_28_cohort,A,1,32,LEU,8,C;CA;CB;CD1;CD2;CG;N;O,C;CA;CB;CD1;CD2;CG;N;O,,8,8,no,6.4568,CD2,C18,no,yes,not_applicable
1GX8,existing_28_cohort,A,1,33,ASP,8,C;CA;CB;CG;N;O;OD1;OD2,C;CA;CB;CG;N;O;OD1;OD2,,8,8,no,11.5682,N,C18,no,no,not_applicable
1GX8,existing_28_cohort,A,1,34,ALA,5,C;CA;CB;N;O,C;CA;CB;N;O,,5,5,no,11.8483,O,C18,no,no,not_applicable
1GX8,existing_28_cohort,A,1,35,GLN,9,C;CA;CB;CD;CG;N;NE2;O;OE1,C;CA;CB;CD;CG;N;NE2;O;OE1,,9,9,no,10.1151,O,O1,no,no,not_applicable
1GX8,existing_28_cohort,A,1,36,SER,6,C;CA;CB;N;O;OG,C;CA;CB;N;O;OG,,6,6,no,7.7666,O,O1,no,yes,not_applicable
1GX8,existing_28_cohort,A,1,37,ALA,5,C;CA;CB;N;O,C;CA;CB;N;O,,5,5,no,7.6304,O,C14,no,yes,not_applicable
1GX8,existing_28_cohort,A,1,38,PRO,7,C;CA;CB;CD;CG;N;O,C;CA;CB;CD;CG;N;O,,7,7,no,5.1036,O,C10,no,yes,not_applicable
1GX8,existing_28_cohort,A,1,39,LEU,8,C;CA;CB;CD1;CD2;CG;N;O,C;CA;CB;CD1;CD2;CG;N;O,,8,8,no,3.5691,CG,C18,yes,yes,not_applicable
1GX8,existing_28_cohort,A,1,40,ARG,11,C;CA;CB;CD;CG;CZ;N;NE;NH1;NH2;O,C;CA;CB;CD;CG;CZ;N;NE;NH1;NH2;O,,11,11,no,5.9198,N,C18,no,yes,not_applicable
1GX8,existing_28_cohort,A,1,41,VAL,7,C;CA;CB;CG1;CG2;N;O,C;CA;CB;CG1;CG2;N;O,,7,7,no,4.0140,CG2,C8,yes,yes,not_applicable
1GX8,existing_28_cohort,A,1,42,TYR,12,C;CA;CB;CD1;CD2;CE1;CE2;CG;CZ;N;O;OH,C;CA;CB;CD1;CD2;CE1;CE2;CG;CZ;N;O;OH,,12,12,no,7.3910,C,C17,no,yes,not_applicable
1GX8,existing_28_cohort,A,1,43,VAL,7,C;CA;CB;CG1;CG2;N;O,C;CA;CB;CG1;CG2;N;O,,7,7,no,4.7170,CG2,C17,yes,yes,not_applicable
1GX8,existing_28_cohort,A,1,44,GLU,9,C;CA;CB;CD;CG;N;O;OE1;OE2,C;CA;CB;CD;CG;N;O;OE1;OE2,,9,9,no,8.5083,N,C17,no,no,not_applicable
1GX8,existing_28_cohort,A,1,45,GLU,9,C;CA;CB;CD;CG;N;O;OE1;OE2,C;CA;CB;CD;CG;N;O;OE1;OE2,,9,9,no,8.5509,O,C17,no,no,not_applicable
1GX8,existing_28_cohort,A,1,46,LEU,8,C;CA;CB;CD1;CD2;CG;N;O,C;CA;CB;CD1;CD2;CG;N;O,,8,8,no,6.6682,CD2,C17,no,yes,not_applicable
1GX8,existing_28_cohort,A,1,47,LYS,9,C;CA;CB;CD;CE;CG;N;NZ;O,C;CA;CB;CD;CE;CG;N;NZ;O,,9,9,no,10.3876,N,C17,no,no,not_applicable
1GX8,existing_28_cohort,A,1,48,PRO,7,C;CA;CB;CD;CG;N;O,C;CA;CB;CD;CG;N;O,,7,7,no,12.4096,N,C17,no,no,not_applicable
1GX8,existing_28_cohort,A,1,49,THR,7,C;CA;CB;CG2;N;O;OG1,C;CA;CB;CG2;N;O;OG1,,7,7,no,14.3464,N,C17,no,no,not_applicable
1GX8,existing_28_cohort,A,1,50,PRO,7,C;CA;CB;CD;CG;N;O,C;CA;CB;CD;CG;N;O,,7,7,no,17.8807,N,C17,no,no,not_applicable
1GX8,existing_28_cohort,A,1,51,GLU,9,C;CA;CB;CD;CG;N;O;OE1;OE2,C;CA;CB;CD;CG;N;O;OE1;OE2,,9,9,no,17.4968,O,C16,no,no,not_applicable
1GX8,existing_28_cohort,A,1,52,GLY,4,C;CA;N;O,C;CA;N;O,,4,4,no,13.9286,O,C16,no,no,not_applicable
1GX8,existing_28_cohort,A,1,53,ASP,8,C;CA;CB;CG;N;O;OD1;OD2,C;CA;CB;CG;N;O;OD1;OD2,,8,8,no,11.9441,C,C16,no,no,not_applicable
1GX8,existing_28_cohort,A,1,54,LEU,8,C;CA;CB;CD1;CD2;CG;N;O,C;CA;CB;CD1;CD2;CG;N;O,,8,8,no,7.7294,CD2,C16,no,yes,not_applicable
1GX8,existing_28_cohort,A,1,55,GLU,9,C;CA;CB;CD;CG;N;O;OE1;OE2,C;CA;CB;CD;CG;N;O;OE1;OE2,,9,9,no,8.4481,C,C17,no,no,not_applicable
1GX8,existing_28_cohort,A,1,56,ILE,8,C;CA;CB;CD1;CG1;CG2;N;O,C;CA;CB;CD1;CG1;CG2;N;O,,8,8,no,4.2619,CG2,C17,yes,yes,not_applicable
1GX8,existing_28_cohort,A,1,57,LEU,8,C;CA;CB;CD1;CD2;CG;N;O,C;CA;CB;CD1;CD2;CG;N;O,,8,8,no,7.1551,O,C17,no,yes,not_applicable
1GX8,existing_28_cohort,A,1,58,LEU,8,C;CA;CB;CD1;CD2;CG;N;O,C;CA;CB;CD1;CD2;CG;N;O,,8,8,no,3.9277,CD2,C17,yes,yes,not_applicable
1GX8,existing_28_cohort,A,1,59,GLN,9,C;CA;CB;CD;CG;N;NE2;O;OE1,C;CA;CB;CD;CG;N;NE2;O;OE1,,9,9,no,7.4758,O,C10,no,yes,not_applicable
1GX8,existing_28_cohort,A,1,60,LYS,9,C;CA;CB;CD;CE;CG;N;NZ;O,C;CA;CB;CD;CE;CG;N;NZ;O,,9,9,no,4.7604,CD,C12,yes,yes,not_applicable
1GX8,existing_28_cohort,A,1,61,TRP,14,C;CA;CB;CD1;CD2;CE2;CE3;CG;CH2;CZ2;CZ3;N;NE1;O,C;CA;CB;CD1;CD2;CE2;CE3;CG;CH2;CZ2;CZ3;N;NE1;O,,14,14,no,7.0908,O,O1,no,yes,not_applicable
1GX8,existing_28_cohort,A,1,62,GLU,9,C;CA;CB;CD;CG;N;O;OE1;OE2,C;CA;CB;CD;CG;N;O;OE1;OE2,,9,9,no,2.4843,OE2,O1,yes,yes,not_applicable
1GX8,existing_28_cohort,A,1,63,ASN,8,C;CA;CB;CG;N;ND2;O;OD1,C;CA;CB;CG;N;ND2;O;OD1,,8,8,no,7.9399,OD1,O1,no,yes,not_applicable
1GX8,existing_28_cohort,A,1,64,GLY,4,C;CA;N;O,C;CA;N;O,,4,4,no,11.5447,N,O1,no,no,not_applicable
1GX8,existing_28_cohort,A,1,65,GLU,9,C;CA;CB;CD;CG;N;O;OE1;OE2,C;CA;CB;CD;CG;N;O;OE1;OE2,,9,9,no,10.1877,O,O1,no,no,not_applicable
1GX8,existing_28_cohort,A,1,66,CYS,6,C;CA;CB;N;O;SG,C;CA;CB;N;O;SG,,6,6,no,11.4550,C,O1,no,no,not_applicable
1GX8,existing_28_cohort,A,1,67,ALA,5,C;CA;CB;N;O,C;CA;CB;N;O,,5,5,no,8.1805,O,C12,no,no,not_applicable
1GX8,existing_28_cohort,A,1,68,GLN,9,C;CA;CB;CD;CG;N;NE2;O;OE1,C;CA;CB;CD;CG;N;NE2;O;OE1,,9,9,no,8.1556,O,C20,no,no,not_applicable
1GX8,existing_28_cohort,A,1,69,LYS,9,C;CA;CB;CD;CE;CG;N;NZ;O,C;CA;CB;CD;CE;CG;N;NZ;O,,9,9,no,2.9933,NZ,C20,yes,yes,not_applicable
1GX8,existing_28_cohort,A,1,70,LYS,9,C;CA;CB;CD;CE;CG;N;NZ;O,C;CA;CB;CD;CE;CG;N;NZ;O,,9,9,no,6.6474,O,C20,no,yes,not_applicable
1GX8,existing_28_cohort,A,1,71,ILE,8,C;CA;CB;CD1;CG1;CG2;N;O,C;CA;CB;CD1;CG1;CG2;N;O,,8,8,no,3.2815,CD1,C10,yes,yes,not_applicable
1GX8,existing_28_cohort,A,1,72,ILE,8,C;CA;CB;CD1;CG1;CG2;N;O,C;CA;CB;CD1;CG1;CG2;N;O,,8,8,no,8.0776,C,C16,no,no,not_applicable
1GX8,existing_28_cohort,A,1,73,ALA,5,C;CA;CB;N;O,C;CA;CB;N;O,,5,5,no,6.6569,CB,C16,no,yes,not_applicable
1GX8,existing_28_cohort,A,1,74,GLU,9,C;CA;CB;CD;CG;N;O;OE1;OE2,C;CA;CB;CD;CG;N;O;OE1;OE2,,9,9,no,9.5556,N,C16,no,no,not_applicable
1GX8,existing_28_cohort,A,1,75,LYS,9,C;CA;CB;CD;CE;CG;N;NZ;O,C;CA;CB;CD;CE;CG;N;NZ;O,,9,9,no,12.0550,N,C16,no,no,not_applicable
1GX8,existing_28_cohort,A,1,76,THR,7,C;CA;CB;CG2;N;O;OG1,C;CA;CB;CG2;N;O;OG1,,7,7,no,12.4406,CG2,C16,no,no,not_applicable
1GX8,existing_28_cohort,A,1,77,LYS,9,C;CA;CB;CD;CE;CG;N;NZ;O,C;CA;CB;CD;CE;CG;N;NZ;O,,9,9,no,16.3904,N,C16,no,no,not_applicable
1GX8,existing_28_cohort,A,1,78,ILE,8,C;CA;CB;CD1;CG1;CG2;N;O,C;CA;CB;CD1;CG1;CG2;N;O,,8,8,no,13.8925,O,C16,no,no,not_applicable
1GX8,existing_28_cohort,A,1,79,PRO,7,C;CA;CB;CD;CG;N;O,C;CA;CB;CD;CG;N;O,,7,7,no,13.0639,O,C16,no,no,not_applicable
1GX8,existing_28_cohort,A,1,80,ALA,5,C;CA;CB;N;O,C;CA;CB;N;O,,5,5,no,10.2092,O,C2,no,no,not_applicable
1GX8,existing_28_cohort,A,1,81,VAL,7,C;CA;CB;CG1;CG2;N;O,C;CA;CB;CG1;CG2;N;O,,7,7,no,10.3089,C,C16,no,no,not_applicable
1GX8,existing_28_cohort,A,1,82,PHE,11,C;CA;CB;CD1;CD2;CE1;CE2;CG;CZ;N;O,C;CA;CB;CD1;CD2;CE1;CE2;CG;CZ;N;O,,11,11,no,7.8280,O,C16,no,yes,not_applicable
1GX8,existing_28_cohort,A,1,83,LYS,9,C;CA;CB;CD;CE;CG;N;NZ;O,C;CA;CB;CD;CE;CG;N;NZ;O,,9,9,no,8.1204,C,C16,no,no,not_applicable
1GX8,existing_28_cohort,A,1,84,ILE,8,C;CA;CB;CD1;CG1;CG2;N;O,C;CA;CB;CD1;CG1;CG2;N;O,,8,8,no,4.7742,CG1,C16,yes,yes,not_applicable
1GX8,existing_28_cohort,A,1,85,ASP,8,C;CA;CB;CG;N;O;OD1;OD2,C;CA;CB;CG;N;O;OD1;OD2,,8,8,no,8.7117,N,C19,no,no,not_applicable
1GX8,existing_28_cohort,A,1,86,ALA,5,C;CA;CB;N;O,C;CA;CB;N;O,,5,5,no,7.1264,CB,C19,no,yes,not_applicable
1GX8,existing_28_cohort,A,1,87,LEU,8,C;CA;CB;CD1;CD2;CG;N;O,C;CA;CB;CD1;CD2;CG;N;O,,8,8,no,8.2482,O,C19,no,no,not_applicable
1GX8,existing_28_cohort,A,1,88,ASN,8,C;CA;CB;CG;N;ND2;O;OD1,C;CA;CB;CG;N;ND2;O;OD1,,8,8,no,9.8544,ND2,C19,no,no,not_applicable
1GX8,existing_28_cohort,A,1,89,GLU,9,C;CA;CB;CD;CG;N;O;OE1;OE2,C;CA;CB;CD;CG;N;O;OE1;OE2,,9,9,no,8.9886,C,C19,no,no,not_applicable
1GX8,existing_28_cohort,A,1,90,ASN,8,C;CA;CB;CG;N;ND2;O;OD1,C;CA;CB;CG;N;ND2;O;OD1,,8,8,no,6.0601,CB,C19,no,yes,not_applicable
1GX8,existing_28_cohort,A,1,91,LYS,9,C;CA;CB;CD;CE;CG;N;NZ;O,C;CA;CB;CD;CE;CG;N;NZ;O,,9,9,no,5.7669,O,C16,no,yes,not_applicable
1GX8,existing_28_cohort,A,1,92,VAL,7,C;CA;CB;CG1;CG2;N;O,C;CA;CB;CG1;CG2;N;O,,7,7,no,3.3028,CG2,C16,yes,yes,not_applicable
1GX8,existing_28_cohort,A,1,93,LEU,8,C;CA;CB;CD1;CD2;CG;N;O,C;CA;CB;CD1;CD2;CG;N;O,,8,8,no,6.7501,N,C2,no,yes,not_applicable
1GX8,existing_28_cohort,A,1,94,VAL,7,C;CA;CB;CG1;CG2;N;O,C;CA;CB;CG1;CG2;N;O,,7,7,no,8.5364,N,C2,no,no,not_applicable
1GX8,existing_28_cohort,A,1,95,LEU,8,C;CA;CB;CD1;CD2;CG;N;O,C;CA;CB;CD1;CD2;CG;N;O,,8,8,no,9.4395,CD1,C3,no,no,not_applicable
1GX8,existing_28_cohort,A,1,96,ASP,8,C;CA;CB;CG;N;O;OD1;OD2,C;CA;CB;CG;N;O;OD1;OD2,,8,8,no,11.6383,O,C3,no,no,not_applicable
1GX8,existing_28_cohort,A,1,97,THR,7,C;CA;CB;CG2;N;O;OG1,C;CA;CB;CG2;N;O;OG1,,7,7,no,12.9244,CB,C2,no,no,not_applicable
1GX8,existing_28_cohort,A,1,98,ASP,8,C;CA;CB;CG;N;O;OD1;OD2,C;CA;CB;CG;N;O;OD1;OD2,,8,8,no,15.5756,N,C3,no,no,not_applicable
1GX8,existing_28_cohort,A,1,99,TYR,12,C;CA;CB;CD1;CD2;CE1;CE2;CG;CZ;N;O;OH,C;CA;CB;CD1;CD2;CE1;CE2;CG;CZ;N;O;OH,,12,12,no,15.5757,CE1,C2,no,no,not_applicable
1GX8,existing_28_cohort,A,1,100,LYS,9,C;CA;CB;CD;CE;CG;N;NZ;O,C;CA;CB;CD;CE;CG;N;NZ;O,,9,9,no,17.0698,N,C3,no,no,not_applicable
1GX8,existing_28_cohort,A,1,101,LYS,9,C;CA;CB;CD;CE;CG;N;NZ;O,C;CA;CB;CD;CE;CG;N;NZ;O,,9,9,no,14.8900,O,C3,no,no,not_applicable
1GX8,existing_28_cohort,A,1,102,TYR,12,C;CA;CB;CD1;CD2;CE1;CE2;CG;CZ;N;O;OH,C;CA;CB;CD1;CD2;CE1;CE2;CG;CZ;N;O;OH,,12,12,no,12.4464,C,C3,no,no,not_applicable
1GX8,existing_28_cohort,A,1,103,LEU,8,C;CA;CB;CD1;CD2;CG;N;O,C;CA;CB;CD1;CD2;CG;N;O,,8,8,no,7.8724,CD2,C2,no,yes,not_applicable
1GX8,existing_28_cohort,A,1,104,LEU,8,C;CA;CB;CD1;CD2;CG;N;O,C;CA;CB;CD1;CD2;CG;N;O,,8,10,no,7.7885,C,C3,no,yes,not_applicable
1GX8,existing_28_cohort,A,1,105,PHE,11,C;CA;CB;CD1;CD2;CE1;CE2;CG;CZ;N;O,C;CA;CB;CD1;CD2;CE1;CE2;CG;CZ;N;O,,11,22,no,1.4797,CE1,C3,yes,yes,not_applicable
1GX8,existing_28_cohort,A,1,106,CYS,6,C;CA;CB;N;O;SG,C;CA;CB;N;O;SG,,6,12,no,4.6174,O,C2,yes,yes,not_applicable
1GX8,existing_28_cohort,A,1,107,MET,8,C;CA;CB;CE;CG;N;O;SD,C;CA;CB;CE;CG;N;O;SD,,8,11,no,2.9342,SD,C7,yes,yes,not_applicable
1GX8,existing_28_cohort,A,1,108,GLU,9,C;CA;CB;CD;CG;N;O;OE1;OE2,C;CA;CB;CD;CG;N;O;OE1;OE2,,9,9,no,7.0223,N,C18,no,yes,not_applicable
1GX8,existing_28_cohort,A,1,109,ASN,8,C;CA;CB;CG;N;ND2;O;OD1,C;CA;CB;CG;N;ND2;O;OD1,,8,8,no,8.8651,N,C18,no,no,not_applicable
1GX8,existing_28_cohort,A,1,110,SER,6,C;CA;CB;N;O;OG,C;CA;CB;N;O;OG,,6,6,no,11.1801,N,C19,no,no,not_applicable
1GX8,existing_28_cohort,A,1,111,ALA,5,C;CA;CB;N;O,C;CA;CB;N;O,,5,5,no,14.6539,N,C19,no,no,not_applicable
1GX8,existing_28_cohort,A,1,112,GLU,9,C;CA;CB;CD;CG;N;O;OE1;OE2,C;CA;CB;CD;CG;N;O;OE1;OE2,,9,9,no,12.0686,O,C18,no,no,not_applicable
1GX8,existing_28_cohort,A,1,113,PRO,7,C;CA;CB;CD;CG;N;O,C;CA;CB;CD;CG;N;O,,7,7,no,11.1668,O,C18,no,no,not_applicable
1GX8,existing_28_cohort,A,1,114,GLU,9,C;CA;CB;CD;CG;N;O;OE1;OE2,C;CA;CB;CD;CG;N;O;OE1;OE2,,9,9,no,12.0201,O,C18,no,no,not_applicable
1GX8,existing_28_cohort,A,1,115,GLN,9,C;CA;CB;CD;CG;N;NE2;O;OE1,C;CA;CB;CD;CG;N;NE2;O;OE1,,9,9,no,11.3959,C,C18,no,no,not_applicable
1GX8,existing_28_cohort,A,1,116,SER,6,C;CA;CB;N;O;OG,C;CA;CB;N;O;OG,,6,6,no,8.1187,OG,C18,no,no,not_applicable
1GX8,existing_28_cohort,A,1,117,LEU,8,C;CA;CB;CD1;CD2;CG;N;O,C;CA;CB;CD1;CD2;CG;N;O,,8,8,no,6.4842,C,C18,no,yes,not_applicable
1GX8,existing_28_cohort,A,1,118,ALA,5,C;CA;CB;N;O,C;CA;CB;N;O,,5,5,no,4.1038,O,C4,yes,yes,not_applicable
1GX8,existing_28_cohort,A,1,119,CYS,6,C;CA;CB;N;O;SG,C;CA;CB;N;O;SG,,6,6,no,5.1211,CA,C4,no,yes,not_applicable
1GX8,existing_28_cohort,A,1,120,GLN,9,C;CA;CB;CD;CG;N;NE2;O;OE1,C;CA;CB;CD;CG;N;NE2;O;OE1,,9,9,no,3.7272,CG,C3,yes,yes,not_applicable
1GX8,existing_28_cohort,A,1,121,CYS,6,C;CA;CB;N;O;SG,C;CA;CB;N;O;SG,,6,6,no,7.4416,N,C3,no,yes,not_applicable
1GX8,existing_28_cohort,A,1,122,LEU,8,C;CA;CB;CD1;CD2;CG;N;O,C;CA;CB;CD1;CD2;CG;N;O,,8,8,no,6.3578,CD2,C3,no,yes,not_applicable
1GX8,existing_28_cohort,A,1,123,VAL,7,C;CA;CB;CG1;CG2;N;O,C;CA;CB;CG1;CG2;N;O,,7,7,no,11.1461,N,C3,no,no,not_applicable
1GX8,existing_28_cohort,A,1,124,ARG,11,C;CA;CB;CD;CG;CZ;N;NE;NH1;NH2;O,C;CA;CB;CD;CG;CZ;N;NE;NH1;NH2;O,,11,11,no,14.1856,N,C3,no,no,not_applicable
1GX8,existing_28_cohort,A,1,125,THR,7,C;CA;CB;CG2;N;O;OG1,C;CA;CB;CG2;N;O;OG1,,7,7,no,15.8870,O,C3,no,no,not_applicable
1GX8,existing_28_cohort,A,1,126,PRO,7,C;CA;CB;CD;CG;N;O,C;CA;CB;CD;CG;N;O,,7,7,no,17.3859,CA,C3,no,no,not_applicable
1GX8,existing_28_cohort,A,1,127,GLU,9,C;CA;CB;CD;CG;N;O;OE1;OE2,C;CA;CB;CD;CG;N;O;OE1;OE2,,9,9,no,17.1237,O,C3,no,no,not_applicable
1GX8,existing_28_cohort,A,1,128,VAL,7,C;CA;CB;CG1;CG2;N;O,C;CA;CB;CG1;CG2;N;O,,7,7,no,17.9488,CA,C3,no,no,not_applicable
1GX8,existing_28_cohort,A,1,129,ASP,8,C;CA;CB;CG;N;O;OD1;OD2,C;CA;CB;CG;N;O;OD1;OD2,,8,8,no,17.0221,O,C3,no,no,not_applicable
1GX8,existing_28_cohort,A,1,130,ASP,8,C;CA;CB;CG;N;O;OD1;OD2,C;CA;CB;CG;N;O;OD1;OD2,,8,8,no,18.7251,O,C3,no,no,not_applicable
1GX8,existing_28_cohort,A,1,131,GLU,9,C;CA;CB;CD;CG;N;O;OE1;OE2,C;CA;CB;CD;CG;N;O;OE1;OE2,,9,9,no,17.9175,O,C3,no,no,not_applicable
1GX8,existing_28_cohort,A,1,132,ALA,5,C;CA;CB;N;O,C;CA;CB;N;O,,5,5,no,14.5914,O,C3,no,no,not_applicable
1GX8,existing_28_cohort,A,1,133,LEU,8,C;CA;CB;CD1;CD2;CG;N;O,C;CA;CB;CD1;CD2;CG;N;O,,8,8,no,14.0599,CD2,C3,no,no,not_applicable
1GX8,existing_28_cohort,A,1,134,GLU,9,C;CA;CB;CD;CG;N;O;OE1;OE2,C;CA;CB;CD;CG;N;O;OE1;OE2,,9,9,no,16.9456,O,C3,no,no,not_applicable
1GX8,existing_28_cohort,A,1,135,LYS,9,C;CA;CB;CD;CE;CG;N;NZ;O,C;CA;CB;CD;CE;CG;N;NZ;O,,9,9,no,14.4727,O,C3,no,no,not_applicable
1GX8,existing_28_cohort,A,1,136,PHE,11,C;CA;CB;CD1;CD2;CE1;CE2;CG;CZ;N;O,C;CA;CB;CD1;CD2;CE1;CE2;CG;CZ;N;O,,11,11,no,8.8359,CE1,C4,no,no,not_applicable
1GX8,existing_28_cohort,A,1,137,ASP,8,C;CA;CB;CG;N;O;OD1;OD2,C;CA;CB;CG;N;O;OD1;OD2,,8,8,no,14.4861,N,C3,no,no,not_applicable
1GX8,existing_28_cohort,A,1,138,LYS,9,C;CA;CB;CD;CE;CG;N;NZ;O,C;CA;CB;CD;CE;CG;N;NZ;O,,9,9,no,16.3514,C,C4,no,no,not_applicable
1GX8,existing_28_cohort,A,1,139,ALA,5,C;CA;CB;N;O,C;CA;CB;N;O,,5,5,no,13.2712,CB,C3,no,no,not_applicable
1GX8,existing_28_cohort,A,1,140,LEU,8,C;CA;CB;CD1;CD2;CG;N;O,C;CA;CB;CD1;CD2;CG;N;O,,8,8,no,10.4882,CD1,C4,no,no,not_applicable
1GX8,existing_28_cohort,A,1,141,LYS,9,C;CA;CB;CD;CE;CG;N;NZ;O,C;CA;CB;CD;CE;CG;N;NZ;O,,9,9,no,15.7237,N,C4,no,no,not_applicable
1GX8,existing_28_cohort,A,1,142,ALA,5,C;CA;CB;N;O,C;CA;CB;N;O,,5,5,no,16.5604,C,C4,no,no,not_applicable
1GX8,existing_28_cohort,A,1,143,LEU,8,C;CA;CB;CD1;CD2;CG;N;O,C;CA;CB;CD1;CD2;CG;N;O,,8,8,no,11.0904,CD1,C4,no,no,not_applicable
1GX8,existing_28_cohort,A,1,144,PRO,7,C;CA;CB;CD;CG;N;O,C;CA;CB;CD;CG;N;O,,7,7,no,13.6411,O,C18,no,no,not_applicable
1GX8,existing_28_cohort,A,1,145,MET,8,C;CA;CB;CE;CG;N;O;SD,C;CA;CB;CE;CG;N;O;SD,,8,8,no,8.9796,CE,C4,no,no,not_applicable
1GX8,existing_28_cohort,A,1,146,HIS,10,C;CA;CB;CD2;CE1;CG;N;ND1;NE2;O,C;CA;CB;CD2;CE1;CG;N;ND1;NE2;O,,10,10,no,13.3252,N,C18,no,no,not_applicable
1GX8,existing_28_cohort,A,1,147,ILE,8,C;CA;CB;CD1;CG1;CG2;N;O,C;CA;CB;CD1;CG1;CG2;N;O,,8,8,no,10.7824,CG2,C18,no,no,not_applicable
1GX8,existing_28_cohort,A,1,148,ARG,11,C;CA;CB;CD;CG;CZ;N;NE;NH1;NH2;O,C;CA;CB;CD;CG;CZ;N;NE;NH1;NH2;O,,11,11,no,12.5752,CA,C4,no,no,not_applicable
1GX8,existing_28_cohort,A,1,149,LEU,8,C;CA;CB;CD1;CD2;CG;N;O,C;CA;CB;CD1;CD2;CG;N;O,,8,8,no,10.9246,CD1,C18,no,no,not_applicable
1GX8,existing_28_cohort,A,1,150,SER,6,C;CA;CB;N;O;OG,C;CA;CB;N;O;OG,,6,6,no,13.3974,N,C4,no,no,not_applicable
1GX8,existing_28_cohort,A,1,151,PHE,11,C;CA;CB;CD1;CD2;CE1;CE2;CG;CZ;N;O,C;CA;CB;CD1;CD2;CE1;CE2;CG;CZ;N;O,,11,11,no,11.1743,CE2,C4,no,no,not_applicable
1GX8,existing_28_cohort,A,1,152,ASN,8,C;CA;CB;CG;N;ND2;O;OD1,C;CA;CB;CG;N;ND2;O;OD1,,8,8,no,17.1853,N,C3,no,no,not_applicable
1GX8,existing_28_cohort,A,1,153,PRO,7,C;CA;CB;CD;CG;N;O,C;CA;CB;CD;CG;N;O,,7,7,no,19.1104,N,C3,no,no,not_applicable
1GX8,existing_28_cohort,A,1,154,THR,7,C;CA;CB;CG2;N;O;OG1,C;CA;CB;CG2;N;O;OG1,,7,7,no,19.8046,C,C3,no,no,not_applicable
1GX8,existing_28_cohort,A,1,155,GLN,9,C;CA;CB;CD;CG;N;NE2;O;OE1,C;CA;CB;CD;CG;N;NE2;O;OE1,,9,9,no,16.3205,O,C3,no,no,not_applicable
1GX8,existing_28_cohort,A,1,156,LEU,8,C;CA;CB;CD1;CD2;CG;N;O,C;CA;CB;CD1;CD2;CG;N;O,,8,8,no,13.5946,CD2,C3,no,no,not_applicable
1GX8,existing_28_cohort,A,1,157,GLU,9,C;CA;CB;CD;CG;N;O;OE1;OE2,C;CA;CB;CD;CG;N;O;OE1;OE2,,9,9,no,17.7622,N,C3,no,no,not_applicable
1GX8,existing_28_cohort,A,1,158,GLU,9,C;CA;CB;CD;CG;N;O;OE1;OE2,C;CA;CB;CD;CG;N;O;OE1;OE2,,9,9,no,15.7376,O,C17,no,no,not_applicable
1GX8,existing_28_cohort,A,1,159,GLN,9,C;CA;CB;CD;CG;N;NE2;O;OE1,C;CA;CB;CD;CG;N;NE2;O;OE1,,9,9,no,14.5557,OE1,C12,no,no,not_applicable
1GX8,existing_28_cohort,A,1,160,CYS,6,C;CA;CB;N;O;SG,C;CA;CB;N;O;SG,,6,6,no,11.5442,SG,C12,no,no,not_applicable
1GX8,existing_28_cohort,A,1,161,HIS,10,C;CA;CB;CD2;CE1;CG;N;ND1;NE2;O,C;CA;CB;CD2;CE1;CG;N;ND1;NE2;O,,10,10,no,11.4075,NE2,C3,no,no,not_applicable
1GX8,existing_28_cohort,A,1,162,ILE,9,C;CA;CB;CD1;CG1;CG2;N;O;OXT[terminal-carboxyl],C;CA;CB;CD1;CG1;CG2;N;O;OXT,,9,9,no,16.0233,CD1,C12,no,no,not_applicable
6PY0,existing_28_cohort,A,1,2,ARG,11,C;CA;CB;CD;CG;CZ;N;NE;NH1;NH2;O,C;CA;CB;CD;CG;CZ;N;NE;NH1;NH2;O,,11,11,no,19.7342,O,C16,no,no,not_applicable
6PY0,existing_28_cohort,A,1,3,TRP,14,C;CA;CB;CD1;CD2;CE2;CE3;CG;CH2;CZ2;CZ3;N;NE1;O,C;CA;CB;CD1;CD2;CE2;CE3;CG;CH2;CZ2;CZ3;N;NE1;O,,14,14,no,13.1748,CH2,C2,no,no,not_applicable
6PY0,existing_28_cohort,A,1,4,VAL,7,C;CA;CB;CG1;CG2;N;O,C;CA;CB;CG1;CG2;N;O,,7,7,no,19.6558,O,C16,no,no,not_applicable
6PY0,existing_28_cohort,A,1,5,GLN,9,C;CA;CB;CD;CG;N;NE2;O;OE1,C;CA;CB;CD;CG;N;NE2;O;OE1,,9,9,no,18.5617,O,C16,no,no,not_applicable
6PY0,existing_28_cohort,A,1,6,PHE,11,C;CA;CB;CD1;CD2;CE1;CE2;CG;CZ;N;O,C;CA;CB;CD1;CD2;CE1;CE2;CG;CZ;N;O,,11,11,no,12.1086,CZ,C16,no,no,not_applicable
6PY0,existing_28_cohort,A,1,7,MET,8,C;CA;CB;CE;CG;N;O;SD,C;CA;CB;CE;CG;N;O;SD,,8,8,no,13.4476,CE,C2,no,no,not_applicable
6PY0,existing_28_cohort,A,1,8,LYS,9,C;CA;CB;CD;CE;CG;N;NZ;O,C;CA;CB;CD;CE;CG;N;NZ;O,,9,9,no,17.6910,N,C16,no,no,not_applicable
6PY0,existing_28_cohort,A,1,9,GLU,9,C;CA;CB;CD;CG;N;O;OE1;OE2,C;CA;CB;CD;CG;N;O;OE1;OE2,,9,9,no,15.4903,O,C16,no,no,not_applicable
6PY0,existing_28_cohort,A,1,10,ALA,5,C;CA;CB;N;O,C;CA;CB;N;O,,5,5,no,12.6938,CB,C16,no,no,not_applicable
6PY0,existing_28_cohort,A,1,11,GLY,4,C;CA;N;O,C;CA;N;O,,4,4,no,14.9335,N,C16,no,no,not_applicable
6PY0,existing_28_cohort,A,1,12,GLN,9,C;CA;CB;CD;CG;N;NE2;O;OE1,C;CA;CB;CD;CG;N;NE2;O;OE1,,9,9,no,16.6159,C,C16,no,no,not_applicable
6PY0,existing_28_cohort,A,1,13,GLY,4,C;CA;N;O,C;CA;N;O,,4,4,no,14.0702,C,C16,no,no,not_applicable
6PY0,existing_28_cohort,A,1,14,SER,6,C;CA;CB;N;O;OG,C;CA;CB;N;O;OG,,6,6,no,11.9648,OG,C16,no,no,not_applicable
6PY0,existing_28_cohort,A,1,15,ARG,11,C;CA;CB;CD;CG;CZ;N;NE;NH1;NH2;O,C;CA;CB;CD;CG;CZ;N;NE;NH1;NH2;O,,11,11,no,15.6378,N,C16,no,no,not_applicable
6PY0,existing_28_cohort,A,1,16,ASP,8,C;CA;CB;CG;N;O;OD1;OD2,C;CA;CB;CG;N;O;OD1;OD2,,8,8,no,16.4548,C,C16,no,no,not_applicable
6PY0,existing_28_cohort,A,1,17,MET,8,C;CA;CB;CE;CG;N;O;SD,C;CA;CB;CE;CG;N;O;SD,,8,8,no,11.7069,CE,C16,no,no,not_applicable
6PY0,existing_28_cohort,A,1,18,TRP,14,C;CA;CB;CD1;CD2;CE2;CE3;CG;CH2;CZ2;CZ3;N;NE1;O,C;CA;CB;CD1;CD2;CE2;CE3;CG;CH2;CZ2;CZ3;N;NE1;O,,14,14,no,10.9994,CH2,C11,no,no,not_applicable
6PY0,existing_28_cohort,A,1,19,ARG,11,C;CA;CB;CD;CG;CZ;N;NE;NH1;NH2;O,C;CA;CB;CD;CG;CZ;N;NE;NH1;NH2;O,,11,11,no,18.1676,N,C16,no,no,not_applicable
6PY0,existing_28_cohort,A,1,20,ALA,5,C;CA;CB;N;O,C;CA;CB;N;O,,5,5,no,17.7237,CB,C16,no,no,not_applicable
6PY0,existing_28_cohort,A,1,21,TYR,12,C;CA;CB;CD1;CD2;CE1;CE2;CG;CZ;N;O;OH,C;CA;CB;CD1;CD2;CE1;CE2;CG;CZ;N;O;OH,,12,12,no,11.5403,OH,C11,no,no,not_applicable
6PY0,existing_28_cohort,A,1,22,SER,6,C;CA;CB;N;O;OG,C;CA;CB;N;O;OG,,6,6,no,17.7948,N,C20,no,no,not_applicable
6PY0,existing_28_cohort,A,1,23,ASP,8,C;CA;CB;CG;N;O;OD1;OD2,C;CA;CB;CG;N;O;OD1;OD2,,8,8,no,20.4763,N,C20,no,no,not_applicable
6PY0,existing_28_cohort,A,1,24,MET,8,C;CA;CB;CE;CG;N;O;SD,C;CA;CB;CE;CG;N;O;SD,,8,8,no,16.2112,CE,C20,no,no,not_applicable
6PY0,existing_28_cohort,A,1,25,LYS,9,C;CA;CB;CD;CE;CG;N;NZ;O,C;CA;CB;CD;CE;CG;N;NZ;O,,9,9,no,16.3895,NZ,C20,no,no,not_applicable
6PY0,existing_28_cohort,A,1,26,LYS,9,C;CA;CB;CD;CE;CG;N;NZ;O,C;CA;CB;CD;CE;CG;N;NZ;O,,9,9,no,21.9687,N,C20,no,no,not_applicable
6PY0,existing_28_cohort,A,1,27,ALA,5,C;CA;CB;N;O,C;CA;CB;N;O,,5,5,no,24.0459,N,C20,no,no,not_applicable
6PY0,existing_28_cohort,A,1,28,ASN,8,C;CA;CB;CG;N;ND2;O;OD1,C;CA;CB;CG;N;ND2;O;OD1,,8,8,no,22.9192,OD1,C20,no,no,not_applicable
6PY0,existing_28_cohort,A,1,29,TRP,14,C;CA;CB;CD1;CD2;CE2;CE3;CG;CH2;CZ2;CZ3;N;NE1;O,C;CA;CB;CD1;CD2;CE2;CE3;CG;CH2;CZ2;CZ3;N;NE1;O,,14,14,no,24.0024,O,C20,no,no,not_applicable
6PY0,existing_28_cohort,A,1,30,LYS,9,C;CA;CB;CD;CE;CG;N;NZ;O,C;CA;CB;CD;CE;CG;N;NZ;O,,9,9,no,25.5099,CD,C20,no,no,not_applicable
6PY0,existing_28_cohort,A,1,31,ASN,8,C;CA;CB;CG;N;ND2;O;OD1,C;CA;CB;CG;N;ND2;O;OD1,,8,8,no,24.1928,C,C20,no,no,not_applicable
6PY0,existing_28_cohort,A,1,32,SER,6,C;CA;CB;N;O;OG,C;CA;CB;N;O;OG,,6,6,no,21.6388,O,C11,no,no,not_applicable
6PY0,existing_28_cohort,A,1,33,ASP,8,C;CA;CB;CG;N;O;OD1;OD2,C;CA;CB;CG;N;O;OD1;OD2,,8,8,no,18.4185,CB,C11,no,no,not_applicable
6PY0,existing_28_cohort,A,1,34,LYS,9,C;CA;CB;CD;CE;CG;N;NZ;O,C;CA;CB;CD;CE;CG;N;NZ;O,,9,9,no,19.0520,O,C16,no,no,not_applicable
6PY0,existing_28_cohort,A,1,35,TYR,12,C;CA;CB;CD1;CD2;CE1;CE2;CG;CZ;N;O;OH,C;CA;CB;CD1;CD2;CE1;CE2;CG;CZ;N;O;OH,,12,12,no,19.9669,O,C16,no,no,not_applicable
6PY0,existing_28_cohort,A,1,36,PHE,11,C;CA;CB;CD1;CD2;CE1;CE2;CG;CZ;N;O,C;CA;CB;CD1;CD2;CE1;CE2;CG;CZ;N;O,,11,11,no,17.4210,O,C16,no,no,not_applicable
6PY0,existing_28_cohort,A,1,37,HIS,10,C;CA;CB;CD2;CE1;CG;N;ND1;NE2;O,C;CA;CB;CD2;CE1;CG;N;ND1;NE2;O,,10,10,no,14.4854,NE2,C11,no,no,not_applicable
6PY0,existing_28_cohort,A,1,38,ALA,5,C;CA;CB;N;O,C;CA;CB;N;O,,5,5,no,17.1568,N,C16,no,no,not_applicable
6PY0,existing_28_cohort,A,1,39,ARG,11,C;CA;CB;CD;CG;CZ;N;NE;NH1;NH2;O,C;CA;CB;CD;CG;CZ;N;NE;NH1;NH2;O,,11,11,no,18.1799,C,C16,no,no,not_applicable
6PY0,existing_28_cohort,A,1,40,GLY,4,C;CA;N;O,C;CA;N;O,,4,4,no,15.3942,O,C16,no,no,not_applicable
6PY0,existing_28_cohort,A,1,41,ASN,8,C;CA;CB;CG;N;ND2;O;OD1,C;CA;CB;CG;N;ND2;O;OD1,,8,8,no,11.4438,OD1,C16,no,no,not_applicable
6PY0,existing_28_cohort,A,1,42,TYR,12,C;CA;CB;CD1;CD2;CE1;CE2;CG;CZ;N;O;OH,C;CA;CB;CD1;CD2;CE1;CE2;CG;CZ;N;O;OH,,12,12,no,16.6402,N,C16,no,no,not_applicable
6PY0,existing_28_cohort,A,1,43,ASP,8,C;CA;CB;CG;N;O;OD1;OD2,C;CA;CB;CG;N;O;OD1;OD2,,8,8,no,17.7880,C,C16,no,no,not_applicable
6PY0,existing_28_cohort,A,1,44,ALA,5,C;CA;CB;N;O,C;CA;CB;N;O,,5,5,no,14.1419,CB,C16,no,no,not_applicable
6PY0,existing_28_cohort,A,1,45,ALA,5,C;CA;CB;N;O,C;CA;CB;N;O,,5,5,no,15.5213,N,C16,no,no,not_applicable
6PY0,existing_28_cohort,A,1,46,ARG,11,C;CA;CB;CD;CG;CZ;N;NE;NH1;NH2;O,C;CA;CB;CD;CG;CZ;N;NE;NH1;NH2;O,,11,11,no,18.0303,N,C16,no,no,not_applicable
6PY0,existing_28_cohort,A,1,47,ARG,11,C;CA;CB;CD;CG;CZ;N;NE;NH1;NH2;O,C;CA;CB;CD;CG;CZ;N;NE;NH1;NH2;O,,11,11,no,17.8069,CB,C16,no,no,not_applicable
6PY0,existing_28_cohort,A,1,48,GLY,4,C;CA;N;O,C;CA;N;O,,4,4,no,15.6409,O,C16,no,no,not_applicable
6PY0,existing_28_cohort,A,1,49,PRO,7,C;CA;CB;CD;CG;N;O,C;CA;CB;CD;CG;N;O,,7,7,no,12.8848,O,C16,no,no,not_applicable
6PY0,existing_28_cohort,A,1,50,GLY,4,C;CA;N;O,C;CA;N;O,,4,4,no,11.9695,O,C16,no,no,not_applicable
6PY0,existing_28_cohort,A,1,51,GLY,4,C;CA;N;O,C;CA;N;O,,4,4,no,11.9423,O,C16,no,no,not_applicable
6PY0,existing_28_cohort,A,1,52,ALA,5,C;CA;CB;N;O,C;CA;CB;N;O,,5,5,no,10.0093,O,C16,no,no,not_applicable
6PY0,existing_28_cohort,A,1,53,TRP,14,C;CA;CB;CD1;CD2;CE2;CE3;CG;CH2;CZ2;CZ3;N;NE1;O,C;CA;CB;CD1;CD2;CE2;CE3;CG;CH2;CZ2;CZ3;N;NE1;O,,14,14,no,7.2280,NE1,C16,no,yes,not_applicable
6PY0,existing_28_cohort,A,1,54,ALA,5,C;CA;CB;N;O,C;CA;CB;N;O,,5,5,no,7.9149,O,C16,no,yes,not_applicable
6PY0,existing_28_cohort,A,1,55,ALA,5,C;CA;CB;N;O,C;CA;CB;N;O,,5,5,no,8.4487,O,C16,no,no,not_applicable
6PY0,existing_28_cohort,A,1,56,LYS,9,C;CA;CB;CD;CE;CG;N;NZ;O,C;CA;CB;CD;CE;CG;N;NZ;O,,9,9,no,5.2579,O,C16,no,yes,not_applicable
6PY0,existing_28_cohort,A,1,57,VAL,7,C;CA;CB;CG1;CG2;N;O,C;CA;CB;CG1;CG2;N;O,,7,7,no,4.1297,O,C16,yes,yes,not_applicable
6PY0,existing_28_cohort,A,1,58,ILE,8,C;CA;CB;CD1;CG1;CG2;N;O,C;CA;CB;CD1;CG1;CG2;N;O,,8,8,no,5.9644,N,C16,no,yes,not_applicable
6PY0,existing_28_cohort,A,1,59,SER,6,C;CA;CB;N;O;OG,C;CA;CB;N;O;OG,,6,6,no,7.0598,C,C16,no,yes,not_applicable
6PY0,existing_28_cohort,A,1,60,ASP,8,C;CA;CB;CG;N;O;OD1;OD2,C;CA;CB;CG;N;O;OD1;OD2,,8,8,no,4.1498,CB,C16,yes,yes,not_applicable
6PY0,existing_28_cohort,A,1,61,ALA,5,C;CA;CB;N;O,C;CA;CB;N;O,,5,5,no,3.7907,CA,C10,yes,yes,not_applicable
6PY0,existing_28_cohort,A,1,62,ARG,11,C;CA;CB;CD;CG;CZ;N;NE;NH1;NH2;O,C;CA;CB;CD;CG;CZ;N;NE;NH1;NH2;O,,11,11,no,5.7512,N,C10,no,yes,not_applicable
6PY0,existing_28_cohort,A,1,63,GLU,9,C;CA;CB;CD;CG;N;O;OE1;OE2,C;CA;CB;CD;CG;N;O;OE1;OE2,,9,9,no,6.8808,C,C19,no,yes,not_applicable
6PY0,existing_28_cohort,A,1,64,ALA,5,C;CA;CB;N;O,C;CA;CB;N;O,,5,5,no,3.1768,CB,C19,yes,yes,not_applicable
6PY0,existing_28_cohort,A,1,65,VAL,7,C;CA;CB;CG1;CG2;N;O,C;CA;CB;CG1;CG2;N;O,,7,7,no,2.9973,CG2,C20,yes,yes,not_applicable
6PY0,existing_28_cohort,A,1,66,GLN,9,C;CA;CB;CD;CG;N;NE2;O;OE1,C;CA;CB;CD;CG;N;NE2;O;OE1,,9,9,no,7.3232,N,C20,no,yes,not_applicable
6PY0,existing_28_cohort,A,1,67,LYS,9,C;CA;CB;CD;CE;CG;N;NZ;O,C;CA;CB;CD;CE;CG;N;NZ;O,,9,9,no,8.3251,CB,C19,no,no,not_applicable
6PY0,existing_28_cohort,A,1,68,PHE,11,C;CA;CB;CD1;CD2;CE1;CE2;CG;CZ;N;O,C;CA;CB;CD1;CD2;CE1;CE2;CG;CZ;N;O,,11,11,no,4.0247,CE2,C19,yes,yes,not_applicable
6PY0,existing_28_cohort,A,1,69,THR,7,C;CA;CB;CG2;N;O;OG1,C;CA;CB;CG2;N;O;OG1,,7,7,no,7.7798,CG2,C20,no,yes,not_applicable
6PY0,existing_28_cohort,A,1,70,GLY,4,C;CA;N;O,C;CA;N;O,,4,4,no,11.4533,N,C20,no,no,not_applicable
6PY0,existing_28_cohort,A,1,71,HIS,10,C;CA;CB;CD2;CE1;CG;N;ND1;NE2;O,C;CA;N;O,CB;CD2;CE1;CG;ND1;NE2,4,4,yes,12.0372,N,C20,no,no,unlikely
6PY0,existing_28_cohort,A,1,72,GLY,4,C;CA;N;O,C;CA;N;O,,4,4,no,13.0435,N,C20,no,no,not_applicable
6PY0,existing_28_cohort,A,1,75,ASP,8,C;CA;CB;CG;N;O;OD1;OD2,C;CA;CB;CG;N;O;OD1;OD2,,8,8,no,15.5888,C,C11,no,no,not_applicable
6PY0,existing_28_cohort,A,1,76,SER,6,C;CA;CB;N;O;OG,C;CA;CB;N;O;OG,,6,6,no,11.8073,OG,C19,no,no,not_applicable
6PY0,existing_28_cohort,A,1,77,ARG,11,C;CA;CB;CD;CG;CZ;N;NE;NH1;NH2;O,C;CA;CB;CD;CG;CZ;N;NE;NH1;NH2;O,,11,11,no,13.3088,CD,C18,no,no,not_applicable
6PY0,existing_28_cohort,A,1,78,ALA,5,C;CA;CB;N;O,C;CA;CB;N;O,,5,5,no,15.9044,N,C18,no,no,not_applicable
6PY0,existing_28_cohort,A,1,79,ASP,8,C;CA;CB;CG;N;O;OD1;OD2,C;CA;CB;CG;N;O;OD1;OD2,,8,8,no,13.9504,OD2,C11,no,no,not_applicable
6PY0,existing_28_cohort,A,1,80,GLN,9,C;CA;CB;CD;CG;N;NE2;O;OE1,C;CA;CB;CD;CG;N;NE2;O;OE1,,9,9,no,7.8760,NE2,C18,no,yes,not_applicable
6PY0,existing_28_cohort,A,1,81,PHE,11,C;CA;CB;CD1;CD2;CE1;CE2;CG;CZ;N;O,C;CA;CB;CD1;CD2;CE1;CE2;CG;CZ;N;O,,11,11,no,14.4283,N,C18,no,no,not_applicable
6PY0,existing_28_cohort,A,1,82,ALA,5,C;CA;CB;N;O,C;CA;CB;N;O,,5,5,no,15.8800,C,C16,no,no,not_applicable
6PY0,existing_28_cohort,A,1,83,ASN,8,C;CA;CB;CG;N;ND2;O;OD1,C;CA;CB;CG;N;ND2;O;OD1,,8,8,no,11.5156,ND2,C16,no,no,not_applicable
6PY0,existing_28_cohort,A,1,84,GLU,9,C;CA;CB;CD;CG;N;O;OE1;OE2,C;CA;CB;CD;CG;N;O;OE1;OE2,,9,9,no,11.4269,OE2,C18,no,no,not_applicable
6PY0,existing_28_cohort,A,1,85,TRP,14,C;CA;CB;CD1;CD2;CE2;CE3;CG;CH2;CZ2;CZ3;N;NE1;O,C;CA;CB;CD1;CD2;CE2;CE3;CG;CH2;CZ2;CZ3;N;NE1;O,,14,14,no,16.2406,N,C16,no,no,not_applicable
6PY0,existing_28_cohort,A,1,86,GLY,4,C;CA;N;O,C;CA;N;O,,4,4,no,16.8301,C,C16,no,no,not_applicable
6PY0,existing_28_cohort,A,1,87,ARG,11,C;CA;CB;CD;CG;CZ;N;NE;NH1;NH2;O,C;CA;CB;CD;CG;CZ;N;NE;NH1;NH2;O,,11,11,no,9.8149,NH2,C16,no,no,not_applicable
6PY0,existing_28_cohort,A,1,88,SER,6,C;CA;CB;N;O;OG,C;CA;CB;N;O;OG,,6,6,no,16.4431,N,C16,no,no,not_applicable
6PY0,existing_28_cohort,A,1,89,GLY,4,C;CA;N;O,C;CA;N;O,,4,4,no,18.8818,N,C16,no,no,not_applicable
6PY0,existing_28_cohort,A,1,90,LYS,9,C;CA;CB;CD;CE;CG;N;NZ;O,C;CA;CB;CD;CE;CG;N;NZ;O,,9,9,no,20.8981,N,C16,no,no,not_applicable
6PY0,existing_28_cohort,A,1,91,ASP,8,C;CA;CB;CG;N;O;OD1;OD2,C;CA;CB;CG;N;O;OD1;OD2,,8,8,no,23.2177,C,C16,no,no,not_applicable
6PY0,existing_28_cohort,A,1,92,PRO,7,C;CA;CB;CD;CG;N;O,C;CA;CB;CD;CG;N;O,,7,7,no,21.5212,CG,C16,no,no,not_applicable
6PY0,existing_28_cohort,A,1,93,ASN,8,C;CA;CB;CG;N;ND2;O;OD1,C;CA;CB;CG;N;ND2;O;OD1,,8,8,no,24.5446,N,C16,no,no,not_applicable
6PY0,existing_28_cohort,A,1,94,HIS,10,C;CA;CB;CD2;CE1;CG;N;ND1;NE2;O,C;CA;CB;CD2;CE1;CG;N;ND1;NE2;O,,10,10,no,24.1611,ND1,C16,no,no,not_applicable
6PY0,existing_28_cohort,A,1,95,PHE,11,C;CA;CB;CD1;CD2;CE1;CE2;CG;CZ;N;O,C;CA;CB;CD1;CD2;CE1;CE2;CG;CZ;N;O,,11,11,no,20.6091,CE2,C16,no,no,not_applicable
6PY0,existing_28_cohort,A,1,96,ARG,11,C;CA;CB;CD;CG;CZ;N;NE;NH1;NH2;O,C;CA;CB;CD;CG;CZ;N;NE;NH1;NH2;O,,11,11,no,25.8017,N,C16,no,no,not_applicable
6PY0,existing_28_cohort,A,1,97,PRO,7,C;CA;CB;CD;CG;N;O,C;CA;CB;CD;CG;N;O,,7,7,no,26.6392,CD,C11,no,no,not_applicable
6PY0,existing_28_cohort,A,1,98,ALA,5,C;CA;CB;N;O,C;CA;CB;N;O,,5,5,no,30.9228,N,C11,no,no,not_applicable
6PY0,existing_28_cohort,A,1,99,GLY,4,C;CA;N;O,C;CA;N;O,,4,4,no,31.9214,C,C20,no,no,not_applicable
6PY0,existing_28_cohort,A,1,100,LEU,8,C;CA;CB;CD1;CD2;CG;N;O,C;CA;CB;CD1;CD2;CG;N;O,,8,8,no,26.5741,CD2,C16,no,no,not_applicable
6PY0,existing_28_cohort,A,1,101,PRO,7,C;CA;CB;CD;CG;N;O,C;CA;CB;CD;CG;N;O,,7,7,no,29.8207,CD,C20,no,no,not_applicable
6PY0,existing_28_cohort,A,1,102,LYS,9,C;CA;CB;CD;CE;CG;N;NZ;O,C;CA;CB;CD;CE;CG;N;NZ;O,,9,9,no,30.3155,O,C16,no,no,not_applicable
6PY0,existing_28_cohort,A,1,103,ARG,11,C;CA;CB;CD;CG;CZ;N;NE;NH1;NH2;O,C;CA;CB;CD;CG;CZ;N;NE;NH1;NH2;O,,11,11,no,28.0329,O,C16,no,no,not_applicable
6PY0,existing_28_cohort,A,1,104,TYR,13,C;CA;CB;CD1;CD2;CE1;CE2;CG;CZ;N;O;OH;OXT[terminal-carboxyl],C;CA;CB;CD1;CD2;CE1;CE2;CG;CZ;N;O;OH;OXT,,13,13,no,25.2645,OXT,C16,no,no,not_applicable
5HBS,existing_28_cohort,A,1,1,PRO,7,C;CA;CB;CD;CG;N;O,C;CA;CB;CD;CG;N;O,,7,7,no,16.9895,O,O1,no,no,not_applicable
5HBS,existing_28_cohort,A,1,2,VAL,7,C;CA;CB;CG1;CG2;N;O,C;CA;CB;CG1;CG2;N;O,,7,7,no,12.6715,CG1,O1,no,no,not_applicable
5HBS,existing_28_cohort,A,1,3,ASP,8,C;CA;CB;CG;N;O;OD1;OD2,C;CA;CB;CG;N;O;OD1;OD2,,8,8,no,12.1436,C,O1,no,no,not_applicable
5HBS,existing_28_cohort,A,1,4,PHE,11,C;CA;CB;CD1;CD2;CE1;CE2;CG;CZ;N;O,C;CA;CB;CD1;CD2;CE1;CE2;CG;CZ;N;O,,11,11,no,8.0442,CD1,O1,no,no,not_applicable
5HBS,existing_28_cohort,A,1,5,THR,7,C;CA;CB;CG2;N;O;OG1,C;CA;CB;CG2;N;O;OG1,,7,7,no,11.2287,N,O1,no,no,not_applicable
5HBS,existing_28_cohort,A,1,6,GLY,4,C;CA;N;O,C;CA;N;O,,4,4,no,10.5242,O,O1,no,no,not_applicable
5HBS,existing_28_cohort,A,1,7,TYR,12,C;CA;CB;CD1;CD2;CE1;CE2;CG;CZ;N;O;OH,C;CA;CB;CD1;CD2;CE1;CE2;CG;CZ;N;O;OH,,12,12,no,11.3315,OH,C17,no,no,not_applicable
5HBS,existing_28_cohort,A,1,8,TRP,14,C;CA;CB;CD1;CD2;CE2;CE3;CG;CH2;CZ2;CZ3;N;NE1;O,C;CA;CB;CD1;CD2;CE2;CE3;CG;CH2;CZ2;CZ3;N;NE1;O,,14,14,no,8.7797,CD1,O1,no,no,not_applicable
5HBS,existing_28_cohort,A,1,9,LYS,9,C;CA;CB;CD;CE;CG;N;NZ;O,C;CA;CB;CD;CE;CG;N;NZ;O,,9,9,no,11.5148,N,O1,no,no,not_applicable
5HBS,existing_28_cohort,A,1,10,MET,8,C;CA;CB;CE;CG;N;O;SD,C;CA;CB;CE;CG;N;O;SD,,8,13,no,7.8720,CE,C17,no,yes,not_applicable
5HBS,existing_28_cohort,A,1,11,LEU,8,C;CA;CB;CD1;CD2;CG;N;O,C;CA;CB;CD1;CD2;CG;N;O,,8,8,no,12.9239,N,O1,no,no,not_applicable
5HBS,existing_28_cohort,A,1,12,VAL,7,C;CA;CB;CG1;CG2;N;O,C;CA;CB;CG1;CG2;N;O,,7,7,no,11.7964,O,O1,no,no,not_applicable
5HBS,existing_28_cohort,A,1,13,ASN,8,C;CA;CB;CG;N;ND2;O;OD1,C;CA;CB;CG;N;ND2;O;OD1,,8,8,no,8.1112,ND2,C17,no,no,not_applicable
5HBS,existing_28_cohort,A,1,14,GLU,9,C;CA;CB;CD;CG;N;O;OE1;OE2,C;CA;CB;CD;CG;N;O;OE1;OE2,,9,9,no,10.6526,O,C19,no,no,not_applicable
5HBS,existing_28_cohort,A,1,15,ASN,8,C;CA;CB;CG;N;ND2;O;OD1,C;CA;CB;CG;N;ND2;O;OD1,,8,8,no,9.8472,O,C19,no,no,not_applicable
5HBS,existing_28_cohort,A,1,16,PHE,11,C;CA;CB;CD1;CD2;CE1;CE2;CG;CZ;N;O,C;CA;CB;CD1;CD2;CE1;CE2;CG;CZ;N;O,,11,11,no,4.0085,CZ,C7,yes,yes,not_applicable
5HBS,existing_28_cohort,A,1,17,GLU,9,C;CA;CB;CD;CG;N;O;OE1;OE2,C;CA;CB;CD;CG;N;O;OE1;OE2,,9,9,no,8.9244,O,C18,no,no,not_applicable
5HBS,existing_28_cohort,A,1,18,GLU,9,C;CA;CB;CD;CG;N;O;OE1;OE2,C;CA;CB;CD;CG;N;O;OE1;OE2,,9,15,no,10.3639,C,C19,no,no,not_applicable
5HBS,existing_28_cohort,A,1,19,TYR,12,C;CA;CB;CD1;CD2;CE1;CE2;CG;CZ;N;O;OH,C;CA;CB;CD1;CD2;CE1;CE2;CG;CZ;N;O;OH,,12,12,no,4.1082,CE2,C19,yes,yes,not_applicable
5HBS,existing_28_cohort,A,1,20,LEU,8,C;CA;CB;CD1;CD2;CG;N;O,C;CA;CB;CD1;CD2;CG;N;O,,8,8,no,3.5855,CD2,C18,yes,yes,not_applicable
5HBS,existing_28_cohort,A,1,21,ARG,11,C;CA;CB;CD;CG;CZ;N;NE;NH1;NH2;O,C;CA;CB;CD;CG;CZ;N;NE;NH1;NH2;O,,11,11,no,8.4205,N,C18,no,no,not_applicable
5HBS,existing_28_cohort,A,1,22,ALA,5,C;CA;CB;N;O,C;CA;CB;N;O,,5,5,no,10.4039,N,C18,no,no,not_applicable
5HBS,existing_28_cohort,A,1,23,LEU,8,C;CA;CB;CD1;CD2;CG;N;O,C;CA;CB;CD1;CD2;CG;N;O,,8,8,no,5.7451,CD1,C19,no,yes,not_applicable
5HBS,existing_28_cohort,A,1,24,ASP,8,C;CA;CB;CG;N;O;OD1;OD2,C;CA;CB;CG;N;O;OD1;OD2,,8,8,no,8.9732,C,C18,no,no,not_applicable
5HBS,existing_28_cohort,A,1,25,VAL,7,C;CA;CB;CG1;CG2;N;O,C;CA;CB;CG1;CG2;N;O,,7,7,no,4.8106,CG1,C18,yes,yes,not_applicable
5HBS,existing_28_cohort,A,1,26,ASN,8,C;CA;CB;CG;N;ND2;O;OD1,C;CA;CB;CG;N;ND2;O;OD1,,8,8,no,8.0150,O,C18,no,no,not_applicable
5HBS,existing_28_cohort,A,1,27,VAL,7,C;CA;CB;CG1;CG2;N;O,C;CA;CB;CG1;CG2;N;O,,7,7,no,9.8017,O,C4,no,no,not_applicable
5HBS,existing_28_cohort,A,1,28,ALA,5,C;CA;CB;N;O,C;CA;CB;N;O,,5,5,no,8.2705,O,C4,no,no,not_applicable
5HBS,existing_28_cohort,A,1,29,LEU,8,C;CA;CB;CD1;CD2;CG;N;O,C;CA;CB;CD1;CD2;CG;N;O,,8,8,no,3.7474,CD1,C4,yes,yes,not_applicable
5HBS,existing_28_cohort,A,1,30,ARG,11,C;CA;CB;CD;CG;CZ;N;NE;NH1;NH2;O,C;CA;CB;CD;CG;CZ;N;NE;NH1;NH2;O,,11,11,no,6.6080,N,C4,no,yes,not_applicable
5HBS,existing_28_cohort,A,1,31,LYS,9,C;CA;CB;CD;CE;CG;N;NZ;O,C;CA;CB;CD;CE;CG;N;NZ;O,,9,9,no,8.3555,N,C4,no,no,not_applicable
5HBS,existing_28_cohort,A,1,32,ILE,8,C;CA;CB;CD1;CG1;CG2;N;O,C;CA;CB;CD1;CG1;CG2;N;O,,8,8,no,6.0551,CG2,C3,no,yes,not_applicable
5HBS,existing_28_cohort,A,1,33,ALA,5,C;CA;CB;N;O,C;CA;CB;N;O,,5,5,no,4.2946,CB,C4,yes,yes,not_applicable
5HBS,existing_28_cohort,A,1,34,ASN,8,C;CA;CB;CG;N;ND2;O;OD1,C;CA;CB;CG;N;ND2;O;OD1,,8,8,no,7.4722,N,C4,no,yes,not_applicable
5HBS,existing_28_cohort,A,1,35,LEU,8,C;CA;CB;CD1;CD2;CG;N;O,C;CA;CB;CD1;CD2;CG;N;O,,8,8,no,9.0403,C,C2,no,no,not_applicable
5HBS,existing_28_cohort,A,1,36,LEU,8,C;CA;CB;CD1;CD2;CG;N;O,C;CA;CB;CD1;CD2;CG;N;O,,8,8,no,3.7986,CD1,C2,yes,yes,not_applicable
5HBS,existing_28_cohort,A,1,37,LYS,9,C;CA;CB;CD;CE;CG;N;NZ;O,C;CA;CB;CD;CE;CG;N;NZ;O,,9,15,no,7.1468,C,C17,no,yes,not_applicable
5HBS,existing_28_cohort,A,1,38,PRO,7,C;CA;CB;CD;CG;N;O,C;CA;CB;CD;CG;N;O,,7,11,no,3.8326,CG,C17,yes,yes,not_applicable
5HBS,existing_28_cohort,A,1,39,ASP,8,C;CA;CB;CG;N;O;OD1;OD2,C;CA;CB;CG;N;O;OD1;OD2,,8,8,no,7.0590,N,C17,no,yes,not_applicable
5HBS,existing_28_cohort,A,1,40,LYS,9,C;CA;CB;CD;CE;CG;N;NZ;O,C;CA;CB;CD;CE;CG;N;NZ;O,,9,9,no,2.9121,NZ,O1,yes,yes,not_applicable
5HBS,existing_28_cohort,A,1,41,GLU,9,C;CA;CB;CD;CG;N;O;OE1;OE2,C;CA;CB;CD;CG;N;O;OE1;OE2,,9,9,no,8.2124,N,O1,no,no,not_applicable
5HBS,existing_28_cohort,A,1,42,ILE,8,C;CA;CB;CD1;CG1;CG2;N;O,C;CA;CB;CD1;CG1;CG2;N;O,,8,8,no,5.6904,CD1,O1,no,yes,not_applicable
5HBS,existing_28_cohort,A,1,43,VAL,7,C;CA;CB;CG1;CG2;N;O,C;CA;CB;CG1;CG2;N;O,,7,7,no,10.2377,N,O1,no,no,not_applicable
5HBS,existing_28_cohort,A,1,44,GLN,9,C;CA;CB;CD;CG;N;NE2;O;OE1,C;CA;CB;CD;CG;N;NE2;O;OE1,,9,9,no,11.2650,OE1,O1,no,no,not_applicable
5HBS,existing_28_cohort,A,1,45,ASP,8,C;CA;CB;CG;N;O;OD1;OD2,C;CA;CB;CG;N;O;OD1;OD2,,8,8,no,14.0453,N,O1,no,no,not_applicable
5HBS,existing_28_cohort,A,1,46,GLY,4,C;CA;N;O,C;CA;N;O,,4,4,no,14.7968,O,C15,no,no,not_applicable
5HBS,existing_28_cohort,A,1,47,ASP,8,C;CA;CB;CG;N;O;OD1;OD2,C;CA;CB;CG;N;O;OD1;OD2,,8,8,no,13.2271,O,C15,no,no,not_applicable
5HBS,existing_28_cohort,A,1,48,HIS,10,C;CA;CB;CD2;CE1;CG;N;ND1;NE2;O,C;CA;CB;CD2;CE1;CG;N;ND1;NE2;O,,10,10,no,12.4496,C,C15,no,no,not_applicable
5HBS,existing_28_cohort,A,1,49,MET,8,C;CA;CB;CE;CG;N;O;SD,C;CA;CB;CE;CG;N;O;SD,,8,13,no,7.5802,CE,O1,no,yes,not_applicable
5HBS,existing_28_cohort,A,1,50,ILE,8,C;CA;CB;CD1;CG1;CG2;N;O,C;CA;CB;CD1;CG1;CG2;N;O,,8,8,no,8.1029,C,O1,no,no,not_applicable
5HBS,existing_28_cohort,A,1,51,ILE,8,C;CA;CB;CD1;CG1;CG2;N;O,C;CA;CB;CD1;CG1;CG2;N;O,,8,8,no,3.5912,CG2,O1,yes,yes,not_applicable
5HBS,existing_28_cohort,A,1,52,ARG,11,C;CA;CB;CD;CG;CZ;N;NE;NH1;NH2;O,C;CA;CB;CD;CG;CZ;N;NE;NH1;NH2;O,,11,11,no,7.0297,C,C14,no,yes,not_applicable
5HBS,existing_28_cohort,A,1,53,THR,7,C;CA;CB;CG2;N;O;OG1,C;CA;CB;CG2;N;O;OG1,,7,7,no,3.6452,OG1,C12,yes,yes,not_applicable
5HBS,existing_28_cohort,A,1,54,LEU,8,C;CA;CB;CD1;CD2;CG;N;O,C;CA;CB;CD1;CD2;CG;N;O,,8,8,no,5.6409,C,C17,no,yes,not_applicable
5HBS,existing_28_cohort,A,1,55,SER,6,C;CA;CB;N;O;OG,C;CA;CB;N;O;OG,,6,6,no,3.9837,OG,C2,yes,yes,not_applicable
5HBS,existing_28_cohort,A,1,56,THR,7,C;CA;CB;CG2;N;O;OG1,C;CA;CB;CG2;N;O;OG1,,7,7,no,7.2069,N,C2,no,yes,not_applicable
5HBS,existing_28_cohort,A,1,57,PHE,11,C;CA;CB;CD1;CD2;CE1;CE2;CG;CZ;N;O,C;CA;CB;CD1;CD2;CE1;CE2;CG;CZ;N;O,,11,11,no,4.4425,CD2,C3,yes,yes,not_applicable
5HBS,existing_28_cohort,A,1,58,ARG,11,C;CA;CB;CD;CG;CZ;N;NE;NH1;NH2;O,C;CA;CB;CD;CG;CZ;N;NE;NH1;NH2;O,,11,11,no,3.5975,O,C2,yes,yes,not_applicable
5HBS,existing_28_cohort,A,1,59,ASN,8,C;CA;CB;CG;N;ND2;O;OD1,C;CA;CB;CG;N;ND2;O;OD1,,8,8,no,3.7574,C,C16,yes,yes,not_applicable
5HBS,existing_28_cohort,A,1,60,TYR,12,C;CA;CB;CD1;CD2;CE1;CE2;CG;CZ;N;O;OH,C;CA;CB;CD1;CD2;CE1;CE2;CG;CZ;N;O;OH,,12,12,no,3.8542,CD2,C12,yes,yes,not_applicable
5HBS,existing_28_cohort,A,1,61,ILE,8,C;CA;CB;CD1;CG1;CG2;N;O,C;CA;CB;CD1;CG1;CG2;N;O,,8,8,no,6.8641,N,C16,no,yes,not_applicable
5HBS,existing_28_cohort,A,1,62,MET,8,C;CA;CB;CE;CG;N;O;SD,C;CA;CB;CE;CG;N;O;SD,,8,8,no,3.9751,SD,C14,yes,yes,not_applicable
5HBS,existing_28_cohort,A,1,63,ASP,8,C;CA;CB;CG;N;O;OD1;OD2,C;CA;CB;CG;N;O;OD1;OD2,,8,8,no,8.9972,N,C14,no,no,not_applicable
5HBS,existing_28_cohort,A,1,64,PHE,11,C;CA;CB;CD1;CD2;CE1;CE2;CG;CZ;N;O,C;CA;CB;CD1;CD2;CE1;CE2;CG;CZ;N;O,,11,11,no,6.6743,CE2,C15,no,yes,not_applicable
5HBS,existing_28_cohort,A,1,65,GLN,9,C;CA;CB;CD;CG;N;NE2;O;OE1,C;CA;CB;CD;CG;N;NE2;O;OE1,,9,9,no,12.5366,N,C15,no,no,not_applicable
5HBS,existing_28_cohort,A,1,66,VAL,7,C;CA;CB;CG1;CG2;N;O,C;CA;CB;CG1;CG2;N;O,,7,7,no,11.1106,CG2,C15,no,no,not_applicable
5HBS,existing_28_cohort,A,1,67,GLY,4,C;CA;N;O,C;CA;N;O,,4,4,no,13.5878,N,C15,no,no,not_applicable
5HBS,existing_28_cohort,A,1,68,LYS,9,C;CA;CB;CD;CE;CG;N;NZ;O,C;CA;CB;N;O,CD;CE;CG;NZ,5,5,yes,13.8253,O,C15,no,no,unlikely
5HBS,existing_28_cohort,A,1,69,GLU,9,C;CA;CB;CD;CG;N;O;OE1;OE2,C;CA;CB;CD;CG;N;O;OE1;OE2,,9,9,no,15.1352,CA,C15,no,no,not_applicable
5HBS,existing_28_cohort,A,1,70,PHE,11,C;CA;CB;CD1;CD2;CE1;CE2;CG;CZ;N;O,C;CA;CB;CD1;CD2;CE1;CE2;CG;CZ;N;O,,11,11,no,9.3654,CZ,C15,no,no,not_applicable
5HBS,existing_28_cohort,A,1,71,GLU,9,C;CA;CB;CD;CG;N;O;OE1;OE2,C;CA;CB;CD;CG;N;O;OE1;OE2,,9,9,no,13.3328,C,C13,no,no,not_applicable
5HBS,existing_28_cohort,A,1,72,GLU,9,C;CA;CB;CD;CG;N;O;OE1;OE2,C;CA;CB;CD;CG;N;O;OE1;OE2,,9,9,no,6.3227,OE2,C13,no,yes,not_applicable
5HBS,existing_28_cohort,A,1,73,ASP,8,C;CA;CB;CG;N;O;OD1;OD2,C;CA;CB;CG;N;O;OD1;OD2,,8,8,no,9.4730,O,C10,no,no,not_applicable
5HBS,existing_28_cohort,A,1,74,LEU,8,C;CA;CB;CD1;CD2;CG;N;O,C;CA;CB;CD1;CD2;CG;N;O,,8,8,no,6.6710,CD2,C11,no,yes,not_applicable
5HBS,existing_28_cohort,A,1,75,THR,7,C;CA;CB;CG2;N;O;OG1,C;CA;CB;CG2;N;O;OG1,,7,7,no,6.7769,O,C16,no,yes,not_applicable
5HBS,existing_28_cohort,A,1,76,GLY,4,C;CA;N;O,C;CA;N;O,,4,4,no,3.6977,O,C4,yes,yes,not_applicable
5HBS,existing_28_cohort,A,1,77,ILE,8,C;CA;CB;CD1;CG1;CG2;N;O,C;CA;CB;CD1;CG1;CG2;N;O,,8,8,no,3.5969,CD1,C9,yes,yes,not_applicable
5HBS,existing_28_cohort,A,1,78,ASP,8,C;CA;CB;CG;N;O;OD1;OD2,C;CA;CB;CG;N;O;OD1;OD2,,8,8,no,6.1553,N,C18,no,yes,not_applicable
5HBS,existing_28_cohort,A,1,79,ASP,8,C;CA;CB;CG;N;O;OD1;OD2,C;CA;CB;CG;N;O;OD1;OD2,,8,8,no,8.6295,N,C18,no,no,not_applicable
5HBS,existing_28_cohort,A,1,80,ARG,11,C;CA;CB;CD;CG;CZ;N;NE;NH1;NH2;O,C;CA;CB;CD;CG;CZ;N;NE;NH1;NH2;O,,11,11,no,10.9068,N,C18,no,no,not_applicable
5HBS,existing_28_cohort,A,1,81,LYS,9,C;CA;CB;CD;CE;CG;N;NZ;O,C;CA;CB;CD;CE;CG;N;NZ;O,,9,15,no,13.2563,N,C19,no,no,not_applicable
5HBS,existing_28_cohort,A,1,82,CYS,6,C;CA;CB;N;O;SG,C;CA;CB;N;O;SG,,6,6,no,11.0512,SG,C20,no,no,not_applicable
5HBS,existing_28_cohort,A,1,83,MET,8,C;CA;CB;CE;CG;N;O;SD,C;CA;CB;CE;CG;N;O;SD,,8,8,no,13.1467,C,C20,no,no,not_applicable
5HBS,existing_28_cohort,A,1,84,THR,7,C;CA;CB;CG2;N;O;OG1,C;CA;CB;CG2;N;O;OG1,,7,7,no,8.9346,CG2,C20,no,no,not_applicable
5HBS,existing_28_cohort,A,1,85,THR,7,C;CA;CB;CG2;N;O;OG1,C;CA;CB;CG2;N;O;OG1,,7,7,no,10.5228,O,C15,no,no,not_applicable
5HBS,existing_28_cohort,A,1,86,VAL,7,C;CA;CB;CG1;CG2;N;O,C;CA;CB;CG1;CG2;N;O,,7,7,no,7.5473,CG2,C15,no,yes,not_applicable
5HBS,existing_28_cohort,A,1,87,SER,6,C;CA;CB;N;O;OG,C;CA;CB;N;O;OG,,6,9,no,10.8854,N,C15,no,no,not_applicable
5HBS,existing_28_cohort,A,1,88,TRP,14,C;CA;CB;CD1;CD2;CE2;CE3;CG;CH2;CZ2;CZ3;N;NE1;O,C;CA;CB;CD1;CD2;CE2;CE3;CG;CH2;CZ2;CZ3;N;NE1;O,,14,14,no,11.8190,CH2,O1,no,no,not_applicable
5HBS,existing_28_cohort,A,1,89,ASP,8,C;CA;CB;CG;N;O;OD1;OD2,C;CA;CB;CG;N;O;OD1;OD2,,8,8,no,13.9944,N,C15,no,no,not_applicable
5HBS,existing_28_cohort,A,1,90,GLY,4,C;CA;N;O,C;CA;N;O,,4,4,no,15.4287,O,C15,no,no,not_applicable
5HBS,existing_28_cohort,A,1,91,ASP,8,C;CA;CB;CG;N;O;OD1;OD2,C;CA;CB;CG;N;O;OD1;OD2,,8,8,no,12.4740,O,O1,no,no,not_applicable
5HBS,existing_28_cohort,A,1,92,LYS,9,C;CA;CB;CD;CE;CG;N;NZ;O,C;CA;CB;CD;CE;CG;N;NZ;O,,9,15,no,11.1090,C,C15,no,no,not_applicable
5HBS,existing_28_cohort,A,1,93,LEU,8,C;CA;CB;CD1;CD2;CG;N;O,C;CA;CB;CD1;CD2;CG;N;O,,8,13,no,6.8339,CD2,C15,no,yes,not_applicable
5HBS,existing_28_cohort,A,1,94,GLN,9,C;CA;CB;CD;CG;N;NE2;O;OE1,C;CA;CB;CD;CG;N;NE2;O;OE1,,9,9,no,9.0626,C,C15,no,no,not_applicable
5HBS,existing_28_cohort,A,1,95,CYS,6,C;CA;CB;N;O;SG,C;CA;CB;N;O;SG,,6,6,no,6.7221,SG,C20,no,yes,not_applicable
5HBS,existing_28_cohort,A,1,96,VAL,7,C;CA;CB;CG1;CG2;N;O,C;CA;CB;CG1;CG2;N;O,,7,7,no,9.6486,N,C20,no,no,not_applicable
5HBS,existing_28_cohort,A,1,97,GLN,9,C;CA;CB;CD;CG;N;NE2;O;OE1,C;CA;CB;CD;CG;N;NE2;O;OE1,,9,9,no,5.9777,NE2,C20,no,yes,not_applicable
5HBS,existing_28_cohort,A,1,98,LYS,9,C;CA;CB;CD;CE;CG;N;NZ;O,C;CA;CB;CD;CE;CG;N;NZ;O,,9,15,no,12.3757,N,C20,no,no,not_applicable
5HBS,existing_28_cohort,A,1,99,GLY,4,C;CA;N;O,C;CA;N;O,,4,4,no,14.5661,N,C20,no,no,not_applicable
5HBS,existing_28_cohort,A,1,100,GLU,9,C;CA;CB;CD;CG;N;O;OE1;OE2,C;CA;CB;CD;CG;N;O;OE1;OE2,,9,9,no,15.3402,N,C19,no,no,not_applicable
5HBS,existing_28_cohort,A,1,101,LYS,9,C;CA;CB;CD;CE;CG;N;NZ;O,C;CA;CB;CD;CE;CG;N;NZ;O,,9,9,no,12.2633,CG,C19,no,no,not_applicable
5HBS,existing_28_cohort,A,1,102,GLU,9,C;CA;CB;CD;CG;N;O;OE1;OE2,C;CA;CB;CD;CG;N;O;OE1;OE2,,9,15,no,13.7870,O,C20,no,no,not_applicable
5HBS,existing_28_cohort,A,1,103,GLY,4,C;CA;N;O,C;CA;N;O,,4,4,no,11.3729,O,C20,no,no,not_applicable
5HBS,existing_28_cohort,A,1,104,ARG,11,C;CA;CB;CD;CG;CZ;N;NE;NH1;NH2;O,C;CA;CB;CD;CG;CZ;N;NE;NH1;NH2;O,,11,11,no,6.9333,NH2,C19,no,yes,not_applicable
5HBS,existing_28_cohort,A,1,105,GLY,4,C;CA;N;O,C;CA;N;O,,4,4,no,6.4699,O,C20,no,yes,not_applicable
5HBS,existing_28_cohort,A,1,106,TRP,14,C;CA;CB;CD1;CD2;CE2;CE3;CG;CH2;CZ2;CZ3;N;NE1;O,C;CA;CB;CD1;CD2;CE2;CE3;CG;CH2;CZ2;CZ3;N;NE1;O,,14,14,no,3.3995,CD1,C20,yes,yes,not_applicable
5HBS,existing_28_cohort,A,1,107,THR,7,C;CA;CB;CG2;N;O;OG1,C;CA;CB;CG2;N;O;OG1,,7,7,no,7.1519,N,C20,no,yes,not_applicable
5HBS,existing_28_cohort,A,1,108,GLN,9,C;CA;CB;CD;CG;N;NE2;O;OE1,C;CA;CB;CD;CG;N;NE2;O;OE1,,9,9,no,2.7729,OE1,O1,yes,yes,not_applicable
5HBS,existing_28_cohort,A,1,109,TRP,14,C;CA;CB;CD1;CD2;CE2;CE3;CG;CH2;CZ2;CZ3;N;NE1;O,C;CA;CB;CD1;CD2;CE2;CE3;CG;CH2;CZ2;CZ3;N;NE1;O,,14,14,no,8.3150,N,O1,no,no,not_applicable
5HBS,existing_28_cohort,A,1,110,ILE,8,C;CA;CB;CD1;CG1;CG2;N;O,C;CA;CB;CD1;CG1;CG2;N;O,,8,8,no,10.7702,CG1,O1,no,no,not_applicable
5HBS,existing_28_cohort,A,1,111,GLU,9,C;CA;CB;CD;CG;N;O;OE1;OE2,C;CA;CB;CD;CG;N;O;OE1;OE2,,9,9,no,13.4568,N,O1,no,no,not_applicable
5HBS,existing_28_cohort,A,1,112,GLY,4,C;CA;N;O,C;CA;N;O,,4,4,no,15.3563,O,O1,no,no,not_applicable
5HBS,existing_28_cohort,A,1,113,ASP,8,C;CA;CB;CG;N;O;OD1;OD2,C;CA;CB;CG;N;O;OD1;OD2,,8,8,no,13.9235,O,O1,no,no,not_applicable
5HBS,existing_28_cohort,A,1,114,GLU,9,C;CA;CB;CD;CG;N;O;OE1;OE2,C;CA;CB;CD;CG;N;O;OE1;OE2,,9,9,no,11.5559,C,O1,no,no,not_applicable
5HBS,existing_28_cohort,A,1,115,LEU,8,C;CA;CB;CD1;CD2;CG;N;O,C;CA;CB;CD1;CD2;CG;N;O,,8,13,no,5.7463,CD2,O1,no,yes,not_applicable
5HBS,existing_28_cohort,A,1,116,HIS,10,C;CA;CB;CD2;CE1;CG;N;ND1;NE2;O,C;CA;CB;CD2;CE1;CG;N;ND1;NE2;O,,10,10,no,7.1966,O,O1,no,yes,not_applicable
5HBS,existing_28_cohort,A,1,117,LEU,8,C;CA;CB;CD1;CD2;CG;N;O,C;CA;CB;CD1;CD2;CG;N;O,,8,8,no,3.6863,CD2,O1,yes,yes,not_applicable
5HBS,existing_28_cohort,A,1,118,GLU,9,C;CA;CB;CD;CG;N;O;OE1;OE2,C;CA;CB;CD;CG;N;O;OE1;OE2,,9,9,no,6.6763,O,C20,no,yes,not_applicable
5HBS,existing_28_cohort,A,1,119,MET,8,C;CA;CB;CE;CG;N;O;SD,C;CA;CB;CE;CG;N;O;SD,,8,8,no,3.7722,SD,C20,yes,yes,not_applicable
5HBS,existing_28_cohort,A,1,120,ARG,11,C;CA;CB;CD;CG;CZ;N;NE;NH1;NH2;O,C;CA;CB;CD;CG;CZ;N;NE;NH1;NH2;O,,11,11,no,7.5943,N,C20,no,yes,not_applicable
5HBS,existing_28_cohort,A,1,121,VAL,7,C;CA;CB;CG1;CG2;N;O,C;CA;CB;CG1;CG2;N;O,,7,7,no,9.3273,CG1,C19,no,no,not_applicable
5HBS,existing_28_cohort,A,1,122,GLU,9,C;CA;CB;CD;CG;N;O;OE1;OE2,C;CA;CB;CD;CG;N;O;OE1;OE2,,9,9,no,13.0812,N,C19,no,no,not_applicable
5HBS,existing_28_cohort,A,1,123,GLY,4,C;CA;N;O,C;CA;N;O,,4,4,no,14.6843,C,C19,no,no,not_applicable
5HBS,existing_28_cohort,A,1,124,VAL,7,C;CA;CB;CG1;CG2;N;O,C;CA;CB;CG1;CG2;N;O,,7,7,no,11.4158,O,C19,no,no,not_applicable
5HBS,existing_28_cohort,A,1,125,VAL,7,C;CA;CB;CG1;CG2;N;O,C;CA;CB;CG1;CG2;N;O,,7,7,no,10.8776,C,C19,no,no,not_applicable
5HBS,existing_28_cohort,A,1,126,CYS,6,C;CA;CB;N;O;SG,C;CA;CB;N;O;SG,,6,6,no,7.3425,SG,C19,no,yes,not_applicable
5HBS,existing_28_cohort,A,1,127,LYS,9,C;CA;CB;CD;CE;CG;N;NZ;O,C;CA;CB;CD;CE;CG;N;NZ;O,,9,9,no,10.2173,CA,C20,no,no,not_applicable
5HBS,existing_28_cohort,A,1,128,GLN,9,C;CA;CB;CD;CG;N;NE2;O;OE1,C;CA;CB;CD;CG;N;NE2;O;OE1,,9,9,no,5.9785,OE1,C11,no,yes,not_applicable
5HBS,existing_28_cohort,A,1,129,VAL,7,C;CA;CB;CG1;CG2;N;O,C;CA;CB;CG1;CG2;N;O,,7,7,no,10.1707,N,O1,no,no,not_applicable
5HBS,existing_28_cohort,A,1,130,PHE,11,C;CA;CB;CD1;CD2;CE1;CE2;CG;CZ;N;O,C;CA;CB;CD1;CD2;CE1;CE2;CG;CZ;N;O,,11,11,no,6.4408,CE1,O1,no,yes,not_applicable
5HBS,existing_28_cohort,A,1,131,LYS,9,C;CA;CB;CD;CE;CG;N;NZ;O,C;CA;CB;CD;CE;CG;N;NZ;O,,9,15,no,12.2798,N,O1,no,no,not_applicable
5HBS,existing_28_cohort,A,1,132,LYS,9,C;CA;CB;CD;CE;CG;N;NZ;O,C;CA;CB;CD;CE;CG;N;NZ;O,,9,15,no,13.5030,N,O1,no,no,not_applicable
5HBS,existing_28_cohort,A,1,133,VAL,7,C;CA;CB;CG1;CG2;N;O,C;CA;CB;CG1;CG2;N;O,,7,7,no,14.8238,CG2,O1,no,no,not_applicable
5HBS,existing_28_cohort,A,1,134,GLN,9,C;CA;CB;CD;CG;N;NE2;O;OE1,C;CA;CB;CD;CG;N;NE2;O;OE1,,9,9,no,17.7883,N,O1,no,no,not_applicable
5HBS,existing_28_cohort,A,1,135,HIS,10,C;CA;CB;CD2;CE1;CG;N;ND1;NE2;O,C;CA;CB;CD2;CE1;CG;N;ND1;NE2;O,,10,10,no,18.0978,O,O1,no,no,not_applicable
5HBS,existing_28_cohort,A,1,136,HIS,10,C;CA;CB;CD2;CE1;CG;N;ND1;NE2;O,C;CA;CB;CD2;CE1;CG;N;ND1;NE2;O,,10,10,no,18.5298,C,C17,no,no,not_applicable
5HBS,existing_28_cohort,A,1,137,HIS,10,C;CA;CB;CD2;CE1;CG;N;ND1;NE2;O,C;CA;CB;CD2;CE1;CG;N;ND1;NE2;O,,10,10,no,14.1087,CD2,C17,no,no,not_applicable
5HBS,existing_28_cohort,A,1,138,HIS,10,C;CA;CB;CD2;CE1;CG;N;ND1;NE2;O,C;CA;CB;CD2;CE1;CG;N;ND1;NE2;O,,10,10,no,15.2441,O,C17,no,no,not_applicable
5HBS,existing_28_cohort,A,1,139,HIS,10,C;CA;CB;CD2;CE1;CG;N;ND1;NE2;O,C;CA;CB;CD2;CE1;CG;N;ND1;NE2;O,,10,10,no,13.6542,O,C16,no,no,not_applicable
5H8T,existing_28_cohort,A,1,2,VAL,7,C;CA;CB;CG1;CG2;N;O,C;CA;CB;CG1;CG2;N;O,,7,7,no,12.5884,CG2,O1,no,no,not_applicable
5H8T,existing_28_cohort,A,1,3,ASP,8,C;CA;CB;CG;N;O;OD1;OD2,C;CA;CB;CG;N;O;OD1;OD2,,8,8,no,12.3319,C,O1,no,no,not_applicable
5H8T,existing_28_cohort,A,1,4,PHE,11,C;CA;CB;CD1;CD2;CE1;CE2;CG;CZ;N;O,C;CA;CB;CD1;CD2;CE1;CE2;CG;CZ;N;O,,11,11,no,8.1393,CD1,O1,no,no,not_applicable
5H8T,existing_28_cohort,A,1,5,THR,7,C;CA;CB;CG2;N;O;OG1,C;CA;CB;CG2;N;O;OG1,,7,7,no,11.2731,N,O1,no,no,not_applicable
5H8T,existing_28_cohort,A,1,6,GLY,4,C;CA;N;O,C;CA;N;O,,4,4,no,10.4867,O,O1,no,no,not_applicable
5H8T,existing_28_cohort,A,1,7,TYR,12,C;CA;CB;CD1;CD2;CE1;CE2;CG;CZ;N;O;OH,C;CA;CB;CD1;CD2;CE1;CE2;CG;CZ;N;O;OH,,12,21,no,11.5766,C,O1,no,no,not_applicable
5H8T,existing_28_cohort,A,1,8,TRP,14,C;CA;CB;CD1;CD2;CE2;CE3;CG;CH2;CZ2;CZ3;N;NE1;O,C;CA;CB;CD1;CD2;CE2;CE3;CG;CH2;CZ2;CZ3;N;NE1;O,,14,14,no,8.7368,CD1,O1,no,no,not_applicable
5H8T,existing_28_cohort,A,1,9,LYS,9,C;CA;CB;CD;CE;CG;N;NZ;O,C;CA;CB;CD;CE;CG;N;NZ;O,,9,9,no,11.4141,N,O1,no,no,not_applicable
5H8T,existing_28_cohort,A,1,10,MET,8,C;CA;CB;CE;CG;N;O;SD,C;CA;CB;CE;CG;N;O;SD,,8,8,no,8.2710,CE,C17,no,no,not_applicable
5H8T,existing_28_cohort,A,1,11,LEU,8,C;CA;CB;CD1;CD2;CG;N;O,C;CA;CB;CD1;CD2;CG;N;O,,8,8,no,12.7925,N,O1,no,no,not_applicable
5H8T,existing_28_cohort,A,1,12,VAL,7,C;CA;CB;CG1;CG2;N;O,C;CA;CB;CG1;CG2;N;O,,7,7,no,11.6288,O,O1,no,no,not_applicable
5H8T,existing_28_cohort,A,1,13,ASN,8,C;CA;CB;CG;N;ND2;O;OD1,C;CA;CB;CG;N;ND2;O;OD1,,8,8,no,8.1871,OD1,C19,no,no,not_applicable
5H8T,existing_28_cohort,A,1,14,GLU,9,C;CA;CB;CD;CG;N;O;OE1;OE2,C;CA;CB;CD;CG;N;O;OE1;OE2,,9,9,no,10.7911,O,C19,no,no,not_applicable
5H8T,existing_28_cohort,A,1,15,ASN,8,C;CA;CB;CG;N;ND2;O;OD1,C;CA;CB;CG;N;ND2;O;OD1,,8,8,no,10.0746,O,C19,no,no,not_applicable
5H8T,existing_28_cohort,A,1,16,PHE,11,C;CA;CB;CD1;CD2;CE1;CE2;CG;CZ;N;O,C;CA;CB;CD1;CD2;CE1;CE2;CG;CZ;N;O,,11,11,no,4.1573,CE1,C19,yes,yes,not_applicable
5H8T,existing_28_cohort,A,1,17,GLU,9,C;CA;CB;CD;CG;N;O;OE1;OE2,C;CA;CB;CD;CG;N;O;OE1;OE2,,9,9,no,9.3151,O,C18,no,no,not_applicable
5H8T,existing_28_cohort,A,1,18,GLU,9,C;CA;CB;CD;CG;N;O;OE1;OE2,C;CA;CB;CD;CG;N;O;OE1;OE2,,9,15,no,10.5140,C,C19,no,no,not_applicable
5H8T,existing_28_cohort,A,1,19,TYR,12,C;CA;CB;CD1;CD2;CE1;CE2;CG;CZ;N;O;OH,C;CA;CB;CD1;CD2;CE1;CE2;CG;CZ;N;O;OH,,12,12,no,4.2274,CE2,C19,yes,yes,not_applicable
5H8T,existing_28_cohort,A,1,20,LEU,8,C;CA;CB;CD1;CD2;CG;N;O,C;CA;CB;CD1;CD2;CG;N;O,,8,8,no,3.7096,CD2,C18,yes,yes,not_applicable
5H8T,existing_28_cohort,A,1,21,ARG,11,C;CA;CB;CD;CG;CZ;N;NE;NH1;NH2;O,C;CA;CB;CD;CG;CZ;N;NE;NH1;NH2;O,,11,11,no,8.6529,N,C18,no,no,not_applicable
5H8T,existing_28_cohort,A,1,22,ALA,5,C;CA;CB;N;O,C;CA;CB;N;O,,5,5,no,10.5310,N,C18,no,no,not_applicable
5H8T,existing_28_cohort,A,1,23,LEU,8,C;CA;CB;CD1;CD2;CG;N;O,C;CA;CB;CD1;CD2;CG;N;O,,8,8,no,5.9584,CD1,C19,no,yes,not_applicable
5H8T,existing_28_cohort,A,1,24,ASP,8,C;CA;CB;CG;N;O;OD1;OD2,C;CA;CB;CG;N;O;OD1;OD2,,8,8,no,9.1015,C,C18,no,no,not_applicable
5H8T,existing_28_cohort,A,1,25,VAL,7,C;CA;CB;CG1;CG2;N;O,C;CA;CB;CG1;CG2;N;O,,7,7,no,5.0236,CG2,C18,no,yes,not_applicable
5H8T,existing_28_cohort,A,1,26,ASN,8,C;CA;CB;CG;N;ND2;O;OD1,C;CA;CB;CG;N;ND2;O;OD1,,8,8,no,8.3382,O,C18,no,no,not_applicable
5H8T,existing_28_cohort,A,1,27,VAL,7,C;CA;CB;CG1;CG2;N;O,C;CA;CB;CG1;CG2;N;O,,7,7,no,10.1378,O,C4,no,no,not_applicable
5H8T,existing_28_cohort,A,1,28,ALA,5,C;CA;CB;N;O,C;CA;CB;N;O,,5,5,no,8.5788,O,C4,no,no,not_applicable
5H8T,existing_28_cohort,A,1,29,LEU,8,C;CA;CB;CD1;CD2;CG;N;O,C;CA;CB;CD1;CD2;CG;N;O,,8,8,no,3.9432,CD1,C4,yes,yes,not_applicable
5H8T,existing_28_cohort,A,1,30,ARG,11,C;CA;CB;CD;CG;CZ;N;NE;NH1;NH2;O,C;CA;CB;CD;CG;CZ;N;NE;NH1;NH2;O,,11,11,no,6.7659,CA,C18,no,yes,not_applicable
5H8T,existing_28_cohort,A,1,31,LYS,9,C;CA;CB;CD;CE;CG;N;NZ;O,C;CA;CB;CD;CE;CG;N;NZ;O,,9,15,no,8.6317,N,C4,no,no,not_applicable
5H8T,existing_28_cohort,A,1,32,ILE,8,C;CA;CB;CD1;CG1;CG2;N;O,C;CA;CB;CD1;CG1;CG2;N;O,,8,8,no,6.3897,CG2,C3,no,yes,not_applicable
5H8T,existing_28_cohort,A,1,33,ALA,5,C;CA;CB;N;O,C;CA;CB;N;O,,5,5,no,4.1115,CB,C18,yes,yes,not_applicable
5H8T,existing_28_cohort,A,1,34,ASN,8,C;CA;CB;CG;N;ND2;O;OD1,C;CA;CB;CG;N;ND2;O;OD1,,8,8,no,7.0939,N,C18,no,yes,not_applicable
5H8T,existing_28_cohort,A,1,35,LEU,8,C;CA;CB;CD1;CD2;CG;N;O,C;CA;CB;CD1;CD2;CG;N;O,,8,8,no,8.9708,C,C17,no,no,not_applicable
5H8T,existing_28_cohort,A,1,36,LEU,8,C;CA;CB;CD1;CD2;CG;N;O,C;CA;CB;CD1;CD2;CG;N;O,,8,8,no,3.9094,CD1,C2,yes,yes,not_applicable
5H8T,existing_28_cohort,A,1,37,LYS,9,C;CA;CB;CD;CE;CG;N;NZ;O,C;CA;CB;CD;CE;CG;N;NZ;O,,9,9,no,7.5079,N,C17,no,yes,not_applicable
5H8T,existing_28_cohort,A,1,38,PRO,7,C;CA;CB;CD;CG;N;O,C;CA;CB;CD;CG;N;O,,7,7,no,4.9125,CG,C17,yes,yes,not_applicable
5H8T,existing_28_cohort,A,1,39,ASP,8,C;CA;CB;CG;N;O;OD1;OD2,C;CA;CB;CG;N;O;OD1;OD2,,8,8,no,7.8302,O,C17,no,yes,not_applicable
5H8T,existing_28_cohort,A,1,40,LYS,9,C;CA;CB;CD;CE;CG;N;NZ;O,C;CA;CB;CD;CE;CG;N;NZ;O,,9,9,no,2.9487,NZ,O1,yes,yes,not_applicable
5H8T,existing_28_cohort,A,1,41,GLU,9,C;CA;CB;CD;CG;N;O;OE1;OE2,C;CA;CB;CD;CG;N;O;OE1;OE2,,9,9,no,8.1350,O,O1,no,no,not_applicable
5H8T,existing_28_cohort,A,1,42,ILE,8,C;CA;CB;CD1;CG1;CG2;N;O,C;CA;CB;CD1;CG1;CG2;N;O,,8,8,no,5.7619,CD1,O1,no,yes,not_applicable
5H8T,existing_28_cohort,A,1,43,VAL,7,C;CA;CB;CG1;CG2;N;O,C;CA;CB;CG1;CG2;N;O,,7,7,no,10.2104,N,O1,no,no,not_applicable
5H8T,existing_28_cohort,A,1,44,GLN,9,C;CA;CB;CD;CG;N;NE2;O;OE1,C;CA;CB;CD;CG;N;NE2;O;OE1,,9,9,no,11.2894,OE1,O1,no,no,not_applicable
5H8T,existing_28_cohort,A,1,45,ASP,8,C;CA;CB;CG;N;O;OD1;OD2,C;CA;CB;CG;N;O;OD1;OD2,,8,8,no,14.2595,N,O1,no,no,not_applicable
5H8T,existing_28_cohort,A,1,46,GLY,4,C;CA;N;O,C;CA;N;O,,4,4,no,15.0785,O,C15,no,no,not_applicable
5H8T,existing_28_cohort,A,1,47,ASP,8,C;CA;CB;CG;N;O;OD1;OD2,C;CA;CB;CG;N;O;OD1;OD2,,8,8,no,13.4825,O,C15,no,no,not_applicable
5H8T,existing_28_cohort,A,1,48,HIS,10,C;CA;CB;CD2;CE1;CG;N;ND1;NE2;O,C;CA;CB;CD2;CE1;CG;N;ND1;NE2;O,,10,10,no,12.7221,C,C15,no,no,not_applicable
5H8T,existing_28_cohort,A,1,49,MET,8,C;CA;CB;CE;CG;N;O;SD,C;CA;CB;CE;CG;N;O;SD,,8,13,no,7.7373,SD,C15,no,yes,not_applicable
5H8T,existing_28_cohort,A,1,50,ILE,8,C;CA;CB;CD1;CG1;CG2;N;O,C;CA;CB;CD1;CG1;CG2;N;O,,8,8,no,8.0986,C,O1,no,no,not_applicable
5H8T,existing_28_cohort,A,1,51,ILE,8,C;CA;CB;CD1;CG1;CG2;N;O,C;CA;CB;CD1;CG1;CG2;N;O,,8,8,no,3.5413,CG2,O1,yes,yes,not_applicable
5H8T,existing_28_cohort,A,1,52,ARG,11,C;CA;CB;CD;CG;CZ;N;NE;NH1;NH2;O,C;CA;CB;CD;CG;CZ;N;NE;NH1;NH2;O,,11,11,no,6.9193,N,O1,no,yes,not_applicable
5H8T,existing_28_cohort,A,1,53,THR,7,C;CA;CB;CG2;N;O;OG1,C;CA;CB;CG2;N;O;OG1,,7,7,no,3.6834,OG1,C12,yes,yes,not_applicable
5H8T,existing_28_cohort,A,1,54,LEU,8,C;CA;CB;CD1;CD2;CG;N;O,C;CA;CB;CD1;CD2;CG;N;O,,8,8,no,6.2082,C,C17,no,yes,not_applicable
5H8T,existing_28_cohort,A,1,55,SER,6,C;CA;CB;N;O;OG,C;CA;CB;N;O;OG,,6,6,no,4.3593,OG,C17,yes,yes,not_applicable
5H8T,existing_28_cohort,A,1,56,THR,7,C;CA;CB;CG2;N;O;OG1,C;CA;CB;CG2;N;O;OG1,,7,7,no,7.5118,N,C17,no,yes,not_applicable
5H8T,existing_28_cohort,A,1,57,PHE,11,C;CA;CB;CD1;CD2;CE1;CE2;CG;CZ;N;O,C;CA;CB;CD1;CD2;CE1;CE2;CG;CZ;N;O,,11,11,no,3.8909,CD2,C3,yes,yes,not_applicable
5H8T,existing_28_cohort,A,1,58,ARG,11,C;CA;CB;CD;CG;CZ;N;NE;NH1;NH2;O,C;CA;CB;CD;CG;CZ;N;NE;NH1;NH2;O,,11,11,no,3.9764,O,C2,yes,yes,not_applicable
5H8T,existing_28_cohort,A,1,59,ASN,8,C;CA;CB;CG;N;ND2;O;OD1,C;CA;CB;CG;N;ND2;O;OD1,,8,8,no,4.2590,C,C16,yes,yes,not_applicable
5H8T,existing_28_cohort,A,1,60,TYR,12,C;CA;CB;CD1;CD2;CE1;CE2;CG;CZ;N;O;OH,C;CA;CB;CD1;CD2;CE1;CE2;CG;CZ;N;O;OH,,12,12,no,3.8803,CB,C16,yes,yes,not_applicable
5H8T,existing_28_cohort,A,1,61,ILE,8,C;CA;CB;CD1;CG1;CG2;N;O,C;CA;CB;CD1;CG1;CG2;N;O,,8,8,no,7.0454,N,C16,no,yes,not_applicable
5H8T,existing_28_cohort,A,1,62,MET,8,C;CA;CB;CE;CG;N;O;SD,C;CA;CB;CE;CG;N;O;SD,,8,8,no,3.9293,SD,C14,yes,yes,not_applicable
5H8T,existing_28_cohort,A,1,63,ASP,8,C;CA;CB;CG;N;O;OD1;OD2,C;CA;CB;CG;N;O;OD1;OD2,,8,8,no,9.0081,N,C14,no,no,not_applicable
5H8T,existing_28_cohort,A,1,64,PHE,11,C;CA;CB;CD1;CD2;CE1;CE2;CG;CZ;N;O,C;CA;CB;CD1;CD2;CE1;CE2;CG;CZ;N;O,,11,11,no,6.8329,CE2,C15,no,yes,not_applicable
5H8T,existing_28_cohort,A,1,65,GLN,9,C;CA;CB;CD;CG;N;NE2;O;OE1,C;CA;CB;CD;CG;N;NE2;O;OE1,,9,9,no,12.6507,N,C15,no,no,not_applicable
5H8T,existing_28_cohort,A,1,66,VAL,7,C;CA;CB;CG1;CG2;N;O,C;CA;CB;CG1;CG2;N;O,,7,7,no,11.2579,CG2,C15,no,no,not_applicable
5H8T,existing_28_cohort,A,1,67,GLY,4,C;CA;N;O,C;CA;N;O,,4,4,no,13.6380,N,C15,no,no,not_applicable
5H8T,existing_28_cohort,A,1,68,LYS,9,C;CA;CB;CD;CE;CG;N;NZ;O,C;CA;CB;N;O,CD;CE;CG;NZ,5,5,yes,13.9170,O,C15,no,no,unlikely
5H8T,existing_28_cohort,A,1,69,GLU,9,C;CA;CB;CD;CG;N;O;OE1;OE2,C;CA;CB;CD;CG;N;O;OE1;OE2,,9,9,no,15.1754,CA,C15,no,no,not_applicable
5H8T,existing_28_cohort,A,1,70,PHE,11,C;CA;CB;CD1;CD2;CE1;CE2;CG;CZ;N;O,C;CA;CB;CD1;CD2;CE1;CE2;CG;CZ;N;O,,11,11,no,9.4856,CZ,C15,no,no,not_applicable
5H8T,existing_28_cohort,A,1,71,GLU,9,C;CA;CB;CD;CG;N;O;OE1;OE2,C;CA;CB;CD;CG;N;O;OE1;OE2,,9,9,no,13.4914,C,C13,no,no,not_applicable
5H8T,existing_28_cohort,A,1,72,GLU,9,C;CA;CB;CD;CG;N;O;OE1;OE2,C;CA;CB;CD;CG;N;O;OE1;OE2,,9,9,no,6.3834,OE2,C13,no,yes,not_applicable
5H8T,existing_28_cohort,A,1,73,ASP,8,C;CA;CB;CG;N;O;OD1;OD2,C;CA;CB;CG;N;O;OD1;OD2,,8,8,no,9.4965,O,C16,no,no,not_applicable
5H8T,existing_28_cohort,A,1,74,LEU,8,C;CA;CB;CD1;CD2;CG;N;O,C;CA;CB;CD1;CD2;CG;N;O,,8,8,no,6.5540,CD2,C11,no,yes,not_applicable
5H8T,existing_28_cohort,A,1,75,THR,7,C;CA;CB;CG2;N;O;OG1,C;CA;CB;CG2;N;O;OG1,,7,7,no,6.3585,O,C16,no,yes,not_applicable
5H8T,existing_28_cohort,A,1,76,GLY,4,C;CA;N;O,C;CA;N;O,,4,4,no,3.4129,O,C4,yes,yes,not_applicable
5H8T,existing_28_cohort,A,1,77,ILE,8,C;CA;CB;CD1;CG1;CG2;N;O,C;CA;CB;CD1;CG1;CG2;N;O,,8,8,no,3.6813,CD1,C9,yes,yes,not_applicable
5H8T,existing_28_cohort,A,1,78,ASP,8,C;CA;CB;CG;N;O;OD1;OD2,C;CA;CB;CG;N;O;OD1;OD2,,8,8,no,5.9777,N,C18,no,yes,not_applicable
5H8T,existing_28_cohort,A,1,79,ASP,8,C;CA;CB;CG;N;O;OD1;OD2,C;CA;CB;CG;N;O;OD1;OD2,,8,8,no,8.5034,N,C18,no,no,not_applicable
5H8T,existing_28_cohort,A,1,80,ARG,11,C;CA;CB;CD;CG;CZ;N;NE;NH1;NH2;O,C;CA;CB;CD;CG;CZ;N;NE;NH1;NH2;O,,11,11,no,10.7074,NH1,C18,no,no,not_applicable
5H8T,existing_28_cohort,A,1,81,LYS,9,C;CA;CB;CD;CE;CG;N;NZ;O,C;CA;CB;CD;CE;CG;N;NZ;O,,9,9,no,13.2183,N,C19,no,no,not_applicable
5H8T,existing_28_cohort,A,1,82,CYS,6,C;CA;CB;N;O;SG,C;CA;CB;N;O;SG,,6,6,no,11.3116,SG,C20,no,no,not_applicable
5H8T,existing_28_cohort,A,1,83,MET,8,C;CA;CB;CE;CG;N;O;SD,C;CA;CB;CE;CG;N;O;SD,,8,8,no,13.2939,C,C20,no,no,not_applicable
5H8T,existing_28_cohort,A,1,84,THR,7,C;CA;CB;CG2;N;O;OG1,C;CA;CB;CG2;N;O;OG1,,7,7,no,9.0697,CG2,C20,no,no,not_applicable
5H8T,existing_28_cohort,A,1,85,THR,7,C;CA;CB;CG2;N;O;OG1,C;CA;CB;CG2;N;O;OG1,,7,7,no,10.5408,O,C15,no,no,not_applicable
5H8T,existing_28_cohort,A,1,86,VAL,7,C;CA;CB;CG1;CG2;N;O,C;CA;CB;CG1;CG2;N;O,,7,7,no,7.6380,CG2,C15,no,yes,not_applicable
5H8T,existing_28_cohort,A,1,87,SER,6,C;CA;CB;N;O;OG,C;CA;CB;N;O;OG,,6,9,no,11.0155,N,C15,no,no,not_applicable
5H8T,existing_28_cohort,A,1,88,TRP,14,C;CA;CB;CD1;CD2;CE2;CE3;CG;CH2;CZ2;CZ3;N;NE1;O,C;CA;CB;CD1;CD2;CE2;CE3;CG;CH2;CZ2;CZ3;N;NE1;O,,14,14,no,11.8136,CH2,O1,no,no,not_applicable
5H8T,existing_28_cohort,A,1,89,ASP,8,C;CA;CB;CG;N;O;OD1;OD2,C;CA;CB;CG;N;O;OD1;OD2,,8,8,no,14.1497,N,C15,no,no,not_applicable
5H8T,existing_28_cohort,A,1,90,GLY,4,C;CA;N;O,C;CA;N;O,,4,4,no,15.5236,O,O1,no,no,not_applicable
5H8T,existing_28_cohort,A,1,91,ASP,8,C;CA;CB;CG;N;O;OD1;OD2,C;CA;CB;CG;N;O;OD1;OD2,,8,8,no,12.4998,O,O1,no,no,not_applicable
5H8T,existing_28_cohort,A,1,92,LYS,9,C;CA;CB;CD;CE;CG;N;NZ;O,C;CA;CB;CD;CE;CG;N;NZ;O,,9,9,no,11.2353,C,C15,no,no,not_applicable
5H8T,existing_28_cohort,A,1,93,LEU,8,C;CA;CB;CD1;CD2;CG;N;O,C;CA;CB;CD1;CD2;CG;N;O,,8,8,no,6.9933,CD2,C15,no,yes,not_applicable
5H8T,existing_28_cohort,A,1,94,GLN,9,C;CA;CB;CD;CG;N;NE2;O;OE1,C;CA;CB;CD;CG;N;NE2;O;OE1,,9,9,no,9.2537,C,C15,no,no,not_applicable
5H8T,existing_28_cohort,A,1,95,CYS,6,C;CA;CB;N;O;SG,C;CA;CB;N;O;SG,,6,6,no,6.9104,SG,C20,no,yes,not_applicable
5H8T,existing_28_cohort,A,1,96,VAL,7,C;CA;CB;CG1;CG2;N;O,C;CA;CB;CG1;CG2;N;O,,7,7,no,9.8532,N,C20,no,no,not_applicable
5H8T,existing_28_cohort,A,1,97,GLN,9,C;CA;CB;CD;CG;N;NE2;O;OE1,C;CA;CB;CD;CG;N;NE2;O;OE1,,9,9,no,6.0790,NE2,C20,no,yes,not_applicable
5H8T,existing_28_cohort,A,1,98,LYS,9,C;CA;CB;CD;CE;CG;N;NZ;O,C;CA;CB;CD;CE;CG;N;NZ;O,,9,15,no,12.5428,N,C20,no,no,not_applicable
5H8T,existing_28_cohort,A,1,99,GLY,4,C;CA;N;O,C;CA;N;O,,4,4,no,14.7064,N,C20,no,no,not_applicable
5H8T,existing_28_cohort,A,1,100,GLU,9,C;CA;CB;CD;CG;N;O;OE1;OE2,C;CA;CB;CD;CG;N;O;OE1;OE2,,9,9,no,15.5258,OE1,C18,no,no,not_applicable
5H8T,existing_28_cohort,A,1,101,LYS,9,C;CA;CB;CD;CE;CG;N;NZ;O,C;CA;CB;CD;CE;CG;N;NZ;O,,9,9,no,12.3900,CG,C19,no,no,not_applicable
5H8T,existing_28_cohort,A,1,102,GLU,9,C;CA;CB;CD;CG;N;O;OE1;OE2,C;CA;CB;CD;CG;N;O;OE1;OE2,,9,9,no,13.9107,O,C20,no,no,not_applicable
5H8T,existing_28_cohort,A,1,103,GLY,4,C;CA;N;O,C;CA;N;O,,4,4,no,11.4976,O,C20,no,no,not_applicable
5H8T,existing_28_cohort,A,1,104,ARG,11,C;CA;CB;CD;CG;CZ;N;NE;NH1;NH2;O,C;CA;CB;CD;CG;CZ;N;NE;NH1;NH2;O,,11,11,no,7.0081,NH2,C19,no,yes,not_applicable
5H8T,existing_28_cohort,A,1,105,GLY,4,C;CA;N;O,C;CA;N;O,,4,4,no,6.4656,O,C20,no,yes,not_applicable
5H8T,existing_28_cohort,A,1,106,TRP,14,C;CA;CB;CD1;CD2;CE2;CE3;CG;CH2;CZ2;CZ3;N;NE1;O,C;CA;CB;CD1;CD2;CE2;CE3;CG;CH2;CZ2;CZ3;N;NE1;O,,14,14,no,3.4755,CD1,C20,yes,yes,not_applicable
5H8T,existing_28_cohort,A,1,107,THR,7,C;CA;CB;CG2;N;O;OG1,C;CA;CB;CG2;N;O;OG1,,7,7,no,7.1865,N,C20,no,yes,not_applicable
5H8T,existing_28_cohort,A,1,108,GLN,9,C;CA;CB;CD;CG;N;NE2;O;OE1,C;CA;CB;CD;CG;N;NE2;O;OE1,,9,9,no,2.8071,OE1,O1,yes,yes,not_applicable
5H8T,existing_28_cohort,A,1,109,TRP,14,C;CA;CB;CD1;CD2;CE2;CE3;CG;CH2;CZ2;CZ3;N;NE1;O,C;CA;CB;CD1;CD2;CE2;CE3;CG;CH2;CZ2;CZ3;N;NE1;O,,14,14,no,8.3766,N,O1,no,no,not_applicable
5H8T,existing_28_cohort,A,1,110,ILE,8,C;CA;CB;CD1;CG1;CG2;N;O,C;CA;CB;CD1;CG1;CG2;N;O,,8,8,no,10.7895,CG1,O1,no,no,not_applicable
5H8T,existing_28_cohort,A,1,111,GLU,9,C;CA;CB;CD;CG;N;O;OE1;OE2,C;CA;CB;CD;CG;N;O;OE1;OE2,,9,9,no,13.4578,N,O1,no,no,not_applicable
5H8T,existing_28_cohort,A,1,112,GLY,4,C;CA;N;O,C;CA;N;O,,4,4,no,15.4774,O,O1,no,no,not_applicable
5H8T,existing_28_cohort,A,1,113,ASP,8,C;CA;CB;CG;N;O;OD1;OD2,C;CA;CB;CG;N;O;OD1;OD2,,8,8,no,14.0275,O,O1,no,no,not_applicable
5H8T,existing_28_cohort,A,1,114,GLU,9,C;CA;CB;CD;CG;N;O;OE1;OE2,C;CA;CB;CD;CG;N;O;OE1;OE2,,9,9,no,11.5205,C,O1,no,no,not_applicable
5H8T,existing_28_cohort,A,1,115,LEU,8,C;CA;CB;CD1;CD2;CG;N;O,C;CA;CB;CD1;CD2;CG;N;O,,8,8,no,5.8720,CD2,O1,no,yes,not_applicable
5H8T,existing_28_cohort,A,1,116,HIS,10,C;CA;CB;CD2;CE1;CG;N;ND1;NE2;O,C;CA;CB;CD2;CE1;CG;N;ND1;NE2;O,,10,10,no,7.2458,O,O1,no,yes,not_applicable
5H8T,existing_28_cohort,A,1,117,LEU,8,C;CA;CB;CD1;CD2;CG;N;O,C;CA;CB;CD1;CD2;CG;N;O,,8,8,no,3.6620,CD2,O1,yes,yes,not_applicable
5H8T,existing_28_cohort,A,1,118,GLU,9,C;CA;CB;CD;CG;N;O;OE1;OE2,C;CA;CB;CD;CG;N;O;OE1;OE2,,9,9,no,6.6314,O,C20,no,yes,not_applicable
5H8T,existing_28_cohort,A,1,119,MET,8,C;CA;CB;CE;CG;N;O;SD,C;CA;CB;CE;CG;N;O;SD,,8,13,no,3.6697,SD,C20,yes,yes,not_applicable
5H8T,existing_28_cohort,A,1,120,ARG,11,C;CA;CB;CD;CG;CZ;N;NE;NH1;NH2;O,C;CA;CB;CD;CG;CZ;N;NE;NH1;NH2;O,,11,11,no,7.6119,N,C20,no,yes,not_applicable
5H8T,existing_28_cohort,A,1,121,VAL,7,C;CA;CB;CG1;CG2;N;O,C;CA;CB;CG1;CG2;N;O,,7,7,no,9.4254,CG1,C19,no,no,not_applicable
5H8T,existing_28_cohort,A,1,122,GLU,9,C;CA;CB;CD;CG;N;O;OE1;OE2,C;CA;CB;CD;CG;N;O;OE1;OE2,,9,15,no,13.1664,N,C19,no,no,not_applicable
5H8T,existing_28_cohort,A,1,123,GLY,4,C;CA;N;O,C;CA;N;O,,4,4,no,14.8210,C,C19,no,no,not_applicable
5H8T,existing_28_cohort,A,1,124,VAL,7,C;CA;CB;CG1;CG2;N;O,C;CA;CB;CG1;CG2;N;O,,7,7,no,11.4837,CG1,C19,no,no,not_applicable
5H8T,existing_28_cohort,A,1,125,VAL,7,C;CA;CB;CG1;CG2;N;O,C;CA;CB;CG1;CG2;N;O,,7,7,no,11.2692,C,C19,no,no,not_applicable
5H8T,existing_28_cohort,A,1,126,CYS,6,C;CA;CB;N;O;SG,C;CA;CB;N;O;SG,,6,6,no,7.4836,SG,C19,no,yes,not_applicable
5H8T,existing_28_cohort,A,1,127,LYS,9,C;CA;CB;CD;CE;CG;N;NZ;O,C;CA;CB;CD;CE;CG;N;NZ;O,,9,9,no,10.1079,C,C20,no,no,not_applicable
5H8T,existing_28_cohort,A,1,128,GLN,9,C;CA;CB;CD;CG;N;NE2;O;OE1,C;CA;CB;CD;CG;N;NE2;O;OE1,,9,9,no,5.9466,NE2,C19,no,yes,not_applicable
5H8T,existing_28_cohort,A,1,129,VAL,7,C;CA;CB;CG1;CG2;N;O,C;CA;CB;CG1;CG2;N;O,,7,7,no,10.1484,N,O1,no,no,not_applicable
5H8T,existing_28_cohort,A,1,130,PHE,11,C;CA;CB;CD1;CD2;CE1;CE2;CG;CZ;N;O,C;CA;CB;CD1;CD2;CE1;CE2;CG;CZ;N;O,,11,11,no,6.4007,CE1,O1,no,yes,not_applicable
5H8T,existing_28_cohort,A,1,131,LYS,9,C;CA;CB;CD;CE;CG;N;NZ;O,C;CA;CB;CD;CE;CG;N;NZ;O,,9,9,no,12.1626,N,O1,no,no,not_applicable
5H8T,existing_28_cohort,A,1,132,LYS,9,C;CA;CB;CD;CE;CG;N;NZ;O,C;CA;CB;CD;CE;CG;N;NZ;O,,9,9,no,13.4405,CD,O1,no,no,not_applicable
5H8T,existing_28_cohort,A,1,133,VAL,7,C;CA;CB;CG1;CG2;N;O,C;CA;CB;CG1;CG2;N;O,,7,7,no,14.5026,CG2,O1,no,no,not_applicable
5H8T,existing_28_cohort,A,1,134,GLN,9,C;CA;CB;CD;CG;N;NE2;O;OE1,C;CA;CB;CD;CG;N;NE2;O;OE1,,9,9,no,17.5820,N,O1,no,no,not_applicable
5H8T,existing_28_cohort,A,1,135,HIS,10,C;CA;CB;CD2;CE1;CG;N;ND1;NE2;O,C;CA;CB;CD2;CE1;CG;N;ND1;NE2;O,,10,10,no,17.8121,O,O1,no,no,not_applicable
5H8T,existing_28_cohort,A,1,136,HIS,10,C;CA;CB;CD2;CE1;CG;N;ND1;NE2;O,C;CA;CB;CD2;CE1;CG;N;ND1;NE2;O,,10,10,no,15.6012,NE2,O1,no,no,not_applicable
5H8T,existing_28_cohort,A,1,137,HIS,10,C;CA;CB;CD2;CE1;CG;N;ND1;NE2;O,C;CA;CB;CD2;CE1;CG;N;ND1;NE2;O,,10,10,no,13.7284,NE2,C17,no,no,not_applicable
5H8T,existing_28_cohort,A,1,138,HIS,10,C;CA;CB;CD2;CE1;CG;N;ND1;NE2;O,C;CA;CB;CD2;CE1;CG;N;ND1;NE2;O,,10,10,no,15.2929,O,C17,no,no,not_applicable
5H8T,existing_28_cohort,A,1,139,HIS,10,C;CA;CB;CD2;CE1;CG;N;ND1;NE2;O,C;CA;CB;CD2;CE1;CG;N;ND1;NE2;O,,10,10,no,12.9152,CB,C17,no,no,not_applicable
5H8T,existing_28_cohort,A,1,140,HIS,11,C;CA;CB;CD2;CE1;CG;N;ND1;NE2;O;OXT[terminal-carboxyl],C;CA;CB;CD2;CE1;CG;N;ND1;NE2;O;OXT,,11,11,no,12.6951,ND1,C16,no,no,not_applicable
1KQW,existing_28_cohort,A,1,1,PRO,7,C;CA;CB;CD;CG;N;O,C;CA;CB;CD;CG;N;O,,7,7,no,16.8437,C,O1,no,no,not_applicable
1KQW,existing_28_cohort,A,1,2,ALA,5,C;CA;CB;N;O,C;CA;CB;N;O,,5,5,no,13.3768,CB,O1,no,no,not_applicable
1KQW,existing_28_cohort,A,1,3,ASP,8,C;CA;CB;CG;N;O;OD1;OD2,C;CA;CB;CG;N;O;OD1;OD2,,8,8,no,12.5791,C,O1,no,no,not_applicable
1KQW,existing_28_cohort,A,1,4,PHE,11,C;CA;CB;CD1;CD2;CE1;CE2;CG;CZ;N;O,C;CA;CB;CD1;CD2;CE1;CE2;CG;CZ;N;O,,11,11,no,8.2334,CD1,O1,no,no,not_applicable
1KQW,existing_28_cohort,A,1,5,ASN,8,C;CA;CB;CG;N;ND2;O;OD1,C;CA;CB;CG;N;ND2;O;OD1,,8,8,no,11.2265,N,O1,no,no,not_applicable
1KQW,existing_28_cohort,A,1,6,GLY,4,C;CA;N;O,C;CA;N;O,,4,4,no,10.4690,O,C15,no,no,not_applicable
1KQW,existing_28_cohort,A,1,7,THR,7,C;CA;CB;CG2;N;O;OG1,C;CA;CB;CG2;N;O;OG1,,7,7,no,11.6026,C,O1,no,no,not_applicable
1KQW,existing_28_cohort,A,1,8,TRP,14,C;CA;CB;CD1;CD2;CE2;CE3;CG;CH2;CZ2;CZ3;N;NE1;O,C;CA;CB;CD1;CD2;CE2;CE3;CG;CH2;CZ2;CZ3;N;NE1;O,,14,14,no,8.9078,CD1,O1,no,no,not_applicable
1KQW,existing_28_cohort,A,1,9,GLU,9,C;CA;CB;CD;CG;N;O;OE1;OE2,C;CA;CB;CD;CG;N;O;OE1;OE2,,9,9,no,11.6292,N,O1,no,no,not_applicable
1KQW,existing_28_cohort,A,1,10,MET,8,C;CA;CB;CE;CG;N;O;SD,C;CA;CB;CE;CG;N;O;SD,,8,8,no,7.5832,CE,C17,no,yes,not_applicable
1KQW,existing_28_cohort,A,1,11,LEU,8,C;CA;CB;CD1;CD2;CG;N;O,C;CA;CB;CD1;CD2;CG;N;O,,8,8,no,12.7067,N,C17,no,no,not_applicable
1KQW,existing_28_cohort,A,1,12,SER,6,C;CA;CB;N;O;OG,C;CA;CB;N;O;OG,,6,6,no,11.1004,O,C9,no,no,not_applicable
1KQW,existing_28_cohort,A,1,13,ASN,8,C;CA;CB;CG;N;ND2;O;OD1,C;CA;CB;CG;N;ND2;O;OD1,,8,8,no,7.5858,ND2,C7,no,yes,not_applicable
1KQW,existing_28_cohort,A,1,14,ASP,8,C;CA;CB;CG;N;O;OD1;OD2,C;CA;CB;CG;N;O;OD1;OD2,,8,8,no,10.6156,O,C19,no,no,not_applicable
1KQW,existing_28_cohort,A,1,15,ASN,8,C;CA;CB;CG;N;ND2;O;OD1,C;CA;CB;CG;N;ND2;O;OD1,,8,8,no,9.6989,O,C19,no,no,not_applicable
1KQW,existing_28_cohort,A,1,16,PHE,11,C;CA;CB;CD1;CD2;CE1;CE2;CG;CZ;N;O,C;CA;CB;CD1;CD2;CE1;CE2;CG;CZ;N;O,,11,11,no,3.5564,CZ,C7,yes,yes,not_applicable
1KQW,existing_28_cohort,A,1,17,GLU,9,C;CA;CB;CD;CG;N;O;OE1;OE2,C;CA;CB;CD;CG;N;O;OE1;OE2,,9,9,no,8.4206,N,C18,no,no,not_applicable
1KQW,existing_28_cohort,A,1,18,ASP,8,C;CA;CB;CG;N;O;OD1;OD2,C;CA;CB;CG;N;O;OD1;OD2,,8,8,no,9.8450,C,C18,no,no,not_applicable
1KQW,existing_28_cohort,A,1,19,VAL,7,C;CA;CB;CG1;CG2;N;O,C;CA;CB;CG1;CG2;N;O,,7,7,no,6.4139,CG1,C19,no,yes,not_applicable
1KQW,existing_28_cohort,A,1,20,MET,8,C;CA;CB;CE;CG;N;O;SD,C;CA;CB;CE;CG;N;O;SD,,8,8,no,3.8999,SD,C18,yes,yes,not_applicable
1KQW,existing_28_cohort,A,1,21,LYS,9,C;CA;CB;CD;CE;CG;N;NZ;O,C;CA;CB;CD;CE;CG;N;NZ;O,,9,9,no,8.2793,N,C18,no,no,not_applicable
1KQW,existing_28_cohort,A,1,22,ALA,5,C;CA;CB;N;O,C;CA;CB;N;O,,5,5,no,10.0958,N,C18,no,no,not_applicable
1KQW,existing_28_cohort,A,1,23,LEU,8,C;CA;CB;CD1;CD2;CG;N;O,C;CA;CB;CD1;CD2;CG;N;O,,8,8,no,6.0362,CD1,C18,no,yes,not_applicable
1KQW,existing_28_cohort,A,1,24,ASP,8,C;CA;CB;CG;N;O;OD1;OD2,C;CA;CB;CG;N;O;OD1;OD2,,8,8,no,9.4211,C,C18,no,no,not_applicable
1KQW,existing_28_cohort,A,1,25,ILE,8,C;CA;CB;CD1;CG1;CG2;N;O,C;CA;CB;CD1;CG1;CG2;N;O,,8,8,no,3.9978,CD1,C18,yes,yes,not_applicable
1KQW,existing_28_cohort,A,1,26,ASP,8,C;CA;CB;CG;N;O;OD1;OD2,C;CA;CB;CG;N;O;OD1;OD2,,8,8,no,8.7959,O,C4,no,no,not_applicable
1KQW,existing_28_cohort,A,1,27,PHE,11,C;CA;CB;CD1;CD2;CE1;CE2;CG;CZ;N;O,C;CA;CB;CD1;CD2;CE1;CE2;CG;CZ;N;O,,11,11,no,10.2021,O,C4,no,no,not_applicable
1KQW,existing_28_cohort,A,1,28,ALA,5,C;CA;CB;N;O,C;CA;CB;N;O,,5,5,no,9.2030,O,C4,no,no,not_applicable
1KQW,existing_28_cohort,A,1,29,THR,7,C;CA;CB;CG2;N;O;OG1,C;CA;CB;CG2;N;O;OG1,,7,7,no,5.1010,CG2,C4,no,yes,not_applicable
1KQW,existing_28_cohort,A,1,30,ARG,11,C;CA;CB;CD;CG;CZ;N;NE;NH1;NH2;O,C;CA;CB;CD;CG;CZ;N;NE;NH1;NH2;O,,11,11,no,7.1131,CA,C4,no,yes,not_applicable
1KQW,existing_28_cohort,A,1,31,LYS,9,C;CA;CB;CD;CE;CG;N;NZ;O,C;CA;CB;CD;CE;CG;N;NZ;O,,9,9,no,8.8010,N,C4,no,no,not_applicable
1KQW,existing_28_cohort,A,1,32,ILE,8,C;CA;CB;CD1;CG1;CG2;N;O,C;CA;CB;CD1;CG1;CG2;N;O,,8,8,no,7.0539,CG2,C3,no,yes,not_applicable
1KQW,existing_28_cohort,A,1,33,ALA,5,C;CA;CB;N;O,C;CA;CB;N;O,,5,5,no,4.0137,CB,C4,yes,yes,not_applicable
1KQW,existing_28_cohort,A,1,34,VAL,7,C;CA;CB;CG1;CG2;N;O,C;CA;CB;CG1;CG2;N;O,,7,7,no,7.0852,N,C4,no,yes,not_applicable
1KQW,existing_28_cohort,A,1,35,HIS,10,C;CA;CB;CD2;CE1;CG;N;ND1;NE2;O,C;CA;CB;CD2;CE1;CG;N;ND1;NE2;O,,10,10,no,9.0165,N,C2,no,no,not_applicable
1KQW,existing_28_cohort,A,1,36,LEU,8,C;CA;CB;CD1;CD2;CG;N;O,C;CA;CB;CD1;CD2;CG;N;O,,8,8,no,4.2523,CD1,C2,yes,yes,not_applicable
1KQW,existing_28_cohort,A,1,37,LYS,9,C;CA;CB;CD;CE;CG;N;NZ;O,C;CA;CB;CD;CE;CG;N;NZ;O,,9,9,no,6.2280,O,C17,no,yes,not_applicable
1KQW,existing_28_cohort,A,1,38,GLN,9,C;CA;CB;CD;CG;N;NE2;O;OE1,C;CA;CB;CD;CG;N;NE2;O;OE1,,9,9,no,3.8831,CD,C17,yes,yes,not_applicable
1KQW,existing_28_cohort,A,1,39,THR,7,C;CA;CB;CG2;N;O;OG1,C;CA;CB;CG2;N;O;OG1,,7,7,no,7.3607,N,C17,no,yes,not_applicable
1KQW,existing_28_cohort,A,1,40,LYS,9,C;CA;CB;CD;CE;CG;N;NZ;O,C;CA;CB;CD;CE;CG;N;NZ;O,,9,9,no,3.3126,NZ,C15,yes,yes,not_applicable
1KQW,existing_28_cohort,A,1,41,VAL,7,C;CA;CB;CG1;CG2;N;O,C;CA;CB;CG1;CG2;N;O,,7,7,no,6.9701,O,O1,no,yes,not_applicable
1KQW,existing_28_cohort,A,1,42,ILE,8,C;CA;CB;CD1;CG1;CG2;N;O,C;CA;CB;CD1;CG1;CG2;N;O,,8,8,no,5.9826,CD1,O1,no,yes,not_applicable
1KQW,existing_28_cohort,A,1,43,VAL,7,C;CA;CB;CG1;CG2;N;O,C;CA;CB;CG1;CG2;N;O,,7,7,no,8.9758,N,O1,no,no,not_applicable
1KQW,existing_28_cohort,A,1,44,GLN,9,C;CA;CB;CD;CG;N;NE2;O;OE1,C;CA;CB;CD;CG;N;NE2;O;OE1,,9,9,no,10.5870,CB,O1,no,no,not_applicable
1KQW,existing_28_cohort,A,1,45,ASN,8,C;CA;CB;CG;N;ND2;O;OD1,C;CA;CB;CG;N;ND2;O;OD1,,8,8,no,12.6211,N,O1,no,no,not_applicable
1KQW,existing_28_cohort,A,1,46,GLY,4,C;CA;N;O,C;CA;N;O,,4,4,no,12.6259,O,O1,no,no,not_applicable
1KQW,existing_28_cohort,A,1,47,ASP,8,C;CA;CB;CG;N;O;OD1;OD2,C;CA;CB;CG;N;O;OD1;OD2,,8,8,no,11.3056,O,O1,no,no,not_applicable
1KQW,existing_28_cohort,A,1,48,LYS,9,C;CA;CB;CD;CE;CG;N;NZ;O,C;CA;CB;CD;CE;CG;N;NZ;O,,9,9,no,10.3326,C,O1,no,no,not_applicable
1KQW,existing_28_cohort,A,1,49,PHE,11,C;CA;CB;CD1;CD2;CE1;CE2;CG;CZ;N;O,C;CA;CB;CD1;CD2;CE1;CE2;CG;CZ;N;O,,11,11,no,6.8818,CB,O1,no,yes,not_applicable
1KQW,existing_28_cohort,A,1,50,GLU,9,C;CA;CB;CD;CG;N;O;OE1;OE2,C;CA;CB;CD;CG;N;O;OE1;OE2,,9,9,no,6.6821,C,O1,no,yes,not_applicable
1KQW,existing_28_cohort,A,1,51,THR,7,C;CA;CB;CG2;N;O;OG1,C;CA;CB;CG2;N;O;OG1,,7,7,no,2.8520,OG1,O1,yes,yes,not_applicable
1KQW,existing_28_cohort,A,1,52,LYS,9,C;CA;CB;CD;CE;CG;N;NZ;O,C;CA;CB;CD;CE;CG;N;NZ;O,,9,9,no,5.8625,N,O1,no,yes,not_applicable
1KQW,existing_28_cohort,A,1,53,THR,7,C;CA;CB;CG2;N;O;OG1,C;CA;CB;CG2;N;O;OG1,,7,7,no,3.9261,OG1,C15,yes,yes,not_applicable
1KQW,existing_28_cohort,A,1,54,LEU,8,C;CA;CB;CD1;CD2;CG;N;O,C;CA;CB;CD1;CD2;CG;N;O,,8,8,no,5.5877,C,C17,no,yes,not_applicable
1KQW,existing_28_cohort,A,1,55,SER,6,C;CA;CB;N;O;OG,C;CA;CB;N;O;OG,,6,6,no,4.0400,OG,C17,yes,yes,not_applicable
1KQW,existing_28_cohort,A,1,56,THR,7,C;CA;CB;CG2;N;O;OG1,C;CA;CB;CG2;N;O;OG1,,7,7,no,7.1942,N,C17,no,yes,not_applicable
1KQW,existing_28_cohort,A,1,57,PHE,11,C;CA;CB;CD1;CD2;CE1;CE2;CG;CZ;N;O,C;CA;CB;CD1;CD2;CE1;CE2;CG;CZ;N;O,,11,11,no,3.7900,CD2,C3,yes,yes,not_applicable
1KQW,existing_28_cohort,A,1,58,ARG,11,C;CA;CB;CD;CG;CZ;N;NE;NH1;NH2;O,C;CA;CB;CD;CG;CZ;N;NE;NH1;NH2;O,,11,11,no,3.7736,CD,C3,yes,yes,not_applicable
1KQW,existing_28_cohort,A,1,59,ASN,8,C;CA;CB;CG;N;ND2;O;OD1,C;CA;CB;CG;N;ND2;O;OD1,,8,8,no,4.5570,C,C16,yes,yes,not_applicable
1KQW,existing_28_cohort,A,1,60,TYR,12,C;CA;CB;CD1;CD2;CE1;CE2;CG;CZ;N;O;OH,C;CA;CB;CD1;CD2;CE1;CE2;CG;CZ;N;O;OH,,12,12,no,4.1451,CB,C16,yes,yes,not_applicable
1KQW,existing_28_cohort,A,1,61,GLU,9,C;CA;CB;CD;CG;N;O;OE1;OE2,C;CA;CB;CD;CG;N;O;OE1;OE2,,9,9,no,6.8089,C,O1,no,yes,not_applicable
1KQW,existing_28_cohort,A,1,62,VAL,7,C;CA;CB;CG1;CG2;N;O,C;CA;CB;CG1;CG2;N;O,,7,7,no,3.5596,CG1,O1,yes,yes,not_applicable
1KQW,existing_28_cohort,A,1,63,ASN,8,C;CA;CB;CG;N;ND2;O;OD1,C;CA;CB;CG;N;ND2;O;OD1,,8,8,no,6.6849,N,O1,no,yes,not_applicable
1KQW,existing_28_cohort,A,1,64,PHE,11,C;CA;CB;CD1;CD2;CE1;CE2;CG;CZ;N;O,C;CA;CB;CD1;CD2;CE1;CE2;CG;CZ;N;O,,11,11,no,4.5258,CE2,O1,yes,yes,not_applicable
1KQW,existing_28_cohort,A,1,65,VAL,7,C;CA;CB;CG1;CG2;N;O,C;CA;CB;CG1;CG2;N;O,,7,7,no,10.4178,N,O1,no,no,not_applicable
1KQW,existing_28_cohort,A,1,66,ILE,8,C;CA;CB;CD1;CG1;CG2;N;O,C;CA;CB;CD1;CG1;CG2;N;O,,8,8,no,10.5259,CD1,O1,no,no,not_applicable
1KQW,existing_28_cohort,A,1,67,GLY,4,C;CA;N;O,C;CA;N;O,,4,4,no,13.2320,N,O1,no,no,not_applicable
1KQW,existing_28_cohort,A,1,68,GLU,9,C;CA;CB;CD;CG;N;O;OE1;OE2,C;CA;CB;CD;CG;N;O;OE1;OE2,,9,9,no,12.5700,O,O1,no,no,not_applicable
1KQW,existing_28_cohort,A,1,69,GLU,9,C;CA;CB;CD;CG;N;O;OE1;OE2,C;CA;CB;CD;CG;N;O;OE1;OE2,,9,9,no,14.1723,CA,O1,no,no,not_applicable
1KQW,existing_28_cohort,A,1,70,PHE,11,C;CA;CB;CD1;CD2;CE1;CE2;CG;CZ;N;O,C;CA;CB;CD1;CD2;CE1;CE2;CG;CZ;N;O,,11,11,no,8.3091,CZ,O1,no,no,not_applicable
1KQW,existing_28_cohort,A,1,71,ASP,8,C;CA;CB;CG;N;O;OD1;OD2,C;CA;CB;CG;N;O;OD1;OD2,,8,8,no,12.7815,O,O1,no,no,not_applicable
1KQW,existing_28_cohort,A,1,72,GLU,9,C;CA;CB;CD;CG;N;O;OE1;OE2,C;CA;CB;CD;CG;N;O;OE1;OE2,,9,9,no,6.1174,OE2,C12,no,yes,not_applicable
1KQW,existing_28_cohort,A,1,73,GLN,9,C;CA;CB;CD;CG;N;NE2;O;OE1,C;CA;CB;CD;CG;N;NE2;O;OE1,,9,9,no,9.9363,O,C12,no,no,not_applicable
1KQW,existing_28_cohort,A,1,74,THR,7,C;CA;CB;CG2;N;O;OG1,C;CA;CB;CG2;N;O;OG1,,7,7,no,7.7368,O,C5,no,yes,not_applicable
1KQW,existing_28_cohort,A,1,75,LYS,9,C;CA;CB;CD;CE;CG;N;NZ;O,C;CA;CB;CD;CE;CG;N;NZ;O,,9,9,no,6.3672,O,C16,no,yes,not_applicable
1KQW,existing_28_cohort,A,1,76,GLY,4,C;CA;N;O,C;CA;N;O,,4,4,no,3.6442,O,C3,yes,yes,not_applicable
1KQW,existing_28_cohort,A,1,77,LEU,8,C;CA;CB;CD1;CD2;CG;N;O,C;CA;CB;CD1;CD2;CG;N;O,,8,8,no,3.5046,CD1,C16,yes,yes,not_applicable
1KQW,existing_28_cohort,A,1,78,ASP,8,C;CA;CB;CG;N;O;OD1;OD2,C;CA;CB;CG;N;O;OD1;OD2,,8,8,no,6.1259,N,C18,no,yes,not_applicable
1KQW,existing_28_cohort,A,1,79,ASN,8,C;CA;CB;CG;N;ND2;O;OD1,C;CA;CB;CG;N;ND2;O;OD1,,8,8,no,8.6969,N,C18,no,no,not_applicable
1KQW,existing_28_cohort,A,1,80,ARG,11,C;CA;CB;CD;CG;CZ;N;NE;NH1;NH2;O,C;CA;CB;CD;CG;CZ;N;NE;NH1;NH2;O,,11,11,no,10.6276,NH1,C18,no,no,not_applicable
1KQW,existing_28_cohort,A,1,81,THR,7,C;CA;CB;CG2;N;O;OG1,C;CA;CB;CG2;N;O;OG1,,7,7,no,13.7145,N,C19,no,no,not_applicable
1KQW,existing_28_cohort,A,1,82,VAL,7,C;CA;CB;CG1;CG2;N;O,C;CA;CB;CG1;CG2;N;O,,7,7,no,10.3185,CG2,C20,no,no,not_applicable
1KQW,existing_28_cohort,A,1,83,LYS,9,C;CA;CB;CD;CE;CG;N;NZ;O,C;CA;CB;CD;CE;CG;N;NZ;O,,9,9,no,12.5215,O,C20,no,no,not_applicable
1KQW,existing_28_cohort,A,1,84,THR,7,C;CA;CB;CG2;N;O;OG1,C;CA;CB;CG2;N;O;OG1,,7,7,no,8.5685,CG2,C20,no,no,not_applicable
1KQW,existing_28_cohort,A,1,85,LEU,8,C;CA;CB;CD1;CD2;CG;N;O,C;CA;CB;CD1;CD2;CG;N;O,,8,8,no,10.6096,O,C20,no,no,not_applicable
1KQW,existing_28_cohort,A,1,86,VAL,7,C;CA;CB;CG1;CG2;N;O,C;CA;CB;CG1;CG2;N;O,,7,7,no,7.4250,CG2,O1,no,yes,not_applicable
1KQW,existing_28_cohort,A,1,87,LYS,9,C;CA;CB;CD;CE;CG;N;NZ;O,C;CA;CB;CD;CE;CG;N;NZ;O,,9,9,no,11.3516,N,O1,no,no,not_applicable
1KQW,existing_28_cohort,A,1,88,TRP,14,C;CA;CB;CD1;CD2;CE2;CE3;CG;CH2;CZ2;CZ3;N;NE1;O,C;CA;CB;CD1;CD2;CE2;CE3;CG;CH2;CZ2;CZ3;N;NE1;O,,14,14,no,11.7418,CH2,O1,no,no,not_applicable
1KQW,existing_28_cohort,A,1,89,ASP,8,C;CA;CB;CG;N;O;OD1;OD2,C;CA;CB;CG;N;O;OD1;OD2,,8,8,no,14.2959,N,C15,no,no,not_applicable
1KQW,existing_28_cohort,A,1,90,GLY,4,C;CA;N;O,C;CA;N;O,,4,4,no,15.7865,O,O1,no,no,not_applicable
1KQW,existing_28_cohort,A,1,91,ASP,8,C;CA;CB;CG;N;O;OD1;OD2,C;CA;CB;CG;N;O;OD1;OD2,,8,8,no,12.5472,O,O1,no,no,not_applicable
1KQW,existing_28_cohort,A,1,92,LYS,9,C;CA;CB;CD;CE;CG;N;NZ;O,C;CA;CB;CD;CE;CG;N;NZ;O,,9,9,no,11.1463,C,O1,no,no,not_applicable
1KQW,existing_28_cohort,A,1,93,LEU,8,C;CA;CB;CD1;CD2;CG;N;O,C;CA;CB;CD1;CD2;CG;N;O,,8,8,no,6.8108,CD1,O1,no,yes,not_applicable
1KQW,existing_28_cohort,A,1,94,VAL,7,C;CA;CB;CG1;CG2;N;O,C;CA;CB;CG1;CG2;N;O,,7,7,no,9.3897,C,C20,no,no,not_applicable
1KQW,existing_28_cohort,A,1,95,CYS,6,C;CA;CB;N;O;SG,C;CA;CB;N;O;SG,,6,6,no,6.7265,CB,C20,no,yes,not_applicable
1KQW,existing_28_cohort,A,1,96,VAL,7,C;CA;CB;CG1;CG2;N;O,C;CA;CB;CG1;CG2;N;O,,7,7,no,9.5816,N,C20,no,no,not_applicable
1KQW,existing_28_cohort,A,1,97,GLN,9,C;CA;CB;CD;CG;N;NE2;O;OE1,C;CA;CB;CD;CG;N;NE2;O;OE1,,9,9,no,6.0815,OE1,C20,no,yes,not_applicable
1KQW,existing_28_cohort,A,1,98,LYS,9,C;CA;CB;CD;CE;CG;N;NZ;O,C;CA;CB;CD;CE;CG;N;NZ;O,,9,9,no,12.5403,N,C20,no,no,not_applicable
1KQW,existing_28_cohort,A,1,99,GLY,4,C;CA;N;O,C;CA;N;O,,4,4,no,14.8820,N,C20,no,no,not_applicable
1KQW,existing_28_cohort,A,1,100,GLU,9,C;CA;CB;CD;CG;N;O;OE1;OE2,C;CA;CB;CD;CG;N;O;OE1;OE2,,9,9,no,15.7395,N,C19,no,no,not_applicable
1KQW,existing_28_cohort,A,1,101,LYS,9,C;CA;CB;CD;CE;CG;N;NZ;O,C;CA;CB;CD;CE;CG;N;NZ;O,,9,9,no,12.3581,CG,C19,no,no,not_applicable
1KQW,existing_28_cohort,A,1,102,GLU,9,C;CA;CB;CD;CG;N;O;OE1;OE2,C;CA;CB;CD;CG;N;O;OE1;OE2,,9,9,no,13.9470,O,C19,no,no,not_applicable
1KQW,existing_28_cohort,A,1,103,ASN,8,C;CA;CB;CG;N;ND2;O;OD1,C;CA;CB;CG;N;ND2;O;OD1,,8,8,no,12.0518,O,C20,no,no,not_applicable
1KQW,existing_28_cohort,A,1,104,ARG,11,C;CA;CB;CD;CG;CZ;N;NE;NH1;NH2;O,C;CA;CB;CD;CG;CZ;N;NE;NH1;NH2;O,,11,11,no,7.0915,NH2,C19,no,yes,not_applicable
1KQW,existing_28_cohort,A,1,105,GLY,4,C;CA;N;O,C;CA;N;O,,4,4,no,6.4262,O,C20,no,yes,not_applicable
1KQW,existing_28_cohort,A,1,106,TRP,14,C;CA;CB;CD1;CD2;CE2;CE3;CG;CH2;CZ2;CZ3;N;NE1;O,C;CA;CB;CD1;CD2;CE2;CE3;CG;CH2;CZ2;CZ3;N;NE1;O,,14,14,no,3.2961,CD1,C20,yes,yes,not_applicable
1KQW,existing_28_cohort,A,1,107,LYS,9,C;CA;CB;CD;CE;CG;N;NZ;O,C;CA;CB;CD;CE;CG;N;NZ;O,,9,9,no,6.5430,N,C20,no,yes,not_applicable
1KQW,existing_28_cohort,A,1,108,GLN,9,C;CA;CB;CD;CG;N;NE2;O;OE1,C;CA;CB;CD;CG;N;NE2;O;OE1,,9,9,no,2.9996,OE1,O1,yes,yes,not_applicable
1KQW,existing_28_cohort,A,1,109,TRP,14,C;CA;CB;CD1;CD2;CE2;CE3;CG;CH2;CZ2;CZ3;N;NE1;O,C;CA;CB;CD1;CD2;CE2;CE3;CG;CH2;CZ2;CZ3;N;NE1;O,,14,14,no,8.4659,N,O1,no,no,not_applicable
1KQW,existing_28_cohort,A,1,110,ILE,8,C;CA;CB;CD1;CG1;CG2;N;O,C;CA;CB;CD1;CG1;CG2;N;O,,8,8,no,10.9162,CG1,O1,no,no,not_applicable
1KQW,existing_28_cohort,A,1,111,GLU,9,C;CA;CB;CD;CG;N;O;OE1;OE2,C;CA;CB;CD;CG;N;O;OE1;OE2,,9,9,no,13.7334,N,O1,no,no,not_applicable
1KQW,existing_28_cohort,A,1,112,GLY,4,C;CA;N;O,C;CA;N;O,,4,4,no,15.7767,O,O1,no,no,not_applicable
1KQW,existing_28_cohort,A,1,113,ASP,8,C;CA;CB;CG;N;O;OD1;OD2,C;CA;CB;CG;N;O;OD1;OD2,,8,8,no,14.2470,O,O1,no,no,not_applicable
1KQW,existing_28_cohort,A,1,114,LEU,8,C;CA;CB;CD1;CD2;CG;N;O,C;CA;CB;CD1;CD2;CG;N;O,,8,8,no,11.9403,C,O1,no,no,not_applicable
1KQW,existing_28_cohort,A,1,115,LEU,8,C;CA;CB;CD1;CD2;CG;N;O,C;CA;CB;CD1;CD2;CG;N;O,,8,8,no,6.3503,CD2,O1,no,yes,not_applicable
1KQW,existing_28_cohort,A,1,116,HIS,10,C;CA;CB;CD2;CE1;CG;N;ND1;NE2;O,C;CA;CB;CD2;CE1;CG;N;ND1;NE2;O,,10,10,no,7.2878,O,O1,no,yes,not_applicable
1KQW,existing_28_cohort,A,1,117,LEU,8,C;CA;CB;CD1;CD2;CG;N;O,C;CA;CB;CD1;CD2;CG;N;O,,8,8,no,3.7517,CD2,O1,yes,yes,not_applicable
1KQW,existing_28_cohort,A,1,118,GLU,9,C;CA;CB;CD;CG;N;O;OE1;OE2,C;CA;CB;CD;CG;N;O;OE1;OE2,,9,9,no,6.1608,O,C20,no,yes,not_applicable
1KQW,existing_28_cohort,A,1,119,ILE,8,C;CA;CB;CD1;CG1;CG2;N;O,C;CA;CB;CD1;CG1;CG2;N;O,,8,8,no,3.9479,CD1,C19,yes,yes,not_applicable
1KQW,existing_28_cohort,A,1,120,HIS,10,C;CA;CB;CD2;CE1;CG;N;ND1;NE2;O,C;CA;CB;CD2;CE1;CG;N;ND1;NE2;O,,10,10,no,7.8743,N,C20,no,yes,not_applicable
1KQW,existing_28_cohort,A,1,121,CYS,6,C;CA;CB;N;O;SG,C;CA;CB;N;O;SG,,6,6,no,9.5765,CB,C19,no,no,not_applicable
1KQW,existing_28_cohort,A,1,122,GLN,9,C;CA;CB;CD;CG;N;NE2;O;OE1,C;CA;CB;CD;CG;N;NE2;O;OE1,,9,9,no,12.8906,N,C19,no,no,not_applicable
1KQW,existing_28_cohort,A,1,123,ASP,8,C;CA;CB;CG;N;O;OD1;OD2,C;CA;CB;CG;N;O;OD1;OD2,,8,8,no,14.7351,C,C19,no,no,not_applicable
1KQW,existing_28_cohort,A,1,124,LYS,9,C;CA;CB;CD;CE;CG;N;NZ;O,C;CA;CB;CD;CE;CG;N;NZ;O,,9,9,no,11.2882,O,C19,no,no,not_applicable
1KQW,existing_28_cohort,A,1,125,VAL,7,C;CA;CB;CG1;CG2;N;O,C;CA;CB;CG1;CG2;N;O,,7,7,no,10.6498,C,C19,no,no,not_applicable
1KQW,existing_28_cohort,A,1,126,CYS,6,C;CA;CB;N;O;SG,C;CA;CB;N;O;SG,,6,6,no,7.1820,SG,C19,no,yes,not_applicable
1KQW,existing_28_cohort,A,1,127,HIS,10,C;CA;CB;CD2;CE1;CG;N;ND1;NE2;O,C;CA;CB;CD2;CE1;CG;N;ND1;NE2;O,,10,10,no,10.1421,N,C19,no,no,not_applicable
1KQW,existing_28_cohort,A,1,128,GLN,9,C;CA;CB;CD;CG;N;NE2;O;OE1,C;CA;CB;CD;CG;N;NE2;O;OE1,,9,9,no,5.5713,NE2,C9,no,yes,not_applicable
1KQW,existing_28_cohort,A,1,129,VAL,7,C;CA;CB;CG1;CG2;N;O,C;CA;CB;CG1;CG2;N;O,,7,7,no,10.4559,N,O1,no,no,not_applicable
1KQW,existing_28_cohort,A,1,130,PHE,11,C;CA;CB;CD1;CD2;CE1;CE2;CG;CZ;N;O,C;CA;CB;CD1;CD2;CE1;CE2;CG;CZ;N;O,,11,11,no,6.7262,CE1,O1,no,yes,not_applicable
1KQW,existing_28_cohort,A,1,131,LYS,9,C;CA;CB;CD;CE;CG;N;NZ;O,C;CA;CB;CD;CE;CG;N;NZ;O,,9,9,no,12.5094,N,O1,no,no,not_applicable
1KQW,existing_28_cohort,A,1,132,LYS,9,C;CA;CB;CD;CE;CG;N;NZ;O,C;CA;CB;CD;CE;CG;N;NZ;O,,9,9,no,13.7855,N,O1,no,no,not_applicable
1KQW,existing_28_cohort,A,1,133,LYS,9,C;CA;CB;CD;CE;CG;N;NZ;O,C;CA;CB;CD;CE;CG;N;NZ;O,,9,9,no,14.8386,N,O1,no,no,not_applicable
1KQW,existing_28_cohort,A,1,134,ASN,9,C;CA;CB;CG;N;ND2;O;OD1;OXT[terminal-carboxyl],C;CA;CB;CG;N;ND2;O;OD1,OXT[terminal-carboxyl],8,8,yes,15.1320,C,O1,no,no,unlikely
1AQB,existing_28_cohort,A,1,1,GLU,9,C;CA;CB;CD;CG;N;O;OE1;OE2,C;CA;CB;CD;CG;N;O;OE1;OE2,,9,9,no,28.0534,O,C16,no,no,not_applicable
1AQB,existing_28_cohort,A,1,2,ARG,11,C;CA;CB;CD;CG;CZ;N;NE;NH1;NH2;O,C;CA;CB;CD;CG;CZ;N;NE;NH1;NH2;O,,11,11,no,23.6156,CG,C16,no,no,not_applicable
1AQB,existing_28_cohort,A,1,3,ASP,8,C;CA;CB;CG;N;O;OD1;OD2,C;CA;CB;CG;N;O;OD1;OD2,,8,8,no,21.9544,O,C16,no,no,not_applicable
1AQB,existing_28_cohort,A,1,4,CYS,6,C;CA;CB;N;O;SG,C;CA;CB;N;O;SG,,6,6,no,19.5951,O,C16,no,no,not_applicable
1AQB,existing_28_cohort,A,1,5,ARG,11,C;CA;CB;CD;CG;CZ;N;NE;NH1;NH2;O,C;CA;CB;CD;CG;CZ;N;NE;NH1;NH2;O,,11,11,no,19.5791,C,C16,no,no,not_applicable
1AQB,existing_28_cohort,A,1,6,VAL,7,C;CA;CB;CG1;CG2;N;O,C;CA;CB;CG1;CG2;N;O,,7,7,no,15.4526,CG1,C16,no,no,not_applicable
1AQB,existing_28_cohort,A,1,7,SER,6,C;CA;CB;N;O;OG,C;CA;CB;N;O;OG,,6,6,no,18.9480,N,C16,no,no,not_applicable
1AQB,existing_28_cohort,A,1,8,SER,6,C;CA;CB;N;O;OG,C;CA;CB;N;O;OG,,6,7,no,20.0193,C,C16,no,no,not_applicable
1AQB,existing_28_cohort,A,1,9,PHE,11,C;CA;CB;CD1;CD2;CE1;CE2;CG;CZ;N;O,C;CA;CB;CD1;CD2;CE1;CE2;CG;CZ;N;O,,11,11,no,15.6067,CD2,C16,no,no,not_applicable
1AQB,existing_28_cohort,A,1,10,ARG,11,C;CA;CB;CD;CG;CZ;N;NE;NH1;NH2;O,C;CA;CB;CD;CG;CZ;N;NE;NH1;NH2;O,,11,11,no,16.0306,O,C16,no,no,not_applicable
1AQB,existing_28_cohort,A,1,11,VAL,7,C;CA;CB;CG1;CG2;N;O,C;CA;CB;CG1;CG2;N;O,,7,7,no,14.3317,CG1,C16,no,no,not_applicable
1AQB,existing_28_cohort,A,1,12,LYS,9,C;CA;CB;CD;CE;CG;N;NZ;O,C;CA;CB;CD;CE;CG;N;NZ;O,,9,9,no,15.2610,CB,C16,no,no,not_applicable
1AQB,existing_28_cohort,A,1,13,GLU,9,C;CA;CB;CD;CG;N;O;OE1;OE2,C;CA;CB;CD;CG;N;O;OE1;OE2,,9,9,no,18.3439,N,C16,no,no,not_applicable
1AQB,existing_28_cohort,A,1,14,ASN,8,C;CA;CB;CG;N;ND2;O;OD1,C;CA;CB;CG;N;ND2;O;OD1,,8,8,no,18.3468,C,C2,no,no,not_applicable
1AQB,existing_28_cohort,A,1,15,PHE,11,C;CA;CB;CD1;CD2;CE1;CE2;CG;CZ;N;O,C;CA;CB;CD1;CD2;CE1;CE2;CG;CZ;N;O,,11,11,no,11.1562,CZ,C2,no,no,not_applicable
1AQB,existing_28_cohort,A,1,16,ASP,8,C;CA;CB;CG;N;O;OD1;OD2,C;CA;CB;CG;N;O;OD1;OD2,,8,8,no,14.3353,O,C3,no,no,not_applicable
1AQB,existing_28_cohort,A,1,17,LYS,9,C;CA;CB;CD;CE;CG;N;NZ;O,C;CA;CB;CD;CE;CG;N;NZ;O,,9,9,no,12.5811,O,C3,no,no,not_applicable
1AQB,existing_28_cohort,A,1,18,ALA,5,C;CA;CB;N;O,C;CA;CB;N;O,,5,5,no,14.6213,O,C3,no,no,not_applicable
1AQB,existing_28_cohort,A,1,19,ARG,11,C;CA;CB;CD;CG;CZ;N;NE;NH1;NH2;O,C;CA;CB;CD;CG;CZ;N;NE;NH1;NH2;O,,11,11,no,14.3013,C,C3,no,no,not_applicable
1AQB,existing_28_cohort,A,1,20,PHE,11,C;CA;CB;CD1;CD2;CE1;CE2;CG;CZ;N;O,C;CA;CB;CD1;CD2;CE1;CE2;CG;CZ;N;O,,11,11,no,7.7366,CE2,C2,no,yes,not_applicable
1AQB,existing_28_cohort,A,1,21,SER,6,C;CA;CB;N;O;OG,C;CA;CB;N;O;OG,,6,7,no,11.3101,CA,C3,no,no,not_applicable
1AQB,existing_28_cohort,A,1,22,GLY,4,C;CA;N;O,C;CA;N;O,,4,4,no,9.0419,O,C3,no,no,not_applicable
1AQB,existing_28_cohort,A,1,23,THR,7,C;CA;CB;CG2;N;O;OG1,C;CA;CB;CG2;N;O;OG1,,7,7,no,10.1910,C,C3,no,no,not_applicable
1AQB,existing_28_cohort,A,1,24,TRP,14,C;CA;CB;CD1;CD2;CE2;CE3;CG;CH2;CZ2;CZ3;N;NE1;O,C;CA;CB;CD1;CD2;CE2;CE3;CG;CH2;CZ2;CZ3;N;NE1;O,,14,14,no,8.0650,CB,C2,no,no,not_applicable
1AQB,existing_28_cohort,A,1,25,TYR,12,C;CA;CB;CD1;CD2;CE1;CE2;CG;CZ;N;O;OH,C;CA;CB;CD1;CD2;CE1;CE2;CG;CZ;N;O;OH,,12,12,no,9.1658,C,C17,no,no,not_applicable
1AQB,existing_28_cohort,A,1,26,ALA,5,C;CA;CB;N;O,C;CA;CB;N;O,,5,5,no,6.8689,CB,C17,no,yes,not_applicable
1AQB,existing_28_cohort,A,1,27,MET,8,C;CA;CB;CE;CG;N;O;SD,C;CA;CB;CE;CG;N;O;SD,,8,8,no,9.9981,N,C17,no,no,not_applicable
1AQB,existing_28_cohort,A,1,28,ALA,5,C;CA;CB;N;O,C;CA;CB;N;O,,5,5,no,9.1853,O,C17,no,no,not_applicable
1AQB,existing_28_cohort,A,1,29,LYS,9,C;CA;CB;CD;CE;CG;N;NZ;O,C;CA;CB;CD;CE;CG;N;NZ;O,,9,9,no,8.6512,CB,C17,no,no,not_applicable
1AQB,existing_28_cohort,A,1,30,LYS,9,C;CA;CB;CD;CE;CG;N;NZ;O,C;CA;CB;CD;CE;CG;N;NZ;O,,9,9,no,9.7125,O,C19,no,no,not_applicable
1AQB,existing_28_cohort,A,1,31,ASP,8,C;CA;CB;CG;N;O;OD1;OD2,C;CA;CB;CG;N;O;OD1;OD2,,8,8,no,9.9611,OD1,C19,no,no,not_applicable
1AQB,existing_28_cohort,A,1,32,PRO,7,C;CA;CB;CD;CG;N;O,C;CA;CB;CD;CG;N;O,,7,7,no,7.2617,CG,C19,no,yes,not_applicable
1AQB,existing_28_cohort,A,1,33,GLU,9,C;CA;CB;CD;CG;N;O;OE1;OE2,C;CA;CB;CD;CG;N;O;OE1;OE2,,9,9,no,8.1843,O,C20,no,no,not_applicable
1AQB,existing_28_cohort,A,1,34,GLY,4,C;CA;N;O,C;CA;N;O,,4,4,no,6.9418,C,C20,no,yes,not_applicable
1AQB,existing_28_cohort,A,1,35,LEU,8,C;CA;CB;CD1;CD2;CG;N;O,C;CA;CB;CD1;CD2;CG;N;O,,8,8,no,3.6724,O,C20,yes,yes,not_applicable
1AQB,existing_28_cohort,A,1,36,PHE,11,C;CA;CB;CD1;CD2;CE1;CE2;CG;CZ;N;O,C;CA;CB;CD1;CD2;CE1;CE2;CG;CZ;N;O,,11,11,no,3.8514,CE1,C19,yes,yes,not_applicable
1AQB,existing_28_cohort,A,1,37,LEU,8,C;CA;CB;CD1;CD2;CG;N;O,C;CA;CB;CD1;CD2;CG;N;O,,8,8,no,4.0188,CD1,C8,yes,yes,not_applicable
1AQB,existing_28_cohort,A,1,38,GLN,9,C;CA;CB;CD;CG;N;NE2;O;OE1,C;CA;CB;CD;CG;N;NE2;O;OE1,,9,9,no,7.5043,N,C13,no,yes,not_applicable
1AQB,existing_28_cohort,A,1,39,ASP,8,C;CA;CB;CG;N;O;OD1;OD2,C;CA;CB;CG;N;O;OD1;OD2,,8,8,no,10.0295,O,C17,no,no,not_applicable
1AQB,existing_28_cohort,A,1,40,ASN,8,C;CA;CB;CG;N;ND2;O;OD1,C;CA;CB;CG;N;ND2;O;OD1,,8,8,no,9.7057,C,C17,no,no,not_applicable
1AQB,existing_28_cohort,A,1,41,ILE,8,C;CA;CB;CD1;CG1;CG2;N;O,C;CA;CB;CD1;CG1;CG2;N;O,,8,8,no,4.9280,CG2,C17,yes,yes,not_applicable
1AQB,existing_28_cohort,A,1,42,VAL,7,C;CA;CB;CG1;CG2;N;O,C;CA;CB;CG1;CG2;N;O,,7,7,no,6.7840,O,C3,no,yes,not_applicable
1AQB,existing_28_cohort,A,1,43,ALA,5,C;CA;CB;N;O,C;CA;CB;N;O,,5,5,no,4.2857,CB,C3,yes,yes,not_applicable
1AQB,existing_28_cohort,A,1,44,GLU,9,C;CA;CB;CD;CG;N;O;OE1;OE2,C;CA;CB;CD;CG;N;O;OE1;OE2,,9,9,no,6.1805,N,C3,no,yes,not_applicable
1AQB,existing_28_cohort,A,1,45,PHE,11,C;CA;CB;CD1;CD2;CE1;CE2;CG;CZ;N;O,C;CA;CB;CD1;CD2;CE1;CE2;CG;CZ;N;O,,11,11,no,4.1118,CZ,C3,yes,yes,not_applicable
1AQB,existing_28_cohort,A,1,46,SER,6,C;CA;CB;N;O;OG,C;CA;CB;N;O;OG,,6,7,no,9.0037,N,C3,no,no,not_applicable
1AQB,existing_28_cohort,A,1,47,VAL,7,C;CA;CB;CG1;CG2;N;O,C;CA;CB;CG1;CG2;N;O,,7,7,no,12.2326,N,C3,no,no,not_applicable
1AQB,existing_28_cohort,A,1,48,ASP,8,C;CA;CB;CG;N;O;OD1;OD2,C;CA;CB;CG;N;O;OD1;OD2,,8,8,no,14.2916,N,C4,no,no,not_applicable
1AQB,existing_28_cohort,A,1,49,GLU,9,C;CA;CB;CD;CG;N;O;OE1;OE2,C;CA;CB;CD;CG;N;O;OE1;OE2,,9,9,no,17.8306,N,C4,no,no,not_applicable
1AQB,existing_28_cohort,A,1,50,ASN,8,C;CA;CB;CG;N;ND2;O;OD1,C;CA;CB;CG;N;ND2;O;OD1,,8,8,no,18.0396,C,C4,no,no,not_applicable
1AQB,existing_28_cohort,A,1,51,GLY,4,C;CA;N;O,C;CA;N;O,,4,4,no,14.6870,O,C4,no,no,not_applicable
1AQB,existing_28_cohort,A,1,52,HIS,10,C;CA;CB;CD2;CE1;CG;N;ND1;NE2;O,C;CA;CB;CD2;CE1;CG;N;ND1;NE2;O,,10,10,no,12.3728,C,C4,no,no,not_applicable
1AQB,existing_28_cohort,A,1,53,MET,8,C;CA;CB;CE;CG;N;O;SD,C;CA;CB;CE;CG;N;O;SD,,8,8,no,8.3729,CE,C3,no,no,not_applicable
1AQB,existing_28_cohort,A,1,54,SER,6,C;CA;CB;N;O;OG,C;CA;CB;N;O;OG,,6,6,no,6.5215,C,C4,no,yes,not_applicable
1AQB,existing_28_cohort,A,1,55,ALA,5,C;CA;CB;N;O,C;CA;CB;N;O,,5,5,no,3.7944,CB,C4,yes,yes,not_applicable
1AQB,existing_28_cohort,A,1,56,THR,7,C;CA;CB;CG2;N;O;OG1,C;CA;CB;CG2;N;O;OG1,,7,7,no,4.7722,C,C4,yes,yes,not_applicable
1AQB,existing_28_cohort,A,1,57,ALA,5,C;CA;CB;N;O,C;CA;CB;N;O,,5,5,no,4.0214,CB,C4,yes,yes,not_applicable
1AQB,existing_28_cohort,A,1,58,LYS,9,C;CA;CB;CD;CE;CG;N;NZ;O,C;CA;CB;CD;CE;CG;N;NZ;O,,9,9,no,7.2351,O,C17,no,yes,not_applicable
1AQB,existing_28_cohort,A,1,59,GLY,4,C;CA;N;O,C;CA;N;O,,4,4,no,7.4897,O,C14,no,yes,not_applicable
1AQB,existing_28_cohort,A,1,60,ARG,11,C;CA;CB;CD;CG;CZ;N;NE;NH1;NH2;O,C;CA;CB;CD;CG;CZ;N;NE;NH1;NH2;O,,11,11,no,7.3971,O,C13,no,yes,not_applicable
1AQB,existing_28_cohort,A,1,61,VAL,7,C;CA;CB;CG1;CG2;N;O,C;CA;CB;CG1;CG2;N;O,,7,7,no,3.7439,CG1,C15,yes,yes,not_applicable
1AQB,existing_28_cohort,A,1,62,ARG,11,C;CA;CB;CD;CG;CZ;N;NE;NH1;NH2;O,C;CA;CB;CD;CG;CZ;N;NE;NH1;NH2;O,,11,11,no,6.5637,O,C15,no,yes,not_applicable
1AQB,existing_28_cohort,A,1,63,LEU,8,C;CA;CB;CD1;CD2;CG;N;O,C;CA;CB;CD1;CD2;CG;N;O,,8,8,no,4.7037,CD2,O1,yes,yes,not_applicable
1AQB,existing_28_cohort,A,1,64,LEU,8,C;CA;CB;CD1;CD2;CG;N;O,C;CA;CB;CD1;CD2;CG;N;O,,8,8,no,7.8567,N,C15,no,yes,not_applicable
1AQB,existing_28_cohort,A,1,65,ASN,8,C;CA;CB;CG;N;ND2;O;OD1,C;CA;CB;CG;N;ND2;O;OD1,,8,8,no,10.1374,N,O1,no,no,not_applicable
1AQB,existing_28_cohort,A,1,66,ASN,8,C;CA;CB;CG;N;ND2;O;OD1,C;CA;CB;CG;N;ND2;O;OD1,,8,8,no,11.0935,N,C15,no,no,not_applicable
1AQB,existing_28_cohort,A,1,67,TRP,14,C;CA;CB;CD1;CD2;CE2;CE3;CG;CH2;CZ2;CZ3;N;NE1;O,C;CA;CB;CD1;CD2;CE2;CE3;CG;CH2;CZ2;CZ3;N;NE1;O,,14,14,no,8.6784,O,C15,no,no,not_applicable
1AQB,existing_28_cohort,A,1,68,ASP,8,C;CA;CB;CG;N;O;OD1;OD2,C;CA;CB;CG;N;O;OD1;OD2,,8,8,no,9.9098,C,C15,no,no,not_applicable
1AQB,existing_28_cohort,A,1,69,VAL,7,C;CA;CB;CG1;CG2;N;O,C;CA;CB;CG1;CG2;N;O,,7,7,no,6.5343,CG2,C15,no,yes,not_applicable
1AQB,existing_28_cohort,A,1,70,CYS,6,C;CA;CB;N;O;SG,C;CA;CB;N;O;SG,,6,6,no,8.0757,C,C14,no,no,not_applicable
1AQB,existing_28_cohort,A,1,71,ALA,5,C;CA;CB;N;O,C;CA;CB;N;O,,5,5,no,4.7943,CB,C14,yes,yes,not_applicable
1AQB,existing_28_cohort,A,1,72,ASP,8,C;CA;CB;CG;N;O;OD1;OD2,C;CA;CB;CG;N;O;OD1;OD2,,8,8,no,7.4447,C,C18,no,yes,not_applicable
1AQB,existing_28_cohort,A,1,73,MET,8,C;CA;CB;CE;CG;N;O;SD,C;CA;CB;CE;CG;N;O;SD,,8,8,no,3.7978,CE,C12,yes,yes,not_applicable
1AQB,existing_28_cohort,A,1,74,VAL,7,C;CA;CB;CG1;CG2;N;O,C;CA;CB;CG1;CG2;N;O,,7,7,no,4.2485,O,C18,yes,yes,not_applicable
1AQB,existing_28_cohort,A,1,75,GLY,4,C;CA;N;O,C;CA;N;O,,4,4,no,4.3259,N,C18,yes,yes,not_applicable
1AQB,existing_28_cohort,A,1,76,THR,7,C;CA;CB;CG2;N;O;OG1,C;CA;CB;CG2;N;O;OG1,,7,7,no,6.6151,N,C18,no,yes,not_applicable
1AQB,existing_28_cohort,A,1,77,PHE,11,C;CA;CB;CD1;CD2;CE1;CE2;CG;CZ;N;O,C;CA;CB;CD1;CD2;CE1;CE2;CG;CZ;N;O,,11,11,no,4.5851,CZ,C4,yes,yes,not_applicable
1AQB,existing_28_cohort,A,1,78,THR,7,C;CA;CB;CG2;N;O;OG1,C;CA;CB;CG2;N;O;OG1,,7,7,no,11.2029,N,C4,no,no,not_applicable
1AQB,existing_28_cohort,A,1,79,ASP,8,C;CA;CB;CG;N;O;OD1;OD2,C;CA;CB;CG;N;O;OD1;OD2,,8,8,no,14.0126,N,C4,no,no,not_applicable
1AQB,existing_28_cohort,A,1,80,THR,7,C;CA;CB;CG2;N;O;OG1,C;CA;CB;CG2;N;O;OG1,,7,7,no,15.0990,CG2,C16,no,no,not_applicable
1AQB,existing_28_cohort,A,1,81,GLU,9,C;CA;CB;CD;CG;N;O;OE1;OE2,C;CA;CB;CD;CG;N;O;OE1;OE2,,9,9,no,18.7209,N,C16,no,no,not_applicable
1AQB,existing_28_cohort,A,1,82,ASP,8,C;CA;CB;CG;N;O;OD1;OD2,C;CA;CB;CG;N;O;OD1;OD2,,8,8,no,15.6950,O,C16,no,no,not_applicable
1AQB,existing_28_cohort,A,1,83,PRO,7,C;CA;CB;CD;CG;N;O,C;CA;CB;CD;CG;N;O,,7,7,no,14.2322,O,C2,no,no,not_applicable
1AQB,existing_28_cohort,A,1,84,ALA,5,C;CA;CB;N;O,C;CA;CB;N;O,,5,5,no,11.6330,O,C16,no,no,not_applicable
1AQB,existing_28_cohort,A,1,85,LYS,9,C;CA;CB;CD;CE;CG;N;NZ;O,C;CA;CB;CD;CE;CG;N;NZ;O,,9,9,no,12.3212,C,C16,no,no,not_applicable
1AQB,existing_28_cohort,A,1,86,PHE,11,C;CA;CB;CD1;CD2;CE1;CE2;CG;CZ;N;O,C;CA;CB;CD1;CD2;CE1;CE2;CG;CZ;N;O,,11,11,no,10.0412,CB,C16,no,no,not_applicable
1AQB,existing_28_cohort,A,1,87,LYS,9,C;CA;CB;CD;CE;CG;N;NZ;O,C;CA;CB;CD;CE;CG;N;NZ;O,,9,9,no,9.8860,C,C5,no,no,not_applicable
1AQB,existing_28_cohort,A,1,88,MET,8,C;CA;CB;CE;CG;N;O;SD,C;CA;CB;CE;CG;N;O;SD,,8,8,no,3.6941,SD,C5,yes,yes,not_applicable
1AQB,existing_28_cohort,A,1,89,LYS,9,C;CA;CB;CD;CE;CG;N;NZ;O,C;CA;CB;CD;CE;CG;N;NZ;O,,9,9,no,5.9369,O,C18,no,yes,not_applicable
1AQB,existing_28_cohort,A,1,90,TYR,12,C;CA;CB;CD1;CD2;CE1;CE2;CG;CZ;N;O;OH,C;CA;CB;CD1;CD2;CE1;CE2;CG;CZ;N;O;OH,,12,12,no,3.9161,CB,C18,yes,yes,not_applicable
1AQB,existing_28_cohort,A,1,91,TRP,14,C;CA;CB;CD1;CD2;CE2;CE3;CG;CH2;CZ2;CZ3;N;NE1;O,C;CA;CB;CD1;CD2;CE2;CE3;CG;CH2;CZ2;CZ3;N;NE1;O,,14,14,no,5.8388,O,C18,no,yes,not_applicable
1AQB,existing_28_cohort,A,1,92,GLY,4,C;CA;N;O,C;CA;N;O,,4,4,no,7.2286,CA,C14,no,yes,not_applicable
1AQB,existing_28_cohort,A,1,93,VAL,7,C;CA;CB;CG1;CG2;N;O,C;CA;CB;CG1;CG2;N;O,,7,7,no,8.9026,N,C14,no,no,not_applicable
1AQB,existing_28_cohort,A,1,94,ALA,5,C;CA;CB;N;O,C;CA;CB;N;O,,5,5,no,7.2715,O,O1,no,yes,not_applicable
1AQB,existing_28_cohort,A,1,95,SER,6,C;CA;CB;N;O;OG,C;CA;CB;N;O;OG,,6,6,no,7.5874,O,O1,no,yes,not_applicable
1AQB,existing_28_cohort,A,1,96,PHE,11,C;CA;CB;CD1;CD2;CE1;CE2;CG;CZ;N;O,C;CA;CB;CD1;CD2;CE1;CE2;CG;CZ;N;O,,11,11,no,4.1579,O,O1,yes,yes,not_applicable
1AQB,existing_28_cohort,A,1,97,LEU,8,C;CA;CB;CD1;CD2;CG;N;O,C;CA;CB;CD1;CD2;CG;N;O,,8,8,no,3.5164,CA,O1,yes,yes,not_applicable
1AQB,existing_28_cohort,A,1,98,GLN,9,C;CA;CB;CD;CG;N;NE2;O;OE1,C;CA;CB;CD;CG;N;NE2;O;OE1,,9,9,no,2.8190,N,O1,yes,yes,not_applicable
1AQB,existing_28_cohort,A,1,99,LYS,9,C;CA;CB;CD;CE;CG;N;NZ;O,C;CA;CB;CD;CE;CG;N;NZ;O,,9,9,no,6.1304,N,O1,no,yes,not_applicable
1AQB,existing_28_cohort,A,1,100,GLY,4,C;CA;N;O,C;CA;N;O,,4,4,no,7.6305,N,C19,no,yes,not_applicable
1AQB,existing_28_cohort,A,1,101,ASN,8,C;CA;CB;CG;N;ND2;O;OD1,C;CA;CB;CG;N;ND2;O;OD1,,8,8,no,8.1810,N,C19,no,no,not_applicable
1AQB,existing_28_cohort,A,1,102,ASP,8,C;CA;CB;CG;N;O;OD1;OD2,C;CA;CB;CG;N;O;OD1;OD2,,8,8,no,4.4057,OD2,C19,yes,yes,not_applicable
1AQB,existing_28_cohort,A,1,103,ASP,8,C;CA;CB;CG;N;O;OD1;OD2,C;CA;CB;CG;N;O;OD1;OD2,,8,8,no,7.0979,O,C16,no,yes,not_applicable
1AQB,existing_28_cohort,A,1,104,HIS,10,C;CA;CB;CD2;CE1;CG;N;ND1;NE2;O,C;CA;CB;CD2;CE1;CG;N;ND1;NE2;O,,10,10,no,3.8372,CE1,C16,yes,yes,not_applicable
1AQB,existing_28_cohort,A,1,105,TRP,14,C;CA;CB;CD1;CD2;CE2;CE3;CG;CH2;CZ2;CZ3;N;NE1;O,C;CA;CB;CD1;CD2;CE2;CE3;CG;CH2;CZ2;CZ3;N;NE1;O,,14,14,no,8.1476,N,C16,no,no,not_applicable
1AQB,existing_28_cohort,A,1,106,ILE,8,C;CA;CB;CD1;CG1;CG2;N;O,C;CA;CB;CD1;CG1;CG2;N;O,,8,8,no,9.1919,CG1,C2,no,no,not_applicable
1AQB,existing_28_cohort,A,1,107,ILE,8,C;CA;CB;CD1;CG1;CG2;N;O,C;CA;CB;CD1;CG1;CG2;N;O,,8,8,no,11.4220,N,C16,no,no,not_applicable
1AQB,existing_28_cohort,A,1,108,ASP,8,C;CA;CB;CG;N;O;OD1;OD2,C;CA;CB;CG;N;O;OD1;OD2,,8,8,no,12.7311,O,C2,no,no,not_applicable
1AQB,existing_28_cohort,A,1,109,THR,7,C;CA;CB;CG2;N;O;OG1,C;CA;CB;CG2;N;O;OG1,,7,7,no,12.9421,OG1,C2,no,no,not_applicable
1AQB,existing_28_cohort,A,1,110,ASP,8,C;CA;CB;CG;N;O;OD1;OD2,C;CA;CB;CG;N;O;OD1;OD2,,8,8,no,15.7319,N,C2,no,no,not_applicable
1AQB,existing_28_cohort,A,1,111,TYR,12,C;CA;CB;CD1;CD2;CE1;CE2;CG;CZ;N;O;OH,C;CA;CB;CD1;CD2;CE1;CE2;CG;CZ;N;O;OH,,12,12,no,14.6346,CD1,C2,no,no,not_applicable
1AQB,existing_28_cohort,A,1,112,ASP,8,C;CA;CB;CG;N;O;OD1;OD2,C;CA;CB;CG;N;O;OD1;OD2,,8,8,no,16.3630,N,C2,no,no,not_applicable
1AQB,existing_28_cohort,A,1,113,THR,7,C;CA;CB;CG2;N;O;OG1,C;CA;CB;CG2;N;O;OG1,,7,7,no,14.7046,O,C2,no,no,not_applicable
1AQB,existing_28_cohort,A,1,114,TYR,12,C;CA;CB;CD1;CD2;CE1;CE2;CG;CZ;N;O;OH,C;CA;CB;CD1;CD2;CE1;CE2;CG;CZ;N;O;OH,,12,12,no,12.9485,C,C2,no,no,not_applicable
1AQB,existing_28_cohort,A,1,115,ALA,5,C;CA;CB;N;O,C;CA;CB;N;O,,5,5,no,10.0571,CB,C2,no,no,not_applicable
1AQB,existing_28_cohort,A,1,116,VAL,7,C;CA;CB;CG1;CG2;N;O,C;CA;CB;CG1;CG2;N;O,,7,7,no,9.5670,C,C16,no,no,not_applicable
1AQB,existing_28_cohort,A,1,117,GLN,9,C;CA;CB;CD;CG;N;NE2;O;OE1,C;CA;CB;CD;CG;N;NE2;O;OE1,,9,9,no,4.3266,NE2,C16,yes,yes,not_applicable
1AQB,existing_28_cohort,A,1,118,TYR,12,C;CA;CB;CD1;CD2;CE1;CE2;CG;CZ;N;O;OH,C;CA;CB;CD1;CD2;CE1;CE2;CG;CZ;N;O;OH,,12,12,no,7.6930,N,C16,no,yes,not_applicable
1AQB,existing_28_cohort,A,1,119,SER,6,C;CA;CB;N;O;OG,C;CA;CB;N;O;OG,,6,6,no,7.0908,CB,C16,no,yes,not_applicable
1AQB,existing_28_cohort,A,1,120,CYS,6,C;CA;CB;N;O;SG,C;CA;CB;N;O;SG,,6,6,no,10.4751,N,C16,no,no,not_applicable
1AQB,existing_28_cohort,A,1,121,ARG,11,C;CA;CB;CD;CG;CZ;N;NE;NH1;NH2;O,C;CA;CB;CD;CG;CZ;N;NE;NH1;NH2;O,,11,11,no,4.0930,NH2,C19,yes,yes,not_applicable
1AQB,existing_28_cohort,A,1,122,LEU,8,C;CA;CB;CD1;CD2;CG;N;O,C;CA;CB;CD1;CD2;CG;N;O,,8,8,no,12.8547,N,C19,no,no,not_applicable
1AQB,existing_28_cohort,A,1,123,GLN,9,C;CA;CB;CD;CG;N;NE2;O;OE1,C;CA;CB;CD;CG;N;NE2;O;OE1,,9,9,no,16.2812,N,C19,no,no,not_applicable
1AQB,existing_28_cohort,A,1,124,ASN,8,C;CA;CB;CG;N;ND2;O;OD1,C;CA;CB;CG;N;ND2;O;OD1,,8,8,no,19.3246,N,C19,no,no,not_applicable
1AQB,existing_28_cohort,A,1,125,LEU,8,C;CA;CB;CD1;CD2;CG;N;O,C;CA;CB;CD1;CD2;CG;N;O,,8,8,no,22.7734,N,C19,no,no,not_applicable
1AQB,existing_28_cohort,A,1,126,ASP,8,C;CA;CB;CG;N;O;OD1;OD2,C;CA;CB;CG;N;O;OD1;OD2,,8,8,no,23.1478,OD1,C19,no,no,not_applicable
1AQB,existing_28_cohort,A,1,127,GLY,4,C;CA;N;O,C;CA;N;O,,4,4,no,19.8536,O,C16,no,no,not_applicable
1AQB,existing_28_cohort,A,1,128,THR,7,C;CA;CB;CG2;N;O;OG1,C;CA;CB;CG2;N;O;OG1,,7,7,no,18.9395,O,C19,no,no,not_applicable
1AQB,existing_28_cohort,A,1,129,CYS,6,C;CA;CB;N;O;SG,C;CA;CB;N;O;SG,,6,6,no,13.9780,SG,C19,no,no,not_applicable
1AQB,existing_28_cohort,A,1,130,ALA,5,C;CA;CB;N;O,C;CA;CB;N;O,,5,5,no,15.3042,C,C19,no,no,not_applicable
1AQB,existing_28_cohort,A,1,131,ASP,8,C;CA;CB;CG;N;O;OD1;OD2,C;CA;CB;CG;N;O;OD1;OD2,,8,8,no,10.7946,OD2,C19,no,no,not_applicable
1AQB,existing_28_cohort,A,1,132,SER,6,C;CA;CB;N;O;OG,C;CA;CB;N;O;OG,,6,6,no,10.0600,C,C19,no,no,not_applicable
1AQB,existing_28_cohort,A,1,133,TYR,12,C;CA;CB;CD1;CD2;CE1;CE2;CG;CZ;N;O;OH,C;CA;CB;CD1;CD2;CE1;CE2;CG;CZ;N;O;OH,,12,12,no,4.0451,OH,C19,yes,yes,not_applicable
1AQB,existing_28_cohort,A,1,134,SER,6,C;CA;CB;N;O;OG,C;CA;CB;N;O;OG,,6,6,no,7.7948,C,C16,no,yes,not_applicable
1AQB,existing_28_cohort,A,1,135,PHE,11,C;CA;CB;CD1;CD2;CE1;CE2;CG;CZ;N;O,C;CA;CB;CD1;CD2;CE1;CE2;CG;CZ;N;O,,11,11,no,3.6061,CE2,C17,yes,yes,not_applicable
1AQB,existing_28_cohort,A,1,136,VAL,7,C;CA;CB;CG1;CG2;N;O,C;CA;CB;CG1;CG2;N;O,,7,7,no,8.8603,N,C17,no,no,not_applicable
1AQB,existing_28_cohort,A,1,137,PHE,11,C;CA;CB;CD1;CD2;CE1;CE2;CG;CZ;N;O,C;CA;CB;CD1;CD2;CE1;CE2;CG;CZ;N;O,,11,11,no,4.4952,CZ,C2,yes,yes,not_applicable
1AQB,existing_28_cohort,A,1,138,ALA,5,C;CA;CB;N;O,C;CA;CB;N;O,,5,5,no,11.2935,N,C17,no,no,not_applicable
1AQB,existing_28_cohort,A,1,139,ARG,11,C;CA;CB;CD;CG;CZ;N;NE;NH1;NH2;O,C;CA;CB;CD;CG;CZ;N;NE;NH1;NH2;O,,11,11,no,12.0814,NH1,C3,no,no,not_applicable
1AQB,existing_28_cohort,A,1,140,ASP,8,C;CA;CB;CG;N;O;OD1;OD2,C;CA;CB;CG;N;O;OD1;OD2,,8,8,no,15.4951,N,C2,no,no,not_applicable
1AQB,existing_28_cohort,A,1,141,PRO,7,C;CA;CB;CD;CG;N;O,C;CA;CB;CD;CG;N;O,,7,7,no,15.6149,CA,C17,no,no,not_applicable
1AQB,existing_28_cohort,A,1,142,HIS,10,C;CA;CB;CD2;CE1;CG;N;ND1;NE2;O,C;CA;CB;CD2;CE1;CG;N;ND1;NE2;O,,10,10,no,17.5789,N,C17,no,no,not_applicable
1AQB,existing_28_cohort,A,1,143,GLY,4,C;CA;N;O,C;CA;N;O,,4,4,no,17.0598,CA,C17,no,no,not_applicable
1AQB,existing_28_cohort,A,1,144,PHE,11,C;CA;CB;CD1;CD2;CE1;CE2;CG;CZ;N;O,C;CA;CB;CD1;CD2;CE1;CE2;CG;CZ;N;O,,11,11,no,14.5620,CZ,C17,no,no,not_applicable
1AQB,existing_28_cohort,A,1,145,SER,6,C;CA;CB;N;O;OG,C;CA;CB;N;O;OG,,6,6,no,21.1095,N,C17,no,no,not_applicable
1AQB,existing_28_cohort,A,1,146,PRO,7,C;CA;CB;CD;CG;N;O,C;CA;CB;CD;CG;N;O,,7,7,no,23.6093,O,C17,no,no,not_applicable
1AQB,existing_28_cohort,A,1,147,GLU,9,C;CA;CB;CD;CG;N;O;OE1;OE2,C;CA;CB;CD;CG;N;O;OE1;OE2,,9,9,no,22.9667,O,C2,no,no,not_applicable
1AQB,existing_28_cohort,A,1,148,VAL,7,C;CA;CB;CG1;CG2;N;O,C;CA;CB;CG1;CG2;N;O,,7,7,no,18.3228,CG1,C2,no,no,not_applicable
1AQB,existing_28_cohort,A,1,149,GLN,9,C;CA;CB;CD;CG;N;NE2;O;OE1,C;CA;CB;CD;CG;N;NE2;O;OE1,,9,9,no,20.0567,O,C17,no,no,not_applicable
1AQB,existing_28_cohort,A,1,150,LYS,9,C;CA;CB;CD;CE;CG;N;NZ;O,C;CA;CB;CD;CE;CG;N;NZ;O,,9,9,no,21.5934,C,C16,no,no,not_applicable
1AQB,existing_28_cohort,A,1,151,ILE,8,C;CA;CB;CD1;CG1;CG2;N;O,C;CA;CB;CD1;CG1;CG2;N;O,,8,8,no,18.8002,O,C16,no,no,not_applicable
1AQB,existing_28_cohort,A,1,152,VAL,7,C;CA;CB;CG1;CG2;N;O,C;CA;CB;CG1;CG2;N;O,,7,7,no,15.4553,CG1,C17,no,no,not_applicable
1AQB,existing_28_cohort,A,1,153,ARG,11,C;CA;CB;CD;CG;CZ;N;NE;NH1;NH2;O,C;CA;CB;CD;CG;CZ;N;NE;NH1;NH2;O,,11,11,no,18.6029,N,C16,no,no,not_applicable
1AQB,existing_28_cohort,A,1,154,GLN,9,C;CA;CB;CD;CG;N;NE2;O;OE1,C;CA;CB;CD;CG;N;NE2;O;OE1,,9,9,no,19.3024,C,C16,no,no,not_applicable
1AQB,existing_28_cohort,A,1,155,ARG,11,C;CA;CB;CD;CG;CZ;N;NE;NH1;NH2;O,C;CA;CB;CD;CG;CZ;N;NE;NH1;NH2;O,,11,11,no,15.9934,CB,C16,no,no,not_applicable
1AQB,existing_28_cohort,A,1,156,GLN,9,C;CA;CB;CD;CG;N;NE2;O;OE1,C;CA;CB;CD;CG;N;NE2;O;OE1,,9,9,no,14.7984,OE1,C17,no,no,not_applicable
1AQB,existing_28_cohort,A,1,157,GLU,9,C;CA;CB;CD;CG;N;O;OE1;OE2,C;CA;CB;CD;CG;N;O;OE1;OE2,,9,9,no,18.6174,N,C16,no,no,not_applicable
1AQB,existing_28_cohort,A,1,158,GLU,9,C;CA;CB;CD;CG;N;O;OE1;OE2,C;CA;CB;CD;CG;N;O;OE1;OE2,,9,9,no,18.3068,C,C16,no,no,not_applicable
1AQB,existing_28_cohort,A,1,159,LEU,8,C;CA;CB;CD1;CD2;CG;N;O,C;CA;CB;CD1;CD2;CG;N;O,,8,8,no,12.9741,CD1,C16,no,no,not_applicable
1AQB,existing_28_cohort,A,1,160,CYS,6,C;CA;CB;N;O;SG,C;CA;CB;N;O;SG,,6,6,no,18.0374,N,C16,no,no,not_applicable
1AQB,existing_28_cohort,A,1,161,LEU,8,C;CA;CB;CD1;CD2;CG;N;O,C;CA;CB;CD1;CD2;CG;N;O,,8,8,no,13.1460,CD1,C16,no,no,not_applicable
1AQB,existing_28_cohort,A,1,162,ALA,5,C;CA;CB;N;O,C;CA;CB;N;O,,5,5,no,18.4962,N,C16,no,no,not_applicable
1AQB,existing_28_cohort,A,1,163,ARG,11,C;CA;CB;CD;CG;CZ;N;NE;NH1;NH2;O,C;CA;CB;CD;CG;CZ;N;NE;NH1;NH2;O,,11,11,no,19.0305,C,C17,no,no,not_applicable
1AQB,existing_28_cohort,A,1,164,GLN,9,C;CA;CB;CD;CG;N;NE2;O;OE1,C;CA;CB;CD;CG;N;NE2;O;OE1,,9,9,no,15.1479,O,C17,no,no,not_applicable
1AQB,existing_28_cohort,A,1,165,TYR,12,C;CA;CB;CD1;CD2;CE1;CE2;CG;CZ;N;O;OH,C;CA;CB;CD1;CD2;CE1;CE2;CG;CZ;N;O;OH,,12,12,no,11.8238,CE2,C16,no,no,not_applicable
1AQB,existing_28_cohort,A,1,166,ARG,11,C;CA;CB;CD;CG;CZ;N;NE;NH1;NH2;O,C;CA;CB;CD;CG;CZ;N;NE;NH1;NH2;O,,11,11,no,12.0537,NH2,C20,no,no,not_applicable
1AQB,existing_28_cohort,A,1,167,ILE,8,C;CA;CB;CD1;CG1;CG2;N;O,C;CA;CB;CD1;CG1;CG2;N;O,,8,8,no,13.6229,C,C17,no,no,not_applicable
1AQB,existing_28_cohort,A,1,168,ILE,8,C;CA;CB;CD1;CG1;CG2;N;O,C;CA;CB;CD1;CG1;CG2;N;O,,8,8,no,8.2421,CD1,C17,no,no,not_applicable
1AQB,existing_28_cohort,A,1,169,THR,7,C;CA;CB;CG2;N;O;OG1,C;CA;CB;CG2;N;O;OG1,,7,7,no,12.9388,O,C17,no,no,not_applicable
1AQB,existing_28_cohort,A,1,170,HIS,10,C;CA;CB;CD2;CE1;CG;N;ND1;NE2;O,C;CA;CB;CD2;CE1;CG;N;ND1;NE2;O,,10,10,no,10.7639,CE1,C17,no,no,not_applicable
1AQB,existing_28_cohort,A,1,171,ASN,8,C;CA;CB;CG;N;ND2;O;OD1,C;CA;CB;CG;N;ND2;O;OD1,,8,8,no,16.2805,N,C17,no,no,not_applicable
1AQB,existing_28_cohort,A,1,172,GLY,4,C;CA;N;O,C;CA;N;O,,4,4,no,17.2106,N,C17,no,no,not_applicable
1AQB,existing_28_cohort,A,1,173,TYR,12,C;CA;CB;CD1;CD2;CE1;CE2;CG;CZ;N;O;OH,C;CA;CB;CD1;CD2;CE1;CE2;CG;CZ;N;O;OH,,12,12,no,12.7246,CE2,C14,no,no,not_applicable
1AQB,existing_28_cohort,A,1,174,CYS,6,C;CA;CB;N;O;SG,C;CA;CB;N;O;SG,,6,6,no,11.3328,SG,C14,no,no,not_applicable
1AQB,existing_28_cohort,A,1,175,ASP,8,C;CA;CB;CG;N;O;OD1;OD2,C;CA;CB;CG;N;O;OD1;OD2,,8,8,no,15.3836,OD1,C17,no,no,not_applicable
1HBP,existing_28_cohort,A,1,1,GLU,9,C;CA;CB;CD;CG;N;O;OE1;OE2,C;CA;CB;CD;CG;N;O;OE1;OE2,,9,9,no,28.1519,O,C16,no,no,not_applicable
1HBP,existing_28_cohort,A,1,2,ARG,11,C;CA;CB;CD;CG;CZ;N;NE;NH1;NH2;O,C;CA;CB;CD;CG;CZ;N;NE;NH1;NH2;O,,11,11,no,25.1583,O,C16,no,no,not_applicable
1HBP,existing_28_cohort,A,1,3,ASP,8,C;CA;CB;CG;N;O;OD1;OD2,C;CA;CB;CG;N;O;OD1;OD2,,8,8,no,21.9877,O,C16,no,no,not_applicable
1HBP,existing_28_cohort,A,1,4,CYS,6,C;CA;CB;N;O;SG,C;CA;CB;N;O;SG,,6,6,no,19.9213,O,C16,no,no,not_applicable
1HBP,existing_28_cohort,A,1,5,ARG,11,C;CA;CB;CD;CG;CZ;N;NE;NH1;NH2;O,C;CA;CB;CD;CG;CZ;N;NE;NH1;NH2;O,,11,11,no,19.8953,O,C16,no,no,not_applicable
1HBP,existing_28_cohort,A,1,6,VAL,7,C;CA;CB;CG1;CG2;N;O,C;CA;CB;CG1;CG2;N;O,,7,7,no,15.9540,CG1,C16,no,no,not_applicable
1HBP,existing_28_cohort,A,1,7,SER,6,C;CA;CB;N;O;OG,C;CA;CB;N;O;OG,,6,6,no,19.1480,N,C16,no,no,not_applicable
1HBP,existing_28_cohort,A,1,8,SER,6,C;CA;CB;N;O;OG,C;CA;CB;N;O;OG,,6,6,no,20.3274,C,C16,no,no,not_applicable
1HBP,existing_28_cohort,A,1,9,PHE,11,C;CA;CB;CD1;CD2;CE1;CE2;CG;CZ;N;O,C;CA;CB;CD1;CD2;CE1;CE2;CG;CZ;N;O,,11,11,no,15.8757,CD2,C16,no,no,not_applicable
1HBP,existing_28_cohort,A,1,10,ARG,11,C;CA;CB;CD;CG;CZ;N;NE;NH1;NH2;O,C;CA;CB;CD;CG;CZ;N;NE;NH1;NH2;O,,11,11,no,16.2800,O,C16,no,no,not_applicable
1HBP,existing_28_cohort,A,1,11,VAL,7,C;CA;CB;CG1;CG2;N;O,C;CA;CB;CG1;CG2;N;O,,7,7,no,14.6105,CG1,C16,no,no,not_applicable
1HBP,existing_28_cohort,A,1,12,LYS,9,C;CA;CB;CD;CE;CG;N;NZ;O,C;CA;CB;CD;CE;CG;N;NZ;O,,9,9,no,15.2293,CB,C2,no,no,not_applicable
1HBP,existing_28_cohort,A,1,13,GLU,9,C;CA;CB;CD;CG;N;O;OE1;OE2,C;CA;CB;CD;CG;N;O;OE1;OE2,,9,9,no,18.4066,N,C2,no,no,not_applicable
1HBP,existing_28_cohort,A,1,14,ASN,8,C;CA;CB;CG;N;ND2;O;OD1,C;CA;CB;CG;N;ND2;O;OD1,,8,8,no,18.4291,C,C2,no,no,not_applicable
1HBP,existing_28_cohort,A,1,15,PHE,11,C;CA;CB;CD1;CD2;CE1;CE2;CG;CZ;N;O,C;CA;CB;CD1;CD2;CE1;CE2;CG;CZ;N;O,,11,11,no,11.2395,CZ,C2,no,no,not_applicable
1HBP,existing_28_cohort,A,1,16,ASP,8,C;CA;CB;CG;N;O;OD1;OD2,C;CA;CB;CG;N;O;OD1;OD2,,8,8,no,14.1731,O,C3,no,no,not_applicable
1HBP,existing_28_cohort,A,1,17,LYS,9,C;CA;CB;CD;CE;CG;N;NZ;O,C;CA;CB;CD;CE;CG;N;NZ;O,,9,9,no,12.4403,O,C3,no,no,not_applicable
1HBP,existing_28_cohort,A,1,18,ALA,5,C;CA;CB;N;O,C;CA;CB;N;O,,5,5,no,14.5700,N,C3,no,no,not_applicable
1HBP,existing_28_cohort,A,1,19,ARG,11,C;CA;CB;CD;CG;CZ;N;NE;NH1;NH2;O,C;CA;CB;CD;CG;CZ;N;NE;NH1;NH2;O,,11,11,no,14.2265,C,C3,no,no,not_applicable
1HBP,existing_28_cohort,A,1,20,PHE,11,C;CA;CB;CD1;CD2;CE1;CE2;CG;CZ;N;O,C;CA;CB;CD1;CD2;CE1;CE2;CG;CZ;N;O,,11,11,no,7.7581,CE2,C2,no,yes,not_applicable
1HBP,existing_28_cohort,A,1,21,ALA,5,C;CA;CB;N;O,C;CA;CB;N;O,,5,5,no,11.1688,CA,C3,no,no,not_applicable
1HBP,existing_28_cohort,A,1,22,GLY,4,C;CA;N;O,C;CA;N;O,,4,4,no,9.0463,O,C3,no,no,not_applicable
1HBP,existing_28_cohort,A,1,23,THR,7,C;CA;CB;CG2;N;O;OG1,C;CA;CB;CG2;N;O;OG1,,7,7,no,10.2458,C,C3,no,no,not_applicable
1HBP,existing_28_cohort,A,1,24,TRP,14,C;CA;CB;CD1;CD2;CE2;CE3;CG;CH2;CZ2;CZ3;N;NE1;O,C;CA;CB;CD1;CD2;CE2;CE3;CG;CH2;CZ2;CZ3;N;NE1;O,,14,14,no,8.0629,CB,C2,no,no,not_applicable
1HBP,existing_28_cohort,A,1,25,TYR,12,C;CA;CB;CD1;CD2;CE1;CE2;CG;CZ;N;O;OH,C;CA;CB;CD1;CD2;CE1;CE2;CG;CZ;N;O;OH,,12,12,no,9.0529,C,C17,no,no,not_applicable
1HBP,existing_28_cohort,A,1,26,ALA,5,C;CA;CB;N;O,C;CA;CB;N;O,,5,5,no,6.7649,CB,C17,no,yes,not_applicable
1HBP,existing_28_cohort,A,1,27,MET,8,C;CA;CB;CE;CG;N;O;SD,C;CA;CB;CE;CG;N;O;SD,,8,8,no,10.0410,N,C17,no,no,not_applicable
1HBP,existing_28_cohort,A,1,28,ALA,5,C;CA;CB;N;O,C;CA;CB;N;O,,5,5,no,9.3364,O,C17,no,no,not_applicable
1HBP,existing_28_cohort,A,1,29,LYS,9,C;CA;CB;CD;CE;CG;N;NZ;O,C;CA;CB;CD;CE;CG;N;NZ;O,,9,9,no,8.1729,CD,C17,no,no,not_applicable
1HBP,existing_28_cohort,A,1,30,LYS,9,C;CA;CB;CD;CE;CG;N;NZ;O,C;CA;CB;CD;CE;CG;N;NZ;O,,9,9,no,9.7173,O,C16,no,no,not_applicable
1HBP,existing_28_cohort,A,1,31,ASP,8,C;CA;CB;CG;N;O;OD1;OD2,C;CA;CB;CG;N;O;OD1;OD2,,8,8,no,9.8877,OD1,C20,no,no,not_applicable
1HBP,existing_28_cohort,A,1,32,PRO,7,C;CA;CB;CD;CG;N;O,C;CA;CB;CD;CG;N;O,,7,7,no,7.3288,CG,C19,no,yes,not_applicable
1HBP,existing_28_cohort,A,1,33,GLU,9,C;CA;CB;CD;CG;N;O;OE1;OE2,C;CA;CB;CD;CG;N;O;OE1;OE2,,9,9,no,7.8440,O,C20,no,yes,not_applicable
1HBP,existing_28_cohort,A,1,34,GLY,4,C;CA;N;O,C;CA;N;O,,4,4,no,6.5385,C,C20,no,yes,not_applicable
1HBP,existing_28_cohort,A,1,35,LEU,8,C;CA;CB;CD1;CD2;CG;N;O,C;CA;CB;CD1;CD2;CG;N;O,,8,8,no,3.2749,O,C20,yes,yes,not_applicable
1HBP,existing_28_cohort,A,1,36,PHE,11,C;CA;CB;CD1;CD2;CE1;CE2;CG;CZ;N;O,C;CA;CB;CD1;CD2;CE1;CE2;CG;CZ;N;O,,11,11,no,3.7123,CA,C20,yes,yes,not_applicable
1HBP,existing_28_cohort,A,1,37,LEU,8,C;CA;CB;CD1;CD2;CG;N;O,C;CA;CB;CD1;CD2;CG;N;O,,8,8,no,4.1716,CD1,C10,yes,yes,not_applicable
1HBP,existing_28_cohort,A,1,38,GLN,9,C;CA;CB;CD;CG;N;NE2;O;OE1,C;CA;CB;CD;CG;N;NE2;O;OE1,,9,9,no,7.0655,OE1,O1,no,yes,not_applicable
1HBP,existing_28_cohort,A,1,39,ASP,8,C;CA;CB;CG;N;O;OD1;OD2,C;CA;CB;CG;N;O;OD1;OD2,,8,8,no,9.6381,N,C12,no,no,not_applicable
1HBP,existing_28_cohort,A,1,40,ASN,8,C;CA;CB;CG;N;ND2;O;OD1,C;CA;CB;CG;N;ND2;O;OD1,,8,8,no,9.4542,O,C17,no,no,not_applicable
1HBP,existing_28_cohort,A,1,41,ILE,8,C;CA;CB;CD1;CG1;CG2;N;O,C;CA;CB;CD1;CG1;CG2;N;O,,8,8,no,4.7492,CG2,C17,yes,yes,not_applicable
1HBP,existing_28_cohort,A,1,42,VAL,7,C;CA;CB;CG1;CG2;N;O,C;CA;CB;CG1;CG2;N;O,,7,7,no,6.5118,O,C17,no,yes,not_applicable
1HBP,existing_28_cohort,A,1,43,ALA,5,C;CA;CB;N;O,C;CA;CB;N;O,,5,5,no,4.4425,CB,C3,yes,yes,not_applicable
1HBP,existing_28_cohort,A,1,44,GLU,9,C;CA;CB;CD;CG;N;O;OE1;OE2,C;CA;CB;CD;CG;N;O;OE1;OE2,,9,9,no,6.2237,N,C3,no,yes,not_applicable
1HBP,existing_28_cohort,A,1,45,PHE,11,C;CA;CB;CD1;CD2;CE1;CE2;CG;CZ;N;O,C;CA;CB;CD1;CD2;CE1;CE2;CG;CZ;N;O,,11,11,no,3.9756,CZ,C3,yes,yes,not_applicable
1HBP,existing_28_cohort,A,1,46,SER,6,C;CA;CB;N;O;OG,C;CA;CB;N;O;OG,,6,6,no,8.8503,N,C3,no,no,not_applicable
1HBP,existing_28_cohort,A,1,47,VAL,7,C;CA;CB;CG1;CG2;N;O,C;CA;CB;CG1;CG2;N;O,,7,7,no,12.0255,N,C3,no,no,not_applicable
1HBP,existing_28_cohort,A,1,48,ASP,8,C;CA;CB;CG;N;O;OD1;OD2,C;CA;CB;CG;N;O;OD1;OD2,,8,8,no,14.3592,N,C3,no,no,not_applicable
1HBP,existing_28_cohort,A,1,49,GLU,9,C;CA;CB;CD;CG;N;O;OE1;OE2,C;CA;CB;CD;CG;N;O;OE1;OE2,,9,9,no,18.0335,N,C3,no,no,not_applicable
1HBP,existing_28_cohort,A,1,50,ASN,8,C;CA;CB;CG;N;ND2;O;OD1,C;CA;CB;CG;N;ND2;O;OD1,,8,8,no,18.2021,C,C3,no,no,not_applicable
1HBP,existing_28_cohort,A,1,51,GLY,4,C;CA;N;O,C;CA;N;O,,4,4,no,14.5650,O,C3,no,no,not_applicable
1HBP,existing_28_cohort,A,1,52,HIS,10,C;CA;CB;CD2;CE1;CG;N;ND1;NE2;O,C;CA;CB;CD2;CE1;CG;N;ND1;NE2;O,,10,10,no,12.4914,C,C3,no,no,not_applicable
1HBP,existing_28_cohort,A,1,53,MET,8,C;CA;CB;CE;CG;N;O;SD,C;CA;CB;CE;CG;N;O;SD,,8,8,no,8.3365,CE,C3,no,no,not_applicable
1HBP,existing_28_cohort,A,1,54,SER,6,C;CA;CB;N;O;OG,C;CA;CB;N;O;OG,,6,6,no,6.8409,C,C3,no,yes,not_applicable
1HBP,existing_28_cohort,A,1,55,ALA,5,C;CA;CB;N;O,C;CA;CB;N;O,,5,5,no,3.9914,CB,C3,yes,yes,not_applicable
1HBP,existing_28_cohort,A,1,56,THR,7,C;CA;CB;CG2;N;O;OG1,C;CA;CB;CG2;N;O;OG1,,7,7,no,4.5341,C,C4,yes,yes,not_applicable
1HBP,existing_28_cohort,A,1,57,ALA,5,C;CA;CB;N;O,C;CA;CB;N;O,,5,5,no,3.4491,CB,C4,yes,yes,not_applicable
1HBP,existing_28_cohort,A,1,58,LYS,9,C;CA;CB;CD;CE;CG;N;NZ;O,C;CA;CB;CD;CE;CG;N;NZ;O,,9,9,no,6.6437,N,C4,no,yes,not_applicable
1HBP,existing_28_cohort,A,1,59,GLY,4,C;CA;N;O,C;CA;N;O,,4,4,no,6.9385,O,C14,no,yes,not_applicable
1HBP,existing_28_cohort,A,1,60,ARG,11,C;CA;CB;CD;CG;CZ;N;NE;NH1;NH2;O,C;CA;CB;CD;CG;CZ;N;NE;NH1;NH2;O,,11,11,no,6.8243,O,C14,no,yes,not_applicable
1HBP,existing_28_cohort,A,1,61,VAL,7,C;CA;CB;CG1;CG2;N;O,C;CA;CB;CG1;CG2;N;O,,7,7,no,3.0757,CG1,O1,yes,yes,not_applicable
1HBP,existing_28_cohort,A,1,62,ARG,11,C;CA;CB;CD;CG;CZ;N;NE;NH1;NH2;O,C;CA;CB;CD;CG;CZ;N;NE;NH1;NH2;O,,11,11,no,5.9399,N,O1,no,yes,not_applicable
1HBP,existing_28_cohort,A,1,63,LEU,8,C;CA;CB;CD1;CD2;CG;N;O,C;CA;CB;CD1;CD2;CG;N;O,,8,8,no,4.6249,CD2,O1,yes,yes,not_applicable
1HBP,existing_28_cohort,A,1,64,LEU,8,C;CA;CB;CD1;CD2;CG;N;O,C;CA;CB;CD1;CD2;CG;N;O,,8,8,no,7.4584,N,O1,no,yes,not_applicable
1HBP,existing_28_cohort,A,1,65,ASN,8,C;CA;CB;CG;N;ND2;O;OD1,C;CA;CB;CG;N;ND2;O;OD1,,8,8,no,9.4796,OD1,O1,no,no,not_applicable
1HBP,existing_28_cohort,A,1,66,ASN,8,C;CA;CB;CG;N;ND2;O;OD1,C;CA;CB;CG;N;ND2;O;OD1,,8,8,no,10.6092,N,O1,no,no,not_applicable
1HBP,existing_28_cohort,A,1,67,TRP,14,C;CA;CB;CD1;CD2;CE2;CE3;CG;CH2;CZ2;CZ3;N;NE1;O,C;CA;CB;CD1;CD2;CE2;CE3;CG;CH2;CZ2;CZ3;N;NE1;O,,14,14,no,8.0257,O,O1,no,no,not_applicable
1HBP,existing_28_cohort,A,1,68,ASP,8,C;CA;CB;CG;N;O;OD1;OD2,C;CA;CB;CG;N;O;OD1;OD2,,8,8,no,8.8758,C,O1,no,no,not_applicable
1HBP,existing_28_cohort,A,1,69,VAL,7,C;CA;CB;CG1;CG2;N;O,C;CA;CB;CG1;CG2;N;O,,7,7,no,5.4306,CG2,O1,no,yes,not_applicable
1HBP,existing_28_cohort,A,1,70,CYS,6,C;CA;CB;N;O;SG,C;CA;CB;N;O;SG,,6,6,no,7.9908,C,O1,no,yes,not_applicable
1HBP,existing_28_cohort,A,1,71,ALA,5,C;CA;CB;N;O,C;CA;CB;N;O,,5,5,no,4.8341,CB,C14,yes,yes,not_applicable
1HBP,existing_28_cohort,A,1,72,ASP,8,C;CA;CB;CG;N;O;OD1;OD2,C;CA;CB;CG;N;O;OD1;OD2,,8,8,no,7.4838,C,C18,no,yes,not_applicable
1HBP,existing_28_cohort,A,1,73,MET,8,C;CA;CB;CE;CG;N;O;SD,C;CA;CB;CE;CG;N;O;SD,,8,8,no,3.8472,CG,C10,yes,yes,not_applicable
1HBP,existing_28_cohort,A,1,74,VAL,7,C;CA;CB;CG1;CG2;N;O,C;CA;CB;CG1;CG2;N;O,,7,7,no,4.3371,O,C18,yes,yes,not_applicable
1HBP,existing_28_cohort,A,1,75,GLY,4,C;CA;N;O,C;CA;N;O,,4,4,no,4.4706,N,C18,yes,yes,not_applicable
1HBP,existing_28_cohort,A,1,76,THR,7,C;CA;CB;CG2;N;O;OG1,C;CA;CB;CG2;N;O;OG1,,7,7,no,6.7099,N,C18,no,yes,not_applicable
1HBP,existing_28_cohort,A,1,77,PHE,11,C;CA;CB;CD1;CD2;CE1;CE2;CG;CZ;N;O,C;CA;CB;CD1;CD2;CE1;CE2;CG;CZ;N;O,,11,11,no,4.4361,CZ,C3,yes,yes,not_applicable
1HBP,existing_28_cohort,A,1,78,THR,7,C;CA;CB;CG2;N;O;OG1,C;CA;CB;CG2;N;O;OG1,,7,7,no,11.5063,N,C3,no,no,not_applicable
1HBP,existing_28_cohort,A,1,79,ASP,8,C;CA;CB;CG;N;O;OD1;OD2,C;CA;CB;CG;N;O;OD1;OD2,,8,8,no,14.1366,N,C3,no,no,not_applicable
1HBP,existing_28_cohort,A,1,80,THR,7,C;CA;CB;CG2;N;O;OG1,C;CA;CB;CG2;N;O;OG1,,7,7,no,15.2553,CG2,C16,no,no,not_applicable
1HBP,existing_28_cohort,A,1,81,GLU,9,C;CA;CB;CD;CG;N;O;OE1;OE2,C;CA;CB;CD;CG;N;O;OE1;OE2,,9,9,no,18.9178,N,C16,no,no,not_applicable
1HBP,existing_28_cohort,A,1,82,ASP,8,C;CA;CB;CG;N;O;OD1;OD2,C;CA;CB;CG;N;O;OD1;OD2,,8,8,no,15.9482,O,C16,no,no,not_applicable
1HBP,existing_28_cohort,A,1,83,PRO,7,C;CA;CB;CD;CG;N;O,C;CA;CB;CD;CG;N;O,,7,7,no,14.3339,O,C2,no,no,not_applicable
1HBP,existing_28_cohort,A,1,84,ALA,5,C;CA;CB;N;O,C;CA;CB;N;O,,5,5,no,11.8518,O,C16,no,no,not_applicable
1HBP,existing_28_cohort,A,1,85,LYS,9,C;CA;CB;CD;CE;CG;N;NZ;O,C;CA;CB;CD;CE;CG;N;NZ;O,,9,9,no,12.3810,C,C16,no,no,not_applicable
1HBP,existing_28_cohort,A,1,86,PHE,11,C;CA;CB;CD1;CD2;CE1;CE2;CG;CZ;N;O,C;CA;CB;CD1;CD2;CE1;CE2;CG;CZ;N;O,,11,11,no,10.0936,CB,C3,no,no,not_applicable
1HBP,existing_28_cohort,A,1,87,LYS,9,C;CA;CB;CD;CE;CG;N;NZ;O,C;CA;CB;CD;CE;CG;N;NZ;O,,9,9,no,10.0855,C,C18,no,no,not_applicable
1HBP,existing_28_cohort,A,1,88,MET,8,C;CA;CB;CE;CG;N;O;SD,C;CA;CB;CE;CG;N;O;SD,,8,8,no,3.6418,CE,C6,yes,yes,not_applicable
1HBP,existing_28_cohort,A,1,89,LYS,9,C;CA;CB;CD;CE;CG;N;NZ;O,C;CA;CB;CD;CE;CG;N;NZ;O,,9,9,no,6.2456,O,C18,no,yes,not_applicable
1HBP,existing_28_cohort,A,1,90,TYR,12,C;CA;CB;CD1;CD2;CE1;CE2;CG;CZ;N;O;OH,C;CA;CB;CD1;CD2;CE1;CE2;CG;CZ;N;O;OH,,12,12,no,3.9198,CB,C18,yes,yes,not_applicable
1HBP,existing_28_cohort,A,1,91,TRP,14,C;CA;CB;CD1;CD2;CE2;CE3;CG;CH2;CZ2;CZ3;N;NE1;O,C;CA;CB;CD1;CD2;CE2;CE3;CG;CH2;CZ2;CZ3;N;NE1;O,,14,14,no,5.8914,O,C18,no,yes,not_applicable
1HBP,existing_28_cohort,A,1,92,GLY,4,C;CA;N;O,C;CA;N;O,,4,4,no,7.8450,N,C18,no,yes,not_applicable
1HBP,existing_28_cohort,A,1,93,VAL,7,C;CA;CB;CG1;CG2;N;O,C;CA;CB;CG1;CG2;N;O,,7,7,no,9.6525,N,C14,no,no,not_applicable
1HBP,existing_28_cohort,A,1,94,ALA,5,C;CA;CB;N;O,C;CA;CB;N;O,,5,5,no,8.6645,O,O1,no,no,not_applicable
1HBP,existing_28_cohort,A,1,95,SER,6,C;CA;CB;N;O;OG,C;CA;CB;N;O;OG,,6,6,no,9.3222,O,C15,no,no,not_applicable
1HBP,existing_28_cohort,A,1,96,PHE,11,C;CA;CB;CD1;CD2;CE1;CE2;CG;CZ;N;O,C;CA;CB;CD1;CD2;CE1;CE2;CG;CZ;N;O,,11,11,no,5.6247,O,O1,no,yes,not_applicable
1HBP,existing_28_cohort,A,1,97,LEU,8,C;CA;CB;CD1;CD2;CG;N;O,C;CA;CB;CD1;CD2;CG;N;O,,8,8,no,3.9605,CD2,O1,yes,yes,not_applicable
1HBP,existing_28_cohort,A,1,98,GLN,9,C;CA;CB;CD;CG;N;NE2;O;OE1,C;CA;CB;CD;CG;N;NE2;O;OE1,,9,9,no,3.7865,NE2,C20,yes,yes,not_applicable
1HBP,existing_28_cohort,A,1,99,LYS,9,C;CA;CB;CD;CE;CG;N;NZ;O,C;CA;CB;CD;CE;CG;N;NZ;O,,9,9,no,6.5685,N,C13,no,yes,not_applicable
1HBP,existing_28_cohort,A,1,100,GLY,4,C;CA;N;O,C;CA;N;O,,4,4,no,7.4203,N,C19,no,yes,not_applicable
1HBP,existing_28_cohort,A,1,101,ASN,8,C;CA;CB;CG;N;ND2;O;OD1,C;CA;CB;CG;N;ND2;O;OD1,,8,8,no,8.0544,N,C19,no,no,not_applicable
1HBP,existing_28_cohort,A,1,102,ASP,8,C;CA;CB;CG;N;O;OD1;OD2,C;CA;CB;CG;N;O;OD1;OD2,,8,8,no,4.4820,OD2,C19,yes,yes,not_applicable
1HBP,existing_28_cohort,A,1,103,ASP,8,C;CA;CB;CG;N;O;OD1;OD2,C;CA;CB;CG;N;O;OD1;OD2,,8,8,no,7.2997,O,C16,no,yes,not_applicable
1HBP,existing_28_cohort,A,1,104,HIS,10,C;CA;CB;CD2;CE1;CG;N;ND1;NE2;O,C;CA;CB;CD2;CE1;CG;N;ND1;NE2;O,,10,10,no,3.9280,CE1,C16,yes,yes,not_applicable
1HBP,existing_28_cohort,A,1,105,TRP,14,C;CA;CB;CD1;CD2;CE2;CE3;CG;CH2;CZ2;CZ3;N;NE1;O,C;CA;CB;CD1;CD2;CE2;CE3;CG;CH2;CZ2;CZ3;N;NE1;O,,14,14,no,8.4042,N,C16,no,no,not_applicable
1HBP,existing_28_cohort,A,1,106,ILE,8,C;CA;CB;CD1;CG1;CG2;N;O,C;CA;CB;CD1;CG1;CG2;N;O,,8,8,no,8.4574,CD1,C2,no,no,not_applicable
1HBP,existing_28_cohort,A,1,107,ILE,8,C;CA;CB;CD1;CG1;CG2;N;O,C;CA;CB;CD1;CG1;CG2;N;O,,8,8,no,11.6171,N,C16,no,no,not_applicable
1HBP,existing_28_cohort,A,1,108,ASP,8,C;CA;CB;CG;N;O;OD1;OD2,C;CA;CB;CG;N;O;OD1;OD2,,8,8,no,12.8218,O,C2,no,no,not_applicable
1HBP,existing_28_cohort,A,1,109,THR,7,C;CA;CB;CG2;N;O;OG1,C;CA;CB;CG2;N;O;OG1,,7,7,no,13.1148,OG1,C2,no,no,not_applicable
1HBP,existing_28_cohort,A,1,110,ASP,8,C;CA;CB;CG;N;O;OD1;OD2,C;CA;CB;CG;N;O;OD1;OD2,,8,8,no,15.9220,N,C2,no,no,not_applicable
1HBP,existing_28_cohort,A,1,111,TYR,12,C;CA;CB;CD1;CD2;CE1;CE2;CG;CZ;N;O;OH,C;CA;CB;CD1;CD2;CE1;CE2;CG;CZ;N;O;OH,,12,12,no,14.8391,O,C2,no,no,not_applicable
1HBP,existing_28_cohort,A,1,112,GLU,9,C;CA;CB;CD;CG;N;O;OE1;OE2,C;CA;CB;CD;CG;N;O;OE1;OE2,,9,9,no,16.4149,N,C2,no,no,not_applicable
1HBP,existing_28_cohort,A,1,113,THR,7,C;CA;CB;CG2;N;O;OG1,C;CA;CB;CG2;N;O;OG1,,7,7,no,15.0278,O,C2,no,no,not_applicable
1HBP,existing_28_cohort,A,1,114,PHE,11,C;CA;CB;CD1;CD2;CE1;CE2;CG;CZ;N;O,C;CA;CB;CD1;CD2;CE1;CE2;CG;CZ;N;O,,11,11,no,13.0925,C,C2,no,no,not_applicable
1HBP,existing_28_cohort,A,1,115,ALA,5,C;CA;CB;N;O,C;CA;CB;N;O,,5,5,no,10.2075,CB,C2,no,no,not_applicable
1HBP,existing_28_cohort,A,1,116,VAL,7,C;CA;CB;CG1;CG2;N;O,C;CA;CB;CG1;CG2;N;O,,7,7,no,9.8484,C,C16,no,no,not_applicable
1HBP,existing_28_cohort,A,1,117,GLN,9,C;CA;CB;CD;CG;N;NE2;O;OE1,C;CA;CB;CD;CG;N;NE2;O;OE1,,9,9,no,4.6027,NE2,C16,yes,yes,not_applicable
1HBP,existing_28_cohort,A,1,118,TYR,12,C;CA;CB;CD1;CD2;CE1;CE2;CG;CZ;N;O;OH,C;CA;CB;CD1;CD2;CE1;CE2;CG;CZ;N;O;OH,,12,12,no,7.8756,N,C16,no,yes,not_applicable
1HBP,existing_28_cohort,A,1,119,SER,6,C;CA;CB;N;O;OG,C;CA;CB;N;O;OG,,6,6,no,6.1806,OG,C16,no,yes,not_applicable
1HBP,existing_28_cohort,A,1,120,CYS,6,C;CA;CB;N;O;SG,C;CA;CB;N;O;SG,,6,6,no,10.6471,N,C16,no,no,not_applicable
1HBP,existing_28_cohort,A,1,121,ARG,11,C;CA;CB;CD;CG;CZ;N;NE;NH1;NH2;O,C;CA;CB;CD;CG;CZ;N;NE;NH1;NH2;O,,11,11,no,4.3464,NH1,C19,yes,yes,not_applicable
1HBP,existing_28_cohort,A,1,122,LEU,8,C;CA;CB;CD1;CD2;CG;N;O,C;CA;CB;CD1;CD2;CG;N;O,,8,8,no,13.0201,N,C19,no,no,not_applicable
1HBP,existing_28_cohort,A,1,123,LEU,8,C;CA;CB;CD1;CD2;CG;N;O,C;CA;CB;CD1;CD2;CG;N;O,,8,8,no,16.4090,N,C19,no,no,not_applicable
1HBP,existing_28_cohort,A,1,124,ASN,8,C;CA;CB;CG;N;ND2;O;OD1,C;CA;CB;CG;N;ND2;O;OD1,,8,8,no,19.3066,N,C19,no,no,not_applicable
1HBP,existing_28_cohort,A,1,125,LEU,8,C;CA;CB;CD1;CD2;CG;N;O,C;CA;CB;CD1;CD2;CG;N;O,,8,8,no,22.7356,N,C19,no,no,not_applicable
1HBP,existing_28_cohort,A,1,126,ASP,8,C;CA;CB;CG;N;O;OD1;OD2,C;CA;CB;CG;N;O;OD1;OD2,,8,8,no,23.2189,OD1,C19,no,no,not_applicable
1HBP,existing_28_cohort,A,1,127,GLY,4,C;CA;N;O,C;CA;N;O,,4,4,no,20.2198,O,C16,no,no,not_applicable
1HBP,existing_28_cohort,A,1,128,THR,7,C;CA;CB;CG2;N;O;OG1,C;CA;CB;CG2;N;O;OG1,,7,7,no,18.9889,O,C19,no,no,not_applicable
1HBP,existing_28_cohort,A,1,129,CYS,6,C;CA;CB;N;O;SG,C;CA;CB;N;O;SG,,6,6,no,14.0924,SG,C19,no,no,not_applicable
1HBP,existing_28_cohort,A,1,130,ALA,5,C;CA;CB;N;O,C;CA;CB;N;O,,5,5,no,15.3806,C,C19,no,no,not_applicable
1HBP,existing_28_cohort,A,1,131,ASP,8,C;CA;CB;CG;N;O;OD1;OD2,C;CA;CB;CG;N;O;OD1;OD2,,8,8,no,10.7437,OD2,C19,no,no,not_applicable
1HBP,existing_28_cohort,A,1,132,SER,6,C;CA;CB;N;O;OG,C;CA;CB;N;O;OG,,6,6,no,10.3083,C,C19,no,no,not_applicable
1HBP,existing_28_cohort,A,1,133,TYR,12,C;CA;CB;CD1;CD2;CE1;CE2;CG;CZ;N;O;OH,C;CA;CB;CD1;CD2;CE1;CE2;CG;CZ;N;O;OH,,12,12,no,4.2591,OH,C19,yes,yes,not_applicable
1HBP,existing_28_cohort,A,1,134,SER,6,C;CA;CB;N;O;OG,C;CA;CB;N;O;OG,,6,6,no,7.9472,C,C16,no,yes,not_applicable
1HBP,existing_28_cohort,A,1,135,PHE,11,C;CA;CB;CD1;CD2;CE1;CE2;CG;CZ;N;O,C;CA;CB;CD1;CD2;CE1;CE2;CG;CZ;N;O,,11,11,no,3.9157,CE2,C17,yes,yes,not_applicable
1HBP,existing_28_cohort,A,1,136,VAL,7,C;CA;CB;CG1;CG2;N;O,C;CA;CB;CG1;CG2;N;O,,7,7,no,8.9974,N,C17,no,no,not_applicable
1HBP,existing_28_cohort,A,1,137,PHE,11,C;CA;CB;CD1;CD2;CE1;CE2;CG;CZ;N;O,C;CA;CB;CD1;CD2;CE1;CE2;CG;CZ;N;O,,11,11,no,4.4682,CZ,C17,yes,yes,not_applicable
1HBP,existing_28_cohort,A,1,138,ALA,5,C;CA;CB;N;O,C;CA;CB;N;O,,5,5,no,11.1526,N,C17,no,no,not_applicable
1HBP,existing_28_cohort,A,1,139,ARG,11,C;CA;CB;CD;CG;CZ;N;NE;NH1;NH2;O,C;CA;CB;CD;CG;CZ;N;NE;NH1;NH2;O,,11,11,no,11.8678,NH2,C3,no,no,not_applicable
1HBP,existing_28_cohort,A,1,140,ASP,8,C;CA;CB;CG;N;O;OD1;OD2,C;CA;CB;CG;N;O;OD1;OD2,,8,8,no,15.4413,N,C17,no,no,not_applicable
1HBP,existing_28_cohort,A,1,141,PRO,7,C;CA;CB;CD;CG;N;O,C;CA;CB;CD;CG;N;O,,7,7,no,15.4564,CA,C17,no,no,not_applicable
1HBP,existing_28_cohort,A,1,142,SER,6,C;CA;CB;N;O;OG,C;CA;CB;N;O;OG,,6,6,no,17.5184,N,C17,no,no,not_applicable
1HBP,existing_28_cohort,A,1,143,GLY,4,C;CA;N;O,C;CA;N;O,,4,4,no,16.9841,CA,C17,no,no,not_applicable
1HBP,existing_28_cohort,A,1,144,PHE,11,C;CA;CB;CD1;CD2;CE1;CE2;CG;CZ;N;O,C;CA;CB;CD1;CD2;CE1;CE2;CG;CZ;N;O,,11,11,no,14.3843,CZ,C17,no,no,not_applicable
1HBP,existing_28_cohort,A,1,145,SER,6,C;CA;CB;N;O;OG,C;CA;CB;N;O;OG,,6,6,no,21.1280,N,C17,no,no,not_applicable
1HBP,existing_28_cohort,A,1,146,PRO,7,C;CA;CB;CD;CG;N;O,C;CA;CB;CD;CG;N;O,,7,7,no,23.5929,O,C17,no,no,not_applicable
1HBP,existing_28_cohort,A,1,147,GLU,9,C;CA;CB;CD;CG;N;O;OE1;OE2,C;CA;CB;CD;CG;N;O;OE1;OE2,,9,9,no,22.9859,O,C17,no,no,not_applicable
1HBP,existing_28_cohort,A,1,148,VAL,7,C;CA;CB;CG1;CG2;N;O,C;CA;CB;CG1;CG2;N;O,,7,7,no,18.4156,CG2,C17,no,no,not_applicable
1HBP,existing_28_cohort,A,1,149,GLN,9,C;CA;CB;CD;CG;N;NE2;O;OE1,C;CA;CB;CD;CG;N;NE2;O;OE1,,9,9,no,20.0901,O,C17,no,no,not_applicable
1HBP,existing_28_cohort,A,1,150,LYS,9,C;CA;CB;CD;CE;CG;N;NZ;O,C;CA;CB;CD;CE;CG;N;NZ;O,,9,9,no,21.8967,O,C16,no,no,not_applicable
1HBP,existing_28_cohort,A,1,151,ILE,8,C;CA;CB;CD1;CG1;CG2;N;O,C;CA;CB;CD1;CG1;CG2;N;O,,8,8,no,19.1063,O,C16,no,no,not_applicable
1HBP,existing_28_cohort,A,1,152,VAL,7,C;CA;CB;CG1;CG2;N;O,C;CA;CB;CG1;CG2;N;O,,7,7,no,15.8137,CG1,C17,no,no,not_applicable
1HBP,existing_28_cohort,A,1,153,ARG,11,C;CA;CB;CD;CG;CZ;N;NE;NH1;NH2;O,C;CA;CB;CD;CG;CZ;N;NE;NH1;NH2;O,,11,11,no,18.9340,N,C16,no,no,not_applicable
1HBP,existing_28_cohort,A,1,154,GLN,9,C;CA;CB;CD;CG;N;NE2;O;OE1,C;CA;CB;CD;CG;N;NE2;O;OE1,,9,9,no,19.5533,C,C16,no,no,not_applicable
1HBP,existing_28_cohort,A,1,155,ARG,11,C;CA;CB;CD;CG;CZ;N;NE;NH1;NH2;O,C;CA;CB;CD;CG;CZ;N;NE;NH1;NH2;O,,11,11,no,16.3581,CB,C16,no,no,not_applicable
1HBP,existing_28_cohort,A,1,156,GLN,9,C;CA;CB;CD;CG;N;NE2;O;OE1,C;CA;CB;CD;CG;N;NE2;O;OE1,,9,9,no,14.9785,OE1,C16,no,no,not_applicable
1HBP,existing_28_cohort,A,1,157,GLU,9,C;CA;CB;CD;CG;N;O;OE1;OE2,C;CA;CB;CD;CG;N;O;OE1;OE2,,9,9,no,18.7599,N,C16,no,no,not_applicable
1HBP,existing_28_cohort,A,1,158,GLU,9,C;CA;CB;CD;CG;N;O;OE1;OE2,C;CA;CB;CD;CG;N;O;OE1;OE2,,9,9,no,18.4411,C,C16,no,no,not_applicable
1HBP,existing_28_cohort,A,1,159,LEU,8,C;CA;CB;CD1;CD2;CG;N;O,C;CA;CB;CD1;CD2;CG;N;O,,8,8,no,13.5356,CD1,C16,no,no,not_applicable
1HBP,existing_28_cohort,A,1,160,CYS,6,C;CA;CB;N;O;SG,C;CA;CB;N;O;SG,,6,6,no,18.1567,C,C16,no,no,not_applicable
1HBP,existing_28_cohort,A,1,161,LEU,8,C;CA;CB;CD1;CD2;CG;N;O,C;CA;CB;CD1;CD2;CG;N;O,,8,8,no,13.0485,CD1,C16,no,no,not_applicable
1HBP,existing_28_cohort,A,1,162,ALA,5,C;CA;CB;N;O,C;CA;CB;N;O,,5,5,no,18.5003,N,C16,no,no,not_applicable
1HBP,existing_28_cohort,A,1,163,ARG,11,C;CA;CB;CD;CG;CZ;N;NE;NH1;NH2;O,C;CA;CB;CD;CG;CZ;N;NE;NH1;NH2;O,,11,11,no,19.1577,C,C16,no,no,not_applicable
1HBP,existing_28_cohort,A,1,164,GLN,9,C;CA;CB;CD;CG;N;NE2;O;OE1,C;CA;CB;CD;CG;N;NE2;O;OE1,,9,9,no,15.2588,O,C17,no,no,not_applicable
1HBP,existing_28_cohort,A,1,165,TYR,12,C;CA;CB;CD1;CD2;CE1;CE2;CG;CZ;N;O;OH,C;CA;CB;CD1;CD2;CE1;CE2;CG;CZ;N;O;OH,,12,12,no,11.7942,CE2,C16,no,no,not_applicable
1HBP,existing_28_cohort,A,1,166,ARG,11,C;CA;CB;CD;CG;CZ;N;NE;NH1;NH2;O,C;CA;CB;CD;CG;CZ;N;NE;NH1;NH2;O,,11,11,no,13.0058,O,C17,no,no,not_applicable
1HBP,existing_28_cohort,A,1,167,LEU,8,C;CA;CB;CD1;CD2;CG;N;O,C;CA;CB;CD1;CD2;CG;N;O,,8,8,no,13.8469,C,C17,no,no,not_applicable
1HBP,existing_28_cohort,A,1,168,ILE,8,C;CA;CB;CD1;CG1;CG2;N;O,C;CA;CB;CD1;CG1;CG2;N;O,,8,8,no,8.7302,CD1,C17,no,no,not_applicable
1HBP,existing_28_cohort,A,1,169,PRO,7,C;CA;CB;CD;CG;N;O,C;CA;CB;CD;CG;N;O,,7,7,no,12.7824,O,C17,no,no,not_applicable
1HBP,existing_28_cohort,A,1,170,HIS,10,C;CA;CB;CD2;CE1;CG;N;ND1;NE2;O,C;CA;CB;CD2;CE1;CG;N;ND1;NE2;O,,10,10,no,10.5674,CE1,C17,no,no,not_applicable
1HBP,existing_28_cohort,A,1,171,ASN,8,C;CA;CB;CG;N;ND2;O;OD1,C;CA;CB;CG;N;ND2;O;OD1,,8,8,no,15.9013,N,C17,no,no,not_applicable
1HBP,existing_28_cohort,A,1,172,GLY,4,C;CA;N;O,C;CA;N;O,,4,4,no,16.4475,N,C17,no,no,not_applicable
1HBP,existing_28_cohort,A,1,173,TYR,12,C;CA;CB;CD1;CD2;CE1;CE2;CG;CZ;N;O;OH,C;CA;CB;CD1;CD2;CE1;CE2;CG;CZ;N;O;OH,,12,12,no,11.7593,CE1,O1,no,no,not_applicable
1HBP,existing_28_cohort,A,1,174,CYS,6,C;CA;CB;N;O;SG,C;CA;CB;N;O;SG,,6,6,no,10.7778,SG,C14,no,no,not_applicable
1HBP,existing_28_cohort,A,1,175,ASP,8,C;CA;CB;CG;N;O;OD1;OD2,N,C;CA;CB;CG;O;OD1;OD2,1,1,yes,14.6606,N,C14,no,no,unlikely
4QZT,existing_28_cohort,A,1,1,THR,7,C;CA;CB;CG2;N;O;OG1,C;CA;CB;CG2;N;O;OG1,,7,7,no,13.1859,O,O1,no,no,not_applicable
4QZT,existing_28_cohort,A,1,2,ARG,11,C;CA;CB;CD;CG;CZ;N;NE;NH1;NH2;O,C;CA;CB;CD;CG;CZ;N;NE;NH1;NH2;O,,11,11,no,10.9374,O,O1,no,no,not_applicable
4QZT,existing_28_cohort,A,1,3,ASP,8,C;CA;CB;CG;N;O;OD1;OD2,C;CA;CB;CG;N;O;OD1;OD2,,8,8,no,11.0672,C,O1,no,no,not_applicable
4QZT,existing_28_cohort,A,1,4,GLN,9,C;CA;CB;CD;CG;N;NE2;O;OE1,C;CA;CB;CD;CG;N;NE2;O;OE1,,9,9,no,5.8883,OE1,O1,no,yes,not_applicable
4QZT,existing_28_cohort,A,1,5,ASN,8,C;CA;CB;CG;N;ND2;O;OD1,C;CA;CB;CG;N;ND2;O;OD1,,8,8,no,9.7676,N,O1,no,no,not_applicable
4QZT,existing_28_cohort,A,1,6,GLY,4,C;CA;N;O,C;CA;N;O,,4,4,no,9.6446,O,O1,no,no,not_applicable
4QZT,existing_28_cohort,A,1,7,THR,7,C;CA;CB;CG2;N;O;OG1,C;CA;CB;CG2;N;O;OG1,,7,7,no,11.1602,C,O1,no,no,not_applicable
4QZT,existing_28_cohort,A,1,8,TRP,14,C;CA;CB;CD1;CD2;CE2;CE3;CG;CH2;CZ2;CZ3;N;NE1;O,C;CA;CB;CD1;CD2;CE2;CE3;CG;CH2;CZ2;CZ3;N;NE1;O,,14,14,no,8.1851,CD1,O1,no,no,not_applicable
4QZT,existing_28_cohort,A,1,9,GLU,9,C;CA;CB;CD;CG;N;O;OE1;OE2,C;CA;CB;CD;CG;N;O;OE1;OE2,,9,9,no,11.4714,N,O1,no,no,not_applicable
4QZT,existing_28_cohort,A,1,10,MET,8,C;CA;CB;CE;CG;N;O;SD,C;CA;CB;CE;CG;N;O;SD,,8,8,no,7.6758,CE,C16,no,yes,not_applicable
4QZT,existing_28_cohort,A,1,11,GLU,9,C;CA;CB;CD;CG;N;O;OE1;OE2,C;CA;CB;CD;CG;N;O;OE1;OE2,,9,9,no,12.8199,N,C16,no,no,not_applicable
4QZT,existing_28_cohort,A,1,12,SER,6,C;CA;CB;N;O;OG,C;CA;CB;N;O;OG,,6,6,no,10.8077,O,C19,no,no,not_applicable
4QZT,existing_28_cohort,A,1,13,ASN,8,C;CA;CB;CG;N;ND2;O;OD1,C;CA;CB;CG;N;ND2;O;OD1,,8,8,no,7.6878,ND2,C7,no,yes,not_applicable
4QZT,existing_28_cohort,A,1,14,GLU,9,C;CA;CB;CD;CG;N;O;OE1;OE2,C;CA;CB;CD;CG;N;O;OE1;OE2,,9,9,no,10.1262,O,C19,no,no,not_applicable
4QZT,existing_28_cohort,A,1,15,ASN,8,C;CA;CB;CG;N;ND2;O;OD1,C;CA;CB;CG;N;ND2;O;OD1,,8,8,no,9.5064,O,C18,no,no,not_applicable
4QZT,existing_28_cohort,A,1,16,PHE,11,C;CA;CB;CD1;CD2;CE1;CE2;CG;CZ;N;O,C;CA;CB;CD1;CD2;CE1;CE2;CG;CZ;N;O,,11,11,no,3.3951,CZ,C7,yes,yes,not_applicable
4QZT,existing_28_cohort,A,1,17,GLU,9,C;CA;CB;CD;CG;N;O;OE1;OE2,C;CA;CB;CD;CG;N;O;OE1;OE2,,9,9,no,8.3328,N,C18,no,no,not_applicable
4QZT,existing_28_cohort,A,1,18,GLY,4,C;CA;N;O,C;CA;N;O,,4,4,no,9.5997,C,C18,no,no,not_applicable
4QZT,existing_28_cohort,A,1,19,TYR,12,C;CA;CB;CD1;CD2;CE1;CE2;CG;CZ;N;O;OH,C;CA;CB;CD1;CD2;CE1;CE2;CG;CZ;N;O;OH,,12,12,no,4.5330,CE2,C19,yes,yes,not_applicable
4QZT,existing_28_cohort,A,1,20,MET,8,C;CA;CB;CE;CG;N;O;SD,C;CA;CB;CE;CG;N;O;SD,,8,8,no,3.8334,CG,C18,yes,yes,not_applicable
4QZT,existing_28_cohort,A,1,21,LYS,9,C;CA;CB;CD;CE;CG;N;NZ;O,C;CA;CB;CD;CE;CG;N;NZ;O,,9,9,no,8.1585,N,C18,no,no,not_applicable
4QZT,existing_28_cohort,A,1,22,ALA,5,C;CA;CB;N;O,C;CA;CB;N;O,,5,5,no,9.8410,N,C18,no,no,not_applicable
4QZT,existing_28_cohort,A,1,23,LEU,8,C;CA;CB;CD1;CD2;CG;N;O,C;CA;CB;CD1;CD2;CG;N;O,,8,8,no,5.5010,CD1,C18,no,yes,not_applicable
4QZT,existing_28_cohort,A,1,24,ASP,8,C;CA;CB;CG;N;O;OD1;OD2,C;CA;CB;CG;N;O;OD1;OD2,,8,8,no,9.3018,C,C18,no,no,not_applicable
4QZT,existing_28_cohort,A,1,25,ILE,8,C;CA;CB;CD1;CG1;CG2;N;O,C;CA;CB;CD1;CG1;CG2;N;O,,8,8,no,3.8009,CD1,C18,yes,yes,not_applicable
4QZT,existing_28_cohort,A,1,26,ASP,8,C;CA;CB;CG;N;O;OD1;OD2,C;CA;CB;CG;N;O;OD1;OD2,,8,8,no,8.5150,O,C4,no,no,not_applicable
4QZT,existing_28_cohort,A,1,27,PHE,11,C;CA;CB;CD1;CD2;CE1;CE2;CG;CZ;N;O,C;CA;CB;CD1;CD2;CE1;CE2;CG;CZ;N;O,,11,11,no,10.1689,O,C4,no,no,not_applicable
4QZT,existing_28_cohort,A,1,28,ALA,5,C;CA;CB;N;O,C;CA;CB;N;O,,5,5,no,8.9557,O,C3,no,no,not_applicable
4QZT,existing_28_cohort,A,1,29,THR,7,C;CA;CB;CG2;N;O;OG1,C;CA;CB;CG2;N;O;OG1,,7,7,no,4.7253,CG2,C4,yes,yes,not_applicable
4QZT,existing_28_cohort,A,1,30,ARG,11,C;CA;CB;CD;CG;CZ;N;NE;NH1;NH2;O,C;CA;CB;CD;CG;CZ;N;NE;NH1;NH2;O,,11,11,no,6.8666,N,C4,no,yes,not_applicable
4QZT,existing_28_cohort,A,1,31,LYS,9,C;CA;CB;CD;CE;CG;N;NZ;O,C;CA;CB;CD;CE;CG;N;NZ;O,,9,9,no,8.7758,N,C4,no,no,not_applicable
4QZT,existing_28_cohort,A,1,32,ILE,8,C;CA;CB;CD1;CG1;CG2;N;O,C;CA;CB;CD1;CG1;CG2;N;O,,8,8,no,7.2158,C,C2,no,yes,not_applicable
4QZT,existing_28_cohort,A,1,33,ALA,5,C;CA;CB;N;O,C;CA;CB;N;O,,5,5,no,4.1796,CB,C3,yes,yes,not_applicable
4QZT,existing_28_cohort,A,1,34,VAL,7,C;CA;CB;CG1;CG2;N;O,C;CA;CB;CG1;CG2;N;O,,7,7,no,7.0394,N,C2,no,yes,not_applicable
4QZT,existing_28_cohort,A,1,35,ARG,11,C;CA;CB;CD;CG;CZ;N;NE;NH1;NH2;O,C;CA;CB;CD;CG;CZ;N;NE;NH1;NH2;O,,11,11,no,8.7375,N,C2,no,no,not_applicable
4QZT,existing_28_cohort,A,1,36,LEU,8,C;CA;CB;CD1;CD2;CG;N;O,C;CA;CB;CD1;CD2;CG;N;O,,8,8,no,5.7438,CD1,C2,no,yes,not_applicable
4QZT,existing_28_cohort,A,1,37,THR,7,C;CA;CB;CG2;N;O;OG1,C;CA;CB;CG2;N;O;OG1,,7,7,no,7.0345,O,C16,no,yes,not_applicable
4QZT,existing_28_cohort,A,1,38,GLN,9,C;CA;CB;CD;CG;N;NE2;O;OE1,C;CA;CB;CD;CG;N;NE2;O;OE1,,9,9,no,3.7143,NE2,C16,yes,yes,not_applicable
4QZT,existing_28_cohort,A,1,39,THR,7,C;CA;CB;CG2;N;O;OG1,C;CA;CB;CG2;N;O;OG1,,7,7,no,7.2799,N,C16,no,yes,not_applicable
4QZT,existing_28_cohort,A,1,40,LYS,9,C;CA;CB;CD;CE;CG;N;NZ;O,C;CA;CB;CD;CE;CG;N;NZ;O,,9,9,no,3.4839,NZ,O1,yes,yes,not_applicable
4QZT,existing_28_cohort,A,1,41,VAL,7,C;CA;CB;CG1;CG2;N;O,C;CA;CB;CG1;CG2;N;O,,7,7,no,6.6838,O,O1,no,yes,not_applicable
4QZT,existing_28_cohort,A,1,42,ILE,8,C;CA;CB;CD1;CG1;CG2;N;O,C;CA;CB;CD1;CG1;CG2;N;O,,8,8,no,4.7076,CD1,O1,yes,yes,not_applicable
4QZT,existing_28_cohort,A,1,43,ASP,8,C;CA;CB;CG;N;O;OD1;OD2,C;CA;CB;CG;N;O;OD1;OD2,,8,8,no,8.0961,N,O1,no,no,not_applicable
4QZT,existing_28_cohort,A,1,44,GLN,9,C;CA;CB;CD;CG;N;NE2;O;OE1,C;CA;CB;CD;CG;N;NE2;O;OE1,,9,9,no,9.0601,OE1,O1,no,no,not_applicable
4QZT,existing_28_cohort,A,1,45,ASP,8,C;CA;CB;CG;N;O;OD1;OD2,C;CA;CB;CG;N;O;OD1;OD2,,8,8,no,11.5741,N,O1,no,no,not_applicable
4QZT,existing_28_cohort,A,1,46,GLY,4,C;CA;N;O,C;CA;N;O,,4,4,no,12.1446,O,O1,no,no,not_applicable
4QZT,existing_28_cohort,A,1,47,ASP,8,C;CA;CB;CG;N;O;OD1;OD2,C;CA;CB;CG;N;O;OD1;OD2,,8,13,no,10.6886,O,O1,no,no,not_applicable
4QZT,existing_28_cohort,A,1,48,ASN,8,C;CA;CB;CG;N;ND2;O;OD1,C;CA;CB;CG;N;ND2;O;OD1,,8,8,no,9.7576,C,O1,no,no,not_applicable
4QZT,existing_28_cohort,A,1,49,PHE,11,C;CA;CB;CD1;CD2;CE1;CE2;CG;CZ;N;O,C;CA;CB;CD1;CD2;CE1;CE2;CG;CZ;N;O,,11,11,no,5.5398,CD2,O1,no,yes,not_applicable
4QZT,existing_28_cohort,A,1,50,LYS,9,C;CA;CB;CD;CE;CG;N;NZ;O,C;CA;CB;CD;CE;CG;N;NZ;O,,9,9,no,6.5291,C,O1,no,yes,not_applicable
4QZT,existing_28_cohort,A,1,51,THR,7,C;CA;CB;CG2;N;O;OG1,C;CA;CB;CG2;N;O;OG1,,7,7,no,3.1554,CG2,O1,yes,yes,not_applicable
4QZT,existing_28_cohort,A,1,52,LYS,9,C;CA;CB;CD;CE;CG;N;NZ;O,C;CA;CB;CD;CE;CG;N;NZ;O,,9,9,no,6.4272,N,O1,no,yes,not_applicable
4QZT,existing_28_cohort,A,1,53,THR,7,C;CA;CB;CG2;N;O;OG1,C;CA;CB;CG2;N;O;OG1,,7,7,no,3.8506,OG1,C12,yes,yes,not_applicable
4QZT,existing_28_cohort,A,1,54,THR,7,C;CA;CB;CG2;N;O;OG1,C;CA;CB;CG2;N;O;OG1,,7,7,no,5.3391,C,C16,no,yes,not_applicable
4QZT,existing_28_cohort,A,1,55,SER,6,C;CA;CB;N;O;OG,C;CA;CB;N;O;OG,,6,6,no,4.2885,OG,C2,yes,yes,not_applicable
4QZT,existing_28_cohort,A,1,56,THR,7,C;CA;CB;CG2;N;O;OG1,C;CA;CB;CG2;N;O;OG1,,7,7,no,7.3958,N,C16,no,yes,not_applicable
4QZT,existing_28_cohort,A,1,57,PHE,11,C;CA;CB;CD1;CD2;CE1;CE2;CG;CZ;N;O,C;CA;CB;CD1;CD2;CE1;CE2;CG;CZ;N;O,,11,11,no,4.4732,CD2,C3,yes,yes,not_applicable
4QZT,existing_28_cohort,A,1,58,ARG,11,C;CA;CB;CD;CG;CZ;N;NE;NH1;NH2;O,C;CA;CB;CD;CG;CZ;N;NE;NH1;NH2;O,,11,11,no,3.9532,O,C17,yes,yes,not_applicable
4QZT,existing_28_cohort,A,1,59,ASN,8,C;CA;CB;CG;N;ND2;O;OD1,C;CA;CB;CG;N;ND2;O;OD1,,8,8,no,4.1865,C,C17,yes,yes,not_applicable
4QZT,existing_28_cohort,A,1,60,TYR,12,C;CA;CB;CD1;CD2;CE1;CE2;CG;CZ;N;O;OH,C;CA;CB;CD1;CD2;CE1;CE2;CG;CZ;N;O;OH,,12,12,no,3.9725,CD2,C10,yes,yes,not_applicable
4QZT,existing_28_cohort,A,1,61,ASP,8,C;CA;CB;CG;N;O;OD1;OD2,C;CA;CB;CG;N;O;OD1;OD2,,8,8,no,6.8503,C,C12,no,yes,not_applicable
4QZT,existing_28_cohort,A,1,62,VAL,7,C;CA;CB;CG1;CG2;N;O,C;CA;CB;CG1;CG2;N;O,,7,7,no,3.9427,CG1,C14,yes,yes,not_applicable
4QZT,existing_28_cohort,A,1,63,ASP,8,C;CA;CB;CG;N;O;OD1;OD2,C;CA;CB;CG;N;O;OD1;OD2,,8,8,no,7.6636,N,O1,no,yes,not_applicable
4QZT,existing_28_cohort,A,1,64,PHE,11,C;CA;CB;CD1;CD2;CE1;CE2;CG;CZ;N;O,C;CA;CB;CD1;CD2;CE1;CE2;CG;CZ;N;O,,11,11,no,4.2770,CE2,O1,yes,yes,not_applicable
4QZT,existing_28_cohort,A,1,65,THR,7,C;CA;CB;CG2;N;O;OG1,C;CA;CB;CG2;N;O;OG1,,7,7,no,10.3105,N,O1,no,no,not_applicable
4QZT,existing_28_cohort,A,1,66,VAL,7,C;CA;CB;CG1;CG2;N;O,C;CA;CB;CG1;CG2;N;O,,7,7,no,9.6836,CG2,O1,no,no,not_applicable
4QZT,existing_28_cohort,A,1,67,GLY,4,C;CA;N;O,C;CA;N;O,,4,4,no,12.6052,N,O1,no,no,not_applicable
4QZT,existing_28_cohort,A,1,68,VAL,7,C;CA;CB;CG1;CG2;N;O,C;CA;CB;CG1;CG2;N;O,,7,7,no,12.8482,O,O1,no,no,not_applicable
4QZT,existing_28_cohort,A,1,69,GLU,9,C;CA;CB;CD;CG;N;O;OE1;OE2,C;CA;CB;CD;CG;N;O;OE1;OE2,,9,9,no,14.4681,C,C15,no,no,not_applicable
4QZT,existing_28_cohort,A,1,70,PHE,11,C;CA;CB;CD1;CD2;CE1;CE2;CG;CZ;N;O,C;CA;CB;CD1;CD2;CE1;CE2;CG;CZ;N;O,,11,11,no,8.5997,CZ,C14,no,no,not_applicable
4QZT,existing_28_cohort,A,1,71,ASP,8,C;CA;CB;CG;N;O;OD1;OD2,C;CA;CB;CG;N;O;OD1;OD2,,8,8,no,12.7505,O,C14,no,no,not_applicable
4QZT,existing_28_cohort,A,1,72,GLU,9,C;CA;CB;CD;CG;N;O;OE1;OE2,C;CA;CB;CD;CG;N;O;OE1;OE2,,9,9,no,6.1162,OE2,C12,no,yes,not_applicable
4QZT,existing_28_cohort,A,1,73,TYR,12,C;CA;CB;CD1;CD2;CE1;CE2;CG;CZ;N;O;OH,C;CA;CB;CD1;CD2;CE1;CE2;CG;CZ;N;O;OH,,12,12,no,10.2981,O,C12,no,no,not_applicable
4QZT,existing_28_cohort,A,1,74,THR,7,C;CA;CB;CG2;N;O;OG1,C;CA;CB;CG2;N;O;OG1,,7,7,no,7.9008,O,C4,no,yes,not_applicable
4QZT,existing_28_cohort,A,1,75,LYS,9,C;CA;CB;CD;CE;CG;N;NZ;O,C;CA;CB;CD;CE;CG;N;NZ;O,,9,9,no,7.7793,O,C4,no,yes,not_applicable
4QZT,existing_28_cohort,A,1,76,SER,6,C;CA;CB;N;O;OG,C;CA;CB;N;O;OG,,6,6,no,3.6920,OG,C17,yes,yes,not_applicable
4QZT,existing_28_cohort,A,1,77,LEU,8,C;CA;CB;CD1;CD2;CG;N;O,C;CA;CB;CD1;CD2;CG;N;O,,8,8,no,3.3758,CD2,C5,yes,yes,not_applicable
4QZT,existing_28_cohort,A,1,78,ASP,8,C;CA;CB;CG;N;O;OD1;OD2,C;CA;CB;CG;N;O;OD1;OD2,,8,8,no,6.4393,N,C18,no,yes,not_applicable
4QZT,existing_28_cohort,A,1,79,ASN,8,C;CA;CB;CG;N;ND2;O;OD1,C;CA;CB;CG;N;ND2;O;OD1,,8,8,no,8.8378,N,C4,no,no,not_applicable
4QZT,existing_28_cohort,A,1,80,ARG,11,C;CA;CB;CD;CG;CZ;N;NE;NH1;NH2;O,C;CA;CB;CD;CG;CZ;N;NE;NH1;NH2;O,,11,11,no,10.7767,NH1,C18,no,no,not_applicable
4QZT,existing_28_cohort,A,1,81,HIS,10,C;CA;CB;CD2;CE1;CG;N;ND1;NE2;O,C;CA;CB;CD2;CE1;CG;N;ND1;NE2;O,,10,10,no,14.1396,N,C18,no,no,not_applicable
4QZT,existing_28_cohort,A,1,82,VAL,7,C;CA;CB;CG1;CG2;N;O,C;CA;CB;CG1;CG2;N;O,,7,7,no,10.8650,CG2,C12,no,no,not_applicable
4QZT,existing_28_cohort,A,1,83,LYS,9,C;CA;CB;CD;CE;CG;N;NZ;O,C;CA;CB;CD;CE;CG;N;NZ;O,,9,9,no,13.2511,C,C20,no,no,not_applicable
4QZT,existing_28_cohort,A,1,84,ALA,5,C;CA;CB;N;O,C;CA;CB;N;O,,5,5,no,9.9820,CB,C14,no,no,not_applicable
4QZT,existing_28_cohort,A,1,85,LEU,8,C;CA;CB;CD1;CD2;CG;N;O,C;CA;CB;CD1;CD2;CG;N;O,,8,8,no,10.4173,O,C15,no,no,not_applicable
4QZT,existing_28_cohort,A,1,86,VAL,7,C;CA;CB;CG1;CG2;N;O,C;CA;CB;CG1;CG2;N;O,,7,7,no,7.2840,CG2,C15,no,yes,not_applicable
4QZT,existing_28_cohort,A,1,87,THR,7,C;CA;CB;CG2;N;O;OG1,C;CA;CB;CG2;N;O;OG1,,7,7,no,10.5487,N,C15,no,no,not_applicable
4QZT,existing_28_cohort,A,1,88,TRP,14,C;CA;CB;CD1;CD2;CE2;CE3;CG;CH2;CZ2;CZ3;N;NE1;O,C;CA;CB;CD1;CD2;CE2;CE3;CG;CH2;CZ2;CZ3;N;NE1;O,,14,14,no,9.8509,CH2,O1,no,no,not_applicable
4QZT,existing_28_cohort,A,1,89,GLU,9,C;CA;CB;CD;CG;N;O;OE1;OE2,C;CA;CB;CD;CG;N;O;OE1;OE2,,9,9,no,13.7267,N,C15,no,no,not_applicable
4QZT,existing_28_cohort,A,1,90,GLY,4,C;CA;N;O,C;CA;N;O,,4,4,no,15.0119,O,O1,no,no,not_applicable
4QZT,existing_28_cohort,A,1,91,ASP,8,C;CA;CB;CG;N;O;OD1;OD2,C;CA;CB;CG;N;O;OD1;OD2,,8,8,no,11.9310,O,O1,no,no,not_applicable
4QZT,existing_28_cohort,A,1,92,VAL,7,C;CA;CB;CG1;CG2;N;O,C;CA;CB;CG1;CG2;N;O,,7,7,no,10.7695,C,C15,no,no,not_applicable
4QZT,existing_28_cohort,A,1,93,LEU,8,C;CA;CB;CD1;CD2;CG;N;O,C;CA;CB;CD1;CD2;CG;N;O,,8,8,no,5.4850,CD2,O1,no,yes,not_applicable
4QZT,existing_28_cohort,A,1,94,VAL,7,C;CA;CB;CG1;CG2;N;O,C;CA;CB;CG1;CG2;N;O,,7,7,no,8.8947,C,C15,no,no,not_applicable
4QZT,existing_28_cohort,A,1,95,CYS,6,C;CA;CB;N;O;SG,C;CA;CB;N;O;SG,,6,6,no,6.8659,CB,C20,no,yes,not_applicable
4QZT,existing_28_cohort,A,1,96,VAL,7,C;CA;CB;CG1;CG2;N;O,C;CA;CB;CG1;CG2;N;O,,7,7,no,9.9822,N,C20,no,no,not_applicable
4QZT,existing_28_cohort,A,1,97,GLN,9,C;CA;CB;CD;CG;N;NE2;O;OE1,C;CA;CB;CD;CG;N;NE2;O;OE1,,9,9,no,6.9688,NE2,C20,no,yes,not_applicable
4QZT,existing_28_cohort,A,1,98,LYS,9,C;CA;CB;CD;CE;CG;N;NZ;O,C;CA;CB;CD;CE;CG;N;NZ;O,,9,9,no,13.1924,N,C20,no,no,not_applicable
4QZT,existing_28_cohort,A,1,99,GLY,4,C;CA;N;O,C;CA;N;O,,4,4,no,15.7509,N,C20,no,no,not_applicable
4QZT,existing_28_cohort,A,1,100,GLU,9,C;CA;CB;CD;CG;N;O;OE1;OE2,C;CA;CB;CD;CG;N;O;OE1;OE2,,9,9,no,15.8984,CG,C18,no,no,not_applicable
4QZT,existing_28_cohort,A,1,101,LYS,9,C;CA;CB;CD;CE;CG;N;NZ;O,C;CA;CB;CD;CE;CG;N;NZ;O,,9,9,no,12.3029,CE,C18,no,no,not_applicable
4QZT,existing_28_cohort,A,1,102,GLU,9,C;CA;CB;CD;CG;N;O;OE1;OE2,C;CA;CB;CD;CG;N;O;OE1;OE2,,9,9,no,14.5806,O,C19,no,no,not_applicable
4QZT,existing_28_cohort,A,1,103,ASN,8,C;CA;CB;CG;N;ND2;O;OD1,C;CA;CB;CG;N;ND2;O;OD1,,8,8,no,12.4775,O,C20,no,no,not_applicable
4QZT,existing_28_cohort,A,1,104,ARG,11,C;CA;CB;CD;CG;CZ;N;NE;NH1;NH2;O,C;CA;CB;CD;CG;CZ;N;NE;NH1;NH2;O,,11,11,no,8.3219,NH2,C18,no,no,not_applicable
4QZT,existing_28_cohort,A,1,105,GLY,4,C;CA;N;O,C;CA;N;O,,4,4,no,7.0403,O,C20,no,yes,not_applicable
4QZT,existing_28_cohort,A,1,106,TRP,14,C;CA;CB;CD1;CD2;CE2;CE3;CG;CH2;CZ2;CZ3;N;NE1;O,C;CA;CB;CD1;CD2;CE2;CE3;CG;CH2;CZ2;CZ3;N;NE1;O,,14,14,no,3.6464,CZ2,C15,yes,yes,not_applicable
4QZT,existing_28_cohort,A,1,107,LYS,9,C;CA;CB;CD;CE;CG;N;NZ;O,C;CA;CB;CD;CE;CG;N;NZ;O,,9,9,no,6.7295,N,C20,no,yes,not_applicable
4QZT,existing_28_cohort,A,1,108,GLN,9,C;CA;CB;CD;CG;N;NE2;O;OE1,C;CA;CB;CD;CG;N;NE2;O;OE1,,9,9,no,2.7500,OE1,O1,yes,yes,not_applicable
4QZT,existing_28_cohort,A,1,109,TRP,14,C;CA;CB;CD1;CD2;CE2;CE3;CG;CH2;CZ2;CZ3;N;NE1;O,C;CA;CB;CD1;CD2;CE2;CE3;CG;CH2;CZ2;CZ3;N;NE1;O,,14,14,no,8.3393,N,O1,no,no,not_applicable
4QZT,existing_28_cohort,A,1,110,ILE,8,C;CA;CB;CD1;CG1;CG2;N;O,C;CA;CB;CD1;CG1;CG2;N;O,,8,8,no,9.6882,CD1,O1,no,no,not_applicable
4QZT,existing_28_cohort,A,1,111,GLU,9,C;CA;CB;CD;CG;N;O;OE1;OE2,C;CA;CB;CD;CG;N;O;OE1;OE2,,9,9,no,13.3991,N,O1,no,no,not_applicable
4QZT,existing_28_cohort,A,1,112,GLY,4,C;CA;N;O,C;CA;N;O,,4,4,no,15.2656,O,O1,no,no,not_applicable
4QZT,existing_28_cohort,A,1,113,ASP,8,C;CA;CB;CG;N;O;OD1;OD2,C;CA;CB;CG;N;O;OD1;OD2,,8,8,no,14.2658,O,O1,no,no,not_applicable
4QZT,existing_28_cohort,A,1,114,LYS,9,C;CA;CB;CD;CE;CG;N;NZ;O,C;CA;CB;CD;CE;CG;N;NZ;O,,9,9,no,11.7542,C,O1,no,no,not_applicable
4QZT,existing_28_cohort,A,1,115,LEU,8,C;CA;CB;CD1;CD2;CG;N;O,C;CA;CB;CD1;CD2;CG;N;O,,8,8,no,6.0266,CD2,O1,no,yes,not_applicable
4QZT,existing_28_cohort,A,1,116,TYR,12,C;CA;CB;CD1;CD2;CE1;CE2;CG;CZ;N;O;OH,C;CA;CB;CD1;CD2;CE1;CE2;CG;CZ;N;O;OH,,12,12,no,7.6246,O,O1,no,yes,not_applicable
4QZT,existing_28_cohort,A,1,117,LEU,8,C;CA;CB;CD1;CD2;CG;N;O,C;CA;CB;CD1;CD2;CG;N;O,,8,8,no,3.6800,CD2,C20,yes,yes,not_applicable
4QZT,existing_28_cohort,A,1,118,GLU,9,C;CA;CB;CD;CG;N;O;OE1;OE2,C;CA;CB;CD;CG;N;O;OE1;OE2,,9,9,no,6.7863,O,C20,no,yes,not_applicable
4QZT,existing_28_cohort,A,1,119,LEU,8,C;CA;CB;CD1;CD2;CG;N;O,C;CA;CB;CD1;CD2;CG;N;O,,8,8,no,3.6756,CD1,C19,yes,yes,not_applicable
4QZT,existing_28_cohort,A,1,120,THR,7,C;CA;CB;CG2;N;O;OG1,C;CA;CB;CG2;N;O;OG1,,7,7,no,8.5641,N,C19,no,no,not_applicable
4QZT,existing_28_cohort,A,1,121,CYS,6,C;CA;CB;N;O;SG,C;CA;CB;N;O;SG,,6,6,no,10.1767,CB,C19,no,no,not_applicable
4QZT,existing_28_cohort,A,1,122,GLY,4,C;CA;N;O,C;CA;N;O,,4,4,no,13.4208,N,C19,no,no,not_applicable
4QZT,existing_28_cohort,A,1,123,ASP,8,C;CA;CB;CG;N;O;OD1;OD2,C;CA;CB;CG;N;O;OD1;OD2,,8,8,no,15.0155,C,C19,no,no,not_applicable
4QZT,existing_28_cohort,A,1,124,GLN,9,C;CA;CB;CD;CG;N;NE2;O;OE1,C;CA;CB;CD;CG;N;NE2;O;OE1,,9,9,no,11.3124,O,C19,no,no,not_applicable
4QZT,existing_28_cohort,A,1,125,VAL,7,C;CA;CB;CG1;CG2;N;O,C;CA;CB;CG1;CG2;N;O,,7,7,no,10.4947,C,C19,no,no,not_applicable
4QZT,existing_28_cohort,A,1,126,CYS,6,C;CA;CB;N;O;SG,C;CA;CB;N;O;SG,,6,6,no,6.7974,SG,C19,no,yes,not_applicable
4QZT,existing_28_cohort,A,1,127,ARG,11,C;CA;CB;CD;CG;CZ;N;NE;NH1;NH2;O,C;CA;CB;CD;CG;CZ;N;NE;NH1;NH2;O,,11,11,no,9.4717,N,C19,no,no,not_applicable
4QZT,existing_28_cohort,A,1,128,GLN,9,C;CA;CB;CD;CG;N;NE2;O;OE1,C;CA;CB;CD;CG;N;NE2;O;OE1,,9,9,no,5.0213,NE2,C19,no,yes,not_applicable
4QZT,existing_28_cohort,A,1,129,VAL,7,C;CA;CB;CG1;CG2;N;O,C;CA;CB;CG1;CG2;N;O,,7,7,no,10.9365,N,C19,no,no,not_applicable
4QZT,existing_28_cohort,A,1,130,PHE,11,C;CA;CB;CD1;CD2;CE1;CE2;CG;CZ;N;O,C;CA;CB;CD1;CD2;CE1;CE2;CG;CZ;N;O,,11,11,no,7.3639,CE1,O1,no,yes,not_applicable
4QZT,existing_28_cohort,A,1,131,LYS,9,C;CA;CB;CD;CE;CG;N;NZ;O,C;CA;CB;CD;CE;CG;N;NZ;O,,9,9,no,12.4269,N,O1,no,no,not_applicable
4QZT,existing_28_cohort,A,1,132,LYS,9,C;CA;CB;CD;CE;CG;N;NZ;O,C;CA;CB;CD;CE;CG;N;NZ;O,,9,9,no,13.4480,N,O1,no,no,not_applicable
4QZT,existing_28_cohort,A,1,133,LYS,10,C;CA;CB;CD;CE;CG;N;NZ;O;OXT[terminal-carboxyl],C;CA;CB;CD;CE;CG;N;NZ;O,OXT[terminal-carboxyl],9,9,yes,14.3489,N,O1,no,no,unlikely
9I7N,existing_28_cohort,A,1,18,ILE,8,C;CA;CB;CD1;CG1;CG2;N;O,C;CA;CB;CD1;CG1;CG2;N;O,,8,8,no,13.0401,CD1,C4,no,no,not_applicable
9I7N,existing_28_cohort,A,1,19,VAL,7,C;CA;CB;CG1;CG2;N;O,C;CA;CB;CG1;CG2;N;O,,7,7,no,10.3977,CG2,C3,no,no,not_applicable
9I7N,existing_28_cohort,A,1,20,THR,7,C;CA;CB;CG2;N;O;OG1,C;CA;CB;CG2;N;O;OG1,,7,7,no,14.4975,N,C3,no,no,not_applicable
9I7N,existing_28_cohort,A,1,21,GLN,9,C;CA;CB;CD;CG;N;NE2;O;OE1,C;CA;CB;CD;CG;N;NE2;O;OE1,,9,9,no,12.5442,O,C3,no,no,not_applicable
9I7N,existing_28_cohort,A,1,22,THR,7,C;CA;CB;CG2;N;O;OG1,C;CA;CB;CG2;N;O;OG1,,7,7,no,13.2114,CG2,C2,no,no,not_applicable
9I7N,existing_28_cohort,A,1,23,MET,8,C;CA;CB;CE;CG;N;O;SD,C;CA;CB;CE;CG;N;O;SD,,8,8,no,13.9739,CB,C2,no,no,not_applicable
9I7N,existing_28_cohort,A,1,24,LYS,9,C;CA;CB;CD;CE;CG;N;NZ;O,C;CA;CB;CD;CE;CG;N;NZ;O,,9,9,no,17.1081,N,C2,no,no,not_applicable
9I7N,existing_28_cohort,A,1,25,GLY,4,C;CA;N;O,C;CA;N;O,,4,4,no,18.2098,C,C2,no,no,not_applicable
9I7N,existing_28_cohort,A,1,26,LEU,8,C;CA;CB;CD1;CD2;CG;N;O,C;CA;CB;CD1;CD2;CG;N;O,,8,8,no,12.4058,CD2,C2,no,no,not_applicable
9I7N,existing_28_cohort,A,1,27,ASP,8,C;CA;CB;CG;N;O;OD1;OD2,C;CA;CB;CG;N;O;OD1;OD2,,8,8,no,16.0747,O,C2,no,no,not_applicable
9I7N,existing_28_cohort,A,1,28,ILE,8,C;CA;CB;CD1;CG1;CG2;N;O,C;CA;CB;CD1;CG1;CG2;N;O,,8,8,no,11.4629,CD1,C2,no,no,not_applicable
9I7N,existing_28_cohort,A,1,29,GLN,9,C;CA;CB;CD;CG;N;NE2;O;OE1,C;CA;CB;CD;CG;N;NE2;O;OE1,,9,9,no,16.3026,N,C16,no,no,not_applicable
9I7N,existing_28_cohort,A,1,30,LYS,9,C;CA;CB;CD;CE;CG;N;NZ;O,C;CA;CB;CD;CE;CG;N;NZ;O,,9,9,no,15.5551,C,C16,no,no,not_applicable
9I7N,existing_28_cohort,A,1,31,VAL,7,C;CA;CB;CG1;CG2;N;O,C;CA;CB;CG1;CG2;N;O,,7,7,no,11.4414,CG2,C16,no,no,not_applicable
9I7N,existing_28_cohort,A,1,32,ALA,5,C;CA;CB;N;O,C;CA;CB;N;O,,5,5,no,13.7295,CA,C16,no,no,not_applicable
9I7N,existing_28_cohort,A,1,33,GLY,4,C;CA;N;O,C;CA;N;O,,4,4,no,11.7361,O,C16,no,no,not_applicable
9I7N,existing_28_cohort,A,1,34,THR,7,C;CA;CB;CG2;N;O;OG1,C;CA;CB;CG2;N;O;OG1,,7,7,no,12.4553,C,C16,no,no,not_applicable
9I7N,existing_28_cohort,A,1,35,TRP,14,C;CA;CB;CD1;CD2;CE2;CE3;CG;CH2;CZ2;CZ3;N;NE1;O,C;CA;CB;CD1;CD2;CE2;CE3;CG;CH2;CZ2;CZ3;N;NE1;O,,14,14,no,9.7251,CB,C16,no,no,not_applicable
9I7N,existing_28_cohort,A,1,36,TYR,12,C;CA;CB;CD1;CD2;CE1;CE2;CG;CZ;N;O;OH,C;CA;CB;CD1;CD2;CE1;CE2;CG;CZ;N;O;OH,,12,12,no,10.3028,C,C16,no,no,not_applicable
9I7N,existing_28_cohort,A,1,37,SER,6,C;CA;CB;N;O;OG,C;CA;CB;N;O;OG,,6,6,no,7.0837,OG,C16,no,yes,not_applicable
9I7N,existing_28_cohort,A,1,38,LEU,8,C;CA;CB;CD1;CD2;CG;N;O,C;CA;CB;CD1;CD2;CG;N;O,,8,8,no,10.7632,N,C3,no,no,not_applicable
9I7N,existing_28_cohort,A,1,39,ALA,5,C;CA;CB;N;O,C;CA;CB;N;O,,5,5,no,8.3839,O,C3,no,no,not_applicable
9I7N,existing_28_cohort,A,1,40,MET,8,C;CA;CB;CE;CG;N;O;SD,C;CA;CB;CE;CG;N;O;SD,,8,8,no,7.2140,CB,C4,no,yes,not_applicable
9I7N,existing_28_cohort,A,1,41,ALA,5,C;CA;CB;N;O,C;CA;CB;N;O,,5,5,no,7.0111,O,C4,no,yes,not_applicable
9I7N,existing_28_cohort,A,1,42,ALA,5,C;CA;CB;N;O,C;CA;CB;N;O,,5,5,no,7.7399,CB,C18,no,yes,not_applicable
9I7N,existing_28_cohort,A,1,43,SER,6,C;CA;CB;N;O;OG,C;CA;CB;N;O;OG,,6,6,no,9.7681,N,C18,no,no,not_applicable
9I7N,existing_28_cohort,A,1,44,ASP,8,C;CA;CB;CG;N;O;OD1;OD2,C;CA;CB;CG;N;O;OD1;OD2,,8,8,no,10.5184,O,C18,no,no,not_applicable
9I7N,existing_28_cohort,A,1,45,ILE,8,C;CA;CB;CD1;CG1;CG2;N;O,C;CA;CB;CD1;CG1;CG2;N;O,,8,8,no,11.8605,O,C18,no,no,not_applicable
9I7N,existing_28_cohort,A,1,46,SER,6,C;CA;CB;N;O;OG,C;CA;CB;N;O;OG,,6,6,no,10.9191,O,C18,no,no,not_applicable
9I7N,existing_28_cohort,A,1,47,LEU,8,C;CA;CB;CD1;CD2;CG;N;O,C;CA;CB;CD1;CD2;CG;N;O,,8,8,no,7.5052,O,C18,no,yes,not_applicable
9I7N,existing_28_cohort,A,1,48,LEU,8,C;CA;CB;CD1;CD2;CG;N;O,C;CA;CB;CD1;CD2;CG;N;O,,8,8,no,6.5150,CD2,C18,no,yes,not_applicable
9I7N,existing_28_cohort,A,1,49,ASP,8,C;CA;CB;CG;N;O;OD1;OD2,C;CA;CB;CG;N;O;OD1;OD2,,8,8,no,11.4079,N,C18,no,no,not_applicable
9I7N,existing_28_cohort,A,1,50,ALA,5,C;CA;CB;N;O,C;CA;CB;N;O,,5,5,no,11.6736,O,C18,no,no,not_applicable
9I7N,existing_28_cohort,A,1,51,GLN,9,C;CA;CB;CD;CG;N;NE2;O;OE1,C;CA;CB;CD;CG;N;NE2;O;OE1,,9,9,no,10.8839,O,C19,no,no,not_applicable
9I7N,existing_28_cohort,A,1,52,SER,6,C;CA;CB;N;O;OG,C;CA;CB;N;O;OG,,6,6,no,10.4386,O,C19,no,no,not_applicable
9I7N,existing_28_cohort,A,1,53,ALA,5,C;CA;CB;N;O,C;CA;CB;N;O,,5,5,no,8.2642,O,C19,no,no,not_applicable
9I7N,existing_28_cohort,A,1,54,PRO,7,C;CA;CB;CD;CG;N;O,C;CA;CB;CD;CG;N;O,,7,7,no,5.2343,O,C19,no,yes,not_applicable
9I7N,existing_28_cohort,A,1,55,LEU,8,C;CA;CB;CD1;CD2;CG;N;O,C;CA;CB;CD1;CD2;CG;N;O,,8,8,no,3.6033,CD2,C18,yes,yes,not_applicable
9I7N,existing_28_cohort,A,1,56,ARG,11,C;CA;CB;CD;CG;CZ;N;NE;NH1;NH2;O,C;CA;CB;CD;CG;CZ;N;NE;NH1;NH2;O,,11,11,no,6.1548,N,C18,no,yes,not_applicable
9I7N,existing_28_cohort,A,1,57,VAL,7,C;CA;CB;CG1;CG2;N;O,C;CA;CB;CG1;CG2;N;O,,7,7,no,3.7174,CG2,C7,yes,yes,not_applicable
9I7N,existing_28_cohort,A,1,58,TYR,12,C;CA;CB;CD1;CD2;CE1;CE2;CG;CZ;N;O;OH,C;CA;CB;CD1;CD2;CE1;CE2;CG;CZ;N;O;OH,,12,12,no,7.0334,C,C16,no,yes,not_applicable
9I7N,existing_28_cohort,A,1,59,VAL,7,C;CA;CB;CG1;CG2;N;O,C;CA;CB;CG1;CG2;N;O,,7,7,no,4.2951,CG2,C16,yes,yes,not_applicable
9I7N,existing_28_cohort,A,1,60,GLU,9,C;CA;CB;CD;CG;N;O;OE1;OE2,C;CA;CB;CD;CG;N;O;OE1;OE2,,9,9,no,8.0958,N,C16,no,no,not_applicable
9I7N,existing_28_cohort,A,1,61,GLU,9,C;CA;CB;CD;CG;N;O;OE1;OE2,C;CA;CB;CD;CG;N;O;OE1;OE2,,9,9,no,8.2848,O,C16,no,no,not_applicable
9I7N,existing_28_cohort,A,1,62,LEU,8,C;CA;CB;CD1;CD2;CG;N;O,C;CA;CB;CD1;CD2;CG;N;O,,8,8,no,6.5313,CD2,C16,no,yes,not_applicable
9I7N,existing_28_cohort,A,1,63,LYS,9,C;CA;CB;CD;CE;CG;N;NZ;O,C;CA;CB;CD;CE;CG;N;NZ;O,,9,9,no,10.7184,N,C16,no,no,not_applicable
9I7N,existing_28_cohort,A,1,64,PRO,7,C;CA;CB;CD;CG;N;O,C;CA;CB;CD;CG;N;O,,7,7,no,12.8618,N,C16,no,no,not_applicable
9I7N,existing_28_cohort,A,1,65,THR,7,C;CA;CB;CG2;N;O;OG1,C;CA;CB;CG2;N;O;OG1,,7,7,no,14.2312,CG2,C17,no,no,not_applicable
9I7N,existing_28_cohort,A,1,66,PRO,7,C;CA;CB;CD;CG;N;O,C;CA;CB;CD;CG;N;O,,7,7,no,18.0066,N,C17,no,no,not_applicable
9I7N,existing_28_cohort,A,1,67,GLU,9,C;CA;CB;CD;CG;N;O;OE1;OE2,C;CA;CB;CD;CG;N;O;OE1;OE2,,9,9,no,17.1778,O,C17,no,no,not_applicable
9I7N,existing_28_cohort,A,1,68,GLY,4,C;CA;N;O,C;CA;N;O,,4,4,no,13.5972,O,C17,no,no,not_applicable
9I7N,existing_28_cohort,A,1,69,ASP,8,C;CA;CB;CG;N;O;OD1;OD2,C;CA;CB;CG;N;O;OD1;OD2,,8,8,no,11.7206,C,C17,no,no,not_applicable
9I7N,existing_28_cohort,A,1,70,LEU,8,C;CA;CB;CD1;CD2;CG;N;O,C;CA;CB;CD1;CD2;CG;N;O,,8,8,no,7.6928,CD2,C17,no,yes,not_applicable
9I7N,existing_28_cohort,A,1,71,GLU,9,C;CA;CB;CD;CG;N;O;OE1;OE2,C;CA;CB;CD;CG;N;O;OE1;OE2,,9,9,no,8.6158,C,C16,no,no,not_applicable
9I7N,existing_28_cohort,A,1,72,ILE,8,C;CA;CB;CD1;CG1;CG2;N;O,C;CA;CB;CD1;CG1;CG2;N;O,,8,8,no,3.9256,CD1,C17,yes,yes,not_applicable
9I7N,existing_28_cohort,A,1,73,LEU,8,C;CA;CB;CD1;CD2;CG;N;O,C;CA;CB;CD1;CD2;CG;N;O,,8,8,no,7.3203,O,C16,no,yes,not_applicable
9I7N,existing_28_cohort,A,1,74,LEU,8,C;CA;CB;CD1;CD2;CG;N;O,C;CA;CB;CD1;CD2;CG;N;O,,8,8,no,4.2395,CD2,C19,yes,yes,not_applicable
9I7N,existing_28_cohort,A,1,75,GLN,9,C;CA;CB;CD;CG;N;NE2;O;OE1,C;CA;CB;CD;CG;N;NE2;O;OE1,,9,9,no,7.4119,O,C19,no,yes,not_applicable
9I7N,existing_28_cohort,A,1,76,LYS,9,C;CA;CB;CD;CE;CG;N;NZ;O,C;CA;CB;CD;CE;CG;N;NZ;O,,9,9,no,6.1690,CD,C19,no,yes,not_applicable
9I7N,existing_28_cohort,A,1,77,TRP,14,C;CA;CB;CD1;CD2;CE2;CE3;CG;CH2;CZ2;CZ3;N;NE1;O,C;CA;CB;CD1;CD2;CE2;CE3;CG;CH2;CZ2;CZ3;N;NE1;O,,14,14,no,9.7349,N,C19,no,no,not_applicable
9I7N,existing_28_cohort,A,1,78,GLU,9,C;CA;CB;CD;CG;N;O;OE1;OE2,C;CA;CB;CD;CG;N;O;OE1;OE2,,9,9,no,7.3805,OE2,C20,no,yes,not_applicable
9I7N,existing_28_cohort,A,1,79,ASN,8,C;CA;CB;CG;N;ND2;O;OD1,C;CA;CB;CG;N;ND2;O;OD1,,8,8,no,12.7320,ND2,C20,no,no,not_applicable
9I7N,existing_28_cohort,A,1,80,ASP,8,C;CA;CB;CG;N;O;OD1;OD2,C;CA;CB;CG;N;O;OD1;OD2,,8,8,no,15.8670,N,C19,no,no,not_applicable
9I7N,existing_28_cohort,A,1,80,GLY,4,C;CA;N;O,C;CA;N;O,,4,4,no,15.8604,N,C19,no,no,not_applicable
9I7N,existing_28_cohort,A,1,81,GLU,9,C;CA;CB;CD;CG;N;O;OE1;OE2,C;CA;CB;CD;CG;N;O;OE1;OE2,,9,9,no,13.2952,O,C19,no,no,not_applicable
9I7N,existing_28_cohort,A,1,82,CYS,6,C;CA;CB;N;O;SG,C;CA;CB;N;O;SG,,6,6,no,12.9216,SG,C19,no,no,not_applicable
9I7N,existing_28_cohort,A,1,83,ALA,5,C;CA;CB;N;O,C;CA;CB;N;O,,5,5,no,9.9839,O,C19,no,no,not_applicable
9I7N,existing_28_cohort,A,1,84,GLN,9,C;CA;CB;CD;CG;N;NE2;O;OE1,C;CA;CB;CD;CG;N;NE2;O;OE1,,9,9,no,9.7667,C,C19,no,no,not_applicable
9I7N,existing_28_cohort,A,1,85,LYS,9,C;CA;CB;CD;CE;CG;N;NZ;O,C;CA;CB;CD;CE;CG;N;NZ;O,,9,9,no,6.2810,CD,C19,no,yes,not_applicable
9I7N,existing_28_cohort,A,1,86,LYS,9,C;CA;CB;CD;CE;CG;N;NZ;O,C;CA;CB;CD;CE;CG;N;NZ;O,,9,9,no,8.0160,O,C19,no,no,not_applicable
9I7N,existing_28_cohort,A,1,87,ILE,8,C;CA;CB;CD1;CG1;CG2;N;O,C;CA;CB;CD1;CG1;CG2;N;O,,8,8,no,3.4561,CD1,C19,yes,yes,not_applicable
9I7N,existing_28_cohort,A,1,88,ILE,8,C;CA;CB;CD1;CG1;CG2;N;O,C;CA;CB;CD1;CG1;CG2;N;O,,8,8,no,7.8752,C,C17,no,yes,not_applicable
9I7N,existing_28_cohort,A,1,89,ALA,5,C;CA;CB;N;O,C;CA;CB;N;O,,5,5,no,6.3709,CB,C17,no,yes,not_applicable
9I7N,existing_28_cohort,A,1,90,GLU,9,C;CA;CB;CD;CG;N;O;OE1;OE2,C;CA;CB;CD;CG;N;O;OE1;OE2,,9,9,no,9.4872,N,C17,no,no,not_applicable
9I7N,existing_28_cohort,A,1,91,LYS,9,C;CA;CB;CD;CE;CG;N;NZ;O,C;CA;CB;CD;CE;CG;N;NZ;O,,9,9,no,12.2832,N,C17,no,no,not_applicable
9I7N,existing_28_cohort,A,1,92,THR,7,C;CA;CB;CG2;N;O;OG1,C;CA;CB;CG2;N;O;OG1,,7,7,no,12.8938,CG2,C17,no,no,not_applicable
9I7N,existing_28_cohort,A,1,93,LYS,9,C;CA;CB;CD;CE;CG;N;NZ;O,C;CA;CB;CD;CE;CG;N;NZ;O,,9,9,no,16.8120,N,C17,no,no,not_applicable
9I7N,existing_28_cohort,A,1,94,ILE,8,C;CA;CB;CD1;CG1;CG2;N;O,C;CA;CB;CD1;CG1;CG2;N;O,,8,8,no,14.2893,O,C2,no,no,not_applicable
9I7N,existing_28_cohort,A,1,95,PRO,7,C;CA;CB;CD;CG;N;O,C;CA;CB;CD;CG;N;O,,7,7,no,13.0074,O,C2,no,no,not_applicable
9I7N,existing_28_cohort,A,1,96,ALA,5,C;CA;CB;N;O,C;CA;CB;N;O,,5,5,no,10.0609,O,C2,no,no,not_applicable
9I7N,existing_28_cohort,A,1,97,VAL,7,C;CA;CB;CG1;CG2;N;O,C;CA;CB;CG1;CG2;N;O,,7,7,no,10.6610,C,C2,no,no,not_applicable
9I7N,existing_28_cohort,A,1,98,PHE,11,C;CA;CB;CD1;CD2;CE1;CE2;CG;CZ;N;O,C;CA;CB;CD1;CD2;CE1;CE2;CG;CZ;N;O,,11,11,no,8.1708,CB,C17,no,no,not_applicable
9I7N,existing_28_cohort,A,1,99,LYS,9,C;CA;CB;CD;CE;CG;N;NZ;O,C;CA;CB;CD;CE;CG;N;NZ;O,,9,9,no,8.2913,C,C17,no,no,not_applicable
9I7N,existing_28_cohort,A,1,100,ILE,8,C;CA;CB;CD1;CG1;CG2;N;O,C;CA;CB;CD1;CG1;CG2;N;O,,8,8,no,3.6030,CD1,C17,yes,yes,not_applicable
9I7N,existing_28_cohort,A,1,101,ASP,8,C;CA;CB;CG;N;O;OD1;OD2,C;CA;N;O,CB;CG;OD1;OD2,4,4,yes,6.4095,O,C14,no,yes,yes
9I7N,existing_28_cohort,A,1,102,ALA,5,C;CA;CB;N;O,C;CA;CB;N;O,,5,5,no,3.2539,CB,C15,yes,yes,not_applicable
9I7N,existing_28_cohort,A,1,103,LEU,8,C;CA;CB;CD1;CD2;CG;N;O,C;CA;CB;N;O,CD1;CD2;CG,5,5,yes,3.8349,N,O1,yes,yes,yes
9I7N,existing_28_cohort,A,1,104,ASN,8,C;CA;CB;CG;N;ND2;O;OD1,C;CA;CB;N;O,CG;ND2;OD1,5,5,yes,3.9088,N,O1,yes,yes,yes
9I7N,existing_28_cohort,A,1,105,GLU,9,C;CA;CB;CD;CG;N;O;OE1;OE2,C;CA;N;O,CB;CD;CG;OE1;OE2,4,4,yes,6.2941,N,O1,no,yes,yes
9I7N,existing_28_cohort,A,1,106,ASN,8,C;CA;CB;CG;N;ND2;O;OD1,C;CA;CB;CG;N;ND2;O;OD1,,8,8,no,3.4645,ND2,C15,yes,yes,not_applicable
9I7N,existing_28_cohort,A,1,107,LYS,9,C;CA;CB;CD;CE;CG;N;NZ;O,C;CA;CB;CD;CE;CG;N;NZ;O,,9,9,no,6.4765,O,C2,no,yes,not_applicable
9I7N,existing_28_cohort,A,1,108,VAL,7,C;CA;CB;CG1;CG2;N;O,C;CA;CB;CG1;CG2;N;O,,7,7,no,3.9383,CG2,C17,yes,yes,not_applicable
9I7N,existing_28_cohort,A,1,109,LEU,8,C;CA;CB;CD1;CD2;CG;N;O,C;CA;CB;CD1;CD2;CG;N;O,,8,8,no,6.4998,N,C2,no,yes,not_applicable
9I7N,existing_28_cohort,A,1,110,VAL,7,C;CA;CB;CG1;CG2;N;O,C;CA;CB;CG1;CG2;N;O,,7,7,no,8.3628,N,C2,no,no,not_applicable
9I7N,existing_28_cohort,A,1,111,LEU,8,C;CA;CB;CD1;CD2;CG;N;O,C;CA;CB;CD1;CD2;CG;N;O,,8,8,no,8.9243,CD1,C3,no,no,not_applicable
9I7N,existing_28_cohort,A,1,112,ASP,8,C;CA;CB;CG;N;O;OD1;OD2,C;CA;CB;CG;N;O;OD1;OD2,,8,8,no,11.3981,O,C3,no,no,not_applicable
9I7N,existing_28_cohort,A,1,113,THR,7,C;CA;CB;CG2;N;O;OG1,C;CA;CB;CG2;N;O;OG1,,7,7,no,13.0476,CB,C3,no,no,not_applicable
9I7N,existing_28_cohort,A,1,114,ASP,8,C;CA;CB;CG;N;O;OD1;OD2,C;CA;CB;CG;N;O;OD1;OD2,,8,8,no,15.6617,N,C3,no,no,not_applicable
9I7N,existing_28_cohort,A,1,115,TYR,12,C;CA;CB;CD1;CD2;CE1;CE2;CG;CZ;N;O;OH,C;CA;CB;CD1;CD2;CE1;CE2;CG;CZ;N;O;OH,,12,12,no,15.7166,CE1,C2,no,no,not_applicable
9I7N,existing_28_cohort,A,1,116,LYS,9,C;CA;CB;CD;CE;CG;N;NZ;O,C;CA;CB;CD;CE;CG;N;NZ;O,,9,9,no,17.7100,N,C3,no,no,not_applicable
9I7N,existing_28_cohort,A,1,117,LYS,9,C;CA;CB;CD;CE;CG;N;NZ;O,C;CA;CB;CD;CE;CG;N;NZ;O,,9,9,no,15.0641,O,C3,no,no,not_applicable
9I7N,existing_28_cohort,A,1,118,TYR,12,C;CA;CB;CD1;CD2;CE1;CE2;CG;CZ;N;O;OH,C;CA;CB;CD1;CD2;CE1;CE2;CG;CZ;N;O;OH,,12,12,no,12.5888,C,C3,no,no,not_applicable
9I7N,existing_28_cohort,A,1,119,LEU,8,C;CA;CB;CD1;CD2;CG;N;O,C;CA;CB;CD1;CD2;CG;N;O,,8,8,no,7.8485,CD2,C3,no,yes,not_applicable
9I7N,existing_28_cohort,A,1,120,LEU,8,C;CA;CB;CD1;CD2;CG;N;O,C;CA;CB;CD1;CD2;CG;N;O,,8,8,no,7.5066,C,C3,no,yes,not_applicable
9I7N,existing_28_cohort,A,1,121,PHE,11,C;CA;CB;CD1;CD2;CE1;CE2;CG;CZ;N;O,C;CA;CB;CD1;CD2;CE1;CE2;CG;CZ;N;O,,11,22,no,1.4928,CE1,C3,yes,yes,not_applicable
9I7N,existing_28_cohort,A,1,122,CYS,6,C;CA;CB;N;O;SG,C;CA;CB;N;O;SG,,6,6,no,4.4743,C,C3,yes,yes,not_applicable
9I7N,existing_28_cohort,A,1,123,MET,8,C;CA;CB;CE;CG;N;O;SD,C;CA;CB;CE;CG;N;O;SD,,8,8,no,3.4872,SD,C8,yes,yes,not_applicable
9I7N,existing_28_cohort,A,1,124,GLU,9,C;CA;CB;CD;CG;N;O;OE1;OE2,C;CA;CB;CD;CG;N;O;OE1;OE2,,9,9,no,6.9812,N,C4,no,yes,not_applicable
9I7N,existing_28_cohort,A,1,125,ASN,8,C;CA;CB;CG;N;ND2;O;OD1,C;CA;CB;CG;N;ND2;O;OD1,,8,8,no,7.4517,CB,O1,no,yes,not_applicable
9I7N,existing_28_cohort,A,1,126,SER,6,C;CA;CB;N;O;OG,C;CA;CB;N;O,OG,5,5,yes,9.4435,N,O1,no,no,uncertain
9I7N,existing_28_cohort,A,1,131,GLN,9,C;CA;CB;CD;CG;N;NE2;O;OE1,C;CA;CB;N;O,CD;CG;NE2;OE1,5,5,yes,12.4602,C,C18,no,no,unlikely
9I7N,existing_28_cohort,A,1,132,SER,6,C;CA;CB;N;O;OG,C;CA;CB;N;O;OG,,6,6,no,9.0007,O,C18,no,no,not_applicable
9I7N,existing_28_cohort,A,1,133,LEU,8,C;CA;CB;CD1;CD2;CG;N;O,C;CA;CB;CD1;CD2;CG;N;O,,8,8,no,6.9082,C,C18,no,yes,not_applicable
9I7N,existing_28_cohort,A,1,134,ALA,5,C;CA;CB;N;O,C;CA;CB;N;O,,5,5,no,3.4523,O,C4,yes,yes,not_applicable
9I7N,existing_28_cohort,A,1,134,VAL,7,C;CA;CB;CG1;CG2;N;O,C;CA;CB;CG1;CG2;N;O,,7,7,no,3.7115,CG1,C18,yes,yes,not_applicable
9I7N,existing_28_cohort,A,1,135,CYS,6,C;CA;CB;N;O;SG,C;CA;CB;N;O;SG,,6,6,no,5.0477,N,C4,no,yes,not_applicable
9I7N,existing_28_cohort,A,1,136,GLN,9,C;CA;CB;CD;CG;N;NE2;O;OE1,C;CA;CB;CD;CG;N;NE2;O;OE1,,9,9,no,4.3666,CG,C4,yes,yes,not_applicable
9I7N,existing_28_cohort,A,1,137,CYS,6,C;CA;CB;N;O;SG,C;CA;CB;N;O;SG,,6,6,no,7.7092,N,C3,no,yes,not_applicable
9I7N,existing_28_cohort,A,1,138,LEU,8,C;CA;CB;CD1;CD2;CG;N;O,C;CA;CB;CD1;CD2;CG;N;O,,8,8,no,6.8564,CD1,C16,no,yes,not_applicable
9I7N,existing_28_cohort,A,1,139,VAL,7,C;CA;CB;CG1;CG2;N;O,C;CA;CB;CG1;CG2;N;O,,7,7,no,11.7048,N,C3,no,no,not_applicable
9I7N,existing_28_cohort,A,1,140,ARG,11,C;CA;CB;CD;CG;CZ;N;NE;NH1;NH2;O,C;CA;CB;CD;CG;CZ;N;NE;NH1;NH2;O,,11,11,no,14.0093,NH1,C16,no,no,not_applicable
9I7N,existing_28_cohort,A,1,141,THR,7,C;CA;CB;CG2;N;O;OG1,C;CA;CB;CG2;N;O;OG1,,7,7,no,16.3100,N,C16,no,no,not_applicable
9I7N,existing_28_cohort,A,1,142,PRO,7,C;CA;CB;CD;CG;N;O,C;CA;CB;CD;CG;N;O,,7,7,no,17.6457,CA,C16,no,no,not_applicable
9I7N,existing_28_cohort,A,1,143,GLU,9,C;CA;CB;CD;CG;N;O;OE1;OE2,C;CA;CB;CD;CG;N;O;OE1;OE2,,9,9,no,17.5043,O,C3,no,no,not_applicable
9I7N,existing_28_cohort,A,1,144,VAL,7,C;CA;CB;CG1;CG2;N;O,C;CA;CB;CG1;CG2;N;O,,7,7,no,18.7310,CA,C3,no,no,not_applicable
9I7N,existing_28_cohort,A,1,145,ASP,8,C;CA;CB;CG;N;O;OD1;OD2,C;CA;CB;CG;N;O;OD1;OD2,,8,8,no,17.4407,O,C3,no,no,not_applicable
9I7N,existing_28_cohort,A,1,146,ASP,8,C;CA;CB;CG;N;O;OD1;OD2,C;CA;CB;CG;N;O;OD1;OD2,,8,8,no,18.9441,O,C3,no,no,not_applicable
9I7N,existing_28_cohort,A,1,147,GLU,9,C;CA;CB;CD;CG;N;O;OE1;OE2,C;CA;CB;CD;CG;N;O;OE1;OE2,,9,9,no,17.6169,O,C3,no,no,not_applicable
9I7N,existing_28_cohort,A,1,148,ALA,5,C;CA;CB;N;O,C;CA;CB;N;O,,5,5,no,14.3850,O,C3,no,no,not_applicable
9I7N,existing_28_cohort,A,1,149,LEU,8,C;CA;CB;CD1;CD2;CG;N;O,C;CA;CB;CD1;CD2;CG;N;O,,8,8,no,14.2382,CD2,C3,no,no,not_applicable
9I7N,existing_28_cohort,A,1,150,GLU,9,C;CA;CB;CD;CG;N;O;OE1;OE2,C;CA;CB;CD;CG;N;O;OE1;OE2,,9,9,no,17.1493,C,C3,no,no,not_applicable
9I7N,existing_28_cohort,A,1,151,LYS,9,C;CA;CB;CD;CE;CG;N;NZ;O,C;CA;CB;CD;CE;CG;N;NZ;O,,9,9,no,14.5393,O,C3,no,no,not_applicable
9I7N,existing_28_cohort,A,1,152,PHE,11,C;CA;CB;CD1;CD2;CE1;CE2;CG;CZ;N;O,C;CA;CB;CD1;CD2;CE1;CE2;CG;CZ;N;O,,11,11,no,8.8384,CE1,C3,no,no,not_applicable
9I7N,existing_28_cohort,A,1,153,ASP,8,C;CA;CB;CG;N;O;OD1;OD2,C;CA;CB;CG;N;O;OD1;OD2,,8,8,no,14.6309,N,C3,no,no,not_applicable
9I7N,existing_28_cohort,A,1,154,LYS,9,C;CA;CB;CD;CE;CG;N;NZ;O,C;CA;CB;CD;CE;CG;N;NZ;O,,9,9,no,16.1996,C,C3,no,no,not_applicable
9I7N,existing_28_cohort,A,1,155,ALA,5,C;CA;CB;N;O,C;CA;CB;N;O,,5,5,no,12.8523,CB,C3,no,no,not_applicable
9I7N,existing_28_cohort,A,1,156,LEU,8,C;CA;CB;CD1;CD2;CG;N;O,C;CA;CB;CD1;CD2;CG;N;O,,8,8,no,10.5338,CD2,C4,no,no,not_applicable
9I7N,existing_28_cohort,A,1,157,LYS,9,C;CA;CB;CD;CE;CG;N;NZ;O,C;CA;CB;CD;CE;CG;N;NZ;O,,9,9,no,15.8589,N,C4,no,no,not_applicable
9I7N,existing_28_cohort,A,1,158,ALA,5,C;CA;CB;N;O,C;CA;N;O,CB,4,4,yes,16.2545,C,C4,no,no,unlikely
9I7N,existing_28_cohort,A,1,159,LEU,8,C;CA;CB;CD1;CD2;CG;N;O,C;CA;CB;CD1;CD2;CG;N;O,,8,8,no,11.5541,CD1,C4,no,no,not_applicable
9I7N,existing_28_cohort,A,1,160,PRO,7,C;CA;CB;CD;CG;N;O,C;CA;CB;CD;CG;N;O,,7,7,no,13.6450,O,C18,no,no,not_applicable
9I7N,existing_28_cohort,A,1,161,MET,8,C;CA;CB;CE;CG;N;O;SD,C;CA;CB;CE;CG;N;O;SD,,8,8,no,8.9586,CE,C4,no,no,not_applicable
9I7N,existing_28_cohort,A,1,162,HIS,10,C;CA;CB;CD2;CE1;CG;N;ND1;NE2;O,C;CA;CB;CD2;CE1;CG;N;ND1;NE2;O,,10,10,no,13.6696,N,C18,no,no,not_applicable
9I7N,existing_28_cohort,A,1,163,ILE,8,C;CA;CB;CD1;CG1;CG2;N;O,C;CA;CB;CD1;CG1;CG2;N;O,,8,8,no,11.0884,CG2,C18,no,no,not_applicable
9I7N,existing_28_cohort,A,1,164,ARG,11,C;CA;CB;CD;CG;CZ;N;NE;NH1;NH2;O,C;CA;CB;CD;CG;CZ;N;NE;NH1;NH2;O,,11,11,no,12.7500,CA,C4,no,no,not_applicable
9I7N,existing_28_cohort,A,1,165,LEU,8,C;CA;CB;CD1;CD2;CG;N;O,C;CA;CB;CD1;CD2;CG;N;O,,8,8,no,11.1373,CD1,C18,no,no,not_applicable
9I7N,existing_28_cohort,A,1,166,SER,6,C;CA;CB;N;O;OG,C;CA;CB;N;O;OG,,6,6,no,13.9288,N,C4,no,no,not_applicable
9I7N,existing_28_cohort,A,1,167,PHE,11,C;CA;CB;CD1;CD2;CE1;CE2;CG;CZ;N;O,C;CA;CB;CD1;CD2;CE1;CE2;CG;CZ;N;O,,11,11,no,11.6621,CE2,C4,no,no,not_applicable
9I7N,existing_28_cohort,A,1,168,ASN,8,C;CA;CB;CG;N;ND2;O;OD1,C;CA;CB;CG;N;ND2;O;OD1,,8,8,no,17.9171,N,C4,no,no,not_applicable
9I7N,existing_28_cohort,A,1,169,PRO,7,C;CA;CB;CD;CG;N;O,C;CA;CB;CD;CG;N;O,,7,7,no,19.5181,O,C16,no,no,not_applicable
9I7N,existing_28_cohort,A,1,170,THR,7,C;CA;CB;CG2;N;O;OG1,C;CA;CB;CG2;N;O;OG1,,7,7,no,19.8501,O,C16,no,no,not_applicable
9I7N,existing_28_cohort,A,1,171,GLN,9,C;CA;CB;CD;CG;N;NE2;O;OE1,C;CA;CB;CD;CG;N;NE2;O;OE1,,9,9,no,16.4573,O,C16,no,no,not_applicable
9I7N,existing_28_cohort,A,1,172,LEU,8,C;CA;CB;CD1;CD2;CG;N;O,C;CA;CB;CD1;CD2;CG;N;O,,8,8,no,13.9964,CD2,C16,no,no,not_applicable
9I7N,existing_28_cohort,A,1,173,GLU,9,C;CA;CB;CD;CG;N;O;OE1;OE2,C;CA;CB;CD;CG;N;O;OE1;OE2,,9,9,no,17.4121,N,C16,no,no,not_applicable
9I7N,existing_28_cohort,A,1,174,GLU,9,C;CA;CB;CD;CG;N;O;OE1;OE2,C;CA;CB;CD;CG;N;O;OE1;OE2,,9,9,no,15.5035,O,C16,no,no,not_applicable
9I7N,existing_28_cohort,A,1,175,GLN,9,C;CA;CB;CD;CG;N;NE2;O;OE1,C;CA;CB;CD;CG;N;NE2;O;OE1,,9,9,no,15.1432,C,C19,no,no,not_applicable
9I7N,existing_28_cohort,A,1,176,CYS,6,C;CA;CB;N;O;SG,C;CA;CB;N;O;SG,,6,6,no,11.8946,SG,C19,no,no,not_applicable
9I7N,existing_28_cohort,A,1,177,HIS,10,C;CA;CB;CD2;CE1;CG;N;ND1;NE2;O,C;CA;CB;CD2;CE1;CG;N;ND1;NE2;O,,10,10,no,11.8201,CE1,C16,no,no,not_applicable
9I7N,existing_28_cohort,A,1,178,ILE,9,C;CA;CB;CD1;CG1;CG2;N;O;OXT[terminal-carboxyl],C;CA;CB;CD1;CG1;CG2;N;O;OXT,,9,9,no,17.1387,CG2,C19,no,no,not_applicable
1FMJ,existing_28_cohort,A,1,8,PRO,7,C;CA;CB;CD;CG;N;O,C;CA;CB;CD;CG;N;O,,7,7,no,26.7251,C,C15,no,no,not_applicable
1FMJ,existing_28_cohort,A,1,9,PHE,11,C;CA;CB;CD1;CD2;CE1;CE2;CG;CZ;N;O,C;CA;CB;CD1;CD2;CE1;CE2;CG;CZ;N;O,,11,11,no,20.2469,CZ,C15,no,no,not_applicable
1FMJ,existing_28_cohort,A,1,10,PRO,7,C;CA;CB;CD;CG;N;O,C;CA;CB;CD;CG;N;O,,7,7,no,24.9111,CD,C15,no,no,not_applicable
1FMJ,existing_28_cohort,A,1,11,TYR,12,C;CA;CB;CD1;CD2;CE1;CE2;CG;CZ;N;O;OH,C;CA;CB;CD1;CD2;CE1;CE2;CG;CZ;N;O;OH,,12,12,no,21.4092,CE1,C15,no,no,not_applicable
1FMJ,existing_28_cohort,A,1,12,GLU,9,C;CA;CB;CD;CG;N;O;OE1;OE2,C;CA;CB;CD;CG;N;O;OE1;OE2,,9,9,no,23.0852,O,C15,no,no,not_applicable
1FMJ,existing_28_cohort,A,1,13,PHE,11,C;CA;CB;CD1;CD2;CE1;CE2;CG;CZ;N;O,C;CA;CB;CD1;CD2;CE1;CE2;CG;CZ;N;O,,11,11,no,20.8018,CE1,C3,no,no,not_applicable
1FMJ,existing_28_cohort,A,1,14,ARG,11,C;CA;CB;CD;CG;CZ;N;NE;NH1;NH2;O,C;CA;CB;CD;CG;CZ;N;NE;NH1;NH2;O,,11,11,no,21.0652,O,C16,no,no,not_applicable
1FMJ,existing_28_cohort,A,1,15,GLU,9,C;CA;CB;CD;CG;N;O;OE1;OE2,C;CA;CB;CD;CG;N;O;OE1;OE2,,9,9,no,19.2978,OE1,C3,no,no,not_applicable
1FMJ,existing_28_cohort,A,1,16,LEU,8,C;CA;CB;CD1;CD2;CG;N;O,C;CA;CB;CD1;CD2;CG;N;O,,8,8,no,17.4567,CD1,C16,no,no,not_applicable
1FMJ,existing_28_cohort,A,1,17,ASN,8,C;CA;CB;CG;N;ND2;O;OD1,C;CA;CB;CG;N;ND2;O;OD1,,8,8,no,22.9665,O,C16,no,no,not_applicable
1FMJ,existing_28_cohort,A,1,18,PRO,7,C;CA;CB;CD;CG;N;O,C;CA;CB;CD;CG;N;O,,7,7,no,23.5058,O,C16,no,no,not_applicable
1FMJ,existing_28_cohort,A,1,19,GLU,9,C;CA;CB;CD;CG;N;O;OE1;OE2,C;CA;CB;CD;CG;N;O;OE1;OE2,,9,9,no,22.9640,O,C16,no,no,not_applicable
1FMJ,existing_28_cohort,A,1,20,GLU,9,C;CA;CB;CD;CG;N;O;OE1;OE2,C;CA;CB;CD;CG;N;O;OE1;OE2,,9,9,no,19.8023,O,C16,no,no,not_applicable
1FMJ,existing_28_cohort,A,1,21,ASP,8,C;CA;CB;CG;N;O;OD1;OD2,C;CA;CB;CG;N;O;OD1;OD2,,8,8,no,18.4885,OD1,C16,no,no,not_applicable
1FMJ,existing_28_cohort,A,1,22,LYS,9,C;CA;CB;CD;CE;CG;N;NZ;O,C;CA;CB;CD;CE;CG;N;NZ;O,,9,9,no,19.9709,O,C16,no,no,not_applicable
1FMJ,existing_28_cohort,A,1,23,LEU,8,C;CA;CB;CD1;CD2;CG;N;O,C;CA;CB;CD1;CD2;CG;N;O,,8,8,no,17.8901,O,C16,no,no,not_applicable
1FMJ,existing_28_cohort,A,1,24,VAL,7,C;CA;CB;CG1;CG2;N;O,C;CA;CB;CG1;CG2;N;O,,7,7,no,14.6150,CG1,C16,no,no,not_applicable
1FMJ,existing_28_cohort,A,1,25,LYS,9,C;CA;CB;CD;CE;CG;N;NZ;O,C;CA;CB;CD;CE;CG;N;NZ;O,,9,9,no,15.8639,CE,C2,no,no,not_applicable
1FMJ,existing_28_cohort,A,1,26,ALA,5,C;CA;CB;N;O,C;CA;CB;N;O,,5,5,no,16.8002,C,C16,no,no,not_applicable
1FMJ,existing_28_cohort,A,1,27,ASN,8,C;CA;CB;CG;N;ND2;O;OD1,C;CA;CB;CG;N;ND2;O;OD1,,8,8,no,12.6310,O,C16,no,no,not_applicable
1FMJ,existing_28_cohort,A,1,28,LEU,8,C;CA;CB;CD1;CD2;CG;N;O,C;CA;CB;CD1;CD2;CG;N;O,,8,8,no,10.8978,O,C16,no,no,not_applicable
1FMJ,existing_28_cohort,A,1,29,GLY,4,C;CA;N;O,C;CA;N;O,,4,4,no,12.1379,O,C2,no,no,not_applicable
1FMJ,existing_28_cohort,A,1,30,ALA,5,C;CA;CB;N;O,C;CA;CB;N;O,,5,5,no,9.5386,O,C2,no,no,not_applicable
1FMJ,existing_28_cohort,A,1,31,PHE,11,C;CA;CB;CD1;CD2;CE1;CE2;CG;CZ;N;O,C;CA;CB;CD1;CD2;CE1;CE2;CG;CZ;N;O,,11,11,no,3.9250,CE1,C2,yes,yes,not_applicable
1FMJ,existing_28_cohort,A,1,32,PRO,7,C;CA;CB;CD;CG;N;O,C;CA;CB;CD;CG;N;O,,7,7,no,6.4895,CD,C2,no,yes,not_applicable
1FMJ,existing_28_cohort,A,1,33,THR,7,C;CA;CB;CG2;N;O;OG1,C;CA;CB;CG2;N;O;OG1,,7,7,no,6.2699,OG1,C3,no,yes,not_applicable
1FMJ,existing_28_cohort,A,1,34,THR,7,C;CA;CB;CG2;N;O;OG1,C;CA;CB;CG2;N;O;OG1,,7,7,no,10.7387,N,C3,no,no,not_applicable
1FMJ,existing_28_cohort,A,1,35,TYR,12,C;CA;CB;CD1;CD2;CE1;CE2;CG;CZ;N;O;OH,C;CA;CB;CD1;CD2;CE1;CE2;CG;CZ;N;O;OH,,12,12,no,10.4815,OH,C16,no,no,not_applicable
1FMJ,existing_28_cohort,A,1,36,VAL,7,C;CA;CB;CG1;CG2;N;O,C;CA;CB;CG1;CG2;N;O,,7,7,no,16.1740,N,C16,no,no,not_applicable
1FMJ,existing_28_cohort,A,1,37,LYS,9,C;CA;CB;CD;CE;CG;N;NZ;O,C;CA;CB;CD;CE;CG;N;NZ;O,,9,9,no,19.2908,N,C16,no,no,not_applicable
1FMJ,existing_28_cohort,A,1,38,LEU,8,C;CA;CB;CD1;CD2;CG;N;O,C;CA;CB;CD1;CD2;CG;N;O,,8,8,no,17.3958,CD2,C15,no,no,not_applicable
1FMJ,existing_28_cohort,A,1,39,GLY,4,C;CA;N;O,C;CA;N;O,,4,4,no,20.9989,N,C15,no,no,not_applicable
1FMJ,existing_28_cohort,A,1,40,PRO,7,C;CA;CB;CD;CG;N;O,C;CA;CB;CD;CG;N;O,,7,7,no,23.3397,N,C15,no,no,not_applicable
1FMJ,existing_28_cohort,A,1,41,LYS,9,C;CA;CB;CD;CE;CG;N;NZ;O,C;CA;CB;CD;CE;CG;N;NZ;O,,9,9,no,20.2528,O,C15,no,no,not_applicable
1FMJ,existing_28_cohort,A,1,42,GLY,4,C;CA;N;O,C;CA;N;O,,4,4,no,18.2136,O,C15,no,no,not_applicable
1FMJ,existing_28_cohort,A,1,43,TYR,12,C;CA;CB;CD1;CD2;CE1;CE2;CG;CZ;N;O;OH,C;CA;CB;CD1;CD2;CE1;CE2;CG;CZ;N;O;OH,,12,12,no,15.5287,CD2,C15,no,no,not_applicable
1FMJ,existing_28_cohort,A,1,44,MET,8,C;CA;CB;CE;CG;N;O;SD,C;CA;CB;CE;CG;N;O;SD,,8,8,no,12.4639,O,C15,no,no,not_applicable
1FMJ,existing_28_cohort,A,1,45,VAL,7,C;CA;CB;CG1;CG2;N;O,C;CA;CB;CG1;CG2;N;O,,7,7,no,13.3369,CA,C15,no,no,not_applicable
1FMJ,existing_28_cohort,A,1,46,TYR,12,C;CA;CB;CD1;CD2;CE1;CE2;CG;CZ;N;O;OH,C;CA;CB;CD1;CD2;CE1;CE2;CG;CZ;N;O;OH,,12,12,no,7.3154,OH,C16,no,yes,not_applicable
1FMJ,existing_28_cohort,A,1,47,ARG,11,C;CA;CB;CD;CG;CZ;N;NE;NH1;NH2;O,C;CA;CB;CD;CG;CZ;N;NE;NH1;NH2;O,,11,11,no,12.7045,N,C3,no,no,not_applicable
1FMJ,existing_28_cohort,A,1,48,PRO,7,C;CA;CB;CD;CG;N;O,C;CA;CB;CD;CG;N;O,,7,7,no,9.8454,CG,C4,no,no,not_applicable
1FMJ,existing_28_cohort,A,1,49,TYR,12,C;CA;CB;CD1;CD2;CE1;CE2;CG;CZ;N;O;OH,C;CA;CB;CD1;CD2;CE1;CE2;CG;CZ;N;O;OH,,12,12,no,12.8963,N,C4,no,no,not_applicable
1FMJ,existing_28_cohort,A,1,50,LEU,8,C;CA;CB;CD1;CD2;CG;N;O,C;CA;CB;CD1;CD2;CG;N;O,,8,8,no,15.6120,N,C4,no,no,not_applicable
1FMJ,existing_28_cohort,A,1,51,LYS,9,C;CA;CB;CD;CE;CG;N;NZ;O,C;CA;CB;CD;CE;CG;N;NZ;O,,9,9,no,10.9424,NZ,C4,no,no,not_applicable
1FMJ,existing_28_cohort,A,1,52,ASP,8,C;CA;CB;CG;N;O;OD1;OD2,C;CA;CB;CG;N;O;OD1;OD2,,8,8,no,15.2735,OD2,C18,no,no,not_applicable
1FMJ,existing_28_cohort,A,1,53,ALA,5,C;CA;CB;N;O,C;CA;CB;N;O,,5,5,no,17.9793,N,C18,no,no,not_applicable
1FMJ,existing_28_cohort,A,1,54,ALA,5,C;CA;CB;N;O,C;CA;CB;N;O,,5,5,no,20.3445,N,C15,no,no,not_applicable
1FMJ,existing_28_cohort,A,1,55,ASN,8,C;CA;CB;CG;N;ND2;O;OD1,C;CA;CB;CG;N;ND2;O;OD1,,8,8,no,19.7810,C,O1,no,no,not_applicable
1FMJ,existing_28_cohort,A,1,56,ILE,8,C;CA;CB;CD1;CG1;CG2;N;O,C;CA;CB;CD1;CG1;CG2;N;O,,8,8,no,14.4990,CD1,C15,no,no,not_applicable
1FMJ,existing_28_cohort,A,1,57,TYR,12,C;CA;CB;CD1;CD2;CE1;CE2;CG;CZ;N;O;OH,C;CA;CB;CD1;CD2;CE1;CE2;CG;CZ;N;O;OH,,12,12,no,19.2427,N,O1,no,no,not_applicable
1FMJ,existing_28_cohort,A,1,58,ASN,8,C;CA;CB;CG;N;ND2;O;OD1,C;CA;CB;CG;N;ND2;O;OD1,,8,8,no,21.4203,N,O1,no,no,not_applicable
1FMJ,existing_28_cohort,A,1,59,MET,8,C;CA;CB;CE;CG;N;O;SD,C;CA;CB;CE;CG;N;O;SD,,8,8,no,16.1277,CE,O1,no,no,not_applicable
1FMJ,existing_28_cohort,A,1,60,PRO,7,C;CA;CB;CD;CG;N;O,C;CA;CB;CD;CG;N;O,,7,7,no,20.9374,O,O1,no,no,not_applicable
1FMJ,existing_28_cohort,A,1,61,LEU,8,C;CA;CB;CD1;CD2;CG;N;O,C;CA;CB;CD1;CD2;CG;N;O,,8,8,no,18.9166,CD2,O1,no,no,not_applicable
1FMJ,existing_28_cohort,A,1,62,ARG,11,C;CA;CB;CD;CG;CZ;N;NE;NH1;NH2;O,C;CA;CB;CD;CG;CZ;N;NE;NH1;NH2;O,,11,11,no,21.8295,O,O1,no,no,not_applicable
1FMJ,existing_28_cohort,A,1,63,PRO,7,C;CA;CB;CD;CG;N;O,C;CA;CB;CD;CG;N;O,,7,7,no,23.2981,O,O1,no,no,not_applicable
1FMJ,existing_28_cohort,A,1,64,THR,7,C;CA;CB;CG2;N;O;OG1,C;CA;CB;CG2;N;O;OG1,,7,7,no,20.3133,O,O1,no,no,not_applicable
1FMJ,existing_28_cohort,A,1,65,ASP,8,C;CA;CB;CG;N;O;OD1;OD2,C;CA;CB;CG;N;O;OD1;OD2,,8,8,no,18.3403,C,O1,no,no,not_applicable
1FMJ,existing_28_cohort,A,1,66,VAL,7,C;CA;CB;CG1;CG2;N;O,C;CA;CB;CG1;CG2;N;O,,7,7,no,14.3826,O,O1,no,no,not_applicable
1FMJ,existing_28_cohort,A,1,67,PHE,11,C;CA;CB;CD1;CD2;CE1;CE2;CG;CZ;N;O,C;CA;CB;CD1;CD2;CE1;CE2;CG;CZ;N;O,,11,11,no,12.7995,C,O1,no,no,not_applicable
1FMJ,existing_28_cohort,A,1,68,VAL,7,C;CA;CB;CG1;CG2;N;O,C;CA;CB;CG1;CG2;N;O,,7,7,no,8.9731,O,O1,no,no,not_applicable
1FMJ,existing_28_cohort,A,1,69,ALA,5,C;CA;CB;N;O,C;CA;CB;N;O,,5,5,no,9.7268,C,O1,no,no,not_applicable
1FMJ,existing_28_cohort,A,1,70,SER,6,C;CA;CB;N;O;OG,C;CA;CB;N;O;OG,,6,6,no,7.2698,OG,O1,no,yes,not_applicable
1FMJ,existing_28_cohort,A,1,71,TYR,12,C;CA;CB;CD1;CD2;CE1;CE2;CG;CZ;N;O;OH,C;CA;CB;CD1;CD2;CE1;CE2;CG;CZ;N;O;OH,,12,12,no,7.8355,C,O1,no,yes,not_applicable
1FMJ,existing_28_cohort,A,1,72,GLN,9,C;CA;CB;CD;CG;N;NE2;O;OE1,C;CA;CB;CD;CG;N;NE2;O;OE1,,9,9,no,5.1654,NE2,C15,no,yes,not_applicable
1FMJ,existing_28_cohort,A,1,73,ARG,11,C;CA;CB;CD;CG;CZ;N;NE;NH1;NH2;O,C;CA;CB;CD;CG;CZ;N;NE;NH1;NH2;O,,11,11,no,5.6700,NH1,C14,no,yes,not_applicable
1FMJ,existing_28_cohort,A,1,74,SER,6,C;CA;CB;N;O;OG,C;CA;CB;N;O;OG,,6,6,no,8.2373,N,O1,no,no,not_applicable
1FMJ,existing_28_cohort,A,1,75,GLY,4,C;CA;N;O,C;CA;N;O,,4,4,no,9.0341,N,O1,no,no,not_applicable
1FMJ,existing_28_cohort,A,1,76,THR,7,C;CA;CB;CG2;N;O;OG1,C;CA;CB;CG2;N;O;OG1,,7,7,no,6.0690,OG1,O1,no,yes,not_applicable
1FMJ,existing_28_cohort,A,1,77,THR,7,C;CA;CB;CG2;N;O;OG1,C;CA;CB;CG2;N;O;OG1,,7,7,no,6.4012,OG1,O1,no,yes,not_applicable
1FMJ,existing_28_cohort,A,1,78,MET,8,C;CA;CB;CE;CG;N;O;SD,C;CA;CB;CE;CG;N;O;SD,,8,8,no,10.0773,N,O1,no,no,not_applicable
1FMJ,existing_28_cohort,A,1,79,THR,7,C;CA;CB;CG2;N;O;OG1,C;CA;CB;CG2;N;O;OG1,,7,7,no,11.5268,N,O1,no,no,not_applicable
1FMJ,existing_28_cohort,A,1,80,GLN,9,C;CA;CB;CD;CG;N;NE2;O;OE1,C;CA;CB;CD;CG;N;NE2;O;OE1,,9,9,no,6.3876,NE2,O1,no,yes,not_applicable
1FMJ,existing_28_cohort,A,1,81,GLU,9,C;CA;CB;CD;CG;N;O;OE1;OE2,C;CA;CB;CD;CG;N;O;OE1;OE2,,9,9,no,12.2946,N,O1,no,no,not_applicable
1FMJ,existing_28_cohort,A,1,82,LEU,8,C;CA;CB;CD1;CD2;CG;N;O,C;CA;CB;CD1;CD2;CG;N;O,,8,8,no,14.8308,N,O1,no,no,not_applicable
1FMJ,existing_28_cohort,A,1,83,VAL,7,C;CA;CB;CG1;CG2;N;O,C;CA;CB;CG1;CG2;N;O,,7,7,no,14.9762,CG2,O1,no,no,not_applicable
1FMJ,existing_28_cohort,A,1,84,TRP,14,C;CA;CB;CD1;CD2;CE2;CE3;CG;CH2;CZ2;CZ3;N;NE1;O,C;CA;CB;CD1;CD2;CE2;CE3;CG;CH2;CZ2;CZ3;N;NE1;O,,14,14,no,15.4177,CD1,C20,no,no,not_applicable
1FMJ,existing_28_cohort,A,1,85,LEU,8,C;CA;CB;CD1;CD2;CG;N;O,C;CA;CB;CD1;CD2;CG;N;O,,8,8,no,17.8271,N,O1,no,no,not_applicable
1FMJ,existing_28_cohort,A,1,86,ILE,8,C;CA;CB;CD1;CG1;CG2;N;O,C;CA;CB;CD1;CG1;CG2;N;O,,8,8,no,19.8785,N,O1,no,no,not_applicable
1FMJ,existing_28_cohort,A,1,87,GLU,9,C;CA;CB;CD;CG;N;O;OE1;OE2,C;CA;CB;CD;CG;N;O;OE1;OE2,,9,9,no,19.3143,CG,O1,no,no,not_applicable
1FMJ,existing_28_cohort,A,1,88,ASN,8,C;CA;CB;CG;N;ND2;O;OD1,C;CA;CB;CG;N;ND2;O;OD1,,8,8,no,19.4112,ND2,C20,no,no,not_applicable
1FMJ,existing_28_cohort,A,1,89,ASP,8,C;CA;CB;CG;N;O;OD1;OD2,C;CA;CB;CG;N;O;OD1;OD2,,8,8,no,23.9471,N,O1,no,no,not_applicable
1FMJ,existing_28_cohort,A,1,90,LEU,8,C;CA;CB;CD1;CD2;CG;N;O,C;CA;CB;CD1;CD2;CG;N;O,,8,8,no,23.2588,CA,C20,no,no,not_applicable
1FMJ,existing_28_cohort,A,1,91,ASN,8,C;CA;CB;CG;N;ND2;O;OD1,C;CA;CB;CG;N;ND2;O;OD1,,8,8,no,20.8451,O,C20,no,no,not_applicable
1FMJ,existing_28_cohort,A,1,92,PHE,11,C;CA;CB;CD1;CD2;CE1;CE2;CG;CZ;N;O,C;CA;CB;CD1;CD2;CE1;CE2;CG;CZ;N;O,,11,11,no,19.8548,O,C20,no,no,not_applicable
1FMJ,existing_28_cohort,A,1,93,GLU,9,C;CA;CB;CD;CG;N;O;OE1;OE2,C;CA;CB;CD;CG;N;O;OE1;OE2,,9,9,no,20.5440,O,C20,no,no,not_applicable
1FMJ,existing_28_cohort,A,1,94,ALA,5,C;CA;CB;N;O,C;CA;CB;N;O,,5,5,no,18.0338,O,C20,no,no,not_applicable
1FMJ,existing_28_cohort,A,1,95,ALA,5,C;CA;CB;N;O,C;CA;CB;N;O,,5,5,no,15.4380,O,C20,no,no,not_applicable
1FMJ,existing_28_cohort,A,1,96,LYS,9,C;CA;CB;CD;CE;CG;N;NZ;O,C;CA;CB;CD;CE;CG;N;NZ;O,,9,9,no,15.6939,O,C20,no,no,not_applicable
1FMJ,existing_28_cohort,A,1,97,THR,7,C;CA;CB;CG2;N;O;OG1,C;CA;CB;CG2;N;O;OG1,,7,7,no,13.4003,O,C20,no,no,not_applicable
1FMJ,existing_28_cohort,A,1,98,TYR,12,C;CA;CB;CD1;CD2;CE1;CE2;CG;CZ;N;O;OH,C;CA;CB;CD1;CD2;CE1;CE2;CG;CZ;N;O;OH,,12,12,no,10.9765,C,C20,no,no,not_applicable
1FMJ,existing_28_cohort,A,1,99,MET,8,C;CA;CB;CE;CG;N;O;SD,C;CA;CB;CE;CG;N;O;SD,,8,8,no,8.4257,CG,C20,no,no,not_applicable
1FMJ,existing_28_cohort,A,1,100,SER,6,C;CA;CB;N;O;OG,C;CA;CB;N;O;OG,,6,6,no,7.4684,CB,C20,no,yes,not_applicable
1FMJ,existing_28_cohort,A,1,101,LEU,8,C;CA;CB;CD1;CD2;CG;N;O,C;CA;CB;CD1;CD2;CG;N;O,,8,8,no,10.4920,N,C20,no,no,not_applicable
1FMJ,existing_28_cohort,A,1,102,ARG,11,C;CA;CB;CD;CG;CZ;N;NE;NH1;NH2;O,C;CA;CB;CD;CG;CZ;N;NE;NH1;NH2;O,,11,11,no,12.0797,N,C20,no,no,not_applicable
1FMJ,existing_28_cohort,A,1,103,TYR,12,C;CA;CB;CD1;CD2;CE1;CE2;CG;CZ;N;O;OH,C;CA;CB;CD1;CD2;CE1;CE2;CG;CZ;N;O;OH,,12,12,no,9.8767,O,C20,no,no,not_applicable
1FMJ,existing_28_cohort,A,1,104,ILE,8,C;CA;CB;CD1;CG1;CG2;N;O,C;CA;CB;CD1;CG1;CG2;N;O,,8,8,no,9.7224,O,O1,no,no,not_applicable
1FMJ,existing_28_cohort,A,1,105,TYR,12,C;CA;CB;CD1;CD2;CE1;CE2;CG;CZ;N;O;OH,C;CA;CB;CD1;CD2;CE1;CE2;CG;CZ;N;O;OH,,12,12,no,3.1735,OH,C15,yes,yes,not_applicable
1FMJ,existing_28_cohort,A,1,106,LEU,8,C;CA;CB;CD1;CD2;CG;N;O,C;CA;CB;CD1;CD2;CG;N;O,,8,8,no,9.1630,N,O1,no,no,not_applicable
1FMJ,existing_28_cohort,A,1,107,ASP,8,C;CA;CB;CG;N;O;OD1;OD2,C;CA;CB;CG;N;O;OD1;OD2,,8,8,no,7.1674,OD2,C15,no,yes,not_applicable
1FMJ,existing_28_cohort,A,1,108,GLY,4,C;CA;N;O,C;CA;N;O,,4,4,no,6.0894,O,C10,no,yes,not_applicable
1FMJ,existing_28_cohort,A,1,109,PHE,11,C;CA;CB;CD1;CD2;CE1;CE2;CG;CZ;N;O,C;CA;CB;CD1;CD2;CE1;CE2;CG;CZ;N;O,,11,11,no,7.0199,O,C18,no,yes,not_applicable
1FMJ,existing_28_cohort,A,1,110,MET,8,C;CA;CB;CE;CG;N;O;SD,C;CA;CB;CE;CG;N;O;SD,,8,8,no,8.3479,C,C4,no,no,not_applicable
1FMJ,existing_28_cohort,A,1,111,ILE,8,C;CA;CB;CD1;CG1;CG2;N;O,C;CA;CB;CD1;CG1;CG2;N;O,,8,8,no,4.0959,CD1,C16,yes,yes,not_applicable
1FMJ,existing_28_cohort,A,1,112,TYR,12,C;CA;CB;CD1;CD2;CE1;CE2;CG;CZ;N;O;OH,C;CA;CB;CD1;CD2;CE1;CE2;CG;CZ;N;O;OH,,12,12,no,3.6063,CD1,C4,yes,yes,not_applicable
1FMJ,existing_28_cohort,A,1,113,ASP,8,C;CA;CB;CG;N;O;OD1;OD2,C;CA;CB;CG;N;O;OD1;OD2,,8,8,no,6.3961,N,C4,no,yes,not_applicable
1FMJ,existing_28_cohort,A,1,114,PRO,7,C;CA;CB;CD;CG;N;O,C;CA;CB;CD;CG;N;O,,7,7,no,8.2487,N,C4,no,no,not_applicable
1FMJ,existing_28_cohort,A,1,115,GLU,9,C;CA;CB;CD;CG;N;O;OE1;OE2,C;CA;CB;CD;CG;N;O;OE1;OE2,,9,9,no,10.4257,N,C4,no,no,not_applicable
1FMJ,existing_28_cohort,A,1,116,LYS,9,C;CA;CB;CD;CE;CG;N;NZ;O,C;CA;CB;CD;CE;CG;N;NZ;O,,9,9,no,7.7479,O,C3,no,yes,not_applicable
1FMJ,existing_28_cohort,A,1,117,GLN,9,C;CA;CB;CD;CG;N;NE2;O;OE1,C;CA;CB;CD;CG;N;NE2;O;OE1,,9,9,no,7.3588,O,C3,no,yes,not_applicable
1FMJ,existing_28_cohort,A,1,118,GLU,9,C;CA;CB;CD;CG;N;O;OE1;OE2,C;CA;CB;CD;CG;N;O;OE1;OE2,,9,9,no,9.2481,N,C3,no,no,not_applicable
1FMJ,existing_28_cohort,A,1,119,GLU,9,C;CA;CB;CD;CG;N;O;OE1;OE2,C;CA;CB;CD;CG;N;O;OE1;OE2,,9,9,no,7.6026,C,C3,no,yes,not_applicable
1FMJ,existing_28_cohort,A,1,120,TYR,12,C;CA;CB;CD1;CD2;CE1;CE2;CG;CZ;N;O;OH,C;CA;CB;CD1;CD2;CE1;CE2;CG;CZ;N;O;OH,,12,12,no,3.5374,CD2,C3,yes,yes,not_applicable
1FMJ,existing_28_cohort,A,1,121,ASN,8,C;CA;CB;CG;N;ND2;O;OD1,C;CA;CB;CG;N;ND2;O;OD1,,8,8,no,6.7419,N,C3,no,yes,not_applicable
1FMJ,existing_28_cohort,A,1,122,ASP,8,C;CA;CB;CG;N;O;OD1;OD2,C;CA;CB;CG;N;O;OD1;OD2,,8,8,no,8.6192,N,C2,no,no,not_applicable
1FMJ,existing_28_cohort,A,1,123,ILE,8,C;CA;CB;CD1;CG1;CG2;N;O,C;CA;CB;CD1;CG1;CG2;N;O,,8,8,no,4.3909,CD1,C2,yes,yes,not_applicable
1FMJ,existing_28_cohort,A,1,124,LEU,8,C;CA;CB;CD1;CD2;CG;N;O,C;CA;CB;CD1;CD2;CG;N;O,,8,8,no,5.8069,CD2,C17,no,yes,not_applicable
1FMJ,existing_28_cohort,A,1,125,PRO,7,C;CA;CB;CD;CG;N;O,C;CA;CB;CD;CG;N;O,,7,7,no,10.0296,CD,C17,no,no,not_applicable
1FMJ,existing_28_cohort,A,1,126,ASN,8,C;CA;CB;CG;N;ND2;O;OD1,C;CA;CB;CG;N;ND2;O;OD1,,8,8,no,11.8266,O,C17,no,no,not_applicable
1FMJ,existing_28_cohort,A,1,127,PRO,7,C;CA;CB;CD;CG;N;O,C;CA;CB;CD;CG;N;O,,7,7,no,11.1483,CA,C17,no,no,not_applicable
1FMJ,existing_28_cohort,A,1,128,GLU,9,C;CA;CB;CD;CG;N;O;OE1;OE2,C;CA;CB;N;O,CD;CG;OE1;OE2,5,5,yes,13.1979,N,C17,no,no,unlikely
1FMJ,existing_28_cohort,A,1,129,ASN,8,C;CA;CB;CG;N;ND2;O;OD1,C;CA;CB;N;O,CG;ND2;OD1,5,5,yes,12.2867,O,C17,no,no,unlikely
1FMJ,existing_28_cohort,A,1,130,LEU,8,C;CA;CB;CD1;CD2;CG;N;O,C;CA;CB;CD1;CD2;CG;N;O,,8,8,no,8.0177,CD2,C17,no,no,not_applicable
1FMJ,existing_28_cohort,A,1,131,ASP,8,C;CA;CB;CG;N;O;OD1;OD2,C;CA;CB;CG;N;O;OD1;OD2,,8,8,no,11.4809,O,C18,no,no,not_applicable
1FMJ,existing_28_cohort,A,1,132,MET,8,C;CA;CB;CE;CG;N;O;SD,C;CA;CB;CE;CG;N;O;SD,,8,8,no,11.1023,O,C18,no,no,not_applicable
1FMJ,existing_28_cohort,A,1,133,GLU,9,C;CA;CB;CD;CG;N;O;OE1;OE2,C;CA;CB;CD;CG;N;O;OE1;OE2,,9,9,no,11.2462,O,C18,no,no,not_applicable
1FMJ,existing_28_cohort,A,1,134,ARG,11,C;CA;CB;CD;CG;CZ;N;NE;NH1;NH2;O,C;CA;CB;CD;CG;CZ;N;NE;NH1;NH2;O,,11,11,no,8.1224,O,C18,no,no,not_applicable
1FMJ,existing_28_cohort,A,1,135,TYR,12,C;CA;CB;CD1;CD2;CE1;CE2;CG;CZ;N;O;OH,C;CA;CB;CD1;CD2;CE1;CE2;CG;CZ;N;O;OH,,12,12,no,5.1860,OH,C3,no,yes,not_applicable
1FMJ,existing_28_cohort,A,1,136,LEU,8,C;CA;CB;CD1;CD2;CG;N;O,C;CA;CB;CD1;CD2;CG;N;O,,8,8,no,8.0930,O,C18,no,no,not_applicable
1FMJ,existing_28_cohort,A,1,137,GLY,4,C;CA;N;O,C;CA;N;O,,4,4,no,7.5902,C,C18,no,yes,not_applicable
1FMJ,existing_28_cohort,A,1,138,LEU,8,C;CA;CB;CD1;CD2;CG;N;O,C;CA;CB;CD1;CD2;CG;N;O,,8,8,no,4.2730,O,C18,yes,yes,not_applicable
1FMJ,existing_28_cohort,A,1,139,LEU,8,C;CA;CB;CD1;CD2;CG;N;O,C;CA;CB;CD1;CD2;CG;N;O,,8,8,no,3.4369,CD2,C4,yes,yes,not_applicable
1FMJ,existing_28_cohort,A,1,140,GLU,9,C;CA;CB;CD;CG;N;O;OE1;OE2,C;CA;CB;CD;CG;N;O;OE1;OE2,,9,9,no,6.9308,N,C18,no,yes,not_applicable
1FMJ,existing_28_cohort,A,1,141,TYR,12,C;CA;CB;CD1;CD2;CE1;CE2;CG;CZ;N;O;OH,C;CA;CB;CD1;CD2;CE1;CE2;CG;CZ;N;O;OH,,12,12,no,7.1869,C,C18,no,yes,not_applicable
1FMJ,existing_28_cohort,A,1,142,SER,6,C;CA;CB;N;O;OG,C;CA;CB;N;O;OG,,6,6,no,3.3657,OG,C18,yes,yes,not_applicable
1FMJ,existing_28_cohort,A,1,143,SER,6,C;CA;CB;N;O;OG,C;CA;CB;N;O;OG,,6,6,no,7.1508,N,C18,no,yes,not_applicable
1FMJ,existing_28_cohort,A,1,144,ARG,11,C;CA;CB;CD;CG;CZ;N;NE;NH1;NH2;O,C;CA;CB;CD;CG;CZ;N;NE;NH1;NH2;O,,11,11,no,9.5009,N,C18,no,no,not_applicable
1FMJ,existing_28_cohort,A,1,145,PRO,7,C;CA;CB;CD;CG;N;O,C;CA;CB;CD;CG;N;O,,7,7,no,12.0740,N,C18,no,no,not_applicable
1FMJ,existing_28_cohort,A,1,146,GLY,4,C;CA;N;O,C;CA;N;O,,4,4,no,12.7410,N,C18,no,no,not_applicable
1FMJ,existing_28_cohort,A,1,147,SER,6,C;CA;CB;N;O;OG,C;CA;CB;N;O;OG,,6,6,no,15.4540,N,C18,no,no,not_applicable
1FMJ,existing_28_cohort,A,1,148,SER,6,C;CA;CB;N;O;OG,C;CA;CB;N;O;OG,,6,6,no,14.8009,OG,C18,no,no,not_applicable
1FMJ,existing_28_cohort,A,1,149,LEU,8,C;CA;CB;CD1;CD2;CG;N;O,C;CA;CB;CD1;CD2;CG;N;O,,8,8,no,11.4902,CD1,C18,no,no,not_applicable
1FMJ,existing_28_cohort,A,1,150,LEU,8,C;CA;CB;CD1;CD2;CG;N;O,C;CA;CB;CD1;CD2;CG;N;O,,8,8,no,14.5090,CD2,O1,no,no,not_applicable
1FMJ,existing_28_cohort,A,1,151,ALA,5,C;CA;CB;N;O,C;CA;CB;N;O,,5,5,no,19.0590,N,O1,no,no,not_applicable
1FMJ,existing_28_cohort,A,1,152,ALA,5,C;CA;CB;N;O,C;CA;CB;N;O,,5,5,no,18.6163,CB,C18,no,no,not_applicable
1FMJ,existing_28_cohort,A,1,153,VAL,7,C;CA;CB;CG1;CG2;N;O,C;CA;CB;CG1;CG2;N;O,,7,7,no,17.5831,CG2,C20,no,no,not_applicable
1FMJ,existing_28_cohort,A,1,154,PRO,7,C;CA;CB;CD;CG;N;O,C;CA;CB;CD;CG;N;O,,7,7,no,21.9414,CD,C20,no,no,not_applicable
1FMJ,existing_28_cohort,A,1,155,PRO,7,C;CA;CB;CD;CG;N;O,C;CA;CB;CD;CG;N;O,,7,7,no,24.8554,N,C20,no,no,not_applicable
1FMJ,existing_28_cohort,A,1,156,THR,7,C;CA;CB;CG2;N;O;OG1,C;CA;CB;CG2;N;O;OG1,,7,7,no,24.8216,C,C20,no,no,not_applicable
1FMJ,existing_28_cohort,A,1,157,GLU,9,C;CA;CB;CD;CG;N;O;OE1;OE2,C;CA;CB;CD;CG;N;O;OE1;OE2,,9,9,no,18.4236,OE2,C20,no,no,not_applicable
1FMJ,existing_28_cohort,A,1,158,LYS,9,C;CA;CB;CD;CE;CG;N;NZ;O,C;CA;CB;CD;CE;CG;N;NZ;O,,9,9,no,18.6850,O,O1,no,no,not_applicable
1FMJ,existing_28_cohort,A,1,159,ARG,11,C;CA;CB;CD;CG;CZ;N;NE;NH1;NH2;O,C;CA;CB;CD;CG;CZ;N;NE;NH1;NH2;O,,11,11,no,16.3464,C,O1,no,no,not_applicable
1FMJ,existing_28_cohort,A,1,160,PHE,11,C;CA;CB;CD1;CD2;CE1;CE2;CG;CZ;N;O,C;CA;CB;CD1;CD2;CE1;CE2;CG;CZ;N;O,,11,11,no,12.6089,O,O1,no,no,not_applicable
1FMJ,existing_28_cohort,A,1,161,VAL,7,C;CA;CB;CG1;CG2;N;O,C;CA;CB;CG1;CG2;N;O,,7,7,no,10.5229,C,O1,no,no,not_applicable
1FMJ,existing_28_cohort,A,1,162,LYS,9,C;CA;CB;CD;CE;CG;N;NZ;O,C;CA;CB;CD;CE;CG;N;NZ;O,,9,9,no,2.9044,NZ,O1,yes,yes,not_applicable
1FMJ,existing_28_cohort,A,1,163,THR,7,C;CA;CB;CG2;N;O;OG1,C;CA;CB;CG2;N;O;OG1,,7,7,no,7.4152,C,O1,no,yes,not_applicable
1FMJ,existing_28_cohort,A,1,164,HIS,10,C;CA;CB;CD2;CE1;CG;N;ND1;NE2;O,C;CA;CB;CD2;CE1;CG;N;ND1;NE2;O,,10,10,no,2.8763,NE2,O1,yes,yes,not_applicable
1FMJ,existing_28_cohort,A,1,165,LEU,8,C;CA;CB;CD1;CD2;CG;N;O,C;CA;CB;CD1;CD2;CG;N;O,,8,8,no,9.5478,N,O1,no,no,not_applicable
1FMJ,existing_28_cohort,A,1,166,PRO,7,C;CA;CB;CD;CG;N;O,C;CA;CB;CD;CG;N;O,,7,7,no,12.7341,N,O1,no,no,not_applicable
1FMJ,existing_28_cohort,A,1,167,LEU,8,C;CA;CB;CD1;CD2;CG;N;O,C;CA;CB;CD1;CD2;CG;N;O,,8,8,no,15.5446,N,O1,no,no,not_applicable
1FMJ,existing_28_cohort,A,1,168,SER,6,C;CA;CB;N;O;OG,C;CA;CB;N;O;OG,,6,6,no,17.8936,N,O1,no,no,not_applicable
1FMJ,existing_28_cohort,A,1,169,LEU,8,C;CA;CB;CD1;CD2;CG;N;O,C;CA;CB;CD1;CD2;CG;N;O,,8,8,no,15.1361,CD1,C15,no,no,not_applicable
1FMJ,existing_28_cohort,A,1,170,MET,8,C;CA;CB;CE;CG;N;O;SD,C;CA;CB;CE;CG;N;O;SD,,8,8,no,13.7253,SD,O1,no,no,not_applicable
1FMJ,existing_28_cohort,A,1,171,PRO,7,C;CA;CB;CD;CG;N;O,C;CA;CB;CD;CG;N;O,,7,7,no,18.6846,CD,O1,no,no,not_applicable
1FMJ,existing_28_cohort,A,1,172,PRO,7,C;CA;CB;CD;CG;N;O,C;CA;CB;CD;CG;N;O,,7,7,no,22.2316,N,O1,no,no,not_applicable
1FMJ,existing_28_cohort,A,1,173,ASN,8,C;CA;CB;CG;N;ND2;O;OD1,C;CA;CB;CG;N;ND2;O;OD1,,8,8,no,23.3257,C,O1,no,no,not_applicable
1FMJ,existing_28_cohort,A,1,174,MET,8,C;CA;CB;CE;CG;N;O;SD,C;CA;CB;CE;CG;N;O;SD,,8,8,no,16.6540,CE,O1,no,no,not_applicable
1FMJ,existing_28_cohort,A,1,175,LEU,8,C;CA;CB;CD1;CD2;CG;N;O,C;CA;CB;CD1;CD2;CG;N;O,,8,8,no,19.2540,CD2,O1,no,no,not_applicable
1FMJ,existing_28_cohort,A,1,176,ASP,8,C;CA;CB;CG;N;O;OD1;OD2,C;CA;CB;CG;N;O;OD1;OD2,,8,8,no,23.9243,N,O1,no,no,not_applicable
1FMJ,existing_28_cohort,A,1,177,THR,7,C;CA;CB;CG2;N;O;OG1,C;CA;CB;CG2;N;O;OG1,,7,7,no,22.8400,C,O1,no,no,not_applicable
1FMJ,existing_28_cohort,A,1,178,VAL,7,C;CA;CB;CG1;CG2;N;O,C;CA;CB;CG1;CG2;N;O,,7,7,no,18.6110,CG2,O1,no,no,not_applicable
1FMJ,existing_28_cohort,A,1,179,LYS,9,C;CA;CB;CD;CE;CG;N;NZ;O,C;CA;CB;CD;CE;CG;N;NZ;O,,9,9,no,17.0566,O,O1,no,no,not_applicable
1FMJ,existing_28_cohort,A,1,180,MET,8,C;CA;CB;CE;CG;N;O;SD,C;CA;CB;CE;CG;N;O;SD,,8,8,no,14.4989,CE,O1,no,no,not_applicable
1FMJ,existing_28_cohort,A,1,181,VAL,7,C;CA;CB;CG1;CG2;N;O,C;CA;CB;CG1;CG2;N;O,,7,7,no,12.6625,O,O1,no,no,not_applicable
1FMJ,existing_28_cohort,A,1,182,TYR,12,C;CA;CB;CD1;CD2;CE1;CE2;CG;CZ;N;O;OH,C;CA;CB;CD1;CD2;CE1;CE2;CG;CZ;N;O;OH,,12,12,no,12.7300,CE1,O1,no,no,not_applicable
1FMJ,existing_28_cohort,A,1,183,LEU,8,C;CA;CB;CD1;CD2;CG;N;O,C;CA;CB;CD1;CD2;CG;N;O,,8,8,no,11.4708,CB,O1,no,no,not_applicable
1FMJ,existing_28_cohort,A,1,184,ALA,5,C;CA;CB;N;O,C;CA;CB;N;O,,5,5,no,13.4000,N,O1,no,no,not_applicable
1FMJ,existing_28_cohort,A,1,185,ARG,11,C;CA;CB;CD;CG;CZ;N;NE;NH1;NH2;O,C;CA;CB;CD;CG;CZ;N;NE;NH1;NH2;O,,11,11,no,11.6771,NH1,O1,no,no,not_applicable
1FMJ,existing_28_cohort,A,1,186,ASP,8,C;CA;CB;CG;N;O;OD1;OD2,C;CA;CB;CG;N;O;OD1;OD2,,8,8,no,15.3520,O,O1,no,no,not_applicable
1FMJ,existing_28_cohort,A,1,187,PRO,7,C;CA;CB;CD;CG;N;O,C;CA;CB;CD;CG;N;O,,7,7,no,15.3735,O,C15,no,no,not_applicable
1FMJ,existing_28_cohort,A,1,188,ARG,11,C;CA;CB;CD;CG;CZ;N;NE;NH1;NH2;O,C;CA;CB;CD;CG;CZ;N;NE;NH1;NH2;O,,11,11,no,16.4215,O,C15,no,no,not_applicable
1FMJ,existing_28_cohort,A,1,189,ASP,8,C;CA;CB;CG;N;O;OD1;OD2,C;CA;CB;CG;N;O;OD1;OD2,,8,8,no,13.3988,O,O1,no,no,not_applicable
1FMJ,existing_28_cohort,A,1,190,VAL,7,C;CA;CB;CG1;CG2;N;O,C;CA;CB;CG1;CG2;N;O,,7,7,no,11.0967,CG1,O1,no,no,not_applicable
1FMJ,existing_28_cohort,A,1,191,ALA,5,C;CA;CB;N;O,C;CA;CB;N;O,,5,5,no,12.9442,O,C14,no,no,not_applicable
1FMJ,existing_28_cohort,A,1,192,VAL,7,C;CA;CB;CG1;CG2;N;O,C;CA;CB;CG1;CG2;N;O,,7,7,no,12.5834,O,C14,no,no,not_applicable
1FMJ,existing_28_cohort,A,1,193,SER,6,C;CA;CB;N;O;OG,C;CA;CB;N;O;OG,,6,6,no,9.0772,O,C14,no,no,not_applicable
1FMJ,existing_28_cohort,A,1,194,SER,6,C;CA;CB;N;O;OG,C;CA;CB;N;O;OG,,6,6,no,9.0514,OG,C15,no,no,not_applicable
1FMJ,existing_28_cohort,A,1,195,PHE,11,C;CA;CB;CD1;CD2;CE1;CE2;CG;CZ;N;O,C;CA;CB;CD1;CD2;CE1;CE2;CG;CZ;N;O,,11,11,no,11.0872,N,C14,no,no,not_applicable
1FMJ,existing_28_cohort,A,1,196,HIS,10,C;CA;CB;CD2;CE1;CG;N;ND1;NE2;O,C;CA;CB;CD2;CE1;CG;N;ND1;NE2;O,,10,10,no,9.8182,C,C14,no,no,not_applicable
1FMJ,existing_28_cohort,A,1,197,HIS,10,C;CA;CB;CD2;CE1;CG;N;ND1;NE2;O,C;CA;CB;CD2;CE1;CG;N;ND1;NE2;O,,10,10,no,2.9775,NE2,C14,yes,yes,not_applicable
1FMJ,existing_28_cohort,A,1,198,ALA,5,C;CA;CB;N;O,C;CA;CB;N;O,,5,5,no,7.7690,O,C16,no,yes,not_applicable
1FMJ,existing_28_cohort,A,1,199,ARG,11,C;CA;CB;CD;CG;CZ;N;NE;NH1;NH2;O,C;CA;CB;CD;CG;CZ;N;NE;NH1;NH2;O,,11,11,no,8.9071,O,C17,no,no,not_applicable
1FMJ,existing_28_cohort,A,1,200,LEU,8,C;CA;CB;CD1;CD2;CG;N;O,C;CA;CB;CD1;CD2;CG;N;O,,8,8,no,6.7897,CD2,C13,no,yes,not_applicable
1FMJ,existing_28_cohort,A,1,201,LEU,8,C;CA;CB;CD1;CD2;CG;N;O,C;CA;CB;CD1;CD2;CG;N;O,,8,8,no,4.0407,O,C16,yes,yes,not_applicable
1FMJ,existing_28_cohort,A,1,202,TYR,12,C;CA;CB;CD1;CD2;CE1;CE2;CG;CZ;N;O;OH,C;CA;CB;CD1;CD2;CE1;CE2;CG;CZ;N;O;OH,,12,12,no,5.8227,CD1,C17,no,yes,not_applicable
1FMJ,existing_28_cohort,A,1,203,LEU,8,C;CA;CB;CD1;CD2;CG;N;O,C;CA;CB;CD1;CD2;CG;N;O,,8,8,no,4.0204,CD2,C16,yes,yes,not_applicable
1FMJ,existing_28_cohort,A,1,204,LEU,8,C;CA;CB;CD1;CD2;CG;N;O,C;CA;CB;CD1;CD2;CG;N;O,,8,8,no,8.8983,N,C16,no,no,not_applicable
1FMJ,existing_28_cohort,A,1,205,ASN,8,C;CA;CB;CG;N;ND2;O;OD1,C;CA;CB;CG;N;ND2;O;OD1,,8,8,no,12.0776,N,C16,no,no,not_applicable
1FMJ,existing_28_cohort,A,1,206,LYS,9,C;CA;CB;CD;CE;CG;N;NZ;O,C;CA;CB;N;O,CD;CE;CG;NZ,5,5,yes,13.8708,N,C16,no,no,unlikely
1FMJ,existing_28_cohort,A,1,207,GLN,9,C;CA;CB;CD;CG;N;NE2;O;OE1,C;CA;CB;N;O,CD;CG;NE2;OE1,5,5,yes,16.6607,N,C16,no,no,unlikely
1FMJ,existing_28_cohort,A,1,208,SER,6,C;CA;CB;N;O;OG,C;CA;CB;N;O;OG,,6,6,no,16.0874,CB,C16,no,no,not_applicable
1FMJ,existing_28_cohort,A,1,209,ASN,8,C;CA;CB;CG;N;ND2;O;OD1,C;CA;CB;CG;N;ND2;O;OD1,,8,8,no,17.8999,O,C16,no,no,not_applicable
1FMJ,existing_28_cohort,A,1,210,PHE,11,C;CA;CB;CD1;CD2;CE1;CE2;CG;CZ;N;O,C;CA;CB;CD1;CD2;CE1;CE2;CG;CZ;N;O,,11,11,no,16.1216,CE1,C14,no,no,not_applicable
1FMJ,existing_28_cohort,A,1,211,LYS,9,C;CA;CB;CD;CE;CG;N;NZ;O,C;CA;CB;CD;CE;CG;N;NZ;O,,9,9,no,20.2872,N,C14,no,no,not_applicable
1FMJ,existing_28_cohort,A,1,212,ASP,8,C;CA;CB;CG;N;O;OD1;OD2,C;CA;CB;CG;N;O;OD1;OD2,,8,8,no,18.5909,O,C16,no,no,not_applicable
1FMJ,existing_28_cohort,A,1,213,PHE,11,C;CA;CB;CD1;CD2;CE1;CE2;CG;CZ;N;O,C;CA;CB;CD1;CD2;CE1;CE2;CG;CZ;N;O,,11,11,no,11.8216,CZ,C14,no,no,not_applicable
1FMJ,existing_28_cohort,A,1,214,TRP,14,C;CA;CB;CD1;CD2;CE2;CE3;CG;CH2;CZ2;CZ3;N;NE1;O,C;CA;CB;CD1;CD2;CE2;CE3;CG;CH2;CZ2;CZ3;N;NE1;O,,14,14,no,17.8225,N,C15,no,no,not_applicable
1FMJ,existing_28_cohort,A,1,215,GLU,9,C;CA;CB;CD;CG;N;O;OE1;OE2,C;CA;CB;CD;CG;N;O;OE1;OE2,,9,9,no,19.7546,C,C15,no,no,not_applicable
1FMJ,existing_28_cohort,A,1,216,MET,8,C;CA;CB;CE;CG;N;O;SD,C;CA;CB;CE;CG;N;O;SD,,8,8,no,14.5931,CE,C16,no,no,not_applicable
1FMJ,existing_28_cohort,A,1,217,PHE,11,C;CA;CB;CD1;CD2;CE1;CE2;CG;CZ;N;O,C;CA;CB;CD1;CD2;CE1;CE2;CG;CZ;N;O,,11,11,no,12.6421,CE1,C15,no,no,not_applicable
1FMJ,existing_28_cohort,A,1,218,HIS,10,C;CA;CB;CD2;CE1;CG;N;ND1;NE2;O,C;CA;CB;CD2;CE1;CG;N;ND1;NE2;O,,10,10,no,17.7222,N,C15,no,no,not_applicable
1FMJ,existing_28_cohort,A,1,219,ARG,11,C;CA;CB;CD;CG;CZ;N;NE;NH1;NH2;O,C;CA;CB;CD;CG;CZ;N;NE;NH1;NH2;O,,11,11,no,19.4422,N,C15,no,no,not_applicable
1FMJ,existing_28_cohort,A,1,220,GLY,4,C;CA;N;O,C;CA;N;O,,4,4,no,17.2978,C,C15,no,no,not_applicable
1FMJ,existing_28_cohort,A,1,221,LEU,8,C;CA;CB;CD1;CD2;CG;N;O,C;CA;CB;CD1;CD2;CG;N;O,,8,8,no,15.5671,O,C15,no,no,not_applicable
1FMJ,existing_28_cohort,A,1,222,TYR,12,C;CA;CB;CD1;CD2;CE1;CE2;CG;CZ;N;O;OH,C;CA;CB;CD1;CD2;CE1;CE2;CG;CZ;N;O;OH,,12,12,no,8.6783,OH,C14,no,no,not_applicable
1FMJ,existing_28_cohort,A,1,223,THR,7,C;CA;CB;CG2;N;O;OG1,C;CA;CB;CG2;N;O;OG1,,7,7,no,8.4115,CG2,C15,no,no,not_applicable
1FMJ,existing_28_cohort,A,1,224,LEU,8,C;CA;CB;CD1;CD2;CG;N;O,C;CA;CB;CD1;CD2;CG;N;O,,8,8,no,8.5378,CD1,C15,no,no,not_applicable
1FMJ,existing_28_cohort,A,1,225,THR,7,C;CA;CB;CG2;N;O;OG1,C;CA;CB;CG2;N;O;OG1,,7,7,no,12.7589,N,C15,no,no,not_applicable
1FMJ,existing_28_cohort,A,1,226,PRO,7,C;CA;CB;CD;CG;N;O,C;CA;CB;CD;CG;N;O,,7,7,no,15.8576,O,C15,no,no,not_applicable
1FMJ,existing_28_cohort,A,1,227,TYR,12,C;CA;CB;CD1;CD2;CE1;CE2;CG;CZ;N;O;OH,C;CA;CB;CD1;CD2;CE1;CE2;CG;CZ;N;O;OH,,12,12,no,13.6392,CE1,O1,no,no,not_applicable
1FMJ,existing_28_cohort,A,1,228,PHE,11,C;CA;CB;CD1;CD2;CE1;CE2;CG;CZ;N;O,C;CA;CB;CD1;CD2;CE1;CE2;CG;CZ;N;O,,11,11,no,17.3189,N,O1,no,no,not_applicable
1FMJ,existing_28_cohort,A,1,229,GLU,9,C;CA;CB;CD;CG;N;O;OE1;OE2,C;CA;CB;CD;CG;N;O;OE1;OE2,,9,9,no,17.5660,C,O1,no,no,not_applicable
1FMJ,existing_28_cohort,A,1,230,HIS,10,C;CA;CB;CD2;CE1;CG;N;ND1;NE2;O,C;CA;CB;CD2;CE1;CG;N;ND1;NE2;O,,10,10,no,10.8910,NE2,O1,no,no,not_applicable
1FMJ,existing_28_cohort,A,1,231,VAL,7,C;CA;CB;CG1;CG2;N;O,C;CA;CB;CG1;CG2;N;O,,7,7,no,15.2829,CG2,O1,no,no,not_applicable
1FMJ,existing_28_cohort,A,1,232,LYS,9,C;CA;CB;CD;CE;CG;N;NZ;O,C;CA;CB;CD;CE;CG;N;NZ;O,,9,9,no,18.4313,N,O1,no,no,not_applicable
1FMJ,existing_28_cohort,A,1,233,GLU,9,C;CA;CB;CD;CG;N;O;OE1;OE2,C;CA;CB;CD;CG;N;O;OE1;OE2,,9,9,no,18.0259,OE1,O1,no,no,not_applicable
1FMJ,existing_28_cohort,A,1,234,ALA,5,C;CA;CB;N;O,C;CA;CB;N;O,,5,5,no,16.4203,CB,O1,no,no,not_applicable
1FMJ,existing_28_cohort,A,1,235,TRP,14,C;CA;CB;CD1;CD2;CE2;CE3;CG;CH2;CZ2;CZ3;N;NE1;O,C;CA;CB;CD1;CD2;CE2;CE3;CG;CH2;CZ2;CZ3;N;NE1;O,,14,14,no,19.2086,N,O1,no,no,not_applicable
1FMJ,existing_28_cohort,A,1,236,ALA,5,C;CA;CB;N;O,C;CA;CB;N;O,,5,5,no,21.8059,N,O1,no,no,not_applicable
1FMJ,existing_28_cohort,A,1,237,LYS,9,C;CA;CB;CD;CE;CG;N;NZ;O,C;CA;CB;CD;CE;CG;N;NZ;O,,9,9,no,21.3221,CB,O1,no,no,not_applicable
1FMJ,existing_28_cohort,A,1,238,ARG,11,C;CA;CB;CD;CG;CZ;N;NE;NH1;NH2;O,C;CA;CB;CD;CG;CZ;N;NE;NH1;NH2;O,,11,11,no,21.9741,CB,O1,no,no,not_applicable
1FMJ,existing_28_cohort,A,1,239,HIS,10,C;CA;CB;CD2;CE1;CG;N;ND1;NE2;O,C;CA;CB;CD2;CE1;CG;N;ND1;NE2;O,,10,10,no,24.4056,N,O1,no,no,not_applicable
1FMJ,existing_28_cohort,A,1,240,ASP,8,C;CA;CB;CG;N;O;OD1;OD2,C;CA;CB;CG;N;O;OD1;OD2,,8,8,no,23.7555,O,O1,no,no,not_applicable
1FMJ,existing_28_cohort,A,1,241,PRO,7,C;CA;CB;CD;CG;N;O,C;CA;CB;CD;CG;N;O,,7,7,no,23.9142,O,O1,no,no,not_applicable
1FMJ,existing_28_cohort,A,1,242,ASN,8,C;CA;CB;CG;N;ND2;O;OD1,C;CA;CB;CG;N;ND2;O;OD1,,8,8,no,19.9440,O,O1,no,no,not_applicable
1FMJ,existing_28_cohort,A,1,243,MET,8,C;CA;CB;CE;CG;N;O;SD,C;CA;CB;CE;CG;N;O;SD,,8,8,no,17.4605,CE,O1,no,no,not_applicable
1FMJ,existing_28_cohort,A,1,244,LEU,8,C;CA;CB;CD1;CD2;CG;N;O,C;CA;CB;CD1;CD2;CG;N;O,,8,8,no,16.9195,O,O1,no,no,not_applicable
1FMJ,existing_28_cohort,A,1,245,PHE,11,C;CA;CB;CD1;CD2;CE1;CE2;CG;CZ;N;O,C;CA;CB;CD1;CD2;CE1;CE2;CG;CZ;N;O,,11,11,no,17.3722,CE1,O1,no,no,not_applicable
1FMJ,existing_28_cohort,A,1,246,LEU,8,C;CA;CB;CD1;CD2;CG;N;O,C;CA;CB;CD1;CD2;CG;N;O,,8,8,no,15.7337,O,O1,no,no,not_applicable
1FMJ,existing_28_cohort,A,1,247,PHE,11,C;CA;CB;CD1;CD2;CE1;CE2;CG;CZ;N;O,C;CA;CB;CD1;CD2;CE1;CE2;CG;CZ;N;O,,11,11,no,16.4123,C,O1,no,no,not_applicable
1FMJ,existing_28_cohort,A,1,248,TYR,12,C;CA;CB;CD1;CD2;CE1;CE2;CG;CZ;N;O;OH,C;CA;CB;CD1;CD2;CE1;CE2;CG;CZ;N;O;OH,,12,12,no,13.1680,CD1,O1,no,no,not_applicable
1FMJ,existing_28_cohort,A,1,249,GLU,9,C;CA;CB;CD;CG;N;O;OE1;OE2,C;CA;CB;CD;CG;N;O;OE1;OE2,,9,9,no,17.0984,N,O1,no,no,not_applicable
1FMJ,existing_28_cohort,A,1,250,ASP,8,C;CA;CB;CG;N;O;OD1;OD2,C;CA;CB;CG;N;O;OD1;OD2,,8,8,no,19.2777,N,O1,no,no,not_applicable
1FMJ,existing_28_cohort,A,1,251,TYR,12,C;CA;CB;CD1;CD2;CE1;CE2;CG;CZ;N;O;OH,C;CA;CB;CD1;CD2;CE1;CE2;CG;CZ;N;O;OH,,12,12,no,14.0039,CE1,O1,no,no,not_applicable
1FMJ,existing_28_cohort,A,1,252,LEU,8,C;CA;CB;CD1;CD2;CG;N;O,C;CA;CB;CD1;CD2;CG;N;O,,8,8,no,17.5007,CD2,O1,no,no,not_applicable
1FMJ,existing_28_cohort,A,1,253,LYS,9,C;CA;CB;CD;CE;CG;N;NZ;O,C;CA;CB;CD;CE;CG;N;NZ;O,,9,9,no,21.7394,N,O1,no,no,not_applicable
1FMJ,existing_28_cohort,A,1,254,ASP,8,C;CA;CB;CG;N;O;OD1;OD2,C;CA;CB;CG;N;O;OD1;OD2,,8,8,no,22.6327,O,O1,no,no,not_applicable
1FMJ,existing_28_cohort,A,1,255,LEU,8,C;CA;CB;CD1;CD2;CG;N;O,C;CA;CB;CD1;CD2;CG;N;O,,8,8,no,18.3785,CD1,O1,no,no,not_applicable
1FMJ,existing_28_cohort,A,1,256,PRO,7,C;CA;CB;CD;CG;N;O,C;CA;CB;CD;CG;N;O,,7,7,no,23.2265,N,O1,no,no,not_applicable
1FMJ,existing_28_cohort,A,1,257,GLY,4,C;CA;N;O,C;CA;N;O,,4,4,no,23.5977,C,O1,no,no,not_applicable
1FMJ,existing_28_cohort,A,1,258,CYS,6,C;CA;CB;N;O;SG,C;CA;CB;N;O;SG,,6,6,no,19.9775,SG,O1,no,no,not_applicable
1FMJ,existing_28_cohort,A,1,259,ILE,8,C;CA;CB;CD1;CG1;CG2;N;O,C;CA;CB;CD1;CG1;CG2;N;O,,8,8,no,20.6493,CG1,O1,no,no,not_applicable
1FMJ,existing_28_cohort,A,1,260,ALA,5,C;CA;CB;N;O,C;CA;CB;N;O,,5,5,no,23.3375,N,O1,no,no,not_applicable
1FMJ,existing_28_cohort,A,1,261,ARG,11,C;CA;CB;CD;CG;CZ;N;NE;NH1;NH2;O,C;CA;CB;CD;CG;CZ;N;NE;NH1;NH2;O,,11,11,no,22.2982,C,O1,no,no,not_applicable
1FMJ,existing_28_cohort,A,1,262,ILE,8,C;CA;CB;CD1;CG1;CG2;N;O,C;CA;CB;CD1;CG1;CG2;N;O,,8,8,no,17.2489,CD1,O1,no,no,not_applicable
1FMJ,existing_28_cohort,A,1,263,ALA,5,C;CA;CB;N;O,C;CA;CB;N;O,,5,5,no,22.2393,N,O1,no,no,not_applicable
1FMJ,existing_28_cohort,A,1,264,ASP,8,C;CA;CB;CG;N;O;OD1;OD2,C;CA;CB;CG;N;O;OD1;OD2,,8,8,no,24.6670,N,O1,no,no,not_applicable
1FMJ,existing_28_cohort,A,1,265,PHE,11,C;CA;CB;CD1;CD2;CE1;CE2;CG;CZ;N;O,C;CA;CB;CD1;CD2;CE1;CE2;CG;CZ;N;O,,11,11,no,19.3696,CE2,O1,no,no,not_applicable
1FMJ,existing_28_cohort,A,1,266,LEU,8,C;CA;CB;CD1;CD2;CG;N;O,C;CA;CB;CD1;CD2;CG;N;O,,8,8,no,19.4101,CD1,O1,no,no,not_applicable
1FMJ,existing_28_cohort,A,1,267,GLY,4,C;CA;N;O,C;CA;N;O,,4,4,no,25.0104,N,O1,no,no,not_applicable
1FMJ,existing_28_cohort,A,1,268,LYS,9,C;CA;CB;CD;CE;CG;N;NZ;O,C;CA;CB;CD;CE;CG;N;NZ;O,,9,9,no,24.3322,CG,O1,no,no,not_applicable
1FMJ,existing_28_cohort,A,1,269,LYS,9,C;CA;CB;CD;CE;CG;N;NZ;O,C;CA;CB;CD;CE;CG;N;NZ;O,,9,9,no,27.9271,N,O1,no,no,not_applicable
1FMJ,existing_28_cohort,A,1,270,LEU,8,C;CA;CB;CD1;CD2;CG;N;O,C;CA;CB;CD1;CD2;CG;N;O,,8,8,no,24.2323,CD1,O1,no,no,not_applicable
1FMJ,existing_28_cohort,A,1,271,SER,6,C;CA;CB;N;O;OG,C;CA;CB;N;O;OG,,6,6,no,28.9348,O,O1,no,no,not_applicable
1FMJ,existing_28_cohort,A,1,272,GLU,9,C;CA;CB;CD;CG;N;O;OE1;OE2,C;CA;CB;CD;CG;N;O;OE1;OE2,,9,9,no,29.2312,O,O1,no,no,not_applicable
1FMJ,existing_28_cohort,A,1,273,GLU,9,C;CA;CB;CD;CG;N;O;OE1;OE2,C;CA;CB;N;O,CD;CG;OE1;OE2,5,5,yes,28.2427,O,O1,no,no,unlikely
1FMJ,existing_28_cohort,A,1,274,GLN,9,C;CA;CB;CD;CG;N;NE2;O;OE1,C;CA;CB;CD;CG;N;NE2;O;OE1,,9,9,no,25.2345,O,O1,no,no,not_applicable
1FMJ,existing_28_cohort,A,1,275,ILE,8,C;CA;CB;CD1;CG1;CG2;N;O,C;CA;CB;CD1;CG1;CG2;N;O,,8,8,no,24.2797,O,O1,no,no,not_applicable
1FMJ,existing_28_cohort,A,1,276,GLN,9,C;CA;CB;CD;CG;N;NE2;O;OE1,C;CA;CB;N;O,CD;CG;NE2;OE1,5,5,yes,25.3506,O,O1,no,no,unlikely
1FMJ,existing_28_cohort,A,1,277,ARG,11,C;CA;CB;CD;CG;CZ;N;NE;NH1;NH2;O,C;CA;CB;CD;CG;CZ;N;NE;NH1;NH2;O,,11,11,no,23.0559,O,C20,no,no,not_applicable
1FMJ,existing_28_cohort,A,1,278,LEU,8,C;CA;CB;CD1;CD2;CG;N;O,C;CA;CB;CD1;CD2;CG;N;O,,8,8,no,20.2650,O,O1,no,no,not_applicable
1FMJ,existing_28_cohort,A,1,279,CYS,6,C;CA;CB;N;O;SG,C;CA;CB;N;O;SG,,6,6,no,20.9896,O,O1,no,no,not_applicable
1FMJ,existing_28_cohort,A,1,280,GLU,9,C;CA;CB;CD;CG;N;O;OE1;OE2,C;CA;CB;CD;CG;N;O;OE1;OE2,,9,9,no,21.2774,O,C20,no,no,not_applicable
1FMJ,existing_28_cohort,A,1,281,HIS,10,C;CA;CB;CD2;CE1;CG;N;ND1;NE2;O,C;CA;CB;CD2;CE1;CG;N;ND1;NE2;O,,10,10,no,17.0349,NE2,C20,no,no,not_applicable
1FMJ,existing_28_cohort,A,1,282,LEU,8,C;CA;CB;CD1;CD2;CG;N;O,C;CA;CB;CD1;CD2;CG;N;O,,8,8,no,15.9799,CD1,O1,no,no,not_applicable
1FMJ,existing_28_cohort,A,1,283,ASN,8,C;CA;CB;CG;N;ND2;O;OD1,C;CA;CB;CG;N;ND2;O;OD1,,8,8,no,17.8284,O,C20,no,no,not_applicable
1FMJ,existing_28_cohort,A,1,284,PHE,11,C;CA;CB;CD1;CD2;CE1;CE2;CG;CZ;N;O,C;CA;CB;CD1;CD2;CE1;CE2;CG;CZ;N;O,,11,11,no,14.6021,CE1,C20,no,no,not_applicable
1FMJ,existing_28_cohort,A,1,285,GLU,9,C;CA;CB;CD;CG;N;O;OE1;OE2,C;CA;CB;CD;CG;N;O;OE1;OE2,,9,9,no,17.8148,O,C20,no,no,not_applicable
1FMJ,existing_28_cohort,A,1,286,LYS,9,C;CA;CB;CD;CE;CG;N;NZ;O,C;CA;CB;CD;CE;CG;N;NZ;O,,9,9,no,16.6626,O,C20,no,no,not_applicable
1FMJ,existing_28_cohort,A,1,287,PHE,11,C;CA;CB;CD1;CD2;CE1;CE2;CG;CZ;N;O,C;CA;CB;CD1;CD2;CE1;CE2;CG;CZ;N;O,,11,11,no,11.5993,CE2,C20,no,no,not_applicable
1FMJ,existing_28_cohort,A,1,288,LYS,9,C;CA;CB;CD;CE;CG;N;NZ;O,C;CA;CB;CD;CE;CG;N;NZ;O,,9,9,no,13.4193,O,C20,no,no,not_applicable
1FMJ,existing_28_cohort,A,1,289,ASN,8,C;CA;CB;CG;N;ND2;O;OD1,C;CA;CB;CG;N;ND2;O;OD1,,8,8,no,15.3638,N,C20,no,no,not_applicable
1FMJ,existing_28_cohort,A,1,290,ASN,8,C;CA;CB;CG;N;ND2;O;OD1,C;CA;CB;CG;N;ND2;O;OD1,,8,8,no,12.3708,O,C20,no,no,not_applicable
1FMJ,existing_28_cohort,A,1,291,GLY,4,C;CA;N;O,C;CA;N;O,,4,4,no,11.6067,O,C20,no,no,not_applicable
1FMJ,existing_28_cohort,A,1,292,ALA,5,C;CA;CB;N;O,C;CA;CB;N;O,,5,5,no,10.2822,O,C20,no,no,not_applicable
1FMJ,existing_28_cohort,A,1,293,VAL,7,C;CA;CB;CG1;CG2;N;O,C;CA;CB;CG1;CG2;N;O,,7,7,no,7.7478,O,C20,no,yes,not_applicable
1FMJ,existing_28_cohort,A,1,294,ASN,8,C;CA;CB;CG;N;ND2;O;OD1,C;CA;CB;CG;N;ND2;O;OD1,,8,8,no,8.4622,C,C20,no,no,not_applicable
1FMJ,existing_28_cohort,A,1,295,MET,8,C;CA;CB;CE;CG;N;O;SD,C;CA;CB;CE;CG;N;O;SD,,8,8,no,3.4273,CE,C20,yes,yes,not_applicable
1FMJ,existing_28_cohort,A,1,296,GLU,9,C;CA;CB;CD;CG;N;O;OE1;OE2,C;CA;CB;CD;CG;N;O;OE1;OE2,,9,9,no,9.4187,N,C19,no,no,not_applicable
1FMJ,existing_28_cohort,A,1,297,ASP,8,C;CA;CB;CG;N;O;OD1;OD2,C;CA;CB;CG;N;O;OD1;OD2,,8,8,no,8.5481,OD2,C19,no,no,not_applicable
1FMJ,existing_28_cohort,A,1,298,TYR,12,C;CA;CB;CD1;CD2;CE1;CE2;CG;CZ;N;O;OH,C;CA;CB;CD1;CD2;CE1;CE2;CG;CZ;N;O;OH,,12,12,no,4.4721,CD2,C19,yes,yes,not_applicable
1FMJ,existing_28_cohort,A,1,299,ARG,11,C;CA;CB;CD;CG;CZ;N;NE;NH1;NH2;O,C;CA;CB;CD;CG;CZ;N;NE;NH1;NH2;O,,11,11,no,8.5620,N,C19,no,no,not_applicable
1FMJ,existing_28_cohort,A,1,300,GLU,9,C;CA;CB;CD;CG;N;O;OE1;OE2,C;CA;CB;CD;CG;N;O;OE1;OE2,,9,9,no,10.8677,N,C19,no,no,not_applicable
1FMJ,existing_28_cohort,A,1,301,ILE,8,C;CA;CB;CD1;CG1;CG2;N;O,C;CA;CB;CD1;CG1;CG2;N;O,,8,8,no,7.7901,CD1,C19,no,yes,not_applicable
1FMJ,existing_28_cohort,A,1,302,GLY,4,C;CA;N;O,C;CA;N;O,,4,4,no,7.3667,O,C17,no,yes,not_applicable
1FMJ,existing_28_cohort,A,1,303,ILE,8,C;CA;CB;CD1;CG1;CG2;N;O,C;CA;CB;CD1;CG1;CG2;N;O,,8,8,no,3.9333,CD1,C19,yes,yes,not_applicable
1FMJ,existing_28_cohort,A,1,304,LEU,8,C;CA;CB;CD1;CD2;CG;N;O,C;CA;CB;CD1;CD2;CG;N;O,,8,8,no,5.4760,CD2,C19,no,yes,not_applicable
1FMJ,existing_28_cohort,A,1,305,ALA,5,C;CA;CB;N;O,C;CA;CB;N;O,,5,5,no,8.4803,N,C17,no,no,not_applicable
1FMJ,existing_28_cohort,A,1,306,ASP,8,C;CA;CB;CG;N;O;OD1;OD2,C;CA;CB;CG;N;O;OD1;OD2,,8,8,no,11.8822,N,C17,no,no,not_applicable
1FMJ,existing_28_cohort,A,1,307,GLY,4,C;CA;N;O,C;CA;N;O,,4,4,no,14.6915,N,C17,no,no,not_applicable
1FMJ,existing_28_cohort,A,1,308,GLU,9,C;CA;CB;CD;CG;N;O;OE1;OE2,C;CA;CB;CD;CG;N;O;OE1;OE2,,9,9,no,11.4452,O,C19,no,no,not_applicable
1FMJ,existing_28_cohort,A,1,309,HIS,10,C;CA;CB;CD2;CE1;CG;N;ND1;NE2;O,C;CA;CB;CD2;CE1;CG;N;ND1;NE2;O,,10,10,no,9.5464,O,C14,no,no,not_applicable
1FMJ,existing_28_cohort,A,1,310,PHE,11,C;CA;CB;CD1;CD2;CE1;CE2;CG;CZ;N;O,C;CA;CB;CD1;CD2;CE1;CE2;CG;CZ;N;O,,11,11,no,3.6234,CE1,C20,yes,yes,not_applicable
1FMJ,existing_28_cohort,A,1,311,ILE,8,C;CA;CB;CD1;CG1;CG2;N;O,C;CA;CB;CD1;CG1;CG2;N;O,,8,8,no,9.3294,N,C20,no,no,not_applicable
1FMJ,existing_28_cohort,A,1,312,ARG,11,C;CA;CB;CD;CG;CZ;N;NE;NH1;NH2;O,C;CA;CB;CD;CG;CZ;N;NE;NH1;NH2;O,,11,11,no,11.6248,N,C14,no,no,not_applicable
1FMJ,existing_28_cohort,A,1,313,LYS,9,C;CA;CB;CD;CE;CG;N;NZ;O,C;CA;CB;CD;CE;CG;N;NZ;O,,9,9,no,14.1594,N,C14,no,no,not_applicable
1FMJ,existing_28_cohort,A,1,314,GLY,4,C;CA;N;O,C;CA;N;O,,4,4,no,15.1171,N,C14,no,no,not_applicable
1FMJ,existing_28_cohort,A,1,315,LYS,9,C;CA;CB;CD;CE;CG;N;NZ;O,C;CA;CB;CD;CE;CG;N;NZ;O,,9,9,no,16.5360,O,O1,no,no,not_applicable
1FMJ,existing_28_cohort,A,1,316,ALA,5,C;CA;CB;N;O,C;CA;CB;N;O,,5,5,no,18.6249,N,O1,no,no,not_applicable
1FMJ,existing_28_cohort,A,1,317,GLY,4,C;CA;N;O,C;CA;N;O,,4,4,no,19.7164,N,O1,no,no,not_applicable
1FMJ,existing_28_cohort,A,1,318,CYS,6,C;CA;CB;N;O;SG,C;CA;CB;N;O;SG,,6,6,no,19.0930,CB,C14,no,no,not_applicable
1FMJ,existing_28_cohort,A,1,319,TRP,14,C;CA;CB;CD1;CD2;CE2;CE3;CG;CH2;CZ2;CZ3;N;NE1;O,C;CA;CB;CD1;CD2;CE2;CE3;CG;CH2;CZ2;CZ3;N;NE1;O,,14,14,no,19.6054,CB,O1,no,no,not_applicable
1FMJ,existing_28_cohort,A,1,320,ARG,11,C;CA;CB;CD;CG;CZ;N;NE;NH1;NH2;O,C;CA;CB;CD;CG;CZ;N;NE;NH1;NH2;O,,11,11,no,22.2247,N,C14,no,no,not_applicable
1FMJ,existing_28_cohort,A,1,321,ASP,8,C;CA;CB;CG;N;O;OD1;OD2,C;CA;CB;CG;N;O;OD1;OD2,,8,8,no,22.6218,C,C14,no,no,not_applicable
1FMJ,existing_28_cohort,A,1,322,TYR,12,C;CA;CB;CD1;CD2;CE1;CE2;CG;CZ;N;O;OH,C;CA;CB;CD1;CD2;CE1;CE2;CG;CZ;N;O;OH,,12,12,no,17.4050,OH,C14,no,no,not_applicable
1FMJ,existing_28_cohort,A,1,323,PHE,11,C;CA;CB;CD1;CD2;CE1;CE2;CG;CZ;N;O,C;CA;CB;CD1;CD2;CE1;CE2;CG;CZ;N;O,,11,11,no,19.4130,CZ,C15,no,no,not_applicable
1FMJ,existing_28_cohort,A,1,324,ASP,8,C;CA;CB;CG;N;O;OD1;OD2,C;CA;CB;CG;N;O;OD1;OD2,,8,8,no,25.6137,N,C14,no,no,not_applicable
1FMJ,existing_28_cohort,A,1,325,GLU,9,C;CA;CB;CD;CG;N;O;OE1;OE2,C;CA;CB;CD;CG;N;O;OE1;OE2,,9,9,no,29.0762,N,C14,no,no,not_applicable
1FMJ,existing_28_cohort,A,1,326,GLU,9,C;CA;CB;CD;CG;N;O;OE1;OE2,C;CA;CB;CD;CG;N;O;OE1;OE2,,9,9,no,27.8156,O,C15,no,no,not_applicable
1FMJ,existing_28_cohort,A,1,327,MET,8,C;CA;CB;CE;CG;N;O;SD,C;CA;CB;CE;CG;N;O;SD,,8,8,no,21.9167,CE,C14,no,no,not_applicable
1FMJ,existing_28_cohort,A,1,328,THR,7,C;CA;CB;CG2;N;O;OG1,C;CA;CB;CG2;N;O;OG1,,7,7,no,25.9706,N,C15,no,no,not_applicable
1FMJ,existing_28_cohort,A,1,329,LYS,9,C;CA;CB;CD;CE;CG;N;NZ;O,C;CA;CB;CD;CE;CG;N;NZ;O,,9,9,no,27.8344,N,C15,no,no,not_applicable
1FMJ,existing_28_cohort,A,1,330,GLN,9,C;CA;CB;CD;CG;N;NE2;O;OE1,C;CA;CB;CD;CG;N;NE2;O;OE1,,9,9,no,24.1076,OE1,C15,no,no,not_applicable
1FMJ,existing_28_cohort,A,1,331,ALA,5,C;CA;CB;N;O,C;CA;CB;N;O,,5,5,no,22.9754,CB,C15,no,no,not_applicable
1FMJ,existing_28_cohort,A,1,332,GLU,9,C;CA;CB;CD;CG;N;O;OE1;OE2,C;CA;CB;N;O,CD;CG;OE1;OE2,5,5,yes,25.5192,N,C15,no,no,unlikely
1FMJ,existing_28_cohort,A,1,333,LYS,9,C;CA;CB;CD;CE;CG;N;NZ;O,C;CA;CB;CD;CE;CG;N;NZ;O,,9,9,no,26.7500,C,C15,no,no,not_applicable
1FMJ,existing_28_cohort,A,1,334,TRP,14,C;CA;CB;CD1;CD2;CE2;CE3;CG;CH2;CZ2;CZ3;N;NE1;O,C;CA;CB;CD1;CD2;CE2;CE3;CG;CH2;CZ2;CZ3;N;NE1;O,,14,14,no,18.0582,CH2,C15,no,no,not_applicable
1FMJ,existing_28_cohort,A,1,335,ILE,8,C;CA;CB;CD1;CG1;CG2;N;O,C;CA;CB;CD1;CG1;CG2;N;O,,8,8,no,21.8140,CD1,O1,no,no,not_applicable
1FMJ,existing_28_cohort,A,1,336,LYS,9,C;CA;CB;CD;CE;CG;N;NZ;O,C;CA;CB;CD;CE;CG;N;NZ;O,,9,9,no,26.0902,N,O1,no,no,not_applicable
1FMJ,existing_28_cohort,A,1,337,ASP,8,C;CA;CB;CG;N;O;OD1;OD2,C;CA;CB;CG;N;O;OD1;OD2,,8,8,no,26.7067,C,O1,no,no,not_applicable
1FMJ,existing_28_cohort,A,1,338,ASN,8,C;CA;CB;CG;N;ND2;O;OD1,C;CA;CB;CG;N;ND2;O;OD1,,8,8,no,22.5950,ND2,C15,no,no,not_applicable
1FMJ,existing_28_cohort,A,1,339,LEU,8,C;CA;CB;CD1;CD2;CG;N;O,C;CA;CB;CD1;CD2;CG;N;O,,8,8,no,23.1946,CD2,O1,no,no,not_applicable
1FMJ,existing_28_cohort,A,1,340,LYS,9,C;CA;CB;CD;CE;CG;N;NZ;O,C;CA;CB;CD;CE;CG;N;NZ;O,,9,9,no,27.8056,N,O1,no,no,not_applicable
1FMJ,existing_28_cohort,A,1,341,ASP,8,C;CA;CB;CG;N;O;OD1;OD2,C;CA;CB;CG;N;O;OD1;OD2,,8,8,no,29.3396,O,O1,no,no,not_applicable
1FMJ,existing_28_cohort,A,1,342,THR,7,C;CA;CB;CG2;N;O;OG1,C;CA;CB;CG2;N;O;OG1,,7,7,no,25.5952,OG1,O1,no,no,not_applicable
1FMJ,existing_28_cohort,A,1,343,ASP,8,C;CA;CB;CG;N;O;OD1;OD2,C;CA;CB;CG;N;O;OD1;OD2,,8,8,no,26.2905,O,O1,no,no,not_applicable
1FMJ,existing_28_cohort,A,1,344,LEU,8,C;CA;CB;CD1;CD2;CG;N;O,C;CA;CB;CD1;CD2;CG;N;O,,8,8,no,20.8445,CD2,O1,no,no,not_applicable
1FMJ,existing_28_cohort,A,1,345,ARG,11,C;CA;CB;CD;CG;CZ;N;NE;NH1;NH2;O,C;CA;CB;CD;CG;CZ;N;NE;NH1;NH2;O,,11,11,no,22.5643,O,O1,no,no,not_applicable
1FMJ,existing_28_cohort,A,1,346,TYR,12,C;CA;CB;CD1;CD2;CE1;CE2;CG;CZ;N;O;OH,C;CA;CB;CD1;CD2;CE1;CE2;CG;CZ;N;O;OH,,12,12,no,17.4629,OH,O1,no,no,not_applicable
1FMJ,existing_28_cohort,A,1,347,PRO,7,C;CA;CB;CD;CG;N;O,C;CA;CB;CD;CG;N;O,,7,7,no,21.3404,CD,O1,no,no,not_applicable
1FMJ,existing_28_cohort,A,1,348,ASN,8,C;CA;CB;CG;N;ND2;O;OD1,C;CA;CB;N;O,CG;ND2;OD1,5,5,yes,21.9752,CB,O1,no,no,unlikely
1FMJ,existing_28_cohort,A,1,349,MET,8,C;CA;CB;CE;CG;N;O;SD,C;CA;CB;CE;CG;N;O;SD,,8,8,no,22.6481,SD,O1,no,no,not_applicable
1RBP,existing_28_cohort,A,1,1,GLU,9,C;CA;CB;CD;CG;N;O;OE1;OE2,C;CA;CB;CD;CG;N;O;OE1;OE2,,9,9,no,28.2523,C,C16,no,no,not_applicable
1RBP,existing_28_cohort,A,1,2,ARG,11,C;CA;CB;CD;CG;CZ;N;NE;NH1;NH2;O,C;CA;CB;CD;CG;CZ;N;NE;NH1;NH2;O,,11,11,no,24.9896,O,C16,no,no,not_applicable
1RBP,existing_28_cohort,A,1,3,ASP,8,C;CA;CB;CG;N;O;OD1;OD2,C;CA;CB;CG;N;O;OD1;OD2,,8,8,no,21.3899,O,C16,no,no,not_applicable
1RBP,existing_28_cohort,A,1,4,CYS,6,C;CA;CB;N;O;SG,C;CA;CB;N;O;SG,,6,6,no,19.6789,O,C16,no,no,not_applicable
1RBP,existing_28_cohort,A,1,5,ARG,11,C;CA;CB;CD;CG;CZ;N;NE;NH1;NH2;O,C;CA;CB;CD;CG;CZ;N;NE;NH1;NH2;O,,11,11,no,19.7563,O,C16,no,no,not_applicable
1RBP,existing_28_cohort,A,1,6,VAL,7,C;CA;CB;CG1;CG2;N;O,C;CA;CB;CG1;CG2;N;O,,7,7,no,15.8220,CG1,C16,no,no,not_applicable
1RBP,existing_28_cohort,A,1,7,SER,6,C;CA;CB;N;O;OG,C;CA;CB;N;O;OG,,6,6,no,19.2523,N,C16,no,no,not_applicable
1RBP,existing_28_cohort,A,1,8,SER,6,C;CA;CB;N;O;OG,C;CA;CB;N;O;OG,,6,6,no,20.1700,C,C16,no,no,not_applicable
1RBP,existing_28_cohort,A,1,9,PHE,11,C;CA;CB;CD1;CD2;CE1;CE2;CG;CZ;N;O,C;CA;CB;CD1;CD2;CE1;CE2;CG;CZ;N;O,,11,11,no,15.8903,CD1,C16,no,no,not_applicable
1RBP,existing_28_cohort,A,1,10,ARG,11,C;CA;CB;CD;CG;CZ;N;NE;NH1;NH2;O,C;CA;CB;CD;CG;CZ;N;NE;NH1;NH2;O,,11,11,no,16.3346,O,C16,no,no,not_applicable
1RBP,existing_28_cohort,A,1,11,VAL,7,C;CA;CB;CG1;CG2;N;O,C;CA;CB;CG1;CG2;N;O,,7,7,no,14.0318,CG1,C16,no,no,not_applicable
1RBP,existing_28_cohort,A,1,12,LYS,9,C;CA;CB;CD;CE;CG;N;NZ;O,C;CA;CB;CD;CE;CG;N;NZ;O,,9,9,no,15.1612,CB,C2,no,no,not_applicable
1RBP,existing_28_cohort,A,1,13,GLU,9,C;CA;CB;CD;CG;N;O;OE1;OE2,C;CA;CB;CD;CG;N;O;OE1;OE2,,9,9,no,18.2987,N,C16,no,no,not_applicable
1RBP,existing_28_cohort,A,1,14,ASN,8,C;CA;CB;CG;N;ND2;O;OD1,C;CA;CB;CG;N;ND2;O;OD1,,8,8,no,18.2318,C,C2,no,no,not_applicable
1RBP,existing_28_cohort,A,1,15,PHE,11,C;CA;CB;CD1;CD2;CE1;CE2;CG;CZ;N;O,C;CA;CB;CD1;CD2;CE1;CE2;CG;CZ;N;O,,11,11,no,11.2159,CZ,C2,no,no,not_applicable
1RBP,existing_28_cohort,A,1,16,ASP,8,C;CA;CB;CG;N;O;OD1;OD2,C;CA;CB;CG;N;O;OD1;OD2,,8,8,no,14.1645,O,C2,no,no,not_applicable
1RBP,existing_28_cohort,A,1,17,LYS,9,C;CA;CB;CD;CE;CG;N;NZ;O,C;CA;CB;CD;CE;CG;N;NZ;O,,9,9,no,12.2571,O,C3,no,no,not_applicable
1RBP,existing_28_cohort,A,1,18,ALA,5,C;CA;CB;N;O,C;CA;CB;N;O,,5,5,no,14.4789,N,C3,no,no,not_applicable
1RBP,existing_28_cohort,A,1,19,ARG,11,C;CA;CB;CD;CG;CZ;N;NE;NH1;NH2;O,C;CA;CB;CD;CG;CZ;N;NE;NH1;NH2;O,,11,11,no,14.1137,C,C3,no,no,not_applicable
1RBP,existing_28_cohort,A,1,20,PHE,11,C;CA;CB;CD1;CD2;CE1;CE2;CG;CZ;N;O,C;CA;CB;CD1;CD2;CE1;CE2;CG;CZ;N;O,,11,11,no,7.5446,CE1,C2,no,yes,not_applicable
1RBP,existing_28_cohort,A,1,21,SER,6,C;CA;CB;N;O;OG,C;CA;CB;N;O;OG,,6,6,no,11.1689,CA,C3,no,no,not_applicable
1RBP,existing_28_cohort,A,1,22,GLY,4,C;CA;N;O,C;CA;N;O,,4,4,no,8.6440,O,C3,no,no,not_applicable
1RBP,existing_28_cohort,A,1,23,THR,7,C;CA;CB;CG2;N;O;OG1,C;CA;CB;CG2;N;O;OG1,,7,7,no,9.9511,C,C3,no,no,not_applicable
1RBP,existing_28_cohort,A,1,24,TRP,14,C;CA;CB;CD1;CD2;CE2;CE3;CG;CH2;CZ2;CZ3;N;NE1;O,C;CA;CB;CD1;CD2;CE2;CE3;CG;CH2;CZ2;CZ3;N;NE1;O,,14,14,no,7.8916,O,C17,no,yes,not_applicable
1RBP,existing_28_cohort,A,1,25,TYR,12,C;CA;CB;CD1;CD2;CE1;CE2;CG;CZ;N;O;OH,C;CA;CB;CD1;CD2;CE1;CE2;CG;CZ;N;O;OH,,12,12,no,9.0006,C,C17,no,no,not_applicable
1RBP,existing_28_cohort,A,1,26,ALA,5,C;CA;CB;N;O,C;CA;CB;N;O,,5,5,no,6.8724,CB,C17,no,yes,not_applicable
1RBP,existing_28_cohort,A,1,27,MET,8,C;CA;CB;CE;CG;N;O;SD,C;CA;CB;CE;CG;N;O;SD,,8,8,no,10.1060,N,C17,no,no,not_applicable
1RBP,existing_28_cohort,A,1,28,ALA,5,C;CA;CB;N;O,C;CA;CB;N;O,,5,5,no,9.3771,O,C17,no,no,not_applicable
1RBP,existing_28_cohort,A,1,29,LYS,9,C;CA;CB;CD;CE;CG;N;NZ;O,C;CA;CB;CD;CE;CG;N;NZ;O,,9,9,no,8.2615,CD,C17,no,no,not_applicable
1RBP,existing_28_cohort,A,1,30,LYS,9,C;CA;CB;CD;CE;CG;N;NZ;O,C;CA;CB;CD;CE;CG;N;NZ;O,,9,9,no,9.4755,O,C19,no,no,not_applicable
1RBP,existing_28_cohort,A,1,31,ASP,8,C;CA;CB;CG;N;O;OD1;OD2,C;CA;CB;CG;N;O;OD1;OD2,,8,8,no,8.9880,OD2,C20,no,no,not_applicable
1RBP,existing_28_cohort,A,1,32,PRO,7,C;CA;CB;CD;CG;N;O,C;CA;CB;CD;CG;N;O,,7,7,no,6.9354,CG,C19,no,yes,not_applicable
1RBP,existing_28_cohort,A,1,33,GLU,9,C;CA;CB;CD;CG;N;O;OE1;OE2,C;CA;CB;CD;CG;N;O;OE1;OE2,,9,9,no,7.6955,O,C20,no,yes,not_applicable
1RBP,existing_28_cohort,A,1,34,GLY,4,C;CA;N;O,C;CA;N;O,,4,4,no,6.7181,C,C20,no,yes,not_applicable
1RBP,existing_28_cohort,A,1,35,LEU,8,C;CA;CB;CD1;CD2;CG;N;O,C;CA;CB;CD1;CD2;CG;N;O,,8,8,no,3.2475,O,C20,yes,yes,not_applicable
1RBP,existing_28_cohort,A,1,36,PHE,11,C;CA;CB;CD1;CD2;CE1;CE2;CG;CZ;N;O,C;CA;CB;CD1;CD2;CE1;CE2;CG;CZ;N;O,,11,11,no,3.5817,CE2,C19,yes,yes,not_applicable
1RBP,existing_28_cohort,A,1,37,LEU,8,C;CA;CB;CD1;CD2;CG;N;O,C;CA;CB;CD1;CD2;CG;N;O,,8,8,no,3.9274,CD1,C10,yes,yes,not_applicable
1RBP,existing_28_cohort,A,1,38,GLN,9,C;CA;CB;CD;CG;N;NE2;O;OE1,C;CA;CB;CD;CG;N;NE2;O;OE1,,9,9,no,7.5691,N,C13,no,yes,not_applicable
1RBP,existing_28_cohort,A,1,39,ASP,8,C;CA;CB;CG;N;O;OD1;OD2,C;CA;CB;CG;N;O;OD1;OD2,,8,8,no,10.0270,O,C17,no,no,not_applicable
1RBP,existing_28_cohort,A,1,40,ASN,8,C;CA;CB;CG;N;ND2;O;OD1,C;CA;CB;CG;N;ND2;O;OD1,,8,8,no,9.5090,O,C17,no,no,not_applicable
1RBP,existing_28_cohort,A,1,41,ILE,8,C;CA;CB;CD1;CG1;CG2;N;O,C;CA;CB;CD1;CG1;CG2;N;O,,8,8,no,4.8195,CG2,C17,yes,yes,not_applicable
1RBP,existing_28_cohort,A,1,42,VAL,7,C;CA;CB;CG1;CG2;N;O,C;CA;CB;CG1;CG2;N;O,,7,7,no,6.5788,C,C17,no,yes,not_applicable
1RBP,existing_28_cohort,A,1,43,ALA,5,C;CA;CB;N;O,C;CA;CB;N;O,,5,5,no,3.8464,CB,C3,yes,yes,not_applicable
1RBP,existing_28_cohort,A,1,44,GLU,9,C;CA;CB;CD;CG;N;O;OE1;OE2,C;CA;CB;CD;CG;N;O;OE1;OE2,,9,9,no,5.6709,N,C3,no,yes,not_applicable
1RBP,existing_28_cohort,A,1,45,PHE,11,C;CA;CB;CD1;CD2;CE1;CE2;CG;CZ;N;O,C;CA;CB;CD1;CD2;CE1;CE2;CG;CZ;N;O,,11,11,no,3.9509,CZ,C2,yes,yes,not_applicable
1RBP,existing_28_cohort,A,1,46,SER,6,C;CA;CB;N;O;OG,C;CA;CB;N;O;OG,,6,6,no,8.5998,N,C3,no,no,not_applicable
1RBP,existing_28_cohort,A,1,47,VAL,7,C;CA;CB;CG1;CG2;N;O,C;CA;CB;CG1;CG2;N;O,,7,7,no,11.8483,N,C3,no,no,not_applicable
1RBP,existing_28_cohort,A,1,48,ASP,8,C;CA;CB;CG;N;O;OD1;OD2,C;CA;CB;CG;N;O;OD1;OD2,,8,8,no,14.0357,N,C4,no,no,not_applicable
1RBP,existing_28_cohort,A,1,49,GLU,9,C;CA;CB;CD;CG;N;O;OE1;OE2,C;CA;CB;CD;CG;N;O;OE1;OE2,,9,9,no,17.7418,N,C4,no,no,not_applicable
1RBP,existing_28_cohort,A,1,50,THR,7,C;CA;CB;CG2;N;O;OG1,C;CA;CB;CG2;N;O;OG1,,7,7,no,18.0208,C,C4,no,no,not_applicable
1RBP,existing_28_cohort,A,1,51,GLY,4,C;CA;N;O,C;CA;N;O,,4,4,no,14.5743,O,C4,no,no,not_applicable
1RBP,existing_28_cohort,A,1,52,GLN,9,C;CA;CB;CD;CG;N;NE2;O;OE1,C;CA;CB;CD;CG;N;NE2;O;OE1,,9,9,no,11.4343,NE2,C4,no,no,not_applicable
1RBP,existing_28_cohort,A,1,53,MET,8,C;CA;CB;CE;CG;N;O;SD,C;CA;CB;CE;CG;N;O;SD,,8,8,no,8.3584,CE,C2,no,no,not_applicable
1RBP,existing_28_cohort,A,1,54,SER,6,C;CA;CB;N;O;OG,C;CA;CB;N;O;OG,,6,6,no,6.3432,C,C4,no,yes,not_applicable
1RBP,existing_28_cohort,A,1,55,ALA,5,C;CA;CB;N;O,C;CA;CB;N;O,,5,5,no,3.5833,CB,C4,yes,yes,not_applicable
1RBP,existing_28_cohort,A,1,56,THR,7,C;CA;CB;CG2;N;O;OG1,C;CA;CB;CG2;N;O;OG1,,7,7,no,4.4049,O,C3,yes,yes,not_applicable
1RBP,existing_28_cohort,A,1,57,ALA,5,C;CA;CB;N;O,C;CA;CB;N;O,,5,5,no,3.8870,CB,C5,yes,yes,not_applicable
1RBP,existing_28_cohort,A,1,58,LYS,9,C;CA;CB;CD;CE;CG;N;NZ;O,C;CA;CB;CD;CE;CG;N;NZ;O,,9,9,no,6.6996,N,C17,no,yes,not_applicable
1RBP,existing_28_cohort,A,1,59,GLY,4,C;CA;N;O,C;CA;N;O,,4,4,no,7.5749,O,C14,no,yes,not_applicable
1RBP,existing_28_cohort,A,1,60,ARG,11,C;CA;CB;CD;CG;CZ;N;NE;NH1;NH2;O,C;CA;CB;CD;CG;CZ;N;NE;NH1;NH2;O,,11,11,no,7.3650,C,C14,no,yes,not_applicable
1RBP,existing_28_cohort,A,1,61,VAL,7,C;CA;CB;CG1;CG2;N;O,C;CA;CB;CG1;CG2;N;O,,7,7,no,3.6937,CG1,C15,yes,yes,not_applicable
1RBP,existing_28_cohort,A,1,62,ARG,11,C;CA;CB;CD;CG;CZ;N;NE;NH1;NH2;O,C;CA;CB;CD;CG;CZ;N;NE;NH1;NH2;O,,11,11,no,6.0764,C,O1,no,yes,not_applicable
1RBP,existing_28_cohort,A,1,63,LEU,8,C;CA;CB;CD1;CD2;CG;N;O,C;CA;CB;CD1;CD2;CG;N;O,,8,8,no,3.1855,CD2,O1,yes,yes,not_applicable
1RBP,existing_28_cohort,A,1,64,LEU,8,C;CA;CB;CD1;CD2;CG;N;O,C;CA;CB;CD1;CD2;CG;N;O,,8,8,no,7.2856,N,O1,no,yes,not_applicable
1RBP,existing_28_cohort,A,1,65,ASN,8,C;CA;CB;CG;N;ND2;O;OD1,C;CA;CB;CG;N;ND2;O;OD1,,8,8,no,8.6012,OD1,O1,no,no,not_applicable
1RBP,existing_28_cohort,A,1,66,ASN,8,C;CA;CB;CG;N;ND2;O;OD1,C;CA;CB;CG;N;ND2;O;OD1,,8,8,no,10.3030,N,O1,no,no,not_applicable
1RBP,existing_28_cohort,A,1,67,TRP,14,C;CA;CB;CD1;CD2;CE2;CE3;CG;CH2;CZ2;CZ3;N;NE1;O,C;CA;CB;CD1;CD2;CE2;CE3;CG;CH2;CZ2;CZ3;N;NE1;O,,14,14,no,8.1778,CB,O1,no,no,not_applicable
1RBP,existing_28_cohort,A,1,68,ASP,8,C;CA;CB;CG;N;O;OD1;OD2,C;CA;CB;CG;N;O;OD1;OD2,,8,8,no,9.0277,C,O1,no,no,not_applicable
1RBP,existing_28_cohort,A,1,69,VAL,7,C;CA;CB;CG1;CG2;N;O,C;CA;CB;CG1;CG2;N;O,,7,7,no,5.2652,CG2,O1,no,yes,not_applicable
1RBP,existing_28_cohort,A,1,70,CYS,6,C;CA;CB;N;O;SG,C;CA;CB;N;O;SG,,6,6,no,8.4063,C,C14,no,no,not_applicable
1RBP,existing_28_cohort,A,1,71,ALA,5,C;CA;CB;N;O,C;CA;CB;N;O,,5,5,no,5.1513,CB,C14,no,yes,not_applicable
1RBP,existing_28_cohort,A,1,72,ASP,8,C;CA;CB;CG;N;O;OD1;OD2,C;CA;CB;CG;N;O;OD1;OD2,,8,8,no,7.1591,C,C18,no,yes,not_applicable
1RBP,existing_28_cohort,A,1,73,MET,8,C;CA;CB;CE;CG;N;O;SD,C;CA;CB;CE;CG;N;O;SD,,8,8,no,3.8927,CB,C18,yes,yes,not_applicable
1RBP,existing_28_cohort,A,1,74,VAL,7,C;CA;CB;CG1;CG2;N;O,C;CA;CB;CG1;CG2;N;O,,7,7,no,4.0099,C,C18,yes,yes,not_applicable
1RBP,existing_28_cohort,A,1,75,GLY,4,C;CA;N;O,C;CA;N;O,,4,4,no,3.8906,N,C18,yes,yes,not_applicable
1RBP,existing_28_cohort,A,1,76,THR,7,C;CA;CB;CG2;N;O;OG1,C;CA;CB;CG2;N;O;OG1,,7,7,no,6.5004,N,C18,no,yes,not_applicable
1RBP,existing_28_cohort,A,1,77,PHE,11,C;CA;CB;CD1;CD2;CE1;CE2;CG;CZ;N;O,C;CA;CB;CD1;CD2;CE1;CE2;CG;CZ;N;O,,11,11,no,4.5899,CZ,C4,yes,yes,not_applicable
1RBP,existing_28_cohort,A,1,78,THR,7,C;CA;CB;CG2;N;O;OG1,C;CA;CB;CG2;N;O;OG1,,7,7,no,11.1263,N,C4,no,no,not_applicable
1RBP,existing_28_cohort,A,1,79,ASP,8,C;CA;CB;CG;N;O;OD1;OD2,C;CA;CB;CG;N;O;OD1;OD2,,8,8,no,13.9965,N,C4,no,no,not_applicable
1RBP,existing_28_cohort,A,1,80,THR,7,C;CA;CB;CG2;N;O;OG1,C;CA;CB;CG2;N;O;OG1,,7,7,no,15.0506,CG2,C16,no,no,not_applicable
1RBP,existing_28_cohort,A,1,81,GLU,9,C;CA;CB;CD;CG;N;O;OE1;OE2,C;CA;CB;CD;CG;N;O;OE1;OE2,,9,9,no,18.8915,N,C16,no,no,not_applicable
1RBP,existing_28_cohort,A,1,82,ASP,8,C;CA;CB;CG;N;O;OD1;OD2,C;CA;CB;CG;N;O;OD1;OD2,,8,8,no,15.9633,O,C16,no,no,not_applicable
1RBP,existing_28_cohort,A,1,83,PRO,7,C;CA;CB;CD;CG;N;O,C;CA;CB;CD;CG;N;O,,7,7,no,14.1387,O,C2,no,no,not_applicable
1RBP,existing_28_cohort,A,1,84,ALA,5,C;CA;CB;N;O,C;CA;CB;N;O,,5,5,no,11.6179,O,C16,no,no,not_applicable
1RBP,existing_28_cohort,A,1,85,LYS,9,C;CA;CB;CD;CE;CG;N;NZ;O,C;CA;CB;CD;CE;CG;N;NZ;O,,9,9,no,12.3480,C,C16,no,no,not_applicable
1RBP,existing_28_cohort,A,1,86,PHE,11,C;CA;CB;CD1;CD2;CE1;CE2;CG;CZ;N;O,C;CA;CB;CD1;CD2;CE1;CE2;CG;CZ;N;O,,11,11,no,10.1183,CD2,C2,no,no,not_applicable
1RBP,existing_28_cohort,A,1,87,LYS,9,C;CA;CB;CD;CE;CG;N;NZ;O,C;CA;CB;CD;CE;CG;N;NZ;O,,9,9,no,9.9204,O,C4,no,no,not_applicable
1RBP,existing_28_cohort,A,1,88,MET,8,C;CA;CB;CE;CG;N;O;SD,C;CA;CB;CE;CG;N;O;SD,,8,8,no,3.9338,SD,C5,yes,yes,not_applicable
1RBP,existing_28_cohort,A,1,89,LYS,9,C;CA;CB;CD;CE;CG;N;NZ;O,C;CA;CB;CD;CE;CG;N;NZ;O,,9,9,no,5.9723,O,C18,no,yes,not_applicable
1RBP,existing_28_cohort,A,1,90,TYR,12,C;CA;CB;CD1;CD2;CE1;CE2;CG;CZ;N;O;OH,C;CA;CB;CD1;CD2;CE1;CE2;CG;CZ;N;O;OH,,12,12,no,4.0085,CB,C18,yes,yes,not_applicable
1RBP,existing_28_cohort,A,1,91,TRP,14,C;CA;CB;CD1;CD2;CE2;CE3;CG;CH2;CZ2;CZ3;N;NE1;O,C;CA;CB;CD1;CD2;CE2;CE3;CG;CH2;CZ2;CZ3;N;NE1;O,,14,14,no,5.8004,O,C18,no,yes,not_applicable
1RBP,existing_28_cohort,A,1,92,GLY,4,C;CA;N;O,C;CA;N;O,,4,4,no,7.2843,CA,C12,no,yes,not_applicable
1RBP,existing_28_cohort,A,1,93,VAL,7,C;CA;CB;CG1;CG2;N;O,C;CA;CB;CG1;CG2;N;O,,7,7,no,9.2962,N,C18,no,no,not_applicable
1RBP,existing_28_cohort,A,1,94,ALA,5,C;CA;CB;N;O,C;CA;CB;N;O,,5,5,no,8.3889,O,O1,no,no,not_applicable
1RBP,existing_28_cohort,A,1,95,SER,6,C;CA;CB;N;O;OG,C;CA;CB;N;O;OG,,6,6,no,8.4785,O,O1,no,no,not_applicable
1RBP,existing_28_cohort,A,1,96,PHE,11,C;CA;CB;CD1;CD2;CE1;CE2;CG;CZ;N;O,C;CA;CB;CD1;CD2;CE1;CE2;CG;CZ;N;O,,11,11,no,4.8227,O,O1,yes,yes,not_applicable
1RBP,existing_28_cohort,A,1,97,LEU,8,C;CA;CB;CD1;CD2;CG;N;O,C;CA;CB;CD1;CD2;CG;N;O,,8,8,no,3.8854,CD2,O1,yes,yes,not_applicable
1RBP,existing_28_cohort,A,1,98,GLN,9,C;CA;CB;CD;CG;N;NE2;O;OE1,C;CA;CB;CD;CG;N;NE2;O;OE1,,9,9,no,3.5840,NE2,C20,yes,yes,not_applicable
1RBP,existing_28_cohort,A,1,99,LYS,9,C;CA;CB;CD;CE;CG;N;NZ;O,C;CA;CB;CD;CE;CG;N;NZ;O,,9,9,no,6.7540,N,C13,no,yes,not_applicable
1RBP,existing_28_cohort,A,1,100,GLY,4,C;CA;N;O,C;CA;N;O,,4,4,no,7.8860,N,C19,no,yes,not_applicable
1RBP,existing_28_cohort,A,1,101,ASN,8,C;CA;CB;CG;N;ND2;O;OD1,C;CA;CB;CG;N;ND2;O;OD1,,8,8,no,8.4666,N,C19,no,no,not_applicable
1RBP,existing_28_cohort,A,1,102,ASP,8,C;CA;CB;CG;N;O;OD1;OD2,C;CA;CB;CG;N;O;OD1;OD2,,8,8,no,4.5978,OD2,C19,yes,yes,not_applicable
1RBP,existing_28_cohort,A,1,103,ASP,8,C;CA;CB;CG;N;O;OD1;OD2,C;CA;CB;CG;N;O;OD1;OD2,,8,8,no,7.1950,O,C16,no,yes,not_applicable
1RBP,existing_28_cohort,A,1,104,HIS,10,C;CA;CB;CD2;CE1;CG;N;ND1;NE2;O,C;CA;CB;CD2;CE1;CG;N;ND1;NE2;O,,10,10,no,3.7325,CE1,C16,yes,yes,not_applicable
1RBP,existing_28_cohort,A,1,105,TRP,14,C;CA;CB;CD1;CD2;CE2;CE3;CG;CH2;CZ2;CZ3;N;NE1;O,C;CA;CB;CD1;CD2;CE2;CE3;CG;CH2;CZ2;CZ3;N;NE1;O,,14,14,no,8.3649,N,C16,no,no,not_applicable
1RBP,existing_28_cohort,A,1,106,ILE,8,C;CA;CB;CD1;CG1;CG2;N;O,C;CA;CB;CD1;CG1;CG2;N;O,,8,8,no,8.4243,CD1,C2,no,no,not_applicable
1RBP,existing_28_cohort,A,1,107,VAL,7,C;CA;CB;CG1;CG2;N;O,C;CA;CB;CG1;CG2;N;O,,7,7,no,11.4217,N,C16,no,no,not_applicable
1RBP,existing_28_cohort,A,1,108,ASP,8,C;CA;CB;CG;N;O;OD1;OD2,C;CA;CB;CG;N;O;OD1;OD2,,8,8,no,12.6308,O,C16,no,no,not_applicable
1RBP,existing_28_cohort,A,1,109,THR,7,C;CA;CB;CG2;N;O;OG1,C;CA;CB;CG2;N;O;OG1,,7,7,no,12.9402,CB,C2,no,no,not_applicable
1RBP,existing_28_cohort,A,1,110,ASP,8,C;CA;CB;CG;N;O;OD1;OD2,C;CA;CB;CG;N;O;OD1;OD2,,8,8,no,15.7273,N,C2,no,no,not_applicable
1RBP,existing_28_cohort,A,1,111,TYR,12,C;CA;CB;CD1;CD2;CE1;CE2;CG;CZ;N;O;OH,C;CA;CB;CD1;CD2;CE1;CE2;CG;CZ;N;O;OH,,12,12,no,14.5066,O,C2,no,no,not_applicable
1RBP,existing_28_cohort,A,1,112,ASP,8,C;CA;CB;CG;N;O;OD1;OD2,C;CA;CB;CG;N;O;OD1;OD2,,8,8,no,16.2379,N,C2,no,no,not_applicable
1RBP,existing_28_cohort,A,1,113,THR,7,C;CA;CB;CG2;N;O;OG1,C;CA;CB;CG2;N;O;OG1,,7,7,no,14.7726,O,C2,no,no,not_applicable
1RBP,existing_28_cohort,A,1,114,TYR,12,C;CA;CB;CD1;CD2;CE1;CE2;CG;CZ;N;O;OH,C;CA;CB;CD1;CD2;CE1;CE2;CG;CZ;N;O;OH,,12,12,no,13.0706,C,C2,no,no,not_applicable
1RBP,existing_28_cohort,A,1,115,ALA,5,C;CA;CB;N;O,C;CA;CB;N;O,,5,5,no,9.8341,CB,C2,no,no,not_applicable
1RBP,existing_28_cohort,A,1,116,VAL,7,C;CA;CB;CG1;CG2;N;O,C;CA;CB;CG1;CG2;N;O,,7,7,no,9.4606,C,C16,no,no,not_applicable
1RBP,existing_28_cohort,A,1,117,GLN,9,C;CA;CB;CD;CG;N;NE2;O;OE1,C;CA;CB;CD;CG;N;NE2;O;OE1,,9,9,no,4.6406,NE2,C16,yes,yes,not_applicable
1RBP,existing_28_cohort,A,1,118,TYR,12,C;CA;CB;CD1;CD2;CE1;CE2;CG;CZ;N;O;OH,C;CA;CB;CD1;CD2;CE1;CE2;CG;CZ;N;O;OH,,12,12,no,7.7950,N,C16,no,yes,not_applicable
1RBP,existing_28_cohort,A,1,119,SER,6,C;CA;CB;N;O;OG,C;CA;CB;N;O;OG,,6,6,no,7.1550,CB,C16,no,yes,not_applicable
1RBP,existing_28_cohort,A,1,120,CYS,6,C;CA;CB;N;O;SG,C;CA;CB;N;O;SG,,6,6,no,10.6174,N,C16,no,no,not_applicable
1RBP,existing_28_cohort,A,1,121,ARG,11,C;CA;CB;CD;CG;CZ;N;NE;NH1;NH2;O,C;CA;CB;CD;CG;CZ;N;NE;NH1;NH2;O,,11,11,no,4.7419,NH2,C19,yes,yes,not_applicable
1RBP,existing_28_cohort,A,1,122,LEU,8,C;CA;CB;CD1;CD2;CG;N;O,C;CA;CB;CD1;CD2;CG;N;O,,8,8,no,12.9211,N,C19,no,no,not_applicable
1RBP,existing_28_cohort,A,1,123,LEU,8,C;CA;CB;CD1;CD2;CG;N;O,C;CA;CB;CD1;CD2;CG;N;O,,8,8,no,16.2499,CD1,C19,no,no,not_applicable
1RBP,existing_28_cohort,A,1,124,ASN,8,C;CA;CB;CG;N;ND2;O;OD1,C;CA;CB;CG;N;ND2;O;OD1,,8,8,no,19.2237,N,C19,no,no,not_applicable
1RBP,existing_28_cohort,A,1,125,LEU,8,C;CA;CB;CD1;CD2;CG;N;O,C;CA;CB;CD1;CD2;CG;N;O,,8,8,no,22.6689,N,C19,no,no,not_applicable
1RBP,existing_28_cohort,A,1,126,ASP,8,C;CA;CB;CG;N;O;OD1;OD2,C;CA;CB;CG;N;O;OD1;OD2,,8,8,no,23.0508,OD1,C19,no,no,not_applicable
1RBP,existing_28_cohort,A,1,127,GLY,4,C;CA;N;O,C;CA;N;O,,4,4,no,20.1238,O,C16,no,no,not_applicable
1RBP,existing_28_cohort,A,1,128,THR,7,C;CA;CB;CG2;N;O;OG1,C;CA;CB;CG2;N;O;OG1,,7,7,no,18.9114,O,C19,no,no,not_applicable
1RBP,existing_28_cohort,A,1,129,CYS,6,C;CA;CB;N;O;SG,C;CA;CB;N;O;SG,,6,6,no,13.9595,SG,C19,no,no,not_applicable
1RBP,existing_28_cohort,A,1,130,ALA,5,C;CA;CB;N;O,C;CA;CB;N;O,,5,5,no,15.3212,C,C19,no,no,not_applicable
1RBP,existing_28_cohort,A,1,131,ASP,8,C;CA;CB;CG;N;O;OD1;OD2,C;CA;CB;CG;N;O;OD1;OD2,,8,8,no,10.9458,OD1,C19,no,no,not_applicable
1RBP,existing_28_cohort,A,1,132,SER,6,C;CA;CB;N;O;OG,C;CA;CB;N;O;OG,,6,6,no,10.0126,C,C19,no,no,not_applicable
1RBP,existing_28_cohort,A,1,133,TYR,12,C;CA;CB;CD1;CD2;CE1;CE2;CG;CZ;N;O;OH,C;CA;CB;CD1;CD2;CE1;CE2;CG;CZ;N;O;OH,,12,12,no,4.2936,OH,C19,yes,yes,not_applicable
1RBP,existing_28_cohort,A,1,134,SER,6,C;CA;CB;N;O;OG,C;CA;CB;N;O;OG,,6,6,no,7.8102,C,C16,no,yes,not_applicable
1RBP,existing_28_cohort,A,1,135,PHE,11,C;CA;CB;CD1;CD2;CE1;CE2;CG;CZ;N;O,C;CA;CB;CD1;CD2;CE1;CE2;CG;CZ;N;O,,11,11,no,3.8863,CE2,C17,yes,yes,not_applicable
1RBP,existing_28_cohort,A,1,136,VAL,7,C;CA;CB;CG1;CG2;N;O,C;CA;CB;CG1;CG2;N;O,,7,7,no,9.0931,N,C17,no,no,not_applicable
1RBP,existing_28_cohort,A,1,137,PHE,11,C;CA;CB;CD1;CD2;CE1;CE2;CG;CZ;N;O,C;CA;CB;CD1;CD2;CE1;CE2;CG;CZ;N;O,,11,11,no,4.4029,CZ,C17,yes,yes,not_applicable
1RBP,existing_28_cohort,A,1,138,SER,6,C;CA;CB;N;O;OG,C;CA;CB;N;O;OG,,6,6,no,11.1716,N,C17,no,no,not_applicable
1RBP,existing_28_cohort,A,1,139,ARG,11,C;CA;CB;CD;CG;CZ;N;NE;NH1;NH2;O,C;CA;CB;CD;CG;CZ;N;NE;NH1;NH2;O,,11,11,no,11.6158,NH1,C3,no,no,not_applicable
1RBP,existing_28_cohort,A,1,140,ASP,8,C;CA;CB;CG;N;O;OD1;OD2,C;CA;CB;CG;N;O;OD1;OD2,,8,8,no,14.9313,O,C17,no,no,not_applicable
1RBP,existing_28_cohort,A,1,141,PRO,7,C;CA;CB;CD;CG;N;O,C;CA;CB;CD;CG;N;O,,7,7,no,15.2432,CA,C17,no,no,not_applicable
1RBP,existing_28_cohort,A,1,142,ASN,8,C;CA;CB;CG;N;ND2;O;OD1,C;CA;CB;CG;N;ND2;O;OD1,,8,8,no,17.0724,N,C17,no,no,not_applicable
1RBP,existing_28_cohort,A,1,143,GLY,4,C;CA;N;O,C;CA;N;O,,4,4,no,16.6421,CA,C17,no,no,not_applicable
1RBP,existing_28_cohort,A,1,144,LEU,8,C;CA;CB;CD1;CD2;CG;N;O,C;CA;CB;CD1;CD2;CG;N;O,,8,8,no,15.3368,CD1,C17,no,no,not_applicable
1RBP,existing_28_cohort,A,1,145,PRO,7,C;CA;CB;CD;CG;N;O,C;CA;CB;CD;CG;N;O,,7,7,no,19.9071,CD,C17,no,no,not_applicable
1RBP,existing_28_cohort,A,1,146,PRO,7,C;CA;CB;CD;CG;N;O,C;CA;CB;CD;CG;N;O,,7,7,no,23.1124,N,C17,no,no,not_applicable
1RBP,existing_28_cohort,A,1,147,GLU,9,C;CA;CB;CD;CG;N;O;OE1;OE2,C;CA;CB;CD;CG;N;O;OE1;OE2,,9,9,no,22.3421,C,C17,no,no,not_applicable
1RBP,existing_28_cohort,A,1,148,ALA,5,C;CA;CB;N;O,C;CA;CB;N;O,,5,5,no,18.8915,CB,C17,no,no,not_applicable
1RBP,existing_28_cohort,A,1,149,GLN,9,C;CA;CB;CD;CG;N;NE2;O;OE1,C;CA;CB;CD;CG;N;NE2;O;OE1,,9,9,no,18.9447,NE2,C17,no,no,not_applicable
1RBP,existing_28_cohort,A,1,150,LYS,9,C;CA;CB;CD;CE;CG;N;NZ;O,C;CA;CB;CD;CE;CG;N;NZ;O,,9,9,no,21.4550,O,C16,no,no,not_applicable
1RBP,existing_28_cohort,A,1,151,ILE,8,C;CA;CB;CD1;CG1;CG2;N;O,C;CA;CB;CD1;CG1;CG2;N;O,,8,8,no,18.8508,O,C16,no,no,not_applicable
1RBP,existing_28_cohort,A,1,152,VAL,7,C;CA;CB;CG1;CG2;N;O,C;CA;CB;CG1;CG2;N;O,,7,7,no,15.5472,CG1,C16,no,no,not_applicable
1RBP,existing_28_cohort,A,1,153,ARG,11,C;CA;CB;CD;CG;CZ;N;NE;NH1;NH2;O,C;CA;CB;CD;CG;CZ;N;NE;NH1;NH2;O,,11,11,no,18.5955,N,C16,no,no,not_applicable
1RBP,existing_28_cohort,A,1,154,GLN,9,C;CA;CB;CD;CG;N;NE2;O;OE1,C;CA;CB;CD;CG;N;NE2;O;OE1,,9,9,no,19.5513,C,C16,no,no,not_applicable
1RBP,existing_28_cohort,A,1,155,ARG,11,C;CA;CB;CD;CG;CZ;N;NE;NH1;NH2;O,C;CA;CB;CD;CG;CZ;N;NE;NH1;NH2;O,,11,11,no,16.1440,CB,C16,no,no,not_applicable
1RBP,existing_28_cohort,A,1,156,GLN,9,C;CA;CB;CD;CG;N;NE2;O;OE1,C;CA;CB;CD;CG;N;NE2;O;OE1,,9,9,no,14.7187,OE1,C16,no,no,not_applicable
1RBP,existing_28_cohort,A,1,157,GLU,9,C;CA;CB;CD;CG;N;O;OE1;OE2,C;CA;CB;CD;CG;N;O;OE1;OE2,,9,9,no,18.7004,N,C16,no,no,not_applicable
1RBP,existing_28_cohort,A,1,158,GLU,9,C;CA;CB;CD;CG;N;O;OE1;OE2,C;CA;CB;CD;CG;N;O;OE1;OE2,,9,9,no,18.3258,C,C16,no,no,not_applicable
1RBP,existing_28_cohort,A,1,159,LEU,8,C;CA;CB;CD1;CD2;CG;N;O,C;CA;CB;CD1;CD2;CG;N;O,,8,8,no,12.9614,CD1,C16,no,no,not_applicable
1RBP,existing_28_cohort,A,1,160,CYS,6,C;CA;CB;N;O;SG,C;CA;CB;N;O;SG,,6,6,no,18.0084,C,C16,no,no,not_applicable
1RBP,existing_28_cohort,A,1,161,LEU,8,C;CA;CB;CD1;CD2;CG;N;O,C;CA;CB;CD1;CD2;CG;N;O,,8,8,no,12.7701,CD1,C16,no,no,not_applicable
1RBP,existing_28_cohort,A,1,162,ALA,5,C;CA;CB;N;O,C;CA;CB;N;O,,5,5,no,18.2358,N,C16,no,no,not_applicable
1RBP,existing_28_cohort,A,1,163,ARG,11,C;CA;CB;CD;CG;CZ;N;NE;NH1;NH2;O,C;CA;CB;CD;CG;CZ;N;NE;NH1;NH2;O,,11,11,no,19.0966,C,C16,no,no,not_applicable
1RBP,existing_28_cohort,A,1,164,GLN,9,C;CA;CB;CD;CG;N;NE2;O;OE1,C;CA;CB;CD;CG;N;NE2;O;OE1,,9,9,no,14.9668,O,C16,no,no,not_applicable
1RBP,existing_28_cohort,A,1,165,TYR,12,C;CA;CB;CD1;CD2;CE1;CE2;CG;CZ;N;O;OH,C;CA;CB;CD1;CD2;CE1;CE2;CG;CZ;N;O;OH,,12,12,no,11.8864,CE1,C16,no,no,not_applicable
1RBP,existing_28_cohort,A,1,166,ARG,11,C;CA;CB;CD;CG;CZ;N;NE;NH1;NH2;O,C;CA;CB;CD;CG;CZ;N;NE;NH1;NH2;O,,11,11,no,13.2157,O,C17,no,no,not_applicable
1RBP,existing_28_cohort,A,1,167,LEU,8,C;CA;CB;CD1;CD2;CG;N;O,C;CA;CB;CD1;CD2;CG;N;O,,8,8,no,13.9467,C,C17,no,no,not_applicable
1RBP,existing_28_cohort,A,1,168,ILE,8,C;CA;CB;CD1;CG1;CG2;N;O,C;CA;CB;CD1;CG1;CG2;N;O,,8,8,no,8.7106,CD1,C17,no,no,not_applicable
1RBP,existing_28_cohort,A,1,169,VAL,7,C;CA;CB;CG1;CG2;N;O,C;CA;CB;CG1;CG2;N;O,,7,7,no,12.9802,O,C17,no,no,not_applicable
1RBP,existing_28_cohort,A,1,170,HIS,10,C;CA;CB;CD2;CE1;CG;N;ND1;NE2;O,C;CA;CB;CD2;CE1;CG;N;ND1;NE2;O,,10,10,no,10.7317,CE1,C17,no,no,not_applicable
1RBP,existing_28_cohort,A,1,171,ASN,8,C;CA;CB;CG;N;ND2;O;OD1,C;CA;CB;CG;N;ND2;O;OD1,,8,8,no,16.2096,N,C17,no,no,not_applicable
1RBP,existing_28_cohort,A,1,172,GLY,4,C;CA;N;O,C;CA;N;O,,4,4,no,16.9427,N,C17,no,no,not_applicable
1RBP,existing_28_cohort,A,1,173,TYR,12,C;CA;CB;CD1;CD2;CE1;CE2;CG;CZ;N;O;OH,C;CA;CB;CD1;CD2;CE1;CE2;CG;CZ;N;O;OH,,12,12,no,11.9831,CE2,O1,no,no,not_applicable
1RBP,existing_28_cohort,A,1,174,CYS,6,C;CA;CB;N;O;SG,C;CA;CB;N;O;SG,,6,6,no,11.4304,SG,C14,no,no,not_applicable
1RBP,existing_28_cohort,A,1,175,ASP,8,C;CA;CB;CG;N;O;OD1;OD2,N,C;CA;CB;CG;O;OD1;OD2,1,1,yes,15.1393,N,C14,no,no,unlikely
1CRB,existing_28_cohort,A,1,1,PRO,7,C;CA;CB;CD;CG;N;O,C;CA;CB;CD;CG;N;O,,7,7,no,15.0756,C,O1,no,no,not_applicable
1CRB,existing_28_cohort,A,1,2,VAL,7,C;CA;CB;CG1;CG2;N;O,C;CA;CB;CG1;CG2;N;O,,7,7,no,11.9441,CG2,O1,no,no,not_applicable
1CRB,existing_28_cohort,A,1,3,ASP,8,C;CA;CB;CG;N;O;OD1;OD2,C;CA;CB;CG;N;O;OD1;OD2,,8,8,no,12.0174,C,O1,no,no,not_applicable
1CRB,existing_28_cohort,A,1,4,PHE,11,C;CA;CB;CD1;CD2;CE1;CE2;CG;CZ;N;O,C;CA;CB;CD1;CD2;CE1;CE2;CG;CZ;N;O,,11,11,no,7.9269,CD1,O1,no,yes,not_applicable
1CRB,existing_28_cohort,A,1,5,ASN,8,C;CA;CB;CG;N;ND2;O;OD1,C;CA;CB;CG;N;ND2;O;OD1,,8,8,no,11.2184,N,O1,no,no,not_applicable
1CRB,existing_28_cohort,A,1,6,GLY,4,C;CA;N;O,C;CA;N;O,,4,4,no,10.7197,O,O1,no,no,not_applicable
1CRB,existing_28_cohort,A,1,7,TYR,12,C;CA;CB;CD1;CD2;CE1;CE2;CG;CZ;N;O;OH,C;CA;CB;CD1;CD2;CE1;CE2;CG;CZ;N;O;OH,,12,12,no,11.7952,C,O1,no,no,not_applicable
1CRB,existing_28_cohort,A,1,8,TRP,14,C;CA;CB;CD1;CD2;CE2;CE3;CG;CH2;CZ2;CZ3;N;NE1;O,C;CA;CB;CD1;CD2;CE2;CE3;CG;CH2;CZ2;CZ3;N;NE1;O,,14,14,no,8.9688,CD1,O1,no,no,not_applicable
1CRB,existing_28_cohort,A,1,9,LYS,9,C;CA;CB;CD;CE;CG;N;NZ;O,C;CA;CB;CD;CE;CG;N;NZ;O,,9,9,no,11.7050,C,C17,no,no,not_applicable
1CRB,existing_28_cohort,A,1,10,MET,8,C;CA;CB;CE;CG;N;O;SD,C;CA;CB;CE;CG;N;O;SD,,8,8,no,6.8311,CE,C17,no,yes,not_applicable
1CRB,existing_28_cohort,A,1,11,LEU,8,C;CA;CB;CD1;CD2;CG;N;O,C;CA;CB;CD1;CD2;CG;N;O,,8,8,no,12.2657,N,C17,no,no,not_applicable
1CRB,existing_28_cohort,A,1,12,SER,6,C;CA;CB;N;O;OG,C;CA;CB;N;O;OG,,6,6,no,10.9853,O,C17,no,no,not_applicable
1CRB,existing_28_cohort,A,1,13,ASN,8,C;CA;CB;CG;N;ND2;O;OD1,C;CA;CB;CG;N;ND2;O;OD1,,8,8,no,7.2160,ND2,C17,no,yes,not_applicable
1CRB,existing_28_cohort,A,1,14,GLU,9,C;CA;CB;CD;CG;N;O;OE1;OE2,C;CA;CB;CD;CG;N;O;OE1;OE2,,9,9,no,11.0487,O,C19,no,no,not_applicable
1CRB,existing_28_cohort,A,1,15,ASN,8,C;CA;CB;CG;N;ND2;O;OD1,C;CA;CB;CG;N;ND2;O;OD1,,8,8,no,10.1831,O,C19,no,no,not_applicable
1CRB,existing_28_cohort,A,1,16,PHE,11,C;CA;CB;CD1;CD2;CE1;CE2;CG;CZ;N;O,C;CA;CB;CD1;CD2;CE1;CE2;CG;CZ;N;O,,11,11,no,3.9530,CZ,C7,yes,yes,not_applicable
1CRB,existing_28_cohort,A,1,17,GLU,9,C;CA;CB;CD;CG;N;O;OE1;OE2,C;CA;CB;CD;CG;N;O;OE1;OE2,,9,9,no,9.1302,CA,C18,no,no,not_applicable
1CRB,existing_28_cohort,A,1,18,GLU,9,C;CA;CB;CD;CG;N;O;OE1;OE2,C;CA;CB;CD;CG;N;O;OE1;OE2,,9,9,no,10.5610,C,C19,no,no,not_applicable
1CRB,existing_28_cohort,A,1,19,TYR,12,C;CA;CB;CD1;CD2;CE1;CE2;CG;CZ;N;O;OH,C;CA;CB;CD1;CD2;CE1;CE2;CG;CZ;N;O;OH,,12,12,no,4.2605,CE2,C19,yes,yes,not_applicable
1CRB,existing_28_cohort,A,1,20,LEU,8,C;CA;CB;CD1;CD2;CG;N;O,C;CA;CB;CD1;CD2;CG;N;O,,8,8,no,3.7005,CD2,C18,yes,yes,not_applicable
1CRB,existing_28_cohort,A,1,21,ARG,11,C;CA;CB;CD;CG;CZ;N;NE;NH1;NH2;O,C;CA;CB;CD;CG;CZ;N;NE;NH1;NH2;O,,11,11,no,8.7117,N,C18,no,no,not_applicable
1CRB,existing_28_cohort,A,1,22,ALA,5,C;CA;CB;N;O,C;CA;CB;N;O,,5,5,no,10.5735,N,C18,no,no,not_applicable
1CRB,existing_28_cohort,A,1,23,LEU,8,C;CA;CB;CD1;CD2;CG;N;O,C;CA;CB;CD1;CD2;CG;N;O,,8,8,no,6.0146,CD1,C19,no,yes,not_applicable
1CRB,existing_28_cohort,A,1,24,ASP,8,C;CA;CB;CG;N;O;OD1;OD2,C;CA;CB;CG;N;O;OD1;OD2,,8,8,no,9.1715,C,C18,no,no,not_applicable
1CRB,existing_28_cohort,A,1,25,VAL,7,C;CA;CB;CG1;CG2;N;O,C;CA;CB;CG1;CG2;N;O,,7,7,no,5.0498,CG1,C18,no,yes,not_applicable
1CRB,existing_28_cohort,A,1,26,ASN,8,C;CA;CB;CG;N;ND2;O;OD1,C;CA;CB;CG;N;ND2;O;OD1,,8,8,no,8.1969,O,C18,no,no,not_applicable
1CRB,existing_28_cohort,A,1,27,VAL,7,C;CA;CB;CG1;CG2;N;O,C;CA;CB;CG1;CG2;N;O,,7,7,no,9.7790,O,C4,no,no,not_applicable
1CRB,existing_28_cohort,A,1,28,ALA,5,C;CA;CB;N;O,C;CA;CB;N;O,,5,5,no,8.3018,O,C4,no,no,not_applicable
1CRB,existing_28_cohort,A,1,29,LEU,8,C;CA;CB;CD1;CD2;CG;N;O,C;CA;CB;CD1;CD2;CG;N;O,,8,8,no,3.9197,CD1,C4,yes,yes,not_applicable
1CRB,existing_28_cohort,A,1,30,ARG,11,C;CA;CB;CD;CG;CZ;N;NE;NH1;NH2;O,C;CA;CB;CD;CG;CZ;N;NE;NH1;NH2;O,,11,11,no,6.7705,N,C4,no,yes,not_applicable
1CRB,existing_28_cohort,A,1,31,LYS,9,C;CA;CB;CD;CE;CG;N;NZ;O,C;CA;CB;CD;CE;CG;N;NZ;O,,9,9,no,8.3428,N,C4,no,no,not_applicable
1CRB,existing_28_cohort,A,1,32,ILE,8,C;CA;CB;CD1;CG1;CG2;N;O,C;CA;CB;CD1;CG1;CG2;N;O,,8,8,no,6.4268,C,C4,no,yes,not_applicable
1CRB,existing_28_cohort,A,1,33,ALA,5,C;CA;CB;N;O,C;CA;CB;N;O,,5,5,no,3.6515,CB,C4,yes,yes,not_applicable
1CRB,existing_28_cohort,A,1,34,ASN,8,C;CA;CB;CG;N;ND2;O;OD1,C;CA;CB;CG;N;ND2;O;OD1,,8,8,no,6.7971,N,C4,no,yes,not_applicable
1CRB,existing_28_cohort,A,1,35,LEU,8,C;CA;CB;CD1;CD2;CG;N;O,C;CA;CB;CD1;CD2;CG;N;O,,8,8,no,8.3919,N,C2,no,no,not_applicable
1CRB,existing_28_cohort,A,1,36,LEU,8,C;CA;CB;CD1;CD2;CG;N;O,C;CA;CB;CD1;CD2;CG;N;O,,8,8,no,3.8645,CD1,C2,yes,yes,not_applicable
1CRB,existing_28_cohort,A,1,37,LYS,9,C;CA;CB;CD;CE;CG;N;NZ;O,C;CA;CB;CD;CE;CG;N;NZ;O,,9,9,no,7.3233,C,C17,no,yes,not_applicable
1CRB,existing_28_cohort,A,1,38,PRO,7,C;CA;CB;CD;CG;N;O,C;CA;CB;CD;CG;N;O,,7,7,no,4.2701,CG,C17,yes,yes,not_applicable
1CRB,existing_28_cohort,A,1,39,ASP,8,C;CA;CB;CG;N;O;OD1;OD2,C;CA;CB;CG;N;O;OD1;OD2,,8,8,no,7.7025,O,C17,no,yes,not_applicable
1CRB,existing_28_cohort,A,1,40,LYS,9,C;CA;CB;CD;CE;CG;N;NZ;O,C;CA;CB;CD;CE;CG;N;NZ;O,,9,9,no,3.2170,CE,O1,yes,yes,not_applicable
1CRB,existing_28_cohort,A,1,41,GLU,9,C;CA;CB;CD;CG;N;O;OE1;OE2,C;CA;CB;CD;CG;N;O;OE1;OE2,,9,9,no,7.9593,O,O1,no,yes,not_applicable
1CRB,existing_28_cohort,A,1,42,ILE,8,C;CA;CB;CD1;CG1;CG2;N;O,C;CA;CB;CD1;CG1;CG2;N;O,,8,8,no,5.6948,CD1,O1,no,yes,not_applicable
1CRB,existing_28_cohort,A,1,43,VAL,7,C;CA;CB;CG1;CG2;N;O,C;CA;CB;CG1;CG2;N;O,,7,7,no,9.9040,N,O1,no,no,not_applicable
1CRB,existing_28_cohort,A,1,44,GLN,9,C;CA;CB;CD;CG;N;NE2;O;OE1,C;CA;CB;CD;CG;N;NE2;O;OE1,,9,9,no,10.7234,OE1,O1,no,no,not_applicable
1CRB,existing_28_cohort,A,1,45,ASP,8,C;CA;CB;CG;N;O;OD1;OD2,C;CA;CB;CG;N;O;OD1;OD2,,8,8,no,13.9611,N,O1,no,no,not_applicable
1CRB,existing_28_cohort,A,1,46,GLY,4,C;CA;N;O,C;CA;N;O,,4,4,no,14.6733,O,O1,no,no,not_applicable
1CRB,existing_28_cohort,A,1,47,ASP,8,C;CA;CB;CG;N;O;OD1;OD2,C;CA;CB;CG;N;O;OD1;OD2,,8,8,no,13.1595,O,C15,no,no,not_applicable
1CRB,existing_28_cohort,A,1,48,HIS,10,C;CA;CB;CD2;CE1;CG;N;ND1;NE2;O,C;CA;CB;CD2;CE1;CG;N;ND1;NE2;O,,10,10,no,12.3720,C,C15,no,no,not_applicable
1CRB,existing_28_cohort,A,1,49,MET,8,C;CA;CB;CE;CG;N;O;SD,C;CA;CB;CE;CG;N;O;SD,,8,8,no,7.8139,SD,O1,no,yes,not_applicable
1CRB,existing_28_cohort,A,1,50,ILE,8,C;CA;CB;CD1;CG1;CG2;N;O,C;CA;CB;CD1;CG1;CG2;N;O,,8,8,no,7.8493,C,C15,no,yes,not_applicable
1CRB,existing_28_cohort,A,1,51,ILE,8,C;CA;CB;CD1;CG1;CG2;N;O,C;CA;CB;CD1;CG1;CG2;N;O,,8,8,no,3.5724,CG2,O1,yes,yes,not_applicable
1CRB,existing_28_cohort,A,1,52,ARG,11,C;CA;CB;CD;CG;CZ;N;NE;NH1;NH2;O,C;CA;CB;CD;CG;CZ;N;NE;NH1;NH2;O,,11,11,no,6.6294,N,C14,no,yes,not_applicable
1CRB,existing_28_cohort,A,1,53,THR,7,C;CA;CB;CG2;N;O;OG1,C;CA;CB;CG2;N;O;OG1,,7,7,no,3.5256,OG1,C12,yes,yes,not_applicable
1CRB,existing_28_cohort,A,1,54,LEU,8,C;CA;CB;CD1;CD2;CG;N;O,C;CA;CB;CD1;CD2;CG;N;O,,8,8,no,6.3699,C,C16,no,yes,not_applicable
1CRB,existing_28_cohort,A,1,55,SER,6,C;CA;CB;N;O;OG,C;CA;CB;N;O;OG,,6,6,no,5.1934,CB,C2,no,yes,not_applicable
1CRB,existing_28_cohort,A,1,56,THR,7,C;CA;CB;CG2;N;O;OG1,C;CA;CB;CG2;N;O;OG1,,7,7,no,7.9840,N,C2,no,yes,not_applicable
1CRB,existing_28_cohort,A,1,57,PHE,11,C;CA;CB;CD1;CD2;CE1;CE2;CG;CZ;N;O,C;CA;CB;CD1;CD2;CE1;CE2;CG;CZ;N;O,,11,11,no,3.8212,CD2,C3,yes,yes,not_applicable
1CRB,existing_28_cohort,A,1,58,ARG,11,C;CA;CB;CD;CG;CZ;N;NE;NH1;NH2;O,C;CA;CB;CD;CG;CZ;N;NE;NH1;NH2;O,,11,11,no,3.5677,O,C16,yes,yes,not_applicable
1CRB,existing_28_cohort,A,1,59,ASN,8,C;CA;CB;CG;N;ND2;O;OD1,C;CA;CB;CG;N;ND2;O;OD1,,8,8,no,4.5026,C,C16,yes,yes,not_applicable
1CRB,existing_28_cohort,A,1,60,TYR,12,C;CA;CB;CD1;CD2;CE1;CE2;CG;CZ;N;O;OH,C;CA;CB;CD1;CD2;CE1;CE2;CG;CZ;N;O;OH,,12,12,no,4.2429,CD2,C12,yes,yes,not_applicable
1CRB,existing_28_cohort,A,1,61,ILE,8,C;CA;CB;CD1;CG1;CG2;N;O,C;CA;CB;CD1;CG1;CG2;N;O,,8,8,no,7.4402,N,C12,no,yes,not_applicable
1CRB,existing_28_cohort,A,1,62,MET,8,C;CA;CB;CE;CG;N;O;SD,C;CA;CB;CE;CG;N;O;SD,,8,8,no,3.9195,SD,C15,yes,yes,not_applicable
1CRB,existing_28_cohort,A,1,63,ASP,8,C;CA;CB;CG;N;O;OD1;OD2,C;CA;CB;CG;N;O;OD1;OD2,,8,8,no,8.9064,N,C15,no,no,not_applicable
1CRB,existing_28_cohort,A,1,64,PHE,11,C;CA;CB;CD1;CD2;CE1;CE2;CG;CZ;N;O,C;CA;CB;CD1;CD2;CE1;CE2;CG;CZ;N;O,,11,11,no,6.4425,CE2,C15,no,yes,not_applicable
1CRB,existing_28_cohort,A,1,65,GLN,9,C;CA;CB;CD;CG;N;NE2;O;OE1,C;CA;CB;CD;CG;N;NE2;O;OE1,,9,9,no,12.2472,N,C15,no,no,not_applicable
1CRB,existing_28_cohort,A,1,66,VAL,7,C;CA;CB;CG1;CG2;N;O,C;CA;CB;CG1;CG2;N;O,,7,7,no,11.4778,CG2,C15,no,no,not_applicable
1CRB,existing_28_cohort,A,1,67,GLY,4,C;CA;N;O,C;CA;N;O,,4,4,no,13.7031,N,C15,no,no,not_applicable
1CRB,existing_28_cohort,A,1,68,LYS,9,C;CA;CB;CD;CE;CG;N;NZ;O,C;CA;CB;CD;CE;CG;N;NZ;O,,9,9,no,13.6800,O,C15,no,no,not_applicable
1CRB,existing_28_cohort,A,1,69,GLU,9,C;CA;CB;CD;CG;N;O;OE1;OE2,C;CA;CB;CD;CG;N;O;OE1;OE2,,9,9,no,15.0709,CA,C15,no,no,not_applicable
1CRB,existing_28_cohort,A,1,70,PHE,11,C;CA;CB;CD1;CD2;CE1;CE2;CG;CZ;N;O,C;CA;CB;CD1;CD2;CE1;CE2;CG;CZ;N;O,,11,11,no,9.1800,CZ,C15,no,no,not_applicable
1CRB,existing_28_cohort,A,1,71,GLU,9,C;CA;CB;CD;CG;N;O;OE1;OE2,C;CA;CB;CD;CG;N;O;OE1;OE2,,9,9,no,13.4725,C,C20,no,no,not_applicable
1CRB,existing_28_cohort,A,1,72,GLU,9,C;CA;CB;CD;CG;N;O;OE1;OE2,C;CA;CB;CD;CG;N;O;OE1;OE2,,9,9,no,6.3852,OE2,C20,no,yes,not_applicable
1CRB,existing_28_cohort,A,1,73,ASP,8,C;CA;CB;CG;N;O;OD1;OD2,C;CA;CB;CG;N;O;OD1;OD2,,8,8,no,10.0871,O,C10,no,no,not_applicable
1CRB,existing_28_cohort,A,1,74,LEU,8,C;CA;CB;CD1;CD2;CG;N;O,C;CA;CB;CD1;CD2;CG;N;O,,8,8,no,6.5688,CD2,C19,no,yes,not_applicable
1CRB,existing_28_cohort,A,1,75,THR,7,C;CA;CB;CG2;N;O;OG1,C;CA;CB;CG2;N;O;OG1,,7,7,no,8.0099,O,C16,no,no,not_applicable
1CRB,existing_28_cohort,A,1,76,GLY,4,C;CA;N;O,C;CA;N;O,,4,4,no,4.3166,O,C18,yes,yes,not_applicable
1CRB,existing_28_cohort,A,1,77,ILE,8,C;CA;CB;CD1;CG1;CG2;N;O,C;CA;CB;CD1;CG1;CG2;N;O,,8,8,no,3.7618,CD1,C19,yes,yes,not_applicable
1CRB,existing_28_cohort,A,1,78,ASP,8,C;CA;CB;CG;N;O;OD1;OD2,C;CA;CB;CG;N;O;OD1;OD2,,8,8,no,6.1410,N,C18,no,yes,not_applicable
1CRB,existing_28_cohort,A,1,79,ASP,8,C;CA;CB;CG;N;O;OD1;OD2,C;CA;CB;CG;N;O;OD1;OD2,,8,8,no,8.5814,N,C18,no,no,not_applicable
1CRB,existing_28_cohort,A,1,80,ARG,11,C;CA;CB;CD;CG;CZ;N;NE;NH1;NH2;O,C;CA;CB;CD;CG;CZ;N;NE;NH1;NH2;O,,11,11,no,10.7926,N,C18,no,no,not_applicable
1CRB,existing_28_cohort,A,1,81,LYS,9,C;CA;CB;CD;CE;CG;N;NZ;O,C;CA;CB;CD;CE;CG;N;NZ;O,,9,9,no,13.1120,N,C19,no,no,not_applicable
1CRB,existing_28_cohort,A,1,82,CYS,6,C;CA;CB;N;O;SG,C;CA;CB;N;O;SG,,6,6,no,11.3277,SG,C20,no,no,not_applicable
1CRB,existing_28_cohort,A,1,83,MET,8,C;CA;CB;CE;CG;N;O;SD,C;CA;CB;CE;CG;N;O;SD,,8,8,no,12.9925,O,C20,no,no,not_applicable
1CRB,existing_28_cohort,A,1,84,THR,7,C;CA;CB;CG2;N;O;OG1,C;CA;CB;CG2;N;O;OG1,,7,7,no,8.7692,CG2,C20,no,no,not_applicable
1CRB,existing_28_cohort,A,1,85,THR,7,C;CA;CB;CG2;N;O;OG1,C;CA;CB;CG2;N;O;OG1,,7,7,no,10.5594,O,C15,no,no,not_applicable
1CRB,existing_28_cohort,A,1,86,VAL,7,C;CA;CB;CG1;CG2;N;O,C;CA;CB;CG1;CG2;N;O,,7,7,no,7.5947,CG2,C15,no,yes,not_applicable
1CRB,existing_28_cohort,A,1,87,SER,6,C;CA;CB;N;O;OG,C;CA;CB;N;O;OG,,6,6,no,11.1734,N,C15,no,no,not_applicable
1CRB,existing_28_cohort,A,1,88,TRP,14,C;CA;CB;CD1;CD2;CE2;CE3;CG;CH2;CZ2;CZ3;N;NE1;O,C;CA;CB;CD1;CD2;CE2;CE3;CG;CH2;CZ2;CZ3;N;NE1;O,,14,14,no,11.3631,CH2,O1,no,no,not_applicable
1CRB,existing_28_cohort,A,1,89,ASP,8,C;CA;CB;CG;N;O;OD1;OD2,C;CA;CB;CG;N;O;OD1;OD2,,8,8,no,14.0471,N,O1,no,no,not_applicable
1CRB,existing_28_cohort,A,1,90,GLY,4,C;CA;N;O,C;CA;N;O,,4,4,no,15.2594,O,O1,no,no,not_applicable
1CRB,existing_28_cohort,A,1,91,ASP,8,C;CA;CB;CG;N;O;OD1;OD2,C;CA;CB;CG;N;O;OD1;OD2,,8,8,no,12.2809,O,O1,no,no,not_applicable
1CRB,existing_28_cohort,A,1,92,LYS,9,C;CA;CB;CD;CE;CG;N;NZ;O,C;CA;CB;CD;CE;CG;N;NZ;O,,9,9,no,10.9991,C,O1,no,no,not_applicable
1CRB,existing_28_cohort,A,1,93,LEU,8,C;CA;CB;CD1;CD2;CG;N;O,C;CA;CB;CD1;CD2;CG;N;O,,8,8,no,6.8114,CD2,O1,no,yes,not_applicable
1CRB,existing_28_cohort,A,1,94,GLN,9,C;CA;CB;CD;CG;N;NE2;O;OE1,C;CA;CB;CD;CG;N;NE2;O;OE1,,9,9,no,9.3254,C,C15,no,no,not_applicable
1CRB,existing_28_cohort,A,1,95,CYS,6,C;CA;CB;N;O;SG,C;CA;CB;N;O;SG,,6,6,no,6.6879,SG,C20,no,yes,not_applicable
1CRB,existing_28_cohort,A,1,96,VAL,7,C;CA;CB;CG1;CG2;N;O,C;CA;CB;CG1;CG2;N;O,,7,7,no,9.6376,N,C20,no,no,not_applicable
1CRB,existing_28_cohort,A,1,97,GLN,9,C;CA;CB;CD;CG;N;NE2;O;OE1,C;CA;CB;CD;CG;N;NE2;O;OE1,,9,9,no,5.9707,NE2,C20,no,yes,not_applicable
1CRB,existing_28_cohort,A,1,98,LYS,9,C;CA;CB;CD;CE;CG;N;NZ;O,C;CA;CB;CD;CE;CG;N;NZ;O,,9,9,no,12.3780,N,C20,no,no,not_applicable
1CRB,existing_28_cohort,A,1,99,GLY,4,C;CA;N;O,C;CA;N;O,,4,4,no,14.5832,N,C20,no,no,not_applicable
1CRB,existing_28_cohort,A,1,100,GLU,9,C;CA;CB;CD;CG;N;O;OE1;OE2,C;CA;CB;CD;CG;N;O;OE1;OE2,,9,9,no,15.3953,N,C19,no,no,not_applicable
1CRB,existing_28_cohort,A,1,101,LYS,9,C;CA;CB;CD;CE;CG;N;NZ;O,C;CA;CB;CD;CE;CG;N;NZ;O,,9,9,no,12.0628,CG,C19,no,no,not_applicable
1CRB,existing_28_cohort,A,1,102,GLU,9,C;CA;CB;CD;CG;N;O;OE1;OE2,C;CA;CB;CD;CG;N;O;OE1;OE2,,9,9,no,13.5708,O,C19,no,no,not_applicable
1CRB,existing_28_cohort,A,1,103,GLY,4,C;CA;N;O,C;CA;N;O,,4,4,no,11.4781,O,C20,no,no,not_applicable
1CRB,existing_28_cohort,A,1,104,ARG,11,C;CA;CB;CD;CG;CZ;N;NE;NH1;NH2;O,C;CA;CB;CD;CG;CZ;N;NE;NH1;NH2;O,,11,11,no,6.9830,NH2,C19,no,yes,not_applicable
1CRB,existing_28_cohort,A,1,105,GLY,4,C;CA;N;O,C;CA;N;O,,4,4,no,6.7954,O,C20,no,yes,not_applicable
1CRB,existing_28_cohort,A,1,106,TRP,14,C;CA;CB;CD1;CD2;CE2;CE3;CG;CH2;CZ2;CZ3;N;NE1;O,C;CA;CB;CD1;CD2;CE2;CE3;CG;CH2;CZ2;CZ3;N;NE1;O,,14,14,no,3.3868,NE1,C20,yes,yes,not_applicable
1CRB,existing_28_cohort,A,1,107,THR,7,C;CA;CB;CG2;N;O;OG1,C;CA;CB;CG2;N;O;OG1,,7,7,no,7.2096,N,C20,no,yes,not_applicable
1CRB,existing_28_cohort,A,1,108,GLN,9,C;CA;CB;CD;CG;N;NE2;O;OE1,C;CA;CB;CD;CG;N;NE2;O;OE1,,9,9,no,2.7514,OE1,O1,yes,yes,not_applicable
1CRB,existing_28_cohort,A,1,109,TRP,14,C;CA;CB;CD1;CD2;CE2;CE3;CG;CH2;CZ2;CZ3;N;NE1;O,C;CA;CB;CD1;CD2;CE2;CE3;CG;CH2;CZ2;CZ3;N;NE1;O,,14,14,no,8.4991,N,O1,no,no,not_applicable
1CRB,existing_28_cohort,A,1,110,ILE,8,C;CA;CB;CD1;CG1;CG2;N;O,C;CA;CB;CD1;CG1;CG2;N;O,,8,8,no,10.8132,CG1,O1,no,no,not_applicable
1CRB,existing_28_cohort,A,1,111,GLU,9,C;CA;CB;CD;CG;N;O;OE1;OE2,C;CA;CB;CD;CG;N;O;OE1;OE2,,9,9,no,13.5628,N,O1,no,no,not_applicable
1CRB,existing_28_cohort,A,1,112,GLY,4,C;CA;N;O,C;CA;N;O,,4,4,no,15.4382,O,O1,no,no,not_applicable
1CRB,existing_28_cohort,A,1,113,ASP,8,C;CA;CB;CG;N;O;OD1;OD2,C;CA;CB;CG;N;O;OD1;OD2,,8,8,no,13.8406,O,O1,no,no,not_applicable
1CRB,existing_28_cohort,A,1,114,GLU,9,C;CA;CB;CD;CG;N;O;OE1;OE2,C;CA;CB;CD;CG;N;O;OE1;OE2,,9,9,no,11.5516,C,O1,no,no,not_applicable
1CRB,existing_28_cohort,A,1,115,LEU,8,C;CA;CB;CD1;CD2;CG;N;O,C;CA;CB;CD1;CD2;CG;N;O,,8,8,no,5.8073,CD2,O1,no,yes,not_applicable
1CRB,existing_28_cohort,A,1,116,HIS,10,C;CA;CB;CD2;CE1;CG;N;ND1;NE2;O,C;CA;CB;CD2;CE1;CG;N;ND1;NE2;O,,10,10,no,7.6222,O,O1,no,yes,not_applicable
1CRB,existing_28_cohort,A,1,117,LEU,8,C;CA;CB;CD1;CD2;CG;N;O,C;CA;CB;CD1;CD2;CG;N;O,,8,8,no,4.0351,CD2,O1,yes,yes,not_applicable
1CRB,existing_28_cohort,A,1,118,GLU,9,C;CA;CB;CD;CG;N;O;OE1;OE2,C;CA;CB;CD;CG;N;O;OE1;OE2,,9,9,no,6.8846,O,C20,no,yes,not_applicable
1CRB,existing_28_cohort,A,1,119,MET,8,C;CA;CB;CE;CG;N;O;SD,C;CA;CB;CE;CG;N;O;SD,,8,8,no,4.0578,SD,C11,yes,yes,not_applicable
1CRB,existing_28_cohort,A,1,120,ARG,11,C;CA;CB;CD;CG;CZ;N;NE;NH1;NH2;O,C;CA;CB;CD;CG;CZ;N;NE;NH1;NH2;O,,11,11,no,7.9845,N,C20,no,yes,not_applicable
1CRB,existing_28_cohort,A,1,121,ALA,5,C;CA;CB;N;O,C;CA;CB;N;O,,5,5,no,9.3382,CB,C19,no,no,not_applicable
1CRB,existing_28_cohort,A,1,122,GLU,9,C;CA;CB;CD;CG;N;O;OE1;OE2,C;CA;CB;CD;CG;N;O;OE1;OE2,,9,9,no,12.7176,N,C19,no,no,not_applicable
1CRB,existing_28_cohort,A,1,123,GLY,4,C;CA;N;O,C;CA;N;O,,4,4,no,14.5826,N,C19,no,no,not_applicable
1CRB,existing_28_cohort,A,1,124,VAL,7,C;CA;CB;CG1;CG2;N;O,C;CA;CB;CG1;CG2;N;O,,7,7,no,11.4520,O,C19,no,no,not_applicable
1CRB,existing_28_cohort,A,1,125,THR,7,C;CA;CB;CG2;N;O;OG1,C;CA;CB;CG2;N;O;OG1,,7,7,no,11.3424,C,C19,no,no,not_applicable
1CRB,existing_28_cohort,A,1,126,CYS,6,C;CA;CB;N;O;SG,C;CA;CB;N;O;SG,,6,6,no,7.7189,SG,C19,no,yes,not_applicable
1CRB,existing_28_cohort,A,1,127,LYS,9,C;CA;CB;CD;CE;CG;N;NZ;O,C;CA;CB;CD;CE;CG;N;NZ;O,,9,9,no,10.5972,C,C20,no,no,not_applicable
1CRB,existing_28_cohort,A,1,128,GLN,9,C;CA;CB;CD;CG;N;NE2;O;OE1,C;CA;CB;CD;CG;N;NE2;O;OE1,,9,9,no,6.1257,OE1,C11,no,yes,not_applicable
1CRB,existing_28_cohort,A,1,129,VAL,7,C;CA;CB;CG1;CG2;N;O,C;CA;CB;CG1;CG2;N;O,,7,7,no,10.4222,N,O1,no,no,not_applicable
1CRB,existing_28_cohort,A,1,130,PHE,11,C;CA;CB;CD1;CD2;CE1;CE2;CG;CZ;N;O,C;CA;CB;CD1;CD2;CE1;CE2;CG;CZ;N;O,,11,11,no,7.0941,CE1,O1,no,yes,not_applicable
1CRB,existing_28_cohort,A,1,131,LYS,9,C;CA;CB;CD;CE;CG;N;NZ;O,C;CA;CB;CD;CE;CG;N;NZ;O,,9,9,no,12.1118,N,O1,no,no,not_applicable
1CRB,existing_28_cohort,A,1,132,LYS,9,C;CA;CB;CD;CE;CG;N;NZ;O,C;CA;CB;CD;CE;CG;N;NZ;O,,9,9,no,13.3871,N,O1,no,no,not_applicable
1CRB,existing_28_cohort,A,1,133,VAL,7,C;CA;CB;CG1;CG2;N;O,C;CA;CB;CG1;CG2;N;O,,7,7,no,14.7705,N,O1,no,no,not_applicable
1CRB,existing_28_cohort,A,1,134,HIS,11,C;CA;CB;CD2;CE1;CG;N;ND1;NE2;O;OXT[terminal-carboxyl],C;CA;CB;CD2;CE1;CG;N;ND1;NE2;O;OXT,,11,11,no,14.6204,OXT,O1,no,no,not_applicable
1L83,external_fixed_batch_9,A,1,1,MET,8,C;CA;CB;CE;CG;N;O;SD,C;CA;CB;CE;CG;N;O;SD,,8,8,no,17.1102,CG,C3,no,no,not_applicable
1L83,external_fixed_batch_9,A,1,2,ASN,8,C;CA;CB;CG;N;ND2;O;OD1,C;CA;CB;CG;N;ND2;O;OD1,,8,8,no,15.3350,C,C4,no,no,not_applicable
1L83,external_fixed_batch_9,A,1,3,ILE,8,C;CA;CB;CD1;CG1;CG2;N;O,C;CA;CB;CD1;CG1;CG2;N;O,,8,8,no,10.6644,CD1,C4,no,no,not_applicable
1L83,external_fixed_batch_9,A,1,4,PHE,11,C;CA;CB;CD1;CD2;CE1;CE2;CG;CZ;N;O,C;CA;CB;CD1;CD2;CE1;CE2;CG;CZ;N;O,,11,11,no,15.3239,N,C4,no,no,not_applicable
1L83,external_fixed_batch_9,A,1,5,GLU,9,C;CA;CB;CD;CG;N;O;OE1;OE2,C;CA;CB;CD;CG;N;O;OE1;OE2,,9,9,no,17.3935,C,C4,no,no,not_applicable
1L83,external_fixed_batch_9,A,1,6,MET,8,C;CA;CB;CE;CG;N;O;SD,C;CA;CB;CE;CG;N;O;SD,,8,8,no,10.8868,CE,C3,no,no,not_applicable
1L83,external_fixed_batch_9,A,1,7,LEU,8,C;CA;CB;CD1;CD2;CG;N;O,C;CA;CB;CD1;CD2;CG;N;O,,8,8,no,11.8979,CD1,C4,no,no,not_applicable
1L83,external_fixed_batch_9,A,1,8,ARG,11,C;CA;CB;CD;CG;CZ;N;NE;NH1;NH2;O,C;CA;CB;CD;CG;CZ;N;NE;NH1;NH2;O,,11,11,no,16.9565,N,C4,no,no,not_applicable
1L83,external_fixed_batch_9,A,1,9,ILE,8,C;CA;CB;CD1;CG1;CG2;N;O,C;CA;CB;CD1;CG1;CG2;N;O,,8,8,no,18.1765,C,C3,no,no,not_applicable
1L83,external_fixed_batch_9,A,1,10,ASP,8,C;CA;CB;CG;N;O;OD1;OD2,C;CA;CB;CG;N;O;OD1;OD2,,8,8,no,13.2500,OD2,C3,no,no,not_applicable
1L83,external_fixed_batch_9,A,1,11,GLU,9,C;CA;CB;CD;CG;N;O;OE1;OE2,C;CA;CB;CD;CG;N;O;OE1;OE2,,9,9,no,14.1305,OE2,C4,no,no,not_applicable
1L83,external_fixed_batch_9,A,1,12,GLY,4,C;CA;N;O,C;CA;N;O,,4,4,no,19.7937,N,C4,no,no,not_applicable
1L83,external_fixed_batch_9,A,1,13,LEU,8,C;CA;CB;CD1;CD2;CG;N;O,C;CA;CB;CD1;CD2;CG;N;O,,8,8,no,22.8190,N,C4,no,no,not_applicable
1L83,external_fixed_batch_9,A,1,14,ARG,11,C;CA;CB;CD;CG;CZ;N;NE;NH1;NH2;O,C;CA;CB;CD;CG;CZ;N;NE;NH1;NH2;O,,11,11,no,24.5128,N,C4,no,no,not_applicable
1L83,external_fixed_batch_9,A,1,15,LEU,8,C;CA;CB;CD1;CD2;CG;N;O,C;CA;CB;CD1;CD2;CG;N;O,,8,8,no,27.4438,N,C4,no,no,not_applicable
1L83,external_fixed_batch_9,A,1,16,LYS,9,C;CA;CB;CD;CE;CG;N;NZ;O,C;CA;CB;CD;CE;CG;N;NZ;O,,9,9,no,27.4469,O,C4,no,no,not_applicable
1L83,external_fixed_batch_9,A,1,17,ILE,8,C;CA;CB;CD1;CG1;CG2;N;O,C;CA;CB;CD1;CG1;CG2;N;O,,8,8,no,27.3940,CG2,C4,no,no,not_applicable
1L83,external_fixed_batch_9,A,1,18,TYR,12,C;CA;CB;CD1;CD2;CE1;CE2;CG;CZ;N;O;OH,C;CA;CB;CD1;CD2;CE1;CE2;CG;CZ;N;O;OH,,12,12,no,20.8636,OH,C4,no,no,not_applicable
1L83,external_fixed_batch_9,A,1,19,LYS,9,C;CA;CB;CD;CE;CG;N;NZ;O,C;CA;CB;CD;CE;CG;N;NZ;O,,9,9,no,23.5968,C,C4,no,no,not_applicable
1L83,external_fixed_batch_9,A,1,20,ASP,8,C;CA;CB;CG;N;O;OD1;OD2,C;CA;CB;CG;N;O;OD1;OD2,,8,8,no,18.3783,OD2,C4,no,no,not_applicable
1L83,external_fixed_batch_9,A,1,21,THR,7,C;CA;CB;CG2;N;O;OG1,C;CA;CB;CG2;N;O;OG1,,7,7,no,18.5003,OG1,C4,no,no,not_applicable
1L83,external_fixed_batch_9,A,1,22,GLU,9,C;CA;CB;CD;CG;N;O;OE1;OE2,C;CA;CB;CD;CG;N;O;OE1;OE2,,9,9,no,17.7739,OE2,C4,no,no,not_applicable
1L83,external_fixed_batch_9,A,1,23,GLY,4,C;CA;N;O,C;CA;N;O,,4,4,no,22.4516,N,C4,no,no,not_applicable
1L83,external_fixed_batch_9,A,1,24,TYR,12,C;CA;CB;CD1;CD2;CE1;CE2;CG;CZ;N;O;OH,C;CA;CB;CD1;CD2;CE1;CE2;CG;CZ;N;O;OH,,12,12,no,19.4088,CE2,C4,no,no,not_applicable
1L83,external_fixed_batch_9,A,1,25,TYR,12,C;CA;CB;CD1;CD2;CE1;CE2;CG;CZ;N;O;OH,C;CA;CB;CD1;CD2;CE1;CE2;CG;CZ;N;O;OH,,12,12,no,22.3603,O,C4,no,no,not_applicable
1L83,external_fixed_batch_9,A,1,26,THR,7,C;CA;CB;CG2;N;O;OG1,C;CA;CB;CG2;N;O;OG1,,7,7,no,20.3134,CG2,C4,no,no,not_applicable
1L83,external_fixed_batch_9,A,1,27,ILE,8,C;CA;CB;CD1;CG1;CG2;N;O,C;CA;CB;CD1;CG1;CG2;N;O,,8,8,no,21.5026,O,C4,no,no,not_applicable
1L83,external_fixed_batch_9,A,1,28,GLY,4,C;CA;N;O,C;CA;N;O,,4,4,no,21.7021,C,C4,no,no,not_applicable
1L83,external_fixed_batch_9,A,1,29,ILE,8,C;CA;CB;CD1;CG1;CG2;N;O,C;CA;CB;CD1;CG1;CG2;N;O,,8,8,no,17.3246,O,C4,no,no,not_applicable
1L83,external_fixed_batch_9,A,1,30,GLY,4,C;CA;N;O,C;CA;N;O,,4,4,no,16.4588,O,C4,no,no,not_applicable
1L83,external_fixed_batch_9,A,1,31,HIS,10,C;CA;CB;CD2;CE1;CG;N;ND1;NE2;O,C;CA;CB;CD2;CE1;CG;N;ND1;NE2;O,,10,10,no,18.5072,N,C4,no,no,not_applicable
1L83,external_fixed_batch_9,A,1,32,LEU,8,C;CA;CB;CD1;CD2;CG;N;O,C;CA;CB;CD1;CD2;CG;N;O,,8,8,no,17.5791,CD2,C4,no,no,not_applicable
1L83,external_fixed_batch_9,A,1,33,LEU,8,C;CA;CB;CD1;CD2;CG;N;O,C;CA;CB;CD1;CD2;CG;N;O,,8,8,no,20.9697,N,C4,no,no,not_applicable
1L83,external_fixed_batch_9,A,1,34,THR,7,C;CA;CB;CG2;N;O;OG1,C;CA;CB;CG2;N;O;OG1,,7,7,no,22.3093,N,C4,no,no,not_applicable
1L83,external_fixed_batch_9,A,1,35,LYS,9,C;CA;CB;CD;CE;CG;N;NZ;O,C;CA;CB;CD;CE;CG;N;NZ;O,,9,9,no,16.8577,NZ,C4,no,no,not_applicable
1L83,external_fixed_batch_9,A,1,36,SER,6,C;CA;CB;N;O;OG,C;CA;CB;N;O;OG,,6,6,no,24.7936,N,C4,no,no,not_applicable
1L83,external_fixed_batch_9,A,1,37,PRO,7,C;CA;CB;CD;CG;N;O,C;CA;CB;CD;CG;N;O,,7,7,no,27.8822,N,C4,no,no,not_applicable
1L83,external_fixed_batch_9,A,1,38,SER,6,C;CA;CB;N;O;OG,C;CA;CB;N;O;OG,,6,6,no,29.4156,O,C4,no,no,not_applicable
1L83,external_fixed_batch_9,A,1,39,LEU,8,C;CA;CB;CD1;CD2;CG;N;O,C;CA;CB;CD1;CD2;CG;N;O,,8,8,no,30.5012,CD1,C4,no,no,not_applicable
1L83,external_fixed_batch_9,A,1,40,ASN,8,C;CA;CB;CG;N;ND2;O;OD1,C;CA;CB;CG;N;ND2;O;OD1,,8,8,no,31.5215,O,C4,no,no,not_applicable
1L83,external_fixed_batch_9,A,1,41,ALA,5,C;CA;CB;N;O,C;CA;CB;N;O,,5,5,no,28.3802,O,C4,no,no,not_applicable
1L83,external_fixed_batch_9,A,1,42,ALA,5,C;CA;CB;N;O,C;CA;CB;N;O,,5,5,no,27.5640,CB,C4,no,no,not_applicable
1L83,external_fixed_batch_9,A,1,43,LYS,9,C;CA;CB;CD;CE;CG;N;NZ;O,C;CA;CB;CD;CE;CG;N;NZ;O,,9,9,no,29.6230,N,C4,no,no,not_applicable
1L83,external_fixed_batch_9,A,1,44,SER,6,C;CA;CB;N;O;OG,C;CA;CB;N;O;OG,,6,6,no,29.2761,C,C4,no,no,not_applicable
1L83,external_fixed_batch_9,A,1,45,GLU,9,C;CA;CB;CD;CG;N;O;OE1;OE2,C;CA;CB;CD;CG;N;O;OE1;OE2,,9,9,no,24.5686,OE1,C4,no,no,not_applicable
1L83,external_fixed_batch_9,A,1,46,LEU,8,C;CA;CB;CD1;CD2;CG;N;O,C;CA;CB;CD1;CD2;CG;N;O,,8,8,no,26.5011,CD1,C4,no,no,not_applicable
1L83,external_fixed_batch_9,A,1,47,ASP,8,C;CA;CB;CG;N;O;OD1;OD2,C;CA;CB;CG;N;O;OD1;OD2,,8,8,no,29.2476,N,C4,no,no,not_applicable
1L83,external_fixed_batch_9,A,1,48,LYS,9,C;CA;CB;CD;CE;CG;N;NZ;O,C;CA;CB;CD;CE;CG;N;NZ;O,,9,9,no,25.3889,NZ,C4,no,no,not_applicable
1L83,external_fixed_batch_9,A,1,49,ALA,5,C;CA;CB;N;O,C;CA;CB;N;O,,5,5,no,24.5078,CB,C4,no,no,not_applicable
1L83,external_fixed_batch_9,A,1,50,ILE,8,C;CA;CB;CD1;CG1;CG2;N;O,C;CA;CB;CD1;CG1;CG2;N;O,,8,8,no,26.4318,CD1,C4,no,no,not_applicable
1L83,external_fixed_batch_9,A,1,51,GLY,4,C;CA;N;O,C;CA;N;O,,4,4,no,29.7071,N,C4,no,no,not_applicable
1L83,external_fixed_batch_9,A,1,52,ARG,11,C;CA;CB;CD;CG;CZ;N;NE;NH1;NH2;O,C;CA;CB;CD;CG;CZ;N;NE;NH1;NH2;O,,11,11,no,32.2214,N,C4,no,no,not_applicable
1L83,external_fixed_batch_9,A,1,53,ASN,8,C;CA;CB;CG;N;ND2;O;OD1,C;CA;CB;CG;N;ND2;O;OD1,,8,8,no,34.7485,N,C4,no,no,not_applicable
1L83,external_fixed_batch_9,A,1,54,THR,7,C;CA;CB;CG2;N;O;OG1,C;CA;CB;CG2;N;O;OG1,,7,7,no,31.3616,CG2,C4,no,no,not_applicable
1L83,external_fixed_batch_9,A,1,55,ASN,8,C;CA;CB;CG;N;ND2;O;OD1,C;CA;CB;CG;N;ND2;O;OD1,,8,8,no,33.8489,C,C4,no,no,not_applicable
1L83,external_fixed_batch_9,A,1,56,GLY,4,C;CA;N;O,C;CA;N;O,,4,4,no,30.5456,O,C4,no,no,not_applicable
1L83,external_fixed_batch_9,A,1,57,VAL,7,C;CA;CB;CG1;CG2;N;O,C;CA;CB;CG1;CG2;N;O,,7,7,no,31.1496,C,C4,no,no,not_applicable
1L83,external_fixed_batch_9,A,1,58,ILE,8,C;CA;CB;CD1;CG1;CG2;N;O,C;CA;CB;CD1;CG1;CG2;N;O,,8,8,no,25.9971,CD1,C4,no,no,not_applicable
1L83,external_fixed_batch_9,A,1,59,THR,7,C;CA;CB;CG2;N;O;OG1,C;CA;CB;CG2;N;O;OG1,,7,7,no,28.0276,O,C4,no,no,not_applicable
1L83,external_fixed_batch_9,A,1,60,LYS,9,C;CA;CB;CD;CE;CG;N;NZ;O,C;CA;CB;CD;CE;CG;N;NZ;O,,9,9,no,26.2044,O,C4,no,no,not_applicable
1L83,external_fixed_batch_9,A,1,61,ASP,8,C;CA;CB;CG;N;O;OD1;OD2,C;CA;CB;CG;N;O;OD1;OD2,,8,8,no,26.0504,O,C4,no,no,not_applicable
1L83,external_fixed_batch_9,A,1,62,GLU,9,C;CA;CB;CD;CG;N;O;OE1;OE2,C;CA;CB;CD;CG;N;O;OE1;OE2,,9,9,no,24.5423,O,C4,no,no,not_applicable
1L83,external_fixed_batch_9,A,1,63,ALA,5,C;CA;CB;N;O,C;CA;CB;N;O,,5,5,no,21.9308,O,C4,no,no,not_applicable
1L83,external_fixed_batch_9,A,1,64,GLU,9,C;CA;CB;CD;CG;N;O;OE1;OE2,C;CA;CB;CD;CG;N;O;OE1;OE2,,9,9,no,21.3961,O,C4,no,no,not_applicable
1L83,external_fixed_batch_9,A,1,65,LYS,9,C;CA;CB;CD;CE;CG;N;NZ;O,C;CA;CB;CD;CE;CG;N;NZ;O,,9,9,no,21.0835,O,C5,no,no,not_applicable
1L83,external_fixed_batch_9,A,1,66,LEU,8,C;CA;CB;CD1;CD2;CG;N;O,C;CA;CB;CD1;CD2;CG;N;O,,8,8,no,18.5780,O,C4,no,no,not_applicable
1L83,external_fixed_batch_9,A,1,67,PHE,11,C;CA;CB;CD1;CD2;CE1;CE2;CG;CZ;N;O,C;CA;CB;CD1;CD2;CE1;CE2;CG;CZ;N;O,,11,11,no,15.9159,CE1,C4,no,no,not_applicable
1L83,external_fixed_batch_9,A,1,68,ASN,8,C;CA;CB;CG;N;ND2;O;OD1,C;CA;CB;CG;N;ND2;O;OD1,,8,8,no,16.8661,O,C5,no,no,not_applicable
1L83,external_fixed_batch_9,A,1,69,GLN,9,C;CA;CB;CD;CG;N;NE2;O;OE1,C;CA;CB;CD;CG;N;NE2;O;OE1,,9,9,no,15.7250,O,C5,no,no,not_applicable
1L83,external_fixed_batch_9,A,1,70,ASP,8,C;CA;CB;CG;N;O;OD1;OD2,C;CA;CB;CG;N;O;OD1;OD2,,8,8,no,12.7079,O,C5,no,no,not_applicable
1L83,external_fixed_batch_9,A,1,71,VAL,7,C;CA;CB;CG1;CG2;N;O,C;CA;CB;CG1;CG2;N;O,,7,7,no,11.4315,O,C5,no,no,not_applicable
1L83,external_fixed_batch_9,A,1,72,ASP,8,C;CA;CB;CG;N;O;OD1;OD2,C;CA;CB;CG;N;O;OD1;OD2,,8,8,no,12.2497,O,C5,no,no,not_applicable
1L83,external_fixed_batch_9,A,1,73,ALA,5,C;CA;CB;N;O,C;CA;CB;N;O,,5,5,no,10.8467,O,C5,no,no,not_applicable
1L83,external_fixed_batch_9,A,1,74,ALA,5,C;CA;CB;N;O,C;CA;CB;N;O,,5,5,no,7.7282,O,C5,no,yes,not_applicable
1L83,external_fixed_batch_9,A,1,75,VAL,7,C;CA;CB;CG1;CG2;N;O,C;CA;CB;CG1;CG2;N;O,,7,7,no,8.3034,O,C5,no,no,not_applicable
1L83,external_fixed_batch_9,A,1,76,ARG,11,C;CA;CB;CD;CG;CZ;N;NE;NH1;NH2;O,C;CA;CB;CD;CG;CZ;N;NE;NH1;NH2;O,,11,11,no,10.0935,C,C5,no,no,not_applicable
1L83,external_fixed_batch_9,A,1,77,GLY,4,C;CA;N;O,C;CA;N;O,,4,4,no,7.8364,C,C5,no,yes,not_applicable
1L83,external_fixed_batch_9,A,1,78,ILE,8,C;CA;CB;CD1;CG1;CG2;N;O,C;CA;CB;CD1;CG1;CG2;N;O,,8,8,no,4.1439,CG1,C5,yes,yes,not_applicable
1L83,external_fixed_batch_9,A,1,79,LEU,8,C;CA;CB;CD1;CD2;CG;N;O,C;CA;CB;CD1;CD2;CG;N;O,,8,8,no,7.7835,N,C5,no,yes,not_applicable
1L83,external_fixed_batch_9,A,1,80,ARG,11,C;CA;CB;CD;CG;CZ;N;NE;NH1;NH2;O,C;CA;CB;CD;CG;CZ;N;NE;NH1;NH2;O,,11,11,no,9.7546,N,C5,no,no,not_applicable
1L83,external_fixed_batch_9,A,1,81,ASN,8,C;CA;CB;CG;N;ND2;O;OD1,C;CA;CB;CG;N;ND2;O;OD1,,8,8,no,7.6789,CB,C5,no,yes,not_applicable
1L83,external_fixed_batch_9,A,1,82,ALA,5,C;CA;CB;N;O,C;CA;CB;N;O,,5,5,no,9.1726,C,C6,no,no,not_applicable
1L83,external_fixed_batch_9,A,1,83,LYS,9,C;CA;CB;CD;CE;CG;N;NZ;O,C;CA;CB;CD;CE;CG;N;NZ;O,,9,9,no,6.0066,O,C6,no,yes,not_applicable
1L83,external_fixed_batch_9,A,1,84,LEU,8,C;CA;CB;CD1;CD2;CG;N;O,C;CA;CB;CD1;CD2;CG;N;O,,8,8,no,3.6329,CD2,C5,yes,yes,not_applicable
1L83,external_fixed_batch_9,A,1,85,LYS,9,C;CA;CB;CD;CE;CG;N;NZ;O,C;CA;CB;CD;CE;CG;N;NZ;O,,9,9,no,5.6410,N,C6,no,yes,not_applicable
1L83,external_fixed_batch_9,A,1,86,PRO,7,C;CA;CB;CD;CG;N;O,C;CA;CB;CD;CG;N;O,,7,7,no,6.8147,C,C6,no,yes,not_applicable
1L83,external_fixed_batch_9,A,1,87,VAL,7,C;CA;CB;CG1;CG2;N;O,C;CA;CB;CG1;CG2;N;O,,7,7,no,3.5818,CG1,C1,yes,yes,not_applicable
1L83,external_fixed_batch_9,A,1,88,TYR,12,C;CA;CB;CD1;CD2;CE1;CE2;CG;CZ;N;O;OH,C;CA;CB;CD1;CD2;CE1;CE2;CG;CZ;N;O;OH,,12,12,no,4.1044,N,C6,yes,yes,not_applicable
1L83,external_fixed_batch_9,A,1,89,ASP,8,C;CA;CB;CG;N;O;OD1;OD2,C;CA;CB;CG;N;O;OD1;OD2,,8,8,no,6.6916,N,C6,no,yes,not_applicable
1L83,external_fixed_batch_9,A,1,90,SER,6,C;CA;CB;N;O;OG,C;CA;CB;N;O;OG,,6,6,no,7.2781,OG,C1,no,yes,not_applicable
1L83,external_fixed_batch_9,A,1,91,LEU,8,C;CA;CB;CD1;CD2;CG;N;O,C;CA;CB;CD1;CD2;CG;N;O,,8,8,no,4.3610,CD1,C1,yes,yes,not_applicable
1L83,external_fixed_batch_9,A,1,92,ASP,8,C;CA;CB;CG;N;O;OD1;OD2,C;CA;CB;CG;N;O;OD1;OD2,,8,8,no,9.4740,O,C1,no,no,not_applicable
1L83,external_fixed_batch_9,A,1,93,ALA,5,C;CA;CB;N;O,C;CA;CB;N;O,,5,5,no,11.1047,O,C1,no,no,not_applicable
1L83,external_fixed_batch_9,A,1,94,VAL,7,C;CA;CB;CG1;CG2;N;O,C;CA;CB;CG1;CG2;N;O,,7,7,no,9.8167,O,C2,no,no,not_applicable
1L83,external_fixed_batch_9,A,1,95,ARG,11,C;CA;CB;CD;CG;CZ;N;NE;NH1;NH2;O,C;CA;CB;CD;CG;CZ;N;NE;NH1;NH2;O,,11,11,no,6.2943,O,C2,no,yes,not_applicable
1L83,external_fixed_batch_9,A,1,96,ARG,11,C;CA;CB;CD;CG;CZ;N;NE;NH1;NH2;O,C;CA;CB;CD;CG;CZ;N;NE;NH1;NH2;O,,11,11,no,6.9017,O,C5,no,yes,not_applicable
1L83,external_fixed_batch_9,A,1,97,ALA,5,C;CA;CB;N;O,C;CA;CB;N;O,,5,5,no,8.1171,O,C3,no,no,not_applicable
1L83,external_fixed_batch_9,A,1,98,ALA,5,C;CA;CB;N;O,C;CA;CB;N;O,,5,5,no,5.5833,O,C3,no,yes,not_applicable
1L83,external_fixed_batch_9,A,1,99,ALA,5,C;CA;CB;N;O,C;CA;CB;N;O,,5,5,no,3.6021,CB,C3,yes,yes,not_applicable
1L83,external_fixed_batch_9,A,1,100,ILE,8,C;CA;CB;CD1;CG1;CG2;N;O,C;CA;CB;CD1;CG1;CG2;N;O,,8,8,no,5.3812,N,C4,no,yes,not_applicable
1L83,external_fixed_batch_9,A,1,101,ASN,8,C;CA;CB;CG;N;ND2;O;OD1,C;CA;CB;CG;N;ND2;O;OD1,,8,8,no,7.0958,N,C4,no,yes,not_applicable
1L83,external_fixed_batch_9,A,1,102,MET,8,C;CA;CB;CE;CG;N;O;SD,C;CA;CB;CE;CG;N;O;SD,,8,8,no,4.3225,SD,C3,yes,yes,not_applicable
1L83,external_fixed_batch_9,A,1,103,VAL,7,C;CA;CB;CG1;CG2;N;O,C;CA;CB;CG1;CG2;N;O,,7,7,no,4.1226,CG2,C4,yes,yes,not_applicable
1L83,external_fixed_batch_9,A,1,104,PHE,11,C;CA;CB;CD1;CD2;CE1;CE2;CG;CZ;N;O,C;CA;CB;CD1;CD2;CE1;CE2;CG;CZ;N;O,,11,11,no,7.9429,N,C4,no,yes,not_applicable
1L83,external_fixed_batch_9,A,1,105,GLN,9,C;CA;CB;CD;CG;N;NE2;O;OE1,C;CA;CB;CD;CG;N;NE2;O;OE1,,9,9,no,9.6983,N,C4,no,no,not_applicable
1L83,external_fixed_batch_9,A,1,106,MET,8,C;CA;CB;CE;CG;N;O;SD,C;CA;CB;CE;CG;N;O;SD,,8,8,no,8.3222,CG,C4,no,no,not_applicable
1L83,external_fixed_batch_9,A,1,107,GLY,4,C;CA;N;O,C;CA;N;O,,4,4,no,7.5198,O,C4,no,yes,not_applicable
1L83,external_fixed_batch_9,A,1,108,GLU,9,C;CA;CB;CD;CG;N;O;OE1;OE2,C;CA;CB;CD;CG;N;O;OE1;OE2,,9,9,no,7.4785,O,C4,no,yes,not_applicable
1L83,external_fixed_batch_9,A,1,109,THR,7,C;CA;CB;CG2;N;O;OG1,C;CA;CB;CG2;N;O;OG1,,7,7,no,9.3248,N,C4,no,no,not_applicable
1L83,external_fixed_batch_9,A,1,110,GLY,4,C;CA;N;O,C;CA;N;O,,4,4,no,8.2163,C,C4,no,no,not_applicable
1L83,external_fixed_batch_9,A,1,111,VAL,7,C;CA;CB;CG1;CG2;N;O,C;CA;CB;CG1;CG2;N;O,,7,7,no,3.3760,CG1,C4,yes,yes,not_applicable
1L83,external_fixed_batch_9,A,1,112,ALA,5,C;CA;CB;N;O,C;CA;CB;N;O,,5,5,no,6.5426,N,C4,no,yes,not_applicable
1L83,external_fixed_batch_9,A,1,113,GLY,4,C;CA;N;O,C;CA;N;O,,4,4,no,8.8748,N,C4,no,no,not_applicable
1L83,external_fixed_batch_9,A,1,114,PHE,11,C;CA;CB;CD1;CD2;CE1;CE2;CG;CZ;N;O,C;CA;CB;CD1;CD2;CE1;CE2;CG;CZ;N;O,,11,11,no,6.9899,CB,C3,no,yes,not_applicable
1L83,external_fixed_batch_9,A,1,115,THR,7,C;CA;CB;CG2;N;O;OG1,C;CA;CB;CG2;N;O;OG1,,7,7,no,9.0325,O,C2,no,no,not_applicable
1L83,external_fixed_batch_9,A,1,116,ASN,8,C;CA;CB;CG;N;ND2;O;OD1,C;CA;CB;CG;N;ND2;O;OD1,,8,8,no,9.6859,C,C2,no,no,not_applicable
1L83,external_fixed_batch_9,A,1,117,SER,6,C;CA;CB;N;O;OG,C;CA;CB;N;O;OG,,6,6,no,6.8393,O,C2,no,yes,not_applicable
1L83,external_fixed_batch_9,A,1,118,LEU,8,C;CA;CB;CD1;CD2;CG;N;O,C;CA;CB;CD1;CD2;CG;N;O,,8,8,no,3.5160,CD2,C2,yes,yes,not_applicable
1L83,external_fixed_batch_9,A,1,119,ARG,11,C;CA;CB;CD;CG;CZ;N;NE;NH1;NH2;O,C;CA;CB;CD;CG;CZ;N;NE;NH1;NH2;O,,11,11,no,7.9722,N,C1,no,yes,not_applicable
1L83,external_fixed_batch_9,A,1,120,MET,8,C;CA;CB;CE;CG;N;O;SD,C;CA;CB;CE;CG;N;O;SD,,8,8,no,8.9184,C,C2,no,no,not_applicable
1L83,external_fixed_batch_9,A,1,121,LEU,8,C;CA;CB;CD1;CD2;CG;N;O,C;CA;CB;CD1;CD2;CG;N;O,,8,8,no,4.0602,CD1,C2,yes,yes,not_applicable
1L83,external_fixed_batch_9,A,1,122,GLN,9,C;CA;CB;CD;CG;N;NE2;O;OE1,C;CA;CB;CD;CG;N;NE2;O;OE1,,9,9,no,7.3115,N,C1,no,yes,not_applicable
1L83,external_fixed_batch_9,A,1,123,GLN,9,C;CA;CB;CD;CG;N;NE2;O;OE1,C;CA;CB;CD;CG;N;NE2;O;OE1,,9,9,no,10.0243,N,C1,no,no,not_applicable
1L83,external_fixed_batch_9,A,1,124,LYS,9,C;CA;CB;CD;CE;CG;N;NZ;O,C;CA;CB;CD;CE;CG;N;NZ;O,,9,9,no,10.5181,NZ,C1,no,no,not_applicable
1L83,external_fixed_batch_9,A,1,125,ARG,11,C;CA;CB;CD;CG;CZ;N;NE;NH1;NH2;O,C;CA;CB;CD;CG;CZ;N;NE;NH1;NH2;O,,11,11,no,11.7000,O,C2,no,no,not_applicable
1L83,external_fixed_batch_9,A,1,126,TRP,14,C;CA;CB;CD1;CD2;CE2;CE3;CG;CH2;CZ2;CZ3;N;NE1;O,C;CA;CB;CD1;CD2;CE2;CE3;CG;CH2;CZ2;CZ3;N;NE1;O,,14,14,no,8.6742,CZ3,C2,no,no,not_applicable
1L83,external_fixed_batch_9,A,1,127,ASP,8,C;CA;CB;CG;N;O;OD1;OD2,C;CA;CB;CG;N;O;OD1;OD2,,8,8,no,13.8625,N,C2,no,no,not_applicable
1L83,external_fixed_batch_9,A,1,128,GLU,9,C;CA;CB;CD;CG;N;O;OE1;OE2,C;CA;CB;CD;CG;N;O;OE1;OE2,,9,9,no,12.6589,C,C2,no,no,not_applicable
1L83,external_fixed_batch_9,A,1,129,ALA,5,C;CA;CB;N;O,C;CA;CB;N;O,,5,5,no,9.1140,CB,C2,no,no,not_applicable
1L83,external_fixed_batch_9,A,1,130,ALA,5,C;CA;CB;N;O,C;CA;CB;N;O,,5,5,no,11.1553,N,C2,no,no,not_applicable
1L83,external_fixed_batch_9,A,1,131,VAL,7,C;CA;CB;CG1;CG2;N;O,C;CA;CB;CG1;CG2;N;O,,7,7,no,13.4178,N,C2,no,no,not_applicable
1L83,external_fixed_batch_9,A,1,132,ASN,8,C;CA;CB;CG;N;ND2;O;OD1,C;CA;CB;CG;N;ND2;O;OD1,,8,8,no,10.9821,OD1,C2,no,no,not_applicable
1L83,external_fixed_batch_9,A,1,133,LEU,8,C;CA;CB;CD1;CD2;CG;N;O,C;CA;CB;CD1;CD2;CG;N;O,,8,8,no,6.8958,CD2,C3,no,yes,not_applicable
1L83,external_fixed_batch_9,A,1,134,ALA,5,C;CA;CB;N;O,C;CA;CB;N;O,,5,5,no,12.3505,N,C3,no,no,not_applicable
1L83,external_fixed_batch_9,A,1,135,LYS,9,C;CA;CB;CD;CE;CG;N;NZ;O,C;CA;CB;CD;CE;CG;N;NZ;O,,9,9,no,14.1138,O,C3,no,no,not_applicable
1L83,external_fixed_batch_9,A,1,136,SER,6,C;CA;CB;N;O;OG,C;CA;CB;N;O;OG,,6,6,no,12.1031,OG,C3,no,no,not_applicable
1L83,external_fixed_batch_9,A,1,137,ARG,11,C;CA;CB;CD;CG;CZ;N;NE;NH1;NH2;O,C;CA;CB;CD;CG;CZ;N;NE;NH1;NH2;O,,11,11,no,14.8036,N,C3,no,no,not_applicable
1L83,external_fixed_batch_9,A,1,138,TRP,14,C;CA;CB;CD1;CD2;CE2;CE3;CG;CH2;CZ2;CZ3;N;NE1;O,C;CA;CB;CD1;CD2;CE2;CE3;CG;CH2;CZ2;CZ3;N;NE1;O,,14,14,no,8.5597,CH2,C3,no,no,not_applicable
1L83,external_fixed_batch_9,A,1,139,TYR,12,C;CA;CB;CD1;CD2;CE1;CE2;CG;CZ;N;O;OH,C;CA;CB;CD1;CD2;CE1;CE2;CG;CZ;N;O;OH,,12,12,no,13.5206,N,C3,no,no,not_applicable
1L83,external_fixed_batch_9,A,1,140,ASN,8,C;CA;CB;CG;N;ND2;O;OD1,C;CA;CB;CG;N;ND2;O;OD1,,8,8,no,16.2371,N,C3,no,no,not_applicable
1L83,external_fixed_batch_9,A,1,141,GLN,9,C;CA;CB;CD;CG;N;NE2;O;OE1,C;CA;CB;CD;CG;N;NE2;O;OE1,,9,9,no,17.4417,N,C3,no,no,not_applicable
1L83,external_fixed_batch_9,A,1,142,THR,7,C;CA;CB;CG2;N;O;OG1,C;CA;CB;CG2;N;O;OG1,,7,7,no,14.3656,OG1,C3,no,no,not_applicable
1L83,external_fixed_batch_9,A,1,143,PRO,7,C;CA;CB;CD;CG;N;O,C;CA;CB;CD;CG;N;O,,7,7,no,16.2689,O,C3,no,no,not_applicable
1L83,external_fixed_batch_9,A,1,144,ASN,8,C;CA;CB;CG;N;ND2;O;OD1,C;CA;CB;CG;N;ND2;O;OD1,,8,8,no,16.1661,O,C3,no,no,not_applicable
1L83,external_fixed_batch_9,A,1,145,ARG,11,C;CA;CB;CD;CG;CZ;N;NE;NH1;NH2;O,C;CA;CB;CD;CG;CZ;N;NE;NH1;NH2;O,,11,11,no,12.0572,NH2,C4,no,no,not_applicable
1L83,external_fixed_batch_9,A,1,146,ALA,5,C;CA;CB;N;O,C;CA;CB;N;O,,5,5,no,11.6851,O,C3,no,no,not_applicable
1L83,external_fixed_batch_9,A,1,147,LYS,9,C;CA;CB;CD;CE;CG;N;NZ;O,C;CA;CB;CD;CE;CG;N;NZ;O,,9,9,no,13.8729,N,C3,no,no,not_applicable
1L83,external_fixed_batch_9,A,1,148,ARG,11,C;CA;CB;CD;CG;CZ;N;NE;NH1;NH2;O,C;CA;CB;CD;CG;CZ;N;NE;NH1;NH2;O,,11,11,no,12.5814,O,C3,no,no,not_applicable
1L83,external_fixed_batch_9,A,1,149,VAL,7,C;CA;CB;CG1;CG2;N;O,C;CA;CB;CG1;CG2;N;O,,7,7,no,7.8593,CG1,C3,no,yes,not_applicable
1L83,external_fixed_batch_9,A,1,150,ILE,8,C;CA;CB;CD1;CG1;CG2;N;O,C;CA;CB;CD1;CG1;CG2;N;O,,8,8,no,10.3825,N,C3,no,no,not_applicable
1L83,external_fixed_batch_9,A,1,151,THR,7,C;CA;CB;CG2;N;O;OG1,C;CA;CB;CG2;N;O;OG1,,7,7,no,12.3778,N,C3,no,no,not_applicable
1L83,external_fixed_batch_9,A,1,152,THR,7,C;CA;CB;CG2;N;O;OG1,C;CA;CB;CG2;N;O;OG1,,7,7,no,10.5289,C,C2,no,no,not_applicable
1L83,external_fixed_batch_9,A,1,153,PHE,11,C;CA;CB;CD1;CD2;CE1;CE2;CG;CZ;N;O,C;CA;CB;CD1;CD2;CE1;CE2;CG;CZ;N;O,,11,11,no,4.0864,CZ,C2,yes,yes,not_applicable
1L83,external_fixed_batch_9,A,1,154,ARG,11,C;CA;CB;CD;CG;CZ;N;NE;NH1;NH2;O,C;CA;CB;CD;CG;CZ;N;NE;NH1;NH2;O,,11,11,no,10.9596,N,C2,no,no,not_applicable
1L83,external_fixed_batch_9,A,1,155,THR,7,C;CA;CB;CG2;N;O;OG1,C;CA;CB;CG2;N;O;OG1,,7,7,no,13.3136,N,C2,no,no,not_applicable
1L83,external_fixed_batch_9,A,1,156,GLY,4,C;CA;N;O,C;CA;N;O,,4,4,no,12.9258,CA,C2,no,no,not_applicable
1L83,external_fixed_batch_9,A,1,157,THR,7,C;CA;CB;CG2;N;O;OG1,C;CA;CB;CG2;N;O;OG1,,7,7,no,14.5337,O,C2,no,no,not_applicable
1L83,external_fixed_batch_9,A,1,158,TRP,14,C;CA;CB;CD1;CD2;CE2;CE3;CG;CH2;CZ2;CZ3;N;NE1;O,C;CA;CB;CD1;CD2;CE2;CE3;CG;CH2;CZ2;CZ3;N;NE1;O,,14,14,no,13.5138,CH2,C3,no,no,not_applicable
1L83,external_fixed_batch_9,A,1,159,ASP,8,C;CA;CB;CG;N;O;OD1;OD2,C;CA;CB;CG;N;O;OD1;OD2,,8,8,no,17.6526,N,C2,no,no,not_applicable
1L83,external_fixed_batch_9,A,1,160,ALA,5,C;CA;CB;N;O,C;CA;CB;N;O,,5,5,no,16.1160,CB,C3,no,no,not_applicable
1L83,external_fixed_batch_9,A,1,161,TYR,12,C;CA;CB;CD1;CD2;CE1;CE2;CG;CZ;N;O;OH,C;CA;CB;CD1;CD2;CE1;CE2;CG;CZ;N;O;OH,,12,12,no,12.8273,OH,C3,no,no,not_applicable
1L83,external_fixed_batch_9,A,1,162,LYS,9,C;CA;CB;CD;CE;CG;N;NZ;O,C;CA;CB;CD;CE;CG;N;NZ;O,,9,9,no,20.1098,N,C3,no,no,not_applicable
1L84,external_fixed_batch_9,A,1,1,MET,8,C;CA;CB;CE;CG;N;O;SD,C;CA;CB;CE;CG;N;O;SD,,8,8,no,16.9842,CG,C3,no,no,not_applicable
1L84,external_fixed_batch_9,A,1,2,ASN,8,C;CA;CB;CG;N;ND2;O;OD1,C;CA;CB;CG;N;ND2;O;OD1,,8,8,no,15.2644,C,C4,no,no,not_applicable
1L84,external_fixed_batch_9,A,1,3,ILE,8,C;CA;CB;CD1;CG1;CG2;N;O,C;CA;CB;CD1;CG1;CG2;N;O,,8,8,no,10.5549,CD1,C4,no,no,not_applicable
1L84,external_fixed_batch_9,A,1,4,PHE,11,C;CA;CB;CD1;CD2;CE1;CE2;CG;CZ;N;O,C;CA;CB;CD1;CD2;CE1;CE2;CG;CZ;N;O,,11,11,no,15.2737,N,C4,no,no,not_applicable
1L84,external_fixed_batch_9,A,1,5,GLU,9,C;CA;CB;CD;CG;N;O;OE1;OE2,C;CA;CB;CD;CG;N;O;OE1;OE2,,9,9,no,17.3872,N,C4,no,no,not_applicable
1L84,external_fixed_batch_9,A,1,6,MET,8,C;CA;CB;CE;CG;N;O;SD,C;CA;CB;CE;CG;N;O;SD,,8,8,no,11.0106,CE,C3,no,no,not_applicable
1L84,external_fixed_batch_9,A,1,7,LEU,8,C;CA;CB;CD1;CD2;CG;N;O,C;CA;CB;CD1;CD2;CG;N;O,,8,8,no,11.8975,CD1,C4,no,no,not_applicable
1L84,external_fixed_batch_9,A,1,8,ARG,11,C;CA;CB;CD;CG;CZ;N;NE;NH1;NH2;O,C;CA;CB;CD;CG;CZ;N;NE;NH1;NH2;O,,11,11,no,16.9967,N,C4,no,no,not_applicable
1L84,external_fixed_batch_9,A,1,9,ILE,8,C;CA;CB;CD1;CG1;CG2;N;O,C;CA;CB;CD1;CG1;CG2;N;O,,8,8,no,18.3561,C,C3,no,no,not_applicable
1L84,external_fixed_batch_9,A,1,10,ASP,8,C;CA;CB;CG;N;O;OD1;OD2,C;CA;CB;CG;N;O;OD1;OD2,,8,8,no,13.3814,OD2,C3,no,no,not_applicable
1L84,external_fixed_batch_9,A,1,11,GLU,9,C;CA;CB;CD;CG;N;O;OE1;OE2,C;CA;CB;CD;CG;N;O;OE1;OE2,,9,9,no,14.0656,OE2,C4,no,no,not_applicable
1L84,external_fixed_batch_9,A,1,12,GLY,4,C;CA;N;O,C;CA;N;O,,4,4,no,19.8404,N,C4,no,no,not_applicable
1L84,external_fixed_batch_9,A,1,13,LEU,8,C;CA;CB;CD1;CD2;CG;N;O,C;CA;CB;CD1;CD2;CG;N;O,,8,8,no,22.8629,N,C4,no,no,not_applicable
1L84,external_fixed_batch_9,A,1,14,ARG,11,C;CA;CB;CD;CG;CZ;N;NE;NH1;NH2;O,C;CA;CB;CD;CG;CZ;N;NE;NH1;NH2;O,,11,11,no,24.5286,NH2,C4,no,no,not_applicable
1L84,external_fixed_batch_9,A,1,15,LEU,8,C;CA;CB;CD1;CD2;CG;N;O,C;CA;CB;CD1;CD2;CG;N;O,,8,8,no,27.5202,N,C4,no,no,not_applicable
1L84,external_fixed_batch_9,A,1,16,LYS,9,C;CA;CB;CD;CE;CG;N;NZ;O,C;CA;CB;CD;CE;CG;N;NZ;O,,9,9,no,27.4271,O,C4,no,no,not_applicable
1L84,external_fixed_batch_9,A,1,17,ILE,8,C;CA;CB;CD1;CG1;CG2;N;O,C;CA;CB;CD1;CG1;CG2;N;O,,8,8,no,27.4734,CG2,C4,no,no,not_applicable
1L84,external_fixed_batch_9,A,1,18,TYR,12,C;CA;CB;CD1;CD2;CE1;CE2;CG;CZ;N;O;OH,C;CA;CB;CD1;CD2;CE1;CE2;CG;CZ;N;O;OH,,12,12,no,21.0026,OH,C4,no,no,not_applicable
1L84,external_fixed_batch_9,A,1,19,LYS,9,C;CA;CB;CD;CE;CG;N;NZ;O,C;CA;CB;CD;CE;CG;N;NZ;O,,9,9,no,23.7933,C,C4,no,no,not_applicable
1L84,external_fixed_batch_9,A,1,20,ASP,8,C;CA;CB;CG;N;O;OD1;OD2,C;CA;CB;CG;N;O;OD1;OD2,,8,8,no,18.6316,OD2,C4,no,no,not_applicable
1L84,external_fixed_batch_9,A,1,21,THR,7,C;CA;CB;CG2;N;O;OG1,C;CA;CB;CG2;N;O;OG1,,7,7,no,19.3661,OG1,C3,no,no,not_applicable
1L84,external_fixed_batch_9,A,1,22,GLU,9,C;CA;CB;CD;CG;N;O;OE1;OE2,C;CA;CB;CD;CG;N;O;OE1;OE2,,9,9,no,18.0130,OE2,C4,no,no,not_applicable
1L84,external_fixed_batch_9,A,1,23,GLY,4,C;CA;N;O,C;CA;N;O,,4,4,no,22.6201,N,C4,no,no,not_applicable
1L84,external_fixed_batch_9,A,1,24,TYR,12,C;CA;CB;CD1;CD2;CE1;CE2;CG;CZ;N;O;OH,C;CA;CB;CD1;CD2;CE1;CE2;CG;CZ;N;O;OH,,12,12,no,19.6250,CE2,C4,no,no,not_applicable
1L84,external_fixed_batch_9,A,1,25,TYR,12,C;CA;CB;CD1;CD2;CE1;CE2;CG;CZ;N;O;OH,C;CA;CB;CD1;CD2;CE1;CE2;CG;CZ;N;O;OH,,12,12,no,22.5081,O,C4,no,no,not_applicable
1L84,external_fixed_batch_9,A,1,26,THR,7,C;CA;CB;CG2;N;O;OG1,C;CA;CB;CG2;N;O;OG1,,7,7,no,20.4403,CG2,C4,no,no,not_applicable
1L84,external_fixed_batch_9,A,1,27,ILE,8,C;CA;CB;CD1;CG1;CG2;N;O,C;CA;CB;CD1;CG1;CG2;N;O,,8,8,no,21.6546,O,C4,no,no,not_applicable
1L84,external_fixed_batch_9,A,1,28,GLY,4,C;CA;N;O,C;CA;N;O,,4,4,no,21.9218,C,C4,no,no,not_applicable
1L84,external_fixed_batch_9,A,1,29,ILE,8,C;CA;CB;CD1;CG1;CG2;N;O,C;CA;CB;CD1;CG1;CG2;N;O,,8,8,no,17.4477,O,C4,no,no,not_applicable
1L84,external_fixed_batch_9,A,1,30,GLY,4,C;CA;N;O,C;CA;N;O,,4,4,no,16.4810,O,C4,no,no,not_applicable
1L84,external_fixed_batch_9,A,1,31,HIS,10,C;CA;CB;CD2;CE1;CG;N;ND1;NE2;O,C;CA;CB;CD2;CE1;CG;N;ND1;NE2;O,,10,10,no,18.5292,N,C4,no,no,not_applicable
1L84,external_fixed_batch_9,A,1,32,LEU,8,C;CA;CB;CD1;CD2;CG;N;O,C;CA;CB;CD1;CD2;CG;N;O,,8,8,no,17.8441,CD2,C4,no,no,not_applicable
1L84,external_fixed_batch_9,A,1,33,LEU,8,C;CA;CB;CD1;CD2;CG;N;O,C;CA;CB;CD1;CD2;CG;N;O,,8,8,no,21.1557,N,C4,no,no,not_applicable
1L84,external_fixed_batch_9,A,1,34,THR,7,C;CA;CB;CG2;N;O;OG1,C;CA;CB;CG2;N;O;OG1,,7,7,no,22.4500,N,C4,no,no,not_applicable
1L84,external_fixed_batch_9,A,1,35,LYS,9,C;CA;CB;CD;CE;CG;N;NZ;O,C;CA;CB;CD;CE;CG;N;NZ;O,,9,9,no,17.1279,NZ,C4,no,no,not_applicable
1L84,external_fixed_batch_9,A,1,36,SER,6,C;CA;CB;N;O;OG,C;CA;CB;N;O;OG,,6,6,no,25.0664,N,C4,no,no,not_applicable
1L84,external_fixed_batch_9,A,1,37,PRO,7,C;CA;CB;CD;CG;N;O,C;CA;CB;CD;CG;N;O,,7,7,no,28.1627,N,C4,no,no,not_applicable
1L84,external_fixed_batch_9,A,1,38,SER,6,C;CA;CB;N;O;OG,C;CA;CB;N;O;OG,,6,6,no,29.7782,O,C4,no,no,not_applicable
1L84,external_fixed_batch_9,A,1,39,LEU,8,C;CA;CB;CD1;CD2;CG;N;O,C;CA;CB;CD1;CD2;CG;N;O,,8,8,no,30.7684,CD1,C4,no,no,not_applicable
1L84,external_fixed_batch_9,A,1,40,ASN,8,C;CA;CB;CG;N;ND2;O;OD1,C;CA;CB;CG;N;ND2;O;OD1,,8,8,no,31.7820,C,C4,no,no,not_applicable
1L84,external_fixed_batch_9,A,1,41,ALA,5,C;CA;CB;N;O,C;CA;CB;N;O,,5,5,no,28.9049,O,C4,no,no,not_applicable
1L84,external_fixed_batch_9,A,1,42,ALA,5,C;CA;CB;N;O,C;CA;CB;N;O,,5,5,no,27.6445,CB,C4,no,no,not_applicable
1L84,external_fixed_batch_9,A,1,43,LYS,9,C;CA;CB;CD;CE;CG;N;NZ;O,C;CA;CB;CD;CE;CG;N;NZ;O,,9,9,no,29.9030,N,C4,no,no,not_applicable
1L84,external_fixed_batch_9,A,1,44,SER,6,C;CA;CB;N;O;OG,C;CA;CB;N;O;OG,,6,6,no,29.3615,C,C4,no,no,not_applicable
1L84,external_fixed_batch_9,A,1,45,GLU,9,C;CA;CB;CD;CG;N;O;OE1;OE2,C;CA;CB;CD;CG;N;O;OE1;OE2,,9,9,no,24.8601,OE1,C4,no,no,not_applicable
1L84,external_fixed_batch_9,A,1,46,LEU,8,C;CA;CB;CD1;CD2;CG;N;O,C;CA;CB;CD1;CD2;CG;N;O,,8,8,no,26.3986,CD1,C4,no,no,not_applicable
1L84,external_fixed_batch_9,A,1,47,ASP,8,C;CA;CB;CG;N;O;OD1;OD2,C;CA;CB;CG;N;O;OD1;OD2,,8,8,no,29.2068,N,C4,no,no,not_applicable
1L84,external_fixed_batch_9,A,1,48,LYS,9,C;CA;CB;CD;CE;CG;N;NZ;O,C;CA;CB;CD;CE;CG;N;NZ;O,,9,9,no,25.6040,NZ,C4,no,no,not_applicable
1L84,external_fixed_batch_9,A,1,49,ALA,5,C;CA;CB;N;O,C;CA;CB;N;O,,5,5,no,24.6064,CB,C4,no,no,not_applicable
1L84,external_fixed_batch_9,A,1,50,ILE,8,C;CA;CB;CD1;CG1;CG2;N;O,C;CA;CB;CD1;CG1;CG2;N;O,,8,8,no,26.6019,CD1,C4,no,no,not_applicable
1L84,external_fixed_batch_9,A,1,51,GLY,4,C;CA;N;O,C;CA;N;O,,4,4,no,29.6184,N,C4,no,no,not_applicable
1L84,external_fixed_batch_9,A,1,52,ARG,11,C;CA;CB;CD;CG;CZ;N;NE;NH1;NH2;O,C;CA;CB;CD;CG;CZ;N;NE;NH1;NH2;O,,11,11,no,32.1397,N,C4,no,no,not_applicable
1L84,external_fixed_batch_9,A,1,53,ASN,8,C;CA;CB;CG;N;ND2;O;OD1,C;CA;CB;CG;N;ND2;O;OD1,,8,8,no,34.6829,N,C4,no,no,not_applicable
1L84,external_fixed_batch_9,A,1,54,THR,7,C;CA;CB;CG2;N;O;OG1,C;CA;CB;CG2;N;O;OG1,,7,7,no,31.4119,OG1,C4,no,no,not_applicable
1L84,external_fixed_batch_9,A,1,55,ASN,8,C;CA;CB;CG;N;ND2;O;OD1,C;CA;CB;CG;N;ND2;O;OD1,,8,8,no,33.8651,C,C4,no,no,not_applicable
1L84,external_fixed_batch_9,A,1,56,GLY,4,C;CA;N;O,C;CA;N;O,,4,4,no,30.7531,O,C4,no,no,not_applicable
1L84,external_fixed_batch_9,A,1,57,VAL,7,C;CA;CB;CG1;CG2;N;O,C;CA;CB;CG1;CG2;N;O,,7,7,no,31.2753,C,C4,no,no,not_applicable
1L84,external_fixed_batch_9,A,1,58,ILE,8,C;CA;CB;CD1;CG1;CG2;N;O,C;CA;CB;CD1;CG1;CG2;N;O,,8,8,no,26.1380,CD1,C4,no,no,not_applicable
1L84,external_fixed_batch_9,A,1,59,THR,7,C;CA;CB;CG2;N;O;OG1,C;CA;CB;CG2;N;O;OG1,,7,7,no,28.0393,O,C4,no,no,not_applicable
1L84,external_fixed_batch_9,A,1,60,LYS,9,C;CA;CB;CD;CE;CG;N;NZ;O,C;CA;CB;CD;CE;CG;N;NZ;O,,9,9,no,26.1320,O,C4,no,no,not_applicable
1L84,external_fixed_batch_9,A,1,61,ASP,8,C;CA;CB;CG;N;O;OD1;OD2,C;CA;CB;CG;N;O;OD1;OD2,,8,8,no,26.1423,O,C4,no,no,not_applicable
1L84,external_fixed_batch_9,A,1,62,GLU,9,C;CA;CB;CD;CG;N;O;OE1;OE2,C;CA;CB;CD;CG;N;O;OE1;OE2,,9,9,no,24.5837,O,C4,no,no,not_applicable
1L84,external_fixed_batch_9,A,1,63,ALA,5,C;CA;CB;N;O,C;CA;CB;N;O,,5,5,no,21.8967,O,C4,no,no,not_applicable
1L84,external_fixed_batch_9,A,1,64,GLU,9,C;CA;CB;CD;CG;N;O;OE1;OE2,C;CA;CB;CD;CG;N;O;OE1;OE2,,9,9,no,21.4544,O,C4,no,no,not_applicable
1L84,external_fixed_batch_9,A,1,65,LYS,9,C;CA;CB;CD;CE;CG;N;NZ;O,C;CA;CB;CD;CE;CG;N;NZ;O,,9,9,no,21.0270,O,C4,no,no,not_applicable
1L84,external_fixed_batch_9,A,1,66,LEU,8,C;CA;CB;CD1;CD2;CG;N;O,C;CA;CB;CD1;CD2;CG;N;O,,8,8,no,18.5985,O,C4,no,no,not_applicable
1L84,external_fixed_batch_9,A,1,67,PHE,11,C;CA;CB;CD1;CD2;CE1;CE2;CG;CZ;N;O,C;CA;CB;CD1;CD2;CE1;CE2;CG;CZ;N;O,,11,11,no,16.0583,CE1,C4,no,no,not_applicable
1L84,external_fixed_batch_9,A,1,68,ASN,8,C;CA;CB;CG;N;ND2;O;OD1,C;CA;CB;CG;N;ND2;O;OD1,,8,8,no,16.8609,O,C5,no,no,not_applicable
1L84,external_fixed_batch_9,A,1,69,GLN,9,C;CA;CB;CD;CG;N;NE2;O;OE1,C;CA;CB;CD;CG;N;NE2;O;OE1,,9,9,no,15.8377,O,C5,no,no,not_applicable
1L84,external_fixed_batch_9,A,1,70,ASP,8,C;CA;CB;CG;N;O;OD1;OD2,C;CA;CB;CG;N;O;OD1;OD2,,8,8,no,12.7051,O,C4,no,no,not_applicable
1L84,external_fixed_batch_9,A,1,71,VAL,7,C;CA;CB;CG1;CG2;N;O,C;CA;CB;CG1;CG2;N;O,,7,7,no,11.6833,O,C5,no,no,not_applicable
1L84,external_fixed_batch_9,A,1,72,ASP,8,C;CA;CB;CG;N;O;OD1;OD2,C;CA;CB;CG;N;O;OD1;OD2,,8,8,no,12.4005,O,C5,no,no,not_applicable
1L84,external_fixed_batch_9,A,1,73,ALA,5,C;CA;CB;N;O,C;CA;CB;N;O,,5,5,no,10.9912,O,C5,no,no,not_applicable
1L84,external_fixed_batch_9,A,1,74,ALA,5,C;CA;CB;N;O,C;CA;CB;N;O,,5,5,no,7.7544,O,C5,no,yes,not_applicable
1L84,external_fixed_batch_9,A,1,75,VAL,7,C;CA;CB;CG1;CG2;N;O,C;CA;CB;CG1;CG2;N;O,,7,7,no,8.4234,O,C5,no,no,not_applicable
1L84,external_fixed_batch_9,A,1,76,ARG,11,C;CA;CB;CD;CG;CZ;N;NE;NH1;NH2;O,C;CA;CB;CD;CG;CZ;N;NE;NH1;NH2;O,,11,11,no,10.1549,C,C5,no,no,not_applicable
1L84,external_fixed_batch_9,A,1,77,GLY,4,C;CA;N;O,C;CA;N;O,,4,4,no,7.7666,O,C5,no,yes,not_applicable
1L84,external_fixed_batch_9,A,1,78,ILE,8,C;CA;CB;CD1;CG1;CG2;N;O,C;CA;CB;CD1;CG1;CG2;N;O,,8,8,no,4.3339,CG1,C5,yes,yes,not_applicable
1L84,external_fixed_batch_9,A,1,79,LEU,8,C;CA;CB;CD1;CD2;CG;N;O,C;CA;CB;CD1;CD2;CG;N;O,,8,8,no,7.7404,N,C5,no,yes,not_applicable
1L84,external_fixed_batch_9,A,1,80,ARG,11,C;CA;CB;CD;CG;CZ;N;NE;NH1;NH2;O,C;CA;CB;CD;CG;CZ;N;NE;NH1;NH2;O,,11,11,no,9.7621,N,C5,no,no,not_applicable
1L84,external_fixed_batch_9,A,1,81,ASN,8,C;CA;CB;CG;N;ND2;O;OD1,C;CA;CB;CG;N;ND2;O;OD1,,8,8,no,7.7024,CB,C5,no,yes,not_applicable
1L84,external_fixed_batch_9,A,1,82,ALA,5,C;CA;CB;N;O,C;CA;CB;N;O,,5,5,no,9.2073,C,C6,no,no,not_applicable
1L84,external_fixed_batch_9,A,1,83,LYS,9,C;CA;CB;CD;CE;CG;N;NZ;O,C;CA;CB;CD;CE;CG;N;NZ;O,,9,9,no,6.0902,O,C6,no,yes,not_applicable
1L84,external_fixed_batch_9,A,1,84,LEU,8,C;CA;CB;CD1;CD2;CG;N;O,C;CA;CB;CD1;CD2;CG;N;O,,8,8,no,3.7359,O,C6,yes,yes,not_applicable
1L84,external_fixed_batch_9,A,1,85,LYS,9,C;CA;CB;CD;CE;CG;N;NZ;O,C;CA;CB;CD;CE;CG;N;NZ;O,,9,9,no,5.5671,N,C6,no,yes,not_applicable
1L84,external_fixed_batch_9,A,1,86,PRO,7,C;CA;CB;CD;CG;N;O,C;CA;CB;CD;CG;N;O,,7,7,no,6.5331,C,C6,no,yes,not_applicable
1L84,external_fixed_batch_9,A,1,87,VAL,7,C;CA;CB;CG1;CG2;N;O,C;CA;CB;CG1;CG2;N;O,,7,7,no,3.5405,CG1,C1,yes,yes,not_applicable
1L84,external_fixed_batch_9,A,1,88,TYR,12,C;CA;CB;CD1;CD2;CE1;CE2;CG;CZ;N;O;OH,C;CA;CB;CD1;CD2;CE1;CE2;CG;CZ;N;O;OH,,12,12,no,3.9736,N,C6,yes,yes,not_applicable
1L84,external_fixed_batch_9,A,1,89,ASP,8,C;CA;CB;CG;N;O;OD1;OD2,C;CA;CB;CG;N;O;OD1;OD2,,8,8,no,6.5332,N,C6,no,yes,not_applicable
1L84,external_fixed_batch_9,A,1,90,SER,6,C;CA;CB;N;O;OG,C;CA;CB;N;O;OG,,6,6,no,7.3640,OG,C1,no,yes,not_applicable
1L84,external_fixed_batch_9,A,1,91,LEU,8,C;CA;CB;CD1;CD2;CG;N;O,C;CA;CB;CD1;CD2;CG;N;O,,8,8,no,4.2050,CD1,C1,yes,yes,not_applicable
1L84,external_fixed_batch_9,A,1,92,ASP,8,C;CA;CB;CG;N;O;OD1;OD2,C;CA;CB;CG;N;O;OD1;OD2,,8,8,no,9.2939,O,C1,no,no,not_applicable
1L84,external_fixed_batch_9,A,1,93,ALA,5,C;CA;CB;N;O,C;CA;CB;N;O,,5,5,no,10.9228,O,C1,no,no,not_applicable
1L84,external_fixed_batch_9,A,1,94,VAL,7,C;CA;CB;CG1;CG2;N;O,C;CA;CB;CG1;CG2;N;O,,7,7,no,9.6705,O,C2,no,no,not_applicable
1L84,external_fixed_batch_9,A,1,95,ARG,11,C;CA;CB;CD;CG;CZ;N;NE;NH1;NH2;O,C;CA;CB;CD;CG;CZ;N;NE;NH1;NH2;O,,11,11,no,6.2842,O,C2,no,yes,not_applicable
1L84,external_fixed_batch_9,A,1,96,ARG,11,C;CA;CB;CD;CG;CZ;N;NE;NH1;NH2;O,C;CA;CB;CD;CG;CZ;N;NE;NH1;NH2;O,,11,11,no,6.8201,O,C5,no,yes,not_applicable
1L84,external_fixed_batch_9,A,1,97,ALA,5,C;CA;CB;N;O,C;CA;CB;N;O,,5,5,no,8.1239,O,C3,no,no,not_applicable
1L84,external_fixed_batch_9,A,1,98,ALA,5,C;CA;CB;N;O,C;CA;CB;N;O,,5,5,no,5.5693,O,C3,no,yes,not_applicable
1L84,external_fixed_batch_9,A,1,99,ALA,5,C;CA;CB;N;O,C;CA;CB;N;O,,5,5,no,3.4576,CB,C3,yes,yes,not_applicable
1L84,external_fixed_batch_9,A,1,100,ILE,8,C;CA;CB;CD1;CG1;CG2;N;O,C;CA;CB;CD1;CG1;CG2;N;O,,8,8,no,5.2966,N,C4,no,yes,not_applicable
1L84,external_fixed_batch_9,A,1,101,ASN,8,C;CA;CB;CG;N;ND2;O;OD1,C;CA;CB;CG;N;ND2;O;OD1,,8,8,no,7.1334,N,C4,no,yes,not_applicable
1L84,external_fixed_batch_9,A,1,102,MET,8,C;CA;CB;CE;CG;N;O;SD,C;CA;CB;CE;CG;N;O;SD,,8,8,no,4.2250,SD,C3,yes,yes,not_applicable
1L84,external_fixed_batch_9,A,1,103,VAL,7,C;CA;CB;CG1;CG2;N;O,C;CA;CB;CG1;CG2;N;O,,7,7,no,4.1796,CG2,C4,yes,yes,not_applicable
1L84,external_fixed_batch_9,A,1,104,PHE,11,C;CA;CB;CD1;CD2;CE1;CE2;CG;CZ;N;O,C;CA;CB;CD1;CD2;CE1;CE2;CG;CZ;N;O,,11,11,no,7.9612,N,C4,no,yes,not_applicable
1L84,external_fixed_batch_9,A,1,105,GLN,9,C;CA;CB;CD;CG;N;NE2;O;OE1,C;CA;CB;CD;CG;N;NE2;O;OE1,,9,9,no,9.6391,N,C4,no,no,not_applicable
1L84,external_fixed_batch_9,A,1,106,MET,8,C;CA;CB;CE;CG;N;O;SD,C;CA;CB;CE;CG;N;O;SD,,8,8,no,7.4688,CE,C3,no,yes,not_applicable
1L84,external_fixed_batch_9,A,1,107,GLY,4,C;CA;N;O,C;CA;N;O,,4,4,no,7.9035,O,C4,no,yes,not_applicable
1L84,external_fixed_batch_9,A,1,108,GLU,9,C;CA;CB;CD;CG;N;O;OE1;OE2,C;CA;CB;CD;CG;N;O;OE1;OE2,,9,9,no,7.5699,O,C4,no,yes,not_applicable
1L84,external_fixed_batch_9,A,1,109,THR,7,C;CA;CB;CG2;N;O;OG1,C;CA;CB;CG2;N;O;OG1,,7,7,no,9.3295,N,C4,no,no,not_applicable
1L84,external_fixed_batch_9,A,1,110,GLY,4,C;CA;N;O,C;CA;N;O,,4,4,no,8.2372,C,C4,no,no,not_applicable
1L84,external_fixed_batch_9,A,1,111,VAL,7,C;CA;CB;CG1;CG2;N;O,C;CA;CB;CG1;CG2;N;O,,7,7,no,3.4565,CG1,C4,yes,yes,not_applicable
1L84,external_fixed_batch_9,A,1,112,ALA,5,C;CA;CB;N;O,C;CA;CB;N;O,,5,5,no,6.4961,N,C4,no,yes,not_applicable
1L84,external_fixed_batch_9,A,1,113,GLY,4,C;CA;N;O,C;CA;N;O,,4,4,no,8.6444,N,C4,no,no,not_applicable
1L84,external_fixed_batch_9,A,1,114,PHE,11,C;CA;CB;CD1;CD2;CE1;CE2;CG;CZ;N;O,C;CA;CB;CD1;CD2;CE1;CE2;CG;CZ;N;O,,11,11,no,7.0731,CB,C3,no,yes,not_applicable
1L84,external_fixed_batch_9,A,1,115,THR,7,C;CA;CB;CG2;N;O;OG1,C;CA;CB;CG2;N;O;OG1,,7,7,no,9.2284,O,C2,no,no,not_applicable
1L84,external_fixed_batch_9,A,1,116,ASN,8,C;CA;CB;CG;N;ND2;O;OD1,C;CA;CB;CG;N;ND2;O;OD1,,8,8,no,9.6105,C,C2,no,no,not_applicable
1L84,external_fixed_batch_9,A,1,117,SER,6,C;CA;CB;N;O;OG,C;CA;CB;N;O;OG,,6,6,no,6.7320,O,C2,no,yes,not_applicable
1L84,external_fixed_batch_9,A,1,118,LEU,8,C;CA;CB;CD1;CD2;CG;N;O,C;CA;CB;CD1;CD2;CG;N;O,,8,8,no,3.6512,CD2,C2,yes,yes,not_applicable
1L84,external_fixed_batch_9,A,1,119,ARG,11,C;CA;CB;CD;CG;CZ;N;NE;NH1;NH2;O,C;CA;CB;CD;CG;CZ;N;NE;NH1;NH2;O,,11,11,no,7.9281,N,C1,no,yes,not_applicable
1L84,external_fixed_batch_9,A,1,120,MET,8,C;CA;CB;CE;CG;N;O;SD,C;CA;CB;CE;CG;N;O;SD,,8,8,no,8.8257,C,C2,no,no,not_applicable
1L84,external_fixed_batch_9,A,1,121,LEU,8,C;CA;CB;CD1;CD2;CG;N;O,C;CA;CB;CD1;CD2;CG;N;O,,8,8,no,3.7301,CD1,C2,yes,yes,not_applicable
1L84,external_fixed_batch_9,A,1,122,GLN,9,C;CA;CB;CD;CG;N;NE2;O;OE1,C;CA;CB;CD;CG;N;NE2;O;OE1,,9,9,no,7.2021,N,C1,no,yes,not_applicable
1L84,external_fixed_batch_9,A,1,123,GLN,9,C;CA;CB;CD;CG;N;NE2;O;OE1,C;CA;CB;CD;CG;N;NE2;O;OE1,,9,9,no,9.8956,N,C1,no,no,not_applicable
1L84,external_fixed_batch_9,A,1,124,LYS,9,C;CA;CB;CD;CE;CG;N;NZ;O,C;CA;CB;CD;CE;CG;N;NZ;O,,9,9,no,10.2462,NZ,C1,no,no,not_applicable
1L84,external_fixed_batch_9,A,1,125,ARG,11,C;CA;CB;CD;CG;CZ;N;NE;NH1;NH2;O,C;CA;CB;CD;CG;CZ;N;NE;NH1;NH2;O,,11,11,no,11.4370,O,C2,no,no,not_applicable
1L84,external_fixed_batch_9,A,1,126,TRP,14,C;CA;CB;CD1;CD2;CE2;CE3;CG;CH2;CZ2;CZ3;N;NE1;O,C;CA;CB;CD1;CD2;CE2;CE3;CG;CH2;CZ2;CZ3;N;NE1;O,,14,14,no,8.6185,CZ3,C2,no,no,not_applicable
1L84,external_fixed_batch_9,A,1,127,ASP,8,C;CA;CB;CG;N;O;OD1;OD2,C;CA;CB;CG;N;O;OD1;OD2,,8,8,no,13.6533,N,C2,no,no,not_applicable
1L84,external_fixed_batch_9,A,1,128,GLU,9,C;CA;CB;CD;CG;N;O;OE1;OE2,C;CA;CB;CD;CG;N;O;OE1;OE2,,9,9,no,12.3536,C,C2,no,no,not_applicable
1L84,external_fixed_batch_9,A,1,129,ALA,5,C;CA;CB;N;O,C;CA;CB;N;O,,5,5,no,8.8816,CB,C2,no,no,not_applicable
1L84,external_fixed_batch_9,A,1,130,ALA,5,C;CA;CB;N;O,C;CA;CB;N;O,,5,5,no,10.8314,N,C2,no,no,not_applicable
1L84,external_fixed_batch_9,A,1,131,VAL,7,C;CA;CB;CG1;CG2;N;O,C;CA;CB;CG1;CG2;N;O,,7,7,no,13.1536,N,C2,no,no,not_applicable
1L84,external_fixed_batch_9,A,1,132,ASN,8,C;CA;CB;CG;N;ND2;O;OD1,C;CA;CB;CG;N;ND2;O;OD1,,8,8,no,10.8702,OD1,C2,no,no,not_applicable
1L84,external_fixed_batch_9,A,1,133,LEU,8,C;CA;CB;CD1;CD2;CG;N;O,C;CA;CB;CD1;CD2;CG;N;O,,8,8,no,6.9773,CD2,C3,no,yes,not_applicable
1L84,external_fixed_batch_9,A,1,134,ALA,5,C;CA;CB;N;O,C;CA;CB;N;O,,5,5,no,12.2857,N,C3,no,no,not_applicable
1L84,external_fixed_batch_9,A,1,135,LYS,9,C;CA;CB;CD;CE;CG;N;NZ;O,C;CA;CB;CD;CE;CG;N;NZ;O,,9,9,no,14.1264,O,C3,no,no,not_applicable
1L84,external_fixed_batch_9,A,1,136,SER,6,C;CA;CB;N;O;OG,C;CA;CB;N;O;OG,,6,6,no,12.1614,OG,C3,no,no,not_applicable
1L84,external_fixed_batch_9,A,1,137,ARG,11,C;CA;CB;CD;CG;CZ;N;NE;NH1;NH2;O,C;CA;CB;CD;CG;CZ;N;NE;NH1;NH2;O,,11,11,no,14.8571,N,C3,no,no,not_applicable
1L84,external_fixed_batch_9,A,1,138,TRP,14,C;CA;CB;CD1;CD2;CE2;CE3;CG;CH2;CZ2;CZ3;N;NE1;O,C;CA;CB;CD1;CD2;CE2;CE3;CG;CH2;CZ2;CZ3;N;NE1;O,,14,14,no,8.6057,CH2,C3,no,no,not_applicable
1L84,external_fixed_batch_9,A,1,139,TYR,12,C;CA;CB;CD1;CD2;CE1;CE2;CG;CZ;N;O;OH,C;CA;CB;CD1;CD2;CE1;CE2;CG;CZ;N;O;OH,,12,12,no,13.6081,N,C3,no,no,not_applicable
1L84,external_fixed_batch_9,A,1,140,ASN,8,C;CA;CB;CG;N;ND2;O;OD1,C;CA;CB;CG;N;ND2;O;OD1,,8,8,no,16.3508,N,C3,no,no,not_applicable
1L84,external_fixed_batch_9,A,1,141,GLN,9,C;CA;CB;CD;CG;N;NE2;O;OE1,C;CA;CB;CD;CG;N;NE2;O;OE1,,9,9,no,17.4921,N,C3,no,no,not_applicable
1L84,external_fixed_batch_9,A,1,142,THR,7,C;CA;CB;CG2;N;O;OG1,C;CA;CB;CG2;N;O;OG1,,7,7,no,14.7533,OG1,C3,no,no,not_applicable
1L84,external_fixed_batch_9,A,1,143,PRO,7,C;CA;CB;CD;CG;N;O,C;CA;CB;CD;CG;N;O,,7,7,no,16.3855,O,C3,no,no,not_applicable
1L84,external_fixed_batch_9,A,1,144,ASN,8,C;CA;CB;CG;N;ND2;O;OD1,C;CA;CB;CG;N;ND2;O;OD1,,8,8,no,16.2910,O,C3,no,no,not_applicable
1L84,external_fixed_batch_9,A,1,145,ARG,11,C;CA;CB;CD;CG;CZ;N;NE;NH1;NH2;O,C;CA;CB;CD;CG;CZ;N;NE;NH1;NH2;O,,11,11,no,12.1755,NH2,C4,no,no,not_applicable
1L84,external_fixed_batch_9,A,1,146,ALA,5,C;CA;CB;N;O,C;CA;CB;N;O,,5,5,no,11.7716,O,C3,no,no,not_applicable
1L84,external_fixed_batch_9,A,1,147,LYS,9,C;CA;CB;CD;CE;CG;N;NZ;O,C;CA;CB;CD;CE;CG;N;NZ;O,,9,9,no,13.7674,O,C3,no,no,not_applicable
1L84,external_fixed_batch_9,A,1,148,ARG,11,C;CA;CB;CD;CG;CZ;N;NE;NH1;NH2;O,C;CA;CB;CD;CG;CZ;N;NE;NH1;NH2;O,,11,11,no,12.5076,O,C3,no,no,not_applicable
1L84,external_fixed_batch_9,A,1,149,VAL,7,C;CA;CB;CG1;CG2;N;O,C;CA;CB;CG1;CG2;N;O,,7,7,no,7.9023,CG1,C3,no,yes,not_applicable
1L84,external_fixed_batch_9,A,1,150,ILE,8,C;CA;CB;CD1;CG1;CG2;N;O,C;CA;CB;CD1;CG1;CG2;N;O,,8,8,no,10.3077,N,C3,no,no,not_applicable
1L84,external_fixed_batch_9,A,1,151,THR,7,C;CA;CB;CG2;N;O;OG1,C;CA;CB;CG2;N;O;OG1,,7,7,no,12.2001,N,C2,no,no,not_applicable
1L84,external_fixed_batch_9,A,1,152,THR,7,C;CA;CB;CG2;N;O;OG1,C;CA;CB;CG2;N;O;OG1,,7,7,no,10.1603,C,C2,no,no,not_applicable
1L84,external_fixed_batch_9,A,1,153,ALA,5,C;CA;CB;N;O,C;CA;CB;N;O,,5,5,no,7.2420,CB,C2,no,yes,not_applicable
1L84,external_fixed_batch_9,A,1,154,ARG,11,C;CA;CB;CD;CG;CZ;N;NE;NH1;NH2;O,C;CA;CB;CD;CG;CZ;N;NE;NH1;NH2;O,,11,11,no,10.2516,N,C2,no,no,not_applicable
1L84,external_fixed_batch_9,A,1,155,THR,7,C;CA;CB;CG2;N;O;OG1,C;CA;CB;CG2;N;O;OG1,,7,7,no,12.5958,N,C2,no,no,not_applicable
1L84,external_fixed_batch_9,A,1,156,GLY,4,C;CA;N;O,C;CA;N;O,,4,4,no,12.4660,N,C2,no,no,not_applicable
1L84,external_fixed_batch_9,A,1,157,THR,7,C;CA;CB;CG2;N;O;OG1,C;CA;CB;CG2;N;O;OG1,,7,7,no,14.2599,N,C2,no,no,not_applicable
1L84,external_fixed_batch_9,A,1,158,TRP,14,C;CA;CB;CD1;CD2;CE2;CE3;CG;CH2;CZ2;CZ3;N;NE1;O,C;CA;CB;CD1;CD2;CE2;CE3;CG;CH2;CZ2;CZ3;N;NE1;O,,14,14,no,13.4067,CH2,C3,no,no,not_applicable
1L84,external_fixed_batch_9,A,1,159,ASP,8,C;CA;CB;CG;N;O;OD1;OD2,C;CA;CB;CG;N;O;OD1;OD2,,8,8,no,17.5561,N,C2,no,no,not_applicable
1L84,external_fixed_batch_9,A,1,160,ALA,5,C;CA;CB;N;O,C;CA;CB;N;O,,5,5,no,16.3386,CB,C3,no,no,not_applicable
1L84,external_fixed_batch_9,A,1,161,TYR,12,C;CA;CB;CD1;CD2;CE1;CE2;CG;CZ;N;O;OH,C;CA;CB;CD1;CD2;CE1;CE2;CG;CZ;N;O;OH,,12,12,no,12.9694,OH,C3,no,no,not_applicable
1L84,external_fixed_batch_9,A,1,162,LYS,9,C;CA;CB;CD;CE;CG;N;NZ;O,C;CA;CB;CD;CE;CG;N;NZ;O,,9,9,no,20.3516,N,C3,no,no,not_applicable
220L,external_fixed_batch_9,A,1,1,MET,8,C;CA;CB;CE;CG;N;O;SD,C;CA;CB;CE;CG;N;O;SD,,8,8,no,16.7294,CG,C1,no,no,not_applicable
220L,external_fixed_batch_9,A,1,2,ASN,8,C;CA;CB;CG;N;ND2;O;OD1,C;CA;CB;CG;N;ND2;O;OD1,,8,8,no,15.9522,O,C1,no,no,not_applicable
220L,external_fixed_batch_9,A,1,3,ILE,8,C;CA;CB;CD1;CG1;CG2;N;O,C;CA;CB;CD1;CG1;CG2;N;O,,8,8,no,11.7790,CD1,C1,no,no,not_applicable
220L,external_fixed_batch_9,A,1,4,PHE,11,C;CA;CB;CD1;CD2;CE1;CE2;CG;CZ;N;O,C;CA;CB;CD1;CD2;CE1;CE2;CG;CZ;N;O,,11,11,no,16.4407,N,C2,no,no,not_applicable
220L,external_fixed_batch_9,A,1,5,GLU,9,C;CA;CB;CD;CG;N;O;OE1;OE2,C;CA;CB;CD;CG;N;O;OE1;OE2,,9,9,no,16.8510,C,C2,no,no,not_applicable
220L,external_fixed_batch_9,A,1,6,MET,8,C;CA;CB;CE;CG;N;O;SD,C;CA;CB;CE;CG;N;O;SD,,8,8,no,10.0343,CE,C2,no,no,not_applicable
220L,external_fixed_batch_9,A,1,7,LEU,8,C;CA;CB;CD1;CD2;CG;N;O,C;CA;CB;CD1;CD2;CG;N;O,,8,8,no,11.5475,CD2,C2,no,no,not_applicable
220L,external_fixed_batch_9,A,1,8,ARG,11,C;CA;CB;CD;CG;CZ;N;NE;NH1;NH2;O,C;CA;CB;CD;CG;CZ;N;NE;NH1;NH2;O,,11,11,no,16.2357,N,C2,no,no,not_applicable
220L,external_fixed_batch_9,A,1,9,ILE,8,C;CA;CB;CD1;CG1;CG2;N;O,C;CA;CB;CD1;CG1;CG2;N;O,,8,8,no,16.0250,C,C2,no,no,not_applicable
220L,external_fixed_batch_9,A,1,10,ASP,8,C;CA;CB;CG;N;O;OD1;OD2,C;CA;CB;CG;N;O;OD1;OD2,,8,8,no,11.0389,OD2,C2,no,no,not_applicable
220L,external_fixed_batch_9,A,1,11,GLU,9,C;CA;CB;CD;CG;N;O;OE1;OE2,C;CA;CB;CD;CG;N;O;OE1;OE2,,9,9,no,12.3967,OE2,C2,no,no,not_applicable
220L,external_fixed_batch_9,A,1,12,GLY,4,C;CA;N;O,C;CA;N;O,,4,4,no,17.8257,N,C2,no,no,not_applicable
220L,external_fixed_batch_9,A,1,13,LEU,8,C;CA;CB;CD1;CD2;CG;N;O,C;CA;CB;CD1;CD2;CG;N;O,,8,8,no,21.3495,N,C2,no,no,not_applicable
220L,external_fixed_batch_9,A,1,14,ARG,11,C;CA;CB;CD;CG;CZ;N;NE;NH1;NH2;O,C;CA;CB;CD;CG;CZ;N;NE;NH1;NH2;O,,11,11,no,23.1223,CD,C2,no,no,not_applicable
220L,external_fixed_batch_9,A,1,15,LEU,8,C;CA;CB;CD1;CD2;CG;N;O,C;CA;CB;CD1;CD2;CG;N;O,,8,8,no,26.4982,N,C2,no,no,not_applicable
220L,external_fixed_batch_9,A,1,16,LYS,9,C;CA;CB;CD;CE;CG;N;NZ;O,C;CA;CB;CD;CE;CG;N;NZ;O,,9,9,no,25.9464,O,C3,no,no,not_applicable
220L,external_fixed_batch_9,A,1,17,ILE,8,C;CA;CB;CD1;CG1;CG2;N;O,C;CA;CB;CD1;CG1;CG2;N;O,,8,8,no,25.8466,C,C3,no,no,not_applicable
220L,external_fixed_batch_9,A,1,18,TYR,12,C;CA;CB;CD1;CD2;CE1;CE2;CG;CZ;N;O;OH,C;CA;CB;CD1;CD2;CE1;CE2;CG;CZ;N;O;OH,,12,12,no,19.1701,OH,C3,no,no,not_applicable
220L,external_fixed_batch_9,A,1,19,LYS,9,C;CA;CB;CD;CE;CG;N;NZ;O,C;CA;CB;CD;CE;CG;N;NZ;O,,9,9,no,20.6668,C,C3,no,no,not_applicable
220L,external_fixed_batch_9,A,1,20,ASP,8,C;CA;CB;CG;N;O;OD1;OD2,C;CA;CB;CG;N;O;OD1;OD2,,8,8,no,15.9995,OD2,C3,no,no,not_applicable
220L,external_fixed_batch_9,A,1,21,THR,7,C;CA;CB;CG2;N;O;OG1,C;CA;CB;CG2;N;O;OG1,,7,7,no,14.3192,OG1,C3,no,no,not_applicable
220L,external_fixed_batch_9,A,1,22,GLU,9,C;CA;CB;CD;CG;N;O;OE1;OE2,C;CA;CB;CD;CG;N;O;OE1;OE2,,9,9,no,12.8348,OE2,C3,no,no,not_applicable
220L,external_fixed_batch_9,A,1,23,GLY,4,C;CA;N;O,C;CA;N;O,,4,4,no,19.0832,N,C3,no,no,not_applicable
220L,external_fixed_batch_9,A,1,24,TYR,12,C;CA;CB;CD1;CD2;CE1;CE2;CG;CZ;N;O;OH,C;CA;CB;CD1;CD2;CE1;CE2;CG;CZ;N;O;OH,,12,12,no,16.6688,CE2,C3,no,no,not_applicable
220L,external_fixed_batch_9,A,1,25,TYR,12,C;CA;CB;CD1;CD2;CE1;CE2;CG;CZ;N;O;OH,C;CA;CB;CD1;CD2;CE1;CE2;CG;CZ;N;O;OH,,12,12,no,20.9805,O,C3,no,no,not_applicable
220L,external_fixed_batch_9,A,1,26,THR,7,C;CA;CB;CG2;N;O;OG1,C;CA;CB;CG2;N;O;OG1,,7,7,no,18.8494,OG1,C3,no,no,not_applicable
220L,external_fixed_batch_9,A,1,27,ILE,8,C;CA;CB;CD1;CG1;CG2;N;O,C;CA;CB;CD1;CG1;CG2;N;O,,8,8,no,20.9609,O,C3,no,no,not_applicable
220L,external_fixed_batch_9,A,1,28,GLY,4,C;CA;N;O,C;CA;N;O,,4,4,no,21.1353,O,C2,no,no,not_applicable
220L,external_fixed_batch_9,A,1,29,ILE,8,C;CA;CB;CD1;CG1;CG2;N;O,C;CA;CB;CD1;CG1;CG2;N;O,,8,8,no,17.2164,O,C2,no,no,not_applicable
220L,external_fixed_batch_9,A,1,30,GLY,4,C;CA;N;O,C;CA;N;O,,4,4,no,16.0371,O,C3,no,no,not_applicable
220L,external_fixed_batch_9,A,1,31,HIS,10,C;CA;CB;CD2;CE1;CG;N;ND1;NE2;O,C;CA;CB;CD2;CE1;CG;N;ND1;NE2;O,,10,10,no,18.1804,N,C3,no,no,not_applicable
220L,external_fixed_batch_9,A,1,32,LEU,8,C;CA;CB;CD1;CD2;CG;N;O,C;CA;CB;CD1;CD2;CG;N;O,,8,8,no,16.8055,CD2,C3,no,no,not_applicable
220L,external_fixed_batch_9,A,1,33,LEU,8,C;CA;CB;CD1;CD2;CG;N;O,C;CA;CB;CD1;CD2;CG;N;O,,8,8,no,20.4375,N,C3,no,no,not_applicable
220L,external_fixed_batch_9,A,1,34,THR,7,C;CA;CB;CG2;N;O;OG1,C;CA;CB;CG2;N;O;OG1,,7,7,no,21.0492,O,C3,no,no,not_applicable
220L,external_fixed_batch_9,A,1,35,LYS,9,C;CA;CB;CD;CE;CG;N;NZ;O,C;CA;CB;CD;CE;CG;N;NZ;O,,9,9,no,15.5498,NZ,C3,no,no,not_applicable
220L,external_fixed_batch_9,A,1,36,SER,6,C;CA;CB;N;O;OG,C;CA;CB;N;O;OG,,6,6,no,23.2024,N,C3,no,no,not_applicable
220L,external_fixed_batch_9,A,1,37,PRO,7,C;CA;CB;CD;CG;N;O,C;CA;CB;CD;CG;N;O,,7,7,no,25.6212,CD,C3,no,no,not_applicable
220L,external_fixed_batch_9,A,1,38,SER,6,C;CA;CB;N;O;OG,C;CA;CB;N;O;OG,,6,6,no,27.7488,N,C3,no,no,not_applicable
220L,external_fixed_batch_9,A,1,39,LEU,8,C;CA;CB;CD1;CD2;CG;N;O,C;CA;CB;CD1;CD2;CG;N;O,,8,8,no,29.0801,CD1,C3,no,no,not_applicable
220L,external_fixed_batch_9,A,1,40,ASN,8,C;CA;CB;CG;N;ND2;O;OD1,C;CA;CB;CG;N;ND2;O;OD1,,8,8,no,30.8223,C,C3,no,no,not_applicable
220L,external_fixed_batch_9,A,1,41,ALA,5,C;CA;CB;N;O,C;CA;CB;N;O,,5,5,no,28.0342,O,C3,no,no,not_applicable
220L,external_fixed_batch_9,A,1,42,ALA,5,C;CA;CB;N;O,C;CA;CB;N;O,,5,5,no,26.5216,CB,C3,no,no,not_applicable
220L,external_fixed_batch_9,A,1,43,LYS,9,C;CA;CB;CD;CE;CG;N;NZ;O,C;CA;CB;CD;CE;CG;N;NZ;O,,9,9,no,29.0674,N,C3,no,no,not_applicable
220L,external_fixed_batch_9,A,1,44,SER,6,C;CA;CB;N;O;OG,C;CA;CB;N;O;OG,,6,6,no,29.5202,C,C3,no,no,not_applicable
220L,external_fixed_batch_9,A,1,45,GLU,9,C;CA;CB;CD;CG;N;O;OE1;OE2,C;CA;CB;CD;CG;N;O;OE1;OE2,,9,9,no,25.2717,OE1,C3,no,no,not_applicable
220L,external_fixed_batch_9,A,1,46,LEU,8,C;CA;CB;CD1;CD2;CG;N;O,C;CA;CB;CD1;CD2;CG;N;O,,8,8,no,26.8597,CD1,C3,no,no,not_applicable
220L,external_fixed_batch_9,A,1,47,ASP,8,C;CA;CB;CG;N;O;OD1;OD2,C;CA;CB;CG;N;O;OD1;OD2,,8,8,no,29.6866,N,C3,no,no,not_applicable
220L,external_fixed_batch_9,A,1,48,LYS,9,C;CA;CB;CD;CE;CG;N;NZ;O,C;CA;CB;CD;CE;CG;N;NZ;O,,9,9,no,26.5642,NZ,C3,no,no,not_applicable
220L,external_fixed_batch_9,A,1,49,ALA,5,C;CA;CB;N;O,C;CA;CB;N;O,,5,5,no,25.6637,CB,C3,no,no,not_applicable
220L,external_fixed_batch_9,A,1,50,ILE,8,C;CA;CB;CD1;CG1;CG2;N;O,C;CA;CB;CD1;CG1;CG2;N;O,,8,8,no,27.7195,CD1,C3,no,no,not_applicable
220L,external_fixed_batch_9,A,1,51,GLY,4,C;CA;N;O,C;CA;N;O,,4,4,no,31.1969,N,C3,no,no,not_applicable
220L,external_fixed_batch_9,A,1,52,ARG,11,C;CA;CB;CD;CG;CZ;N;NE;NH1;NH2;O,C;CA;CB;CD;CG;CZ;N;NE;NH1;NH2;O,,11,11,no,33.4431,NH2,C3,no,no,not_applicable
220L,external_fixed_batch_9,A,1,53,ASN,8,C;CA;CB;CG;N;ND2;O;OD1,C;CA;CB;CG;N;ND2;O;OD1,,8,8,no,35.2801,C,C3,no,no,not_applicable
220L,external_fixed_batch_9,A,1,54,THR,7,C;CA;CB;CG2;N;O;OG1,C;CA;CB;CG2;N;O;OG1,,7,7,no,31.5382,OG1,C3,no,no,not_applicable
220L,external_fixed_batch_9,A,1,55,ASN,8,C;CA;CB;CG;N;ND2;O;OD1,C;CA;CB;CG;N;ND2;O;OD1,,8,8,no,33.4770,C,C3,no,no,not_applicable
220L,external_fixed_batch_9,A,1,56,GLY,4,C;CA;N;O,C;CA;N;O,,4,4,no,29.8636,O,C3,no,no,not_applicable
220L,external_fixed_batch_9,A,1,57,VAL,7,C;CA;CB;CG1;CG2;N;O,C;CA;CB;CG1;CG2;N;O,,7,7,no,31.0712,C,C3,no,no,not_applicable
220L,external_fixed_batch_9,A,1,58,ILE,8,C;CA;CB;CD1;CG1;CG2;N;O,C;CA;CB;CD1;CG1;CG2;N;O,,8,8,no,26.3653,CD1,C3,no,no,not_applicable
220L,external_fixed_batch_9,A,1,59,THR,7,C;CA;CB;CG2;N;O;OG1,C;CA;CB;CG2;N;O;OG1,,7,7,no,28.4391,O,C2,no,no,not_applicable
220L,external_fixed_batch_9,A,1,60,LYS,9,C;CA;CB;CD;CE;CG;N;NZ;O,C;CA;CB;CD;CE;CG;N;NZ;O,,9,9,no,26.9324,O,C2,no,no,not_applicable
220L,external_fixed_batch_9,A,1,61,ASP,8,C;CA;CB;CG;N;O;OD1;OD2,C;CA;CB;CG;N;O;OD1;OD2,,8,8,no,27.5156,O,C2,no,no,not_applicable
220L,external_fixed_batch_9,A,1,62,GLU,9,C;CA;CB;CD;CG;N;O;OE1;OE2,C;CA;CB;CD;CG;N;O;OE1;OE2,,9,9,no,25.8246,O,C2,no,no,not_applicable
220L,external_fixed_batch_9,A,1,63,ALA,5,C;CA;CB;N;O,C;CA;CB;N;O,,5,5,no,22.8545,O,C2,no,no,not_applicable
220L,external_fixed_batch_9,A,1,64,GLU,9,C;CA;CB;CD;CG;N;O;OE1;OE2,C;CA;CB;CD;CG;N;O;OE1;OE2,,9,9,no,23.1842,O,C2,no,no,not_applicable
220L,external_fixed_batch_9,A,1,65,LYS,9,C;CA;CB;CD;CE;CG;N;NZ;O,C;CA;CB;CD;CE;CG;N;NZ;O,,9,9,no,23.2974,O,C2,no,no,not_applicable
220L,external_fixed_batch_9,A,1,66,LEU,8,C;CA;CB;CD1;CD2;CG;N;O,C;CA;CB;CD1;CD2;CG;N;O,,8,8,no,20.4581,O,C2,no,no,not_applicable
220L,external_fixed_batch_9,A,1,67,PHE,11,C;CA;CB;CD1;CD2;CE1;CE2;CG;CZ;N;O,C;CA;CB;CD1;CD2;CE1;CE2;CG;CZ;N;O,,11,11,no,16.6815,CE1,C2,no,no,not_applicable
220L,external_fixed_batch_9,A,1,68,ASN,8,C;CA;CB;CG;N;ND2;O;OD1,C;CA;CB;CG;N;ND2;O;OD1,,8,8,no,19.9647,O,C2,no,no,not_applicable
220L,external_fixed_batch_9,A,1,69,GLN,9,C;CA;CB;CD;CG;N;NE2;O;OE1,C;CA;CB;CD;CG;N;NE2;O;OE1,,9,9,no,19.1013,O,C2,no,no,not_applicable
220L,external_fixed_batch_9,A,1,70,ASP,8,C;CA;CB;CG;N;O;OD1;OD2,C;CA;CB;CG;N;O;OD1;OD2,,8,8,no,15.5072,O,C2,no,no,not_applicable
220L,external_fixed_batch_9,A,1,71,VAL,7,C;CA;CB;CG1;CG2;N;O,C;CA;CB;CG1;CG2;N;O,,7,7,no,15.2833,O,C1,no,no,not_applicable
220L,external_fixed_batch_9,A,1,72,ASP,8,C;CA;CB;CG;N;O;OD1;OD2,C;CA;CB;CG;N;O;OD1;OD2,,8,8,no,17.0959,O,C1,no,no,not_applicable
220L,external_fixed_batch_9,A,1,73,ALA,5,C;CA;CB;N;O,C;CA;CB;N;O,,5,5,no,15.2652,O,C5,no,no,not_applicable
220L,external_fixed_batch_9,A,1,74,ALA,5,C;CA;CB;N;O,C;CA;CB;N;O,,5,5,no,12.4861,CB,C2,no,no,not_applicable
220L,external_fixed_batch_9,A,1,75,VAL,7,C;CA;CB;CG1;CG2;N;O,C;CA;CB;CG1;CG2;N;O,,7,7,no,13.8837,N,C1,no,no,not_applicable
220L,external_fixed_batch_9,A,1,76,ARG,11,C;CA;CB;CD;CG;CZ;N;NE;NH1;NH2;O,C;CA;CB;CD;CG;CZ;N;NE;NH1;NH2;O,,11,11,no,15.4945,C,C5,no,no,not_applicable
220L,external_fixed_batch_9,A,1,77,GLY,4,C;CA;N;O,C;CA;N;O,,4,4,no,12.6849,O,C5,no,no,not_applicable
220L,external_fixed_batch_9,A,1,78,ILE,8,C;CA;CB;CD1;CG1;CG2;N;O,C;CA;CB;CD1;CG1;CG2;N;O,,8,8,no,9.4451,CD1,C6,no,no,not_applicable
220L,external_fixed_batch_9,A,1,79,LEU,8,C;CA;CB;CD1;CD2;CG;N;O,C;CA;CB;CD1;CD2;CG;N;O,,8,8,no,13.5155,N,C6,no,no,not_applicable
220L,external_fixed_batch_9,A,1,80,ARG,11,C;CA;CB;CD;CG;CZ;N;NE;NH1;NH2;O,C;CA;CB;CD;CG;CZ;N;NE;NH1;NH2;O,,11,11,no,15.1486,C,C5,no,no,not_applicable
220L,external_fixed_batch_9,A,1,81,ASN,8,C;CA;CB;CG;N;ND2;O;OD1,C;CA;CB;CG;N;ND2;O;OD1,,8,8,no,10.9839,OD1,C5,no,no,not_applicable
220L,external_fixed_batch_9,A,1,82,ALA,5,C;CA;CB;N;O,C;CA;CB;N;O,,5,5,no,12.8387,C,C5,no,no,not_applicable
220L,external_fixed_batch_9,A,1,83,LYS,9,C;CA;CB;CD;CE;CG;N;NZ;O,C;CA;CB;CD;CE;CG;N;NZ;O,,9,9,no,9.2675,O,C5,no,no,not_applicable
220L,external_fixed_batch_9,A,1,84,LEU,8,C;CA;CB;CD1;CD2;CG;N;O,C;CA;CB;CD1;CD2;CG;N;O,,8,8,no,6.6081,CD2,C5,no,yes,not_applicable
220L,external_fixed_batch_9,A,1,85,LYS,9,C;CA;CB;CD;CE;CG;N;NZ;O,C;CA;CB;CD;CE;CG;N;NZ;O,,9,9,no,11.2679,N,C6,no,no,not_applicable
220L,external_fixed_batch_9,A,1,86,PRO,7,C;CA;CB;CD;CG;N;O,C;CA;CB;CD;CG;N;O,,7,7,no,11.4726,C,C6,no,no,not_applicable
220L,external_fixed_batch_9,A,1,87,VAL,7,C;CA;CB;CG1;CG2;N;O,C;CA;CB;CG1;CG2;N;O,,7,7,no,6.8802,CG1,C6,no,yes,not_applicable
220L,external_fixed_batch_9,A,1,88,TYR,12,C;CA;CB;CD1;CD2;CE1;CE2;CG;CZ;N;O;OH,C;CA;CB;CD1;CD2;CE1;CE2;CG;CZ;N;O;OH,,12,12,no,9.5556,N,C6,no,no,not_applicable
220L,external_fixed_batch_9,A,1,89,ASP,8,C;CA;CB;CG;N;O;OD1;OD2,C;CA;CB;CG;N;O;OD1;OD2,,8,8,no,12.2270,N,C6,no,no,not_applicable
220L,external_fixed_batch_9,A,1,90,SER,6,C;CA;CB;N;O;OG,C;CA;CB;N;O;OG,,6,6,no,11.0979,OG,C6,no,no,not_applicable
220L,external_fixed_batch_9,A,1,91,LEU,8,C;CA;CB;CD1;CD2;CG;N;O,C;CA;CB;CD1;CD2;CG;N;O,,8,8,no,7.8908,CD1,C6,no,yes,not_applicable
220L,external_fixed_batch_9,A,1,92,ASP,8,C;CA;CB;CG;N;O;OD1;OD2,C;CA;CB;CG;N;O;OD1;OD2,,8,8,no,12.4417,O,C1,no,no,not_applicable
220L,external_fixed_batch_9,A,1,93,ALA,5,C;CA;CB;N;O,C;CA;CB;N;O,,5,5,no,12.9119,O,C1,no,no,not_applicable
220L,external_fixed_batch_9,A,1,94,VAL,7,C;CA;CB;CG1;CG2;N;O,C;CA;CB;CG1;CG2;N;O,,7,7,no,10.5593,O,C1,no,no,not_applicable
220L,external_fixed_batch_9,A,1,95,ARG,11,C;CA;CB;CD;CG;CZ;N;NE;NH1;NH2;O,C;CA;CB;CD;CG;CZ;N;NE;NH1;NH2;O,,11,11,no,7.8150,O,C1,no,yes,not_applicable
220L,external_fixed_batch_9,A,1,96,ARG,11,C;CA;CB;CD;CG;CZ;N;NE;NH1;NH2;O,C;CA;CB;CD;CG;CZ;N;NE;NH1;NH2;O,,11,11,no,9.0189,O,C1,no,no,not_applicable
220L,external_fixed_batch_9,A,1,97,ALA,5,C;CA;CB;N;O,C;CA;CB;N;O,,5,5,no,8.8990,O,C1,no,no,not_applicable
220L,external_fixed_batch_9,A,1,98,ALA,5,C;CA;CB;N;O,C;CA;CB;N;O,,5,5,no,5.5079,O,C1,no,yes,not_applicable
220L,external_fixed_batch_9,A,1,99,LEU,8,C;CA;CB;CD1;CD2;CG;N;O,C;CA;CB;CD1;CD2;CG;N;O,,8,8,no,4.1890,CD1,C6,yes,yes,not_applicable
220L,external_fixed_batch_9,A,1,100,ILE,8,C;CA;CB;CD1;CG1;CG2;N;O,C;CA;CB;CD1;CG1;CG2;N;O,,8,8,no,7.6285,N,C1,no,yes,not_applicable
220L,external_fixed_batch_9,A,1,101,ASN,8,C;CA;CB;CG;N;ND2;O;OD1,C;CA;CB;CG;N;ND2;O;OD1,,8,8,no,7.0910,C,C2,no,yes,not_applicable
220L,external_fixed_batch_9,A,1,102,ALA,5,C;CA;CB;N;O,C;CA;CB;N;O,,5,5,no,3.5471,CB,C2,yes,yes,not_applicable
220L,external_fixed_batch_9,A,1,103,VAL,7,C;CA;CB;CG1;CG2;N;O,C;CA;CB;CG1;CG2;N;O,,7,7,no,6.5064,N,C2,no,yes,not_applicable
220L,external_fixed_batch_9,A,1,104,PHE,11,C;CA;CB;CD1;CD2;CE1;CE2;CG;CZ;N;O,C;CA;CB;CD1;CD2;CE1;CE2;CG;CZ;N;O,,11,11,no,9.0150,N,C3,no,no,not_applicable
220L,external_fixed_batch_9,A,1,105,GLN,9,C;CA;CB;CD;CG;N;NE2;O;OE1,C;CA;CB;CD;CG;N;NE2;O;OE1,,9,9,no,7.5850,OE1,C3,no,yes,not_applicable
220L,external_fixed_batch_9,A,1,106,MET,8,C;CA;CB;CE;CG;N;O;SD,C;CA;CB;CE;CG;N;O;SD,,8,8,no,3.0996,CE,C3,yes,yes,not_applicable
220L,external_fixed_batch_9,A,1,107,GLY,4,C;CA;N;O,C;CA;N;O,,4,4,no,7.5940,O,C4,no,yes,not_applicable
220L,external_fixed_batch_9,A,1,108,GLU,9,C;CA;CB;CD;CG;N;O;OE1;OE2,C;CA;CB;CD;CG;N;O;OE1;OE2,,9,9,no,8.0867,O,C4,no,no,not_applicable
220L,external_fixed_batch_9,A,1,109,THR,7,C;CA;CB;CG2;N;O;OG1,C;CA;CB;CG2;N;O;OG1,,7,7,no,8.3493,O,C4,no,no,not_applicable
220L,external_fixed_batch_9,A,1,110,GLY,4,C;CA;N;O,C;CA;N;O,,4,4,no,5.5399,O,C4,no,yes,not_applicable
220L,external_fixed_batch_9,A,1,111,VAL,7,C;CA;CB;CG1;CG2;N;O,C;CA;CB;CG1;CG2;N;O,,7,7,no,3.5501,CG1,C5,yes,yes,not_applicable
220L,external_fixed_batch_9,A,1,112,ALA,5,C;CA;CB;N;O,C;CA;CB;N;O,,5,5,no,6.1246,N,C5,no,yes,not_applicable
220L,external_fixed_batch_9,A,1,113,GLY,4,C;CA;N;O,C;CA;N;O,,4,4,no,6.8155,C,C4,no,yes,not_applicable
220L,external_fixed_batch_9,A,1,114,PHE,11,C;CA;CB;CD1;CD2;CE1;CE2;CG;CZ;N;O,C;CA;CB;CD1;CD2;CE1;CE2;CG;CZ;N;O,,11,11,no,3.3789,CG,C4,yes,yes,not_applicable
220L,external_fixed_batch_9,A,1,115,THR,7,C;CA;CB;CG2;N;O;OG1,C;CA;CB;CG2;N;O;OG1,,7,7,no,6.9975,N,C5,no,yes,not_applicable
220L,external_fixed_batch_9,A,1,116,ASN,8,C;CA;CB;CG;N;ND2;O;OD1,C;CA;CB;CG;N;ND2;O;OD1,,8,8,no,7.9590,C,C5,no,yes,not_applicable
220L,external_fixed_batch_9,A,1,117,SER,6,C;CA;CB;N;O;OG,C;CA;CB;N;O;OG,,6,6,no,4.8424,CB,C5,yes,yes,not_applicable
220L,external_fixed_batch_9,A,1,118,LEU,8,C;CA;CB;CD1;CD2;CG;N;O,C;CA;CB;CD1;CD2;CG;N;O,,8,8,no,4.3292,CD2,C5,yes,yes,not_applicable
220L,external_fixed_batch_9,A,1,119,ARG,11,C;CA;CB;CD;CG;CZ;N;NE;NH1;NH2;O,C;CA;CB;CD;CG;CZ;N;NE;NH1;NH2;O,,11,11,no,8.2399,N,C5,no,no,not_applicable
220L,external_fixed_batch_9,A,1,120,MET,8,C;CA;CB;CE;CG;N;O;SD,C;CA;CB;CE;CG;N;O;SD,,8,8,no,9.1039,C,C6,no,no,not_applicable
220L,external_fixed_batch_9,A,1,121,LEU,8,C;CA;CB;CD1;CD2;CG;N;O,C;CA;CB;CD1;CD2;CG;N;O,,8,8,no,4.0686,CD1,C6,yes,yes,not_applicable
220L,external_fixed_batch_9,A,1,122,GLN,9,C;CA;CB;CD;CG;N;NE2;O;OE1,C;CA;CB;CD;CG;N;NE2;O;OE1,,9,9,no,9.1216,N,C6,no,no,not_applicable
220L,external_fixed_batch_9,A,1,123,GLN,9,C;CA;CB;CD;CG;N;NE2;O;OE1,C;CA;CB;CD;CG;N;NE2;O;OE1,,9,9,no,11.6667,N,C6,no,no,not_applicable
220L,external_fixed_batch_9,A,1,124,LYS,9,C;CA;CB;CD;CE;CG;N;NZ;O,C;CA;CB;CD;CE;CG;N;NZ;O,,9,9,no,12.1636,N,C6,no,no,not_applicable
220L,external_fixed_batch_9,A,1,125,ARG,11,C;CA;CB;CD;CG;CZ;N;NE;NH1;NH2;O,C;CA;CB;CD;CG;CZ;N;NE;NH1;NH2;O,,11,11,no,11.1593,O,C6,no,no,not_applicable
220L,external_fixed_batch_9,A,1,126,TRP,14,C;CA;CB;CD1;CD2;CE2;CE3;CG;CH2;CZ2;CZ3;N;NE1;O,C;CA;CB;CD1;CD2;CE2;CE3;CG;CH2;CZ2;CZ3;N;NE1;O,,14,14,no,9.7533,CZ3,C6,no,no,not_applicable
220L,external_fixed_batch_9,A,1,127,ASP,8,C;CA;CB;CG;N;O;OD1;OD2,C;CA;CB;CG;N;O;OD1;OD2,,8,8,no,12.2087,O,C1,no,no,not_applicable
220L,external_fixed_batch_9,A,1,128,GLU,9,C;CA;CB;CD;CG;N;O;OE1;OE2,C;CA;CB;CD;CG;N;O;OE1;OE2,,9,9,no,10.7699,O,C6,no,no,not_applicable
220L,external_fixed_batch_9,A,1,129,ALA,5,C;CA;CB;N;O,C;CA;CB;N;O,,5,5,no,7.6683,O,C1,no,yes,not_applicable
220L,external_fixed_batch_9,A,1,130,ALA,5,C;CA;CB;N;O,C;CA;CB;N;O,,5,5,no,8.8147,CA,C1,no,no,not_applicable
220L,external_fixed_batch_9,A,1,131,VAL,7,C;CA;CB;CG1;CG2;N;O,C;CA;CB;CG1;CG2;N;O,,7,7,no,10.5175,N,C1,no,no,not_applicable
220L,external_fixed_batch_9,A,1,132,ASN,8,C;CA;CB;CG;N;ND2;O;OD1,C;CA;CB;CG;N;ND2;O;OD1,,8,8,no,8.0292,OD1,C5,no,no,not_applicable
220L,external_fixed_batch_9,A,1,133,LEU,8,C;CA;CB;CD1;CD2;CG;N;O,C;CA;CB;CD1;CD2;CG;N;O,,8,8,no,3.8205,CD2,C1,yes,yes,not_applicable
220L,external_fixed_batch_9,A,1,134,ALA,5,C;CA;CB;N;O,C;CA;CB;N;O,,5,5,no,8.3125,N,C2,no,no,not_applicable
220L,external_fixed_batch_9,A,1,135,LYS,9,C;CA;CB;CD;CE;CG;N;NZ;O,C;CA;CB;CD;CE;CG;N;NZ;O,,9,9,no,9.5801,O,C4,no,no,not_applicable
220L,external_fixed_batch_9,A,1,136,SER,6,C;CA;CB;N;O;OG,C;CA;CB;N;O;OG,,6,6,no,7.0152,OG,C3,no,yes,not_applicable
220L,external_fixed_batch_9,A,1,137,ARG,11,C;CA;CB;CD;CG;CZ;N;NE;NH1;NH2;O,C;CA;CB;CD;CG;CZ;N;NE;NH1;NH2;O,,11,11,no,9.6478,C,C3,no,no,not_applicable
220L,external_fixed_batch_9,A,1,138,TRP,14,C;CA;CB;CD1;CD2;CE2;CE3;CG;CH2;CZ2;CZ3;N;NE1;O,C;CA;CB;CD1;CD2;CE2;CE3;CG;CH2;CZ2;CZ3;N;NE1;O,,14,14,no,3.8015,CH2,C2,yes,yes,not_applicable
220L,external_fixed_batch_9,A,1,139,TYR,12,C;CA;CB;CD1;CD2;CE1;CE2;CG;CZ;N;O;OH,C;CA;CB;CD1;CD2;CE1;CE2;CG;CZ;N;O;OH,,12,12,no,8.2306,N,C3,no,no,not_applicable
220L,external_fixed_batch_9,A,1,140,ASN,8,C;CA;CB;CG;N;ND2;O;OD1,C;CA;CB;CG;N;ND2;O;OD1,,8,8,no,11.0227,N,C3,no,no,not_applicable
220L,external_fixed_batch_9,A,1,141,GLN,9,C;CA;CB;CD;CG;N;NE2;O;OE1,C;CA;CB;CD;CG;N;NE2;O;OE1,,9,9,no,12.3069,N,C3,no,no,not_applicable
220L,external_fixed_batch_9,A,1,142,THR,7,C;CA;CB;CG2;N;O;OG1,C;CA;CB;CG2;N;O;OG1,,7,7,no,9.8965,OG1,C3,no,no,not_applicable
220L,external_fixed_batch_9,A,1,143,PRO,7,C;CA;CB;CD;CG;N;O,C;CA;CB;CD;CG;N;O,,7,7,no,11.6614,O,C2,no,no,not_applicable
220L,external_fixed_batch_9,A,1,144,ASN,8,C;CA;CB;CG;N;ND2;O;OD1,C;CA;CB;CG;N;ND2;O;OD1,,8,8,no,12.0125,O,C2,no,no,not_applicable
220L,external_fixed_batch_9,A,1,145,ARG,11,C;CA;CB;CD;CG;CZ;N;NE;NH1;NH2;O,C;CA;CB;CD;CG;CZ;N;NE;NH1;NH2;O,,11,11,no,8.9429,O,C2,no,no,not_applicable
220L,external_fixed_batch_9,A,1,146,ALA,5,C;CA;CB;N;O,C;CA;CB;N;O,,5,5,no,7.4538,O,C2,no,yes,not_applicable
220L,external_fixed_batch_9,A,1,147,LYS,9,C;CA;CB;CD;CE;CG;N;NZ;O,C;CA;CB;CD;CE;CG;N;NZ;O,,9,9,no,9.4593,N,C2,no,no,not_applicable
220L,external_fixed_batch_9,A,1,148,ARG,11,C;CA;CB;CD;CG;CZ;N;NE;NH1;NH2;O,C;CA;CB;CD;CG;CZ;N;NE;NH1;NH2;O,,11,11,no,9.4586,C,C2,no,no,not_applicable
220L,external_fixed_batch_9,A,1,149,VAL,7,C;CA;CB;CG1;CG2;N;O,C;CA;CB;CG1;CG2;N;O,,7,7,no,4.9216,CG1,C2,yes,yes,not_applicable
220L,external_fixed_batch_9,A,1,150,ILE,8,C;CA;CB;CD1;CG1;CG2;N;O,C;CA;CB;CD1;CG1;CG2;N;O,,8,8,no,6.2519,CG1,C2,no,yes,not_applicable
220L,external_fixed_batch_9,A,1,151,THR,7,C;CA;CB;CG2;N;O;OG1,C;CA;CB;CG2;N;O;OG1,,7,7,no,9.4464,N,C1,no,no,not_applicable
220L,external_fixed_batch_9,A,1,152,THR,7,C;CA;CB;CG2;N;O;OG1,C;CA;CB;CG2;N;O;OG1,,7,7,no,9.3126,C,C1,no,no,not_applicable
220L,external_fixed_batch_9,A,1,153,PHE,11,C;CA;CB;CD1;CD2;CE1;CE2;CG;CZ;N;O,C;CA;CB;CD1;CD2;CE1;CE2;CG;CZ;N;O,,11,11,no,3.4374,CE2,C1,yes,yes,not_applicable
220L,external_fixed_batch_9,A,1,154,ARG,11,C;CA;CB;CD;CG;CZ;N;NE;NH1;NH2;O,C;CA;CB;CD;CG;CZ;N;NE;NH1;NH2;O,,11,11,no,9.5175,N,C1,no,no,not_applicable
220L,external_fixed_batch_9,A,1,155,THR,7,C;CA;CB;CG2;N;O;OG1,C;CA;CB;CG2;N;O;OG1,,7,7,no,12.2297,N,C1,no,no,not_applicable
220L,external_fixed_batch_9,A,1,156,GLY,4,C;CA;N;O,C;CA;N;O,,4,4,no,12.6502,N,C1,no,no,not_applicable
220L,external_fixed_batch_9,A,1,157,THR,7,C;CA;CB;CG2;N;O;OG1,C;CA;CB;CG2;N;O;OG1,,7,7,no,13.5163,O,C1,no,no,not_applicable
220L,external_fixed_batch_9,A,1,158,TRP,14,C;CA;CB;CD1;CD2;CE2;CE3;CG;CH2;CZ2;CZ3;N;NE1;O,C;CA;CB;CD1;CD2;CE2;CE3;CG;CH2;CZ2;CZ3;N;NE1;O,,14,14,no,13.2873,CZ3,C1,no,no,not_applicable
220L,external_fixed_batch_9,A,1,159,ASP,8,C;CA;CB;CG;N;O;OD1;OD2,C;CA;CB;CG;N;O;OD1;OD2,,8,8,no,16.2749,N,C1,no,no,not_applicable
220L,external_fixed_batch_9,A,1,160,ALA,5,C;CA;CB;N;O,C;CA;CB;N;O,,5,5,no,13.5638,CB,C2,no,no,not_applicable
220L,external_fixed_batch_9,A,1,161,TYR,12,C;CA;CB;CD1;CD2;CE1;CE2;CG;CZ;N;O;OH,C;CA;CB;CD1;CD2;CE1;CE2;CG;CZ;N;O;OH,,12,12,no,10.5383,OH,C2,no,no,not_applicable
220L,external_fixed_batch_9,A,1,162,LYS,9,C;CA;CB;CD;CE;CG;N;NZ;O,C;CA;CB;CD;CE;CG;N;NZ;O,,9,9,no,18.2478,N,C2,no,no,not_applicable
223L,external_fixed_batch_9,A,1,1,MET,8,C;CA;CB;CE;CG;N;O;SD,C;CA;CB;CE;CG;N;O;SD,,8,8,no,17.4660,CG,C4,no,no,not_applicable
223L,external_fixed_batch_9,A,1,2,ASN,8,C;CA;CB;CG;N;ND2;O;OD1,C;CA;CB;CG;N;ND2;O;OD1,,8,8,no,17.5763,O,C5,no,no,not_applicable
223L,external_fixed_batch_9,A,1,3,ILE,8,C;CA;CB;CD1;CG1;CG2;N;O,C;CA;CB;CD1;CG1;CG2;N;O,,8,8,no,13.8388,CD1,C5,no,no,not_applicable
223L,external_fixed_batch_9,A,1,4,PHE,11,C;CA;CB;CD1;CD2;CE1;CE2;CG;CZ;N;O,C;CA;CB;CD1;CD2;CE1;CE2;CG;CZ;N;O,,11,11,no,18.3778,N,C5,no,no,not_applicable
223L,external_fixed_batch_9,A,1,5,GLU,9,C;CA;CB;CD;CG;N;O;OE1;OE2,C;CA;CB;CD;CG;N;O;OE1;OE2,,9,9,no,18.4207,C,C5,no,no,not_applicable
223L,external_fixed_batch_9,A,1,6,MET,8,C;CA;CB;CE;CG;N;O;SD,C;CA;CB;CE;CG;N;O;SD,,8,8,no,10.9221,CE,C4,no,no,not_applicable
223L,external_fixed_batch_9,A,1,7,LEU,8,C;CA;CB;CD1;CD2;CG;N;O,C;CA;CB;CD1;CD2;CG;N;O,,8,8,no,13.6482,CD2,C5,no,no,not_applicable
223L,external_fixed_batch_9,A,1,8,ARG,11,C;CA;CB;CD;CG;CZ;N;NE;NH1;NH2;O,C;CA;CB;CD;CG;CZ;N;NE;NH1;NH2;O,,11,11,no,18.0740,N,C5,no,no,not_applicable
223L,external_fixed_batch_9,A,1,9,ILE,8,C;CA;CB;CD1;CG1;CG2;N;O,C;CA;CB;CD1;CG1;CG2;N;O,,8,8,no,17.2595,CG2,C4,no,no,not_applicable
223L,external_fixed_batch_9,A,1,10,ASP,8,C;CA;CB;CG;N;O;OD1;OD2,C;CA;CB;CG;N;O;OD1;OD2,,8,8,no,12.2861,OD2,C5,no,no,not_applicable
223L,external_fixed_batch_9,A,1,11,GLU,9,C;CA;CB;CD;CG;N;O;OE1;OE2,C;CA;CB;CD;CG;N;O;OE1;OE2,,9,9,no,14.5095,OE2,C5,no,no,not_applicable
223L,external_fixed_batch_9,A,1,12,GLY,4,C;CA;N;O,C;CA;N;O,,4,4,no,19.6501,N,C5,no,no,not_applicable
223L,external_fixed_batch_9,A,1,13,LEU,8,C;CA;CB;CD1;CD2;CG;N;O,C;CA;CB;CD1;CD2;CG;N;O,,8,8,no,23.1778,N,C5,no,no,not_applicable
223L,external_fixed_batch_9,A,1,14,ARG,11,C;CA;CB;CD;CG;CZ;N;NE;NH1;NH2;O,C;CA;CB;CD;CG;CZ;N;NE;NH1;NH2;O,,11,11,no,25.0374,CD,C5,no,no,not_applicable
223L,external_fixed_batch_9,A,1,15,LEU,8,C;CA;CB;CD1;CD2;CG;N;O,C;CA;CB;CD1;CD2;CG;N;O,,8,8,no,28.5349,N,C5,no,no,not_applicable
223L,external_fixed_batch_9,A,1,16,LYS,9,C;CA;CB;CD;CE;CG;N;NZ;O,C;CA;CB;CD;CE;CG;N;NZ;O,,9,9,no,28.1954,O,C5,no,no,not_applicable
223L,external_fixed_batch_9,A,1,17,ILE,8,C;CA;CB;CD1;CG1;CG2;N;O,C;CA;CB;CD1;CG1;CG2;N;O,,8,8,no,28.1927,C,C5,no,no,not_applicable
223L,external_fixed_batch_9,A,1,18,TYR,12,C;CA;CB;CD1;CD2;CE1;CE2;CG;CZ;N;O;OH,C;CA;CB;CD1;CD2;CE1;CE2;CG;CZ;N;O;OH,,12,12,no,21.1534,OH,C5,no,no,not_applicable
223L,external_fixed_batch_9,A,1,19,LYS,9,C;CA;CB;CD;CE;CG;N;NZ;O,C;CA;CB;CD;CE;CG;N;NZ;O,,9,9,no,23.0629,O,C5,no,no,not_applicable
223L,external_fixed_batch_9,A,1,20,ASP,8,C;CA;CB;CG;N;O;OD1;OD2,C;CA;CB;CG;N;O;OD1;OD2,,8,8,no,18.7526,OD2,C5,no,no,not_applicable
223L,external_fixed_batch_9,A,1,21,THR,7,C;CA;CB;CG2;N;O;OG1,C;CA;CB;CG2;N;O;OG1,,7,7,no,16.6709,CG2,C5,no,no,not_applicable
223L,external_fixed_batch_9,A,1,22,GLU,9,C;CA;CB;CD;CG;N;O;OE1;OE2,C;CA;CB;CD;CG;N;O;OE1;OE2,,9,9,no,15.5055,OE2,C5,no,no,not_applicable
223L,external_fixed_batch_9,A,1,23,GLY,4,C;CA;N;O,C;CA;N;O,,4,4,no,21.6145,N,C5,no,no,not_applicable
223L,external_fixed_batch_9,A,1,24,TYR,12,C;CA;CB;CD1;CD2;CE1;CE2;CG;CZ;N;O;OH,C;CA;CB;CD1;CD2;CE1;CE2;CG;CZ;N;O;OH,,12,12,no,19.3206,CE2,C5,no,no,not_applicable
223L,external_fixed_batch_9,A,1,25,TYR,12,C;CA;CB;CD1;CD2;CE1;CE2;CG;CZ;N;O;OH,C;CA;CB;CD1;CD2;CE1;CE2;CG;CZ;N;O;OH,,12,12,no,23.7535,O,C5,no,no,not_applicable
223L,external_fixed_batch_9,A,1,26,THR,7,C;CA;CB;CG2;N;O;OG1,C;CA;CB;CG2;N;O;OG1,,7,7,no,21.3274,CG2,C5,no,no,not_applicable
223L,external_fixed_batch_9,A,1,27,ILE,8,C;CA;CB;CD1;CG1;CG2;N;O,C;CA;CB;CD1;CG1;CG2;N;O,,8,8,no,23.3358,O,C5,no,no,not_applicable
223L,external_fixed_batch_9,A,1,28,GLY,4,C;CA;N;O,C;CA;N;O,,4,4,no,23.2716,O,C5,no,no,not_applicable
223L,external_fixed_batch_9,A,1,29,ILE,8,C;CA;CB;CD1;CG1;CG2;N;O,C;CA;CB;CD1;CG1;CG2;N;O,,8,8,no,19.6153,O,C5,no,no,not_applicable
223L,external_fixed_batch_9,A,1,30,GLY,4,C;CA;N;O,C;CA;N;O,,4,4,no,18.6077,O,C5,no,no,not_applicable
223L,external_fixed_batch_9,A,1,31,HIS,10,C;CA;CB;CD2;CE1;CG;N;ND1;NE2;O,C;CA;CB;CD2;CE1;CG;N;ND1;NE2;O,,10,10,no,20.7328,N,C5,no,no,not_applicable
223L,external_fixed_batch_9,A,1,32,LEU,8,C;CA;CB;CD1;CD2;CG;N;O,C;CA;CB;CD1;CD2;CG;N;O,,8,8,no,20.1299,CB,C5,no,no,not_applicable
223L,external_fixed_batch_9,A,1,33,LEU,8,C;CA;CB;CD1;CD2;CG;N;O,C;CA;CB;CD1;CD2;CG;N;O,,8,8,no,23.4122,N,C5,no,no,not_applicable
223L,external_fixed_batch_9,A,1,34,THR,7,C;CA;CB;CG2;N;O;OG1,C;CA;CB;CG2;N;O;OG1,,7,7,no,24.1326,O,C5,no,no,not_applicable
223L,external_fixed_batch_9,A,1,35,LYS,9,C;CA;CB;CD;CE;CG;N;NZ;O,C;CA;CB;CD;CE;CG;N;NZ;O,,9,9,no,18.6734,NZ,C5,no,no,not_applicable
223L,external_fixed_batch_9,A,1,36,SER,6,C;CA;CB;N;O;OG,C;CA;CB;N;O;OG,,6,6,no,26.1870,N,C5,no,no,not_applicable
223L,external_fixed_batch_9,A,1,37,PRO,7,C;CA;CB;CD;CG;N;O,C;CA;CB;CD;CG;N;O,,7,7,no,28.5526,N,C5,no,no,not_applicable
223L,external_fixed_batch_9,A,1,38,SER,6,C;CA;CB;N;O;OG,C;CA;CB;N;O;OG,,6,6,no,30.6948,N,C5,no,no,not_applicable
223L,external_fixed_batch_9,A,1,39,LEU,8,C;CA;CB;CD1;CD2;CG;N;O,C;CA;CB;CD1;CD2;CG;N;O,,8,8,no,31.7389,CD1,C5,no,no,not_applicable
223L,external_fixed_batch_9,A,1,40,ASN,8,C;CA;CB;CG;N;ND2;O;OD1,C;CA;CB;CG;N;ND2;O;OD1,,8,8,no,33.7687,N,C5,no,no,not_applicable
223L,external_fixed_batch_9,A,1,41,ALA,5,C;CA;CB;N;O,C;CA;CB;N;O,,5,5,no,31.0400,O,C5,no,no,not_applicable
223L,external_fixed_batch_9,A,1,42,ALA,5,C;CA;CB;N;O,C;CA;CB;N;O,,5,5,no,29.4605,CB,C5,no,no,not_applicable
223L,external_fixed_batch_9,A,1,43,LYS,9,C;CA;CB;CD;CE;CG;N;NZ;O,C;CA;CB;CD;CE;CG;N;NZ;O,,9,9,no,31.9184,N,C5,no,no,not_applicable
223L,external_fixed_batch_9,A,1,44,SER,6,C;CA;CB;N;O;OG,C;CA;CB;N;O;OG,,6,6,no,32.6151,C,C5,no,no,not_applicable
223L,external_fixed_batch_9,A,1,45,GLU,9,C;CA;CB;CD;CG;N;O;OE1;OE2,C;CA;CB;CD;CG;N;O;OE1;OE2,,9,9,no,28.4915,OE1,C5,no,no,not_applicable
223L,external_fixed_batch_9,A,1,46,LEU,8,C;CA;CB;CD1;CD2;CG;N;O,C;CA;CB;CD1;CD2;CG;N;O,,8,8,no,29.7690,CD1,C5,no,no,not_applicable
223L,external_fixed_batch_9,A,1,47,ASP,8,C;CA;CB;CG;N;O;OD1;OD2,C;CA;CB;CG;N;O;OD1;OD2,,8,8,no,32.7722,N,C5,no,no,not_applicable
223L,external_fixed_batch_9,A,1,48,LYS,9,C;CA;CB;CD;CE;CG;N;NZ;O,C;CA;CB;CD;CE;CG;N;NZ;O,,9,9,no,29.5518,NZ,C6,no,no,not_applicable
223L,external_fixed_batch_9,A,1,49,ALA,5,C;CA;CB;N;O,C;CA;CB;N;O,,5,5,no,28.7862,CB,C5,no,no,not_applicable
223L,external_fixed_batch_9,A,1,50,ILE,8,C;CA;CB;CD1;CG1;CG2;N;O,C;CA;CB;CD1;CG1;CG2;N;O,,8,8,no,30.3292,CD1,C5,no,no,not_applicable
223L,external_fixed_batch_9,A,1,51,GLY,4,C;CA;N;O,C;CA;N;O,,4,4,no,34.0075,N,C5,no,no,not_applicable
223L,external_fixed_batch_9,A,1,52,ARG,11,C;CA;CB;CD;CG;CZ;N;NE;NH1;NH2;O,C;CA;CB;CD;CG;CZ;N;NE;NH1;NH2;O,,11,11,no,35.1106,NH2,C5,no,no,not_applicable
223L,external_fixed_batch_9,A,1,53,ASN,8,C;CA;CB;CG;N;ND2;O;OD1,C;CA;CB;CG;N;ND2;O;OD1,,8,8,no,38.0282,C,C5,no,no,not_applicable
223L,external_fixed_batch_9,A,1,54,CYS,6,C;CA;CB;N;O;SG,C;CA;CB;N;O;SG,,6,6,no,34.3956,SG,C5,no,no,not_applicable
223L,external_fixed_batch_9,A,1,55,ASN,8,C;CA;CB;CG;N;ND2;O;OD1,C;CA;CB;CG;N;ND2;O;OD1,,8,8,no,35.7286,C,C5,no,no,not_applicable
223L,external_fixed_batch_9,A,1,56,GLY,4,C;CA;N;O,C;CA;N;O,,4,4,no,32.1029,O,C5,no,no,not_applicable
223L,external_fixed_batch_9,A,1,57,VAL,7,C;CA;CB;CG1;CG2;N;O,C;CA;CB;CG1;CG2;N;O,,7,7,no,33.2958,C,C5,no,no,not_applicable
223L,external_fixed_batch_9,A,1,58,ILE,8,C;CA;CB;CD1;CG1;CG2;N;O,C;CA;CB;CD1;CG1;CG2;N;O,,8,8,no,28.5878,CD1,C5,no,no,not_applicable
223L,external_fixed_batch_9,A,1,59,THR,7,C;CA;CB;CG2;N;O;OG1,C;CA;CB;CG2;N;O;OG1,,7,7,no,30.7325,O,C5,no,no,not_applicable
223L,external_fixed_batch_9,A,1,60,LYS,9,C;CA;CB;CD;CE;CG;N;NZ;O,C;CA;CB;CD;CE;CG;N;NZ;O,,9,9,no,29.0799,O,C5,no,no,not_applicable
223L,external_fixed_batch_9,A,1,61,ASP,8,C;CA;CB;CG;N;O;OD1;OD2,C;CA;CB;CG;N;O;OD1;OD2,,8,8,no,29.9652,O,C5,no,no,not_applicable
223L,external_fixed_batch_9,A,1,62,GLU,9,C;CA;CB;CD;CG;N;O;OE1;OE2,C;CA;CB;CD;CG;N;O;OE1;OE2,,9,9,no,28.1644,O,C5,no,no,not_applicable
223L,external_fixed_batch_9,A,1,63,ALA,5,C;CA;CB;N;O,C;CA;CB;N;O,,5,5,no,25.2388,O,C5,no,no,not_applicable
223L,external_fixed_batch_9,A,1,64,GLU,9,C;CA;CB;CD;CG;N;O;OE1;OE2,C;CA;CB;CD;CG;N;O;OE1;OE2,,9,9,no,25.5894,O,C5,no,no,not_applicable
223L,external_fixed_batch_9,A,1,65,LYS,9,C;CA;CB;CD;CE;CG;N;NZ;O,C;CA;CB;CD;CE;CG;N;NZ;O,,9,9,no,25.8091,O,C6,no,no,not_applicable
223L,external_fixed_batch_9,A,1,66,LEU,8,C;CA;CB;CD1;CD2;CG;N;O,C;CA;CB;CD1;CD2;CG;N;O,,8,8,no,23.0176,O,C5,no,no,not_applicable
223L,external_fixed_batch_9,A,1,67,PHE,11,C;CA;CB;CD1;CD2;CE1;CE2;CG;CZ;N;O,C;CA;CB;CD1;CD2;CE1;CE2;CG;CZ;N;O,,11,11,no,18.8652,CE1,C5,no,no,not_applicable
223L,external_fixed_batch_9,A,1,68,ASN,8,C;CA;CB;CG;N;ND2;O;OD1,C;CA;CB;CG;N;ND2;O;OD1,,8,8,no,22.3152,O,C6,no,no,not_applicable
223L,external_fixed_batch_9,A,1,69,GLN,9,C;CA;CB;CD;CG;N;NE2;O;OE1,C;CA;CB;CD;CG;N;NE2;O;OE1,,9,9,no,21.4117,O,C6,no,no,not_applicable
223L,external_fixed_batch_9,A,1,70,ASP,8,C;CA;CB;CG;N;O;OD1;OD2,C;CA;CB;CG;N;O;OD1;OD2,,8,8,no,17.8949,O,C6,no,no,not_applicable
223L,external_fixed_batch_9,A,1,71,VAL,7,C;CA;CB;CG1;CG2;N;O,C;CA;CB;CG1;CG2;N;O,,7,7,no,17.5582,O,C6,no,no,not_applicable
223L,external_fixed_batch_9,A,1,72,ASP,8,C;CA;CB;CG;N;O;OD1;OD2,C;CA;CB;CG;N;O;OD1;OD2,,8,8,no,19.2150,O,C6,no,no,not_applicable
223L,external_fixed_batch_9,A,1,73,ALA,5,C;CA;CB;N;O,C;CA;CB;N;O,,5,5,no,17.5875,O,C6,no,no,not_applicable
223L,external_fixed_batch_9,A,1,74,ALA,5,C;CA;CB;N;O,C;CA;CB;N;O,,5,5,no,14.7236,O,C6,no,no,not_applicable
223L,external_fixed_batch_9,A,1,75,VAL,7,C;CA;CB;CG1;CG2;N;O,C;CA;CB;CG1;CG2;N;O,,7,7,no,15.9617,N,C6,no,no,not_applicable
223L,external_fixed_batch_9,A,1,76,ARG,11,C;CA;CB;CD;CG;CZ;N;NE;NH1;NH2;O,C;CA;CB;CD;CG;CZ;N;NE;NH1;NH2;O,,11,11,no,17.8248,C,C6,no,no,not_applicable
223L,external_fixed_batch_9,A,1,77,GLY,4,C;CA;N;O,C;CA;N;O,,4,4,no,15.4846,C,C6,no,no,not_applicable
223L,external_fixed_batch_9,A,1,78,ILE,8,C;CA;CB;CD1;CG1;CG2;N;O,C;CA;CB;CD1;CG1;CG2;N;O,,8,8,no,11.4649,CD1,C6,no,no,not_applicable
223L,external_fixed_batch_9,A,1,79,LEU,8,C;CA;CB;CD1;CD2;CG;N;O,C;CA;CB;CD1;CD2;CG;N;O,,8,8,no,15.6949,N,C6,no,no,not_applicable
223L,external_fixed_batch_9,A,1,80,ARG,11,C;CA;CB;CD;CG;CZ;N;NE;NH1;NH2;O,C;CA;CB;CD;CG;CZ;N;NE;NH1;NH2;O,,11,11,no,17.4349,N,C6,no,no,not_applicable
223L,external_fixed_batch_9,A,1,81,ASN,8,C;CA;CB;CG;N;ND2;O;OD1,C;CA;CB;CG;N;ND2;O;OD1,,8,8,no,13.4859,OD1,C6,no,no,not_applicable
223L,external_fixed_batch_9,A,1,82,ALA,5,C;CA;CB;N;O,C;CA;CB;N;O,,5,5,no,14.7934,O,C1,no,no,not_applicable
223L,external_fixed_batch_9,A,1,83,LYS,9,C;CA;CB;CD;CE;CG;N;NZ;O,C;CA;CB;CD;CE;CG;N;NZ;O,,9,9,no,10.9749,O,C1,no,no,not_applicable
223L,external_fixed_batch_9,A,1,84,LEU,8,C;CA;CB;CD1;CD2;CG;N;O,C;CA;CB;CD1;CD2;CG;N;O,,8,8,no,8.9632,CD2,C6,no,no,not_applicable
223L,external_fixed_batch_9,A,1,85,LYS,9,C;CA;CB;CD;CE;CG;N;NZ;O,C;CA;CB;CD;CE;CG;N;NZ;O,,9,9,no,12.8624,N,C1,no,no,not_applicable
223L,external_fixed_batch_9,A,1,86,PRO,7,C;CA;CB;CD;CG;N;O,C;CA;CB;CD;CG;N;O,,7,7,no,12.1479,C,C1,no,no,not_applicable
223L,external_fixed_batch_9,A,1,87,VAL,7,C;CA;CB;CG1;CG2;N;O,C;CA;CB;CG1;CG2;N;O,,7,7,no,7.2491,CG1,C1,no,yes,not_applicable
223L,external_fixed_batch_9,A,1,88,TYR,12,C;CA;CB;CD1;CD2;CE1;CE2;CG;CZ;N;O;OH,C;CA;CB;CD1;CD2;CE1;CE2;CG;CZ;N;O;OH,,12,12,no,10.4763,N,C1,no,no,not_applicable
223L,external_fixed_batch_9,A,1,89,ASP,8,C;CA;CB;CG;N;O;OD1;OD2,C;CA;CB;CG;N;O;OD1;OD2,,8,8,no,12.9983,N,C1,no,no,not_applicable
223L,external_fixed_batch_9,A,1,90,SER,6,C;CA;CB;N;O;OG,C;CA;CB;N;O;OG,,6,6,no,10.8565,OG,C1,no,no,not_applicable
223L,external_fixed_batch_9,A,1,91,LEU,8,C;CA;CB;CD1;CD2;CG;N;O,C;CA;CB;CD1;CD2;CG;N;O,,8,8,no,8.0541,CD1,C1,no,no,not_applicable
223L,external_fixed_batch_9,A,1,92,ASP,8,C;CA;CB;CG;N;O;OD1;OD2,C;CA;CB;CG;N;O;OD1;OD2,,8,8,no,11.5936,OD1,C2,no,no,not_applicable
223L,external_fixed_batch_9,A,1,93,ALA,5,C;CA;CB;N;O,C;CA;CB;N;O,,5,5,no,13.6389,O,C1,no,no,not_applicable
223L,external_fixed_batch_9,A,1,94,VAL,7,C;CA;CB;CG1;CG2;N;O,C;CA;CB;CG1;CG2;N;O,,7,7,no,11.2156,O,C2,no,no,not_applicable
223L,external_fixed_batch_9,A,1,95,ARG,11,C;CA;CB;CD;CG;CZ;N;NE;NH1;NH2;O,C;CA;CB;CD;CG;CZ;N;NE;NH1;NH2;O,,11,11,no,8.3823,CD,C2,no,no,not_applicable
223L,external_fixed_batch_9,A,1,96,ARG,11,C;CA;CB;CD;CG;CZ;N;NE;NH1;NH2;O,C;CA;CB;CD;CG;CZ;N;NE;NH1;NH2;O,,11,11,no,10.5385,N,C1,no,no,not_applicable
223L,external_fixed_batch_9,A,1,97,CYS,6,C;CA;CB;N;O;SG,C;CA;CB;N;O;SG,,6,6,no,10.6031,C,C6,no,no,not_applicable
223L,external_fixed_batch_9,A,1,98,ALA,5,C;CA;CB;N;O,C;CA;CB;N;O,,5,5,no,7.2683,O,C5,no,yes,not_applicable
223L,external_fixed_batch_9,A,1,99,LEU,8,C;CA;CB;CD1;CD2;CG;N;O,C;CA;CB;CD1;CD2;CG;N;O,,8,8,no,6.2394,CD1,C6,no,yes,not_applicable
223L,external_fixed_batch_9,A,1,100,ILE,8,C;CA;CB;CD1;CG1;CG2;N;O,C;CA;CB;CD1;CG1;CG2;N;O,,8,8,no,9.5777,N,C6,no,no,not_applicable
223L,external_fixed_batch_9,A,1,101,ASN,8,C;CA;CB;CG;N;ND2;O;OD1,C;CA;CB;CG;N;ND2;O;OD1,,8,8,no,9.4889,C,C5,no,no,not_applicable
223L,external_fixed_batch_9,A,1,102,MET,8,C;CA;CB;CE;CG;N;O;SD,C;CA;CB;CE;CG;N;O;SD,,8,8,no,3.5938,SD,C5,yes,yes,not_applicable
223L,external_fixed_batch_9,A,1,103,VAL,7,C;CA;CB;CG1;CG2;N;O,C;CA;CB;CG1;CG2;N;O,,7,7,no,9.0822,N,C6,no,no,not_applicable
223L,external_fixed_batch_9,A,1,104,PHE,11,C;CA;CB;CD1;CD2;CE1;CE2;CG;CZ;N;O,C;CA;CB;CD1;CD2;CE1;CE2;CG;CZ;N;O,,11,11,no,11.7881,N,C6,no,no,not_applicable
223L,external_fixed_batch_9,A,1,105,GLN,9,C;CA;CB;CD;CG;N;NE2;O;OE1,C;CA;CB;CD;CG;N;NE2;O;OE1,,9,9,no,9.4945,OE1,C5,no,no,not_applicable
223L,external_fixed_batch_9,A,1,106,MET,8,C;CA;CB;CE;CG;N;O;SD,C;CA;CB;CE;CG;N;O;SD,,8,8,no,7.1198,CE,C5,no,yes,not_applicable
223L,external_fixed_batch_9,A,1,107,GLY,4,C;CA;N;O,C;CA;N;O,,4,4,no,10.6518,O,C6,no,no,not_applicable
223L,external_fixed_batch_9,A,1,108,GLU,9,C;CA;CB;CD;CG;N;O;OE1;OE2,C;CA;CB;CD;CG;N;O;OE1;OE2,,9,9,no,10.8995,O,C6,no,no,not_applicable
223L,external_fixed_batch_9,A,1,109,THR,7,C;CA;CB;CG2;N;O;OG1,C;CA;CB;CG2;N;O;OG1,,7,7,no,11.0670,O,C6,no,no,not_applicable
223L,external_fixed_batch_9,A,1,110,GLY,4,C;CA;N;O,C;CA;N;O,,4,4,no,8.4037,O,C6,no,no,not_applicable
223L,external_fixed_batch_9,A,1,111,VAL,7,C;CA;CB;CG1;CG2;N;O,C;CA;CB;CG1;CG2;N;O,,7,7,no,6.3334,CG1,C6,no,yes,not_applicable
223L,external_fixed_batch_9,A,1,112,ALA,5,C;CA;CB;N;O,C;CA;CB;N;O,,5,5,no,8.7087,N,C6,no,no,not_applicable
223L,external_fixed_batch_9,A,1,113,GLY,4,C;CA;N;O,C;CA;N;O,,4,4,no,8.1099,C,C6,no,no,not_applicable
223L,external_fixed_batch_9,A,1,114,PHE,11,C;CA;CB;CD1;CD2;CE1;CE2;CG;CZ;N;O,C;CA;CB;CD1;CD2;CE1;CE2;CG;CZ;N;O,,11,11,no,4.2773,CD2,C5,yes,yes,not_applicable
223L,external_fixed_batch_9,A,1,115,THR,7,C;CA;CB;CG2;N;O;OG1,C;CA;CB;CG2;N;O;OG1,,7,7,no,7.6449,N,C6,no,yes,not_applicable
223L,external_fixed_batch_9,A,1,116,ASN,8,C;CA;CB;CG;N;ND2;O;OD1,C;CA;CB;CG;N;ND2;O;OD1,,8,8,no,6.7897,C,C1,no,yes,not_applicable
223L,external_fixed_batch_9,A,1,117,SER,6,C;CA;CB;N;O;OG,C;CA;CB;N;O;OG,,6,6,no,3.4605,CB,C1,yes,yes,not_applicable
223L,external_fixed_batch_9,A,1,118,LEU,8,C;CA;CB;CD1;CD2;CG;N;O,C;CA;CB;CD1;CD2;CG;N;O,,8,8,no,4.5652,N,C1,yes,yes,not_applicable
223L,external_fixed_batch_9,A,1,119,ARG,11,C;CA;CB;CD;CG;CZ;N;NE;NH1;NH2;O,C;CA;CB;CD;CG;CZ;N;NE;NH1;NH2;O,,11,11,no,6.9545,N,C1,no,yes,not_applicable
223L,external_fixed_batch_9,A,1,120,MET,8,C;CA;CB;CE;CG;N;O;SD,C;CA;CB;CE;CG;N;O;SD,,8,8,no,6.7484,CB,C2,no,yes,not_applicable
223L,external_fixed_batch_9,A,1,121,LEU,8,C;CA;CB;CD1;CD2;CG;N;O,C;CA;CB;CD1;CD2;CG;N;O,,8,8,no,3.5107,CD1,C1,yes,yes,not_applicable
223L,external_fixed_batch_9,A,1,122,GLN,9,C;CA;CB;CD;CG;N;NE2;O;OE1,C;CA;CB;CD;CG;N;NE2;O;OE1,,9,9,no,7.9542,N,C1,no,yes,not_applicable
223L,external_fixed_batch_9,A,1,123,GLN,9,C;CA;CB;CD;CG;N;NE2;O;OE1,C;CA;CB;CD;CG;N;NE2;O;OE1,,9,9,no,10.0201,N,C2,no,no,not_applicable
223L,external_fixed_batch_9,A,1,124,LYS,9,C;CA;CB;CD;CE;CG;N;NZ;O,C;CA;CB;CD;CE;CG;N;NZ;O,,9,9,no,10.0452,N,C2,no,no,not_applicable
223L,external_fixed_batch_9,A,1,125,ARG,11,C;CA;CB;CD;CG;CZ;N;NE;NH1;NH2;O,C;CA;CB;CD;CG;CZ;N;NE;NH1;NH2;O,,11,11,no,7.4509,O,C2,no,yes,not_applicable
223L,external_fixed_batch_9,A,1,126,TRP,14,C;CA;CB;CD1;CD2;CE2;CE3;CG;CH2;CZ2;CZ3;N;NE1;O,C;CA;CB;CD1;CD2;CE2;CE3;CG;CH2;CZ2;CZ3;N;NE1;O,,14,14,no,6.3250,O,C3,no,yes,not_applicable
223L,external_fixed_batch_9,A,1,127,ASP,8,C;CA;CB;CG;N;O;OD1;OD2,C;CA;CB;CG;N;O;OD1;OD2,,8,8,no,7.6279,O,C3,no,yes,not_applicable
223L,external_fixed_batch_9,A,1,128,GLU,9,C;CA;CB;CD;CG;N;O;OE1;OE2,C;CA;CB;CD;CG;N;O;OE1;OE2,,9,9,no,6.9271,O,C3,no,yes,not_applicable
223L,external_fixed_batch_9,A,1,129,ALA,5,C;CA;CB;N;O,C;CA;CB;N;O,,5,5,no,3.6087,O,C3,yes,yes,not_applicable
223L,external_fixed_batch_9,A,1,130,ALA,5,C;CA;CB;N;O,C;CA;CB;N;O,,5,5,no,4.3177,CA,C3,yes,yes,not_applicable
223L,external_fixed_batch_9,A,1,131,VAL,7,C;CA;CB;CG1;CG2;N;O,C;CA;CB;CG1;CG2;N;O,,7,7,no,6.1956,N,C3,no,yes,not_applicable
223L,external_fixed_batch_9,A,1,132,ASN,8,C;CA;CB;CG;N;ND2;O;OD1,C;CA;CB;CG;N;ND2;O;OD1,,8,8,no,5.9814,C,C4,no,yes,not_applicable
223L,external_fixed_batch_9,A,1,133,GLY,4,C;CA;N;O,C;CA;N;O,,4,4,no,3.9623,CA,C4,yes,yes,not_applicable
223L,external_fixed_batch_9,A,1,134,ALA,5,C;CA;CB;N;O,C;CA;CB;N;O,,5,5,no,5.4861,N,C4,no,yes,not_applicable
223L,external_fixed_batch_9,A,1,135,LYS,9,C;CA;CB;CD;CE;CG;N;NZ;O,C;CA;CB;CD;CE;CG;N;NZ;O,,9,9,no,7.8747,N,C4,no,yes,not_applicable
223L,external_fixed_batch_9,A,1,136,SER,6,C;CA;CB;N;O;OG,C;CA;CB;N;O;OG,,6,6,no,6.9797,OG,C5,no,yes,not_applicable
223L,external_fixed_batch_9,A,1,137,ARG,11,C;CA;CB;CD;CG;CZ;N;NE;NH1;NH2;O,C;CA;CB;CD;CG;CZ;N;NE;NH1;NH2;O,,11,11,no,10.3738,N,C5,no,no,not_applicable
223L,external_fixed_batch_9,A,1,138,TRP,14,C;CA;CB;CD1;CD2;CE2;CE3;CG;CH2;CZ2;CZ3;N;NE1;O,C;CA;CB;CD1;CD2;CE2;CE3;CG;CH2;CZ2;CZ3;N;NE1;O,,14,14,no,4.0551,CZ3,C5,yes,yes,not_applicable
223L,external_fixed_batch_9,A,1,139,TYR,12,C;CA;CB;CD1;CD2;CE1;CE2;CG;CZ;N;O;OH,C;CA;CB;CD1;CD2;CE1;CE2;CG;CZ;N;O;OH,,12,12,no,8.0499,CD1,C4,no,no,not_applicable
223L,external_fixed_batch_9,A,1,140,ASN,8,C;CA;CB;CG;N;ND2;O;OD1,C;CA;CB;CG;N;ND2;O;OD1,,8,8,no,11.2206,N,C5,no,no,not_applicable
223L,external_fixed_batch_9,A,1,141,GLN,9,C;CA;CB;CD;CG;N;NE2;O;OE1,C;CA;CB;CD;CG;N;NE2;O;OE1,,9,9,no,12.9711,N,C5,no,no,not_applicable
223L,external_fixed_batch_9,A,1,142,THR,7,C;CA;CB;CG2;N;O;OG1,C;CA;CB;CG2;N;O;OG1,,7,7,no,10.9761,O,C4,no,no,not_applicable
223L,external_fixed_batch_9,A,1,143,PRO,7,C;CA;CB;CD;CG;N;O,C;CA;CB;CD;CG;N;O,,7,7,no,10.8578,O,C4,no,no,not_applicable
223L,external_fixed_batch_9,A,1,144,ASN,8,C;CA;CB;CG;N;ND2;O;OD1,C;CA;CB;CG;N;ND2;O;OD1,,8,8,no,11.6157,O,C4,no,no,not_applicable
223L,external_fixed_batch_9,A,1,145,ARG,11,C;CA;CB;CD;CG;CZ;N;NE;NH1;NH2;O,C;CA;CB;CD;CG;CZ;N;NE;NH1;NH2;O,,11,11,no,9.2432,O,C4,no,no,not_applicable
223L,external_fixed_batch_9,A,1,146,ALA,5,C;CA;CB;N;O,C;CA;CB;N;O,,5,5,no,6.6247,O,C4,no,yes,not_applicable
223L,external_fixed_batch_9,A,1,147,LYS,9,C;CA;CB;CD;CE;CG;N;NZ;O,C;CA;CB;CD;CE;CG;N;NZ;O,,9,9,no,8.5391,O,C4,no,no,not_applicable
223L,external_fixed_batch_9,A,1,148,ARG,11,C;CA;CB;CD;CG;CZ;N;NE;NH1;NH2;O,C;CA;CB;CD;CG;CZ;N;NE;NH1;NH2;O,,11,11,no,8.8106,C,C4,no,no,not_applicable
223L,external_fixed_batch_9,A,1,149,VAL,7,C;CA;CB;CG1;CG2;N;O,C;CA;CB;CG1;CG2;N;O,,7,7,no,5.7725,CG1,C4,no,yes,not_applicable
223L,external_fixed_batch_9,A,1,150,ILE,8,C;CA;CB;CD1;CG1;CG2;N;O,C;CA;CB;CD1;CG1;CG2;N;O,,8,8,no,3.8759,CG1,C4,yes,yes,not_applicable
223L,external_fixed_batch_9,A,1,151,THR,7,C;CA;CB;CG2;N;O;OG1,C;CA;CB;CG2;N;O;OG1,,7,7,no,7.2421,N,C4,no,yes,not_applicable
223L,external_fixed_batch_9,A,1,152,THR,7,C;CA;CB;CG2;N;O;OG1,C;CA;CB;CG2;N;O;OG1,,7,7,no,7.9098,C,C3,no,yes,not_applicable
223L,external_fixed_batch_9,A,1,153,PHE,11,C;CA;CB;CD1;CD2;CE1;CE2;CG;CZ;N;O,C;CA;CB;CD1;CD2;CE1;CE2;CG;CZ;N;O,,11,11,no,3.7870,CD2,C3,yes,yes,not_applicable
223L,external_fixed_batch_9,A,1,154,ARG,11,C;CA;CB;CD;CG;CZ;N;NE;NH1;NH2;O,C;CA;CB;CD;CG;CZ;N;NE;NH1;NH2;O,,11,11,no,6.5514,N,C3,no,yes,not_applicable
223L,external_fixed_batch_9,A,1,155,THR,7,C;CA;CB;CG2;N;O;OG1,C;CA;CB;CG2;N;O;OG1,,7,7,no,9.3767,N,C3,no,no,not_applicable
223L,external_fixed_batch_9,A,1,156,GLY,4,C;CA;N;O,C;CA;N;O,,4,4,no,10.5760,N,C3,no,no,not_applicable
223L,external_fixed_batch_9,A,1,157,THR,7,C;CA;CB;CG2;N;O;OG1,C;CA;CB;CG2;N;O;OG1,,7,7,no,12.5296,O,C3,no,no,not_applicable
223L,external_fixed_batch_9,A,1,158,TRP,14,C;CA;CB;CD1;CD2;CE2;CE3;CG;CH2;CZ2;CZ3;N;NE1;O,C;CA;CB;CD1;CD2;CE2;CE3;CG;CH2;CZ2;CZ3;N;NE1;O,,14,14,no,14.1465,CZ3,C4,no,no,not_applicable
223L,external_fixed_batch_9,A,1,159,ASP,8,C;CA;CB;CG;N;O;OD1;OD2,C;CA;CB;CG;N;O;OD1;OD2,,8,8,no,15.2182,N,C3,no,no,not_applicable
223L,external_fixed_batch_9,A,1,160,ALA,5,C;CA;CB;N;O,C;CA;CB;N;O,,5,5,no,12.4854,CB,C4,no,no,not_applicable
223L,external_fixed_batch_9,A,1,161,TYR,12,C;CA;CB;CD1;CD2;CE1;CE2;CG;CZ;N;O;OH,C;CA;CB;CD1;CD2;CE1;CE2;CG;CZ;N;O;OH,,12,12,no,11.2008,OH,C4,no,no,not_applicable
223L,external_fixed_batch_9,A,1,162,LYS,9,C;CA;CB;CD;CE;CG;N;NZ;O,C;CA;CB;CD;CE;CG;N;NZ;O,,9,9,no,17.7011,N,C4,no,no,not_applicable
227L,external_fixed_batch_9,A,1,1,MET,8,C;CA;CB;CE;CG;N;O;SD,C;CA;CB;CE;CG;N;O;SD,,8,8,no,14.0397,SD,C1,no,no,not_applicable
227L,external_fixed_batch_9,A,1,2,ASN,8,C;CA;CB;CG;N;ND2;O;OD1,C;CA;CB;CG;N;ND2;O;OD1,,8,8,no,11.0206,O,C2,no,no,not_applicable
227L,external_fixed_batch_9,A,1,3,ILE,8,C;CA;CB;CD1;CG1;CG2;N;O,C;CA;CB;CD1;CG1;CG2;N;O,,8,8,no,7.1587,CG1,C2,no,yes,not_applicable
227L,external_fixed_batch_9,A,1,4,PHE,11,C;CA;CB;CD1;CD2;CE1;CE2;CG;CZ;N;O,C;CA;CB;CD1;CD2;CE1;CE2;CG;CZ;N;O,,11,11,no,7.4995,CE1,C2,no,yes,not_applicable
227L,external_fixed_batch_9,A,1,5,GLU,9,C;CA;CB;CD;CG;N;O;OE1;OE2,C;CA;CB;CD;CG;N;O;OE1;OE2,,9,9,no,10.1219,N,C1,no,no,not_applicable
227L,external_fixed_batch_9,A,1,6,MET,8,C;CA;CB;CE;CG;N;O;SD,C;CA;CB;CE;CG;N;O;SD,,8,8,no,8.8846,C,C1,no,no,not_applicable
227L,external_fixed_batch_9,A,1,7,LEU,8,C;CA;CB;CD1;CD2;CG;N;O,C;CA;CB;CD1;CD2;CG;N;O,,8,8,no,3.9776,CD1,C2,yes,yes,not_applicable
227L,external_fixed_batch_9,A,1,8,ARG,11,C;CA;CB;CD;CG;CZ;N;NE;NH1;NH2;O,C;CA;CB;CD;CG;CZ;N;NE;NH1;NH2;O,,11,11,no,7.5091,N,C1,no,yes,not_applicable
227L,external_fixed_batch_9,A,1,9,ILE,8,C;CA;CB;CD1;CG1;CG2;N;O,C;CA;CB;CD1;CG1;CG2;N;O,,8,8,no,9.8278,N,C1,no,no,not_applicable
227L,external_fixed_batch_9,A,1,10,ASP,8,C;CA;CB;CG;N;O;OD1;OD2,C;CA;CB;CG;N;O;OD1;OD2,,8,8,no,9.0011,CB,C1,no,no,not_applicable
227L,external_fixed_batch_9,A,1,11,GLU,9,C;CA;CB;CD;CG;N;O;OE1;OE2,C;CA;CB;CD;CG;N;O;OE1;OE2,,9,9,no,5.1595,OE2,C6,no,yes,not_applicable
227L,external_fixed_batch_9,A,1,12,GLY,4,C;CA;N;O,C;CA;N;O,,4,4,no,8.5504,O,C6,no,no,not_applicable
227L,external_fixed_batch_9,A,1,13,LEU,8,C;CA;CB;CD1;CD2;CG;N;O,C;CA;CB;CD1;CD2;CG;N;O,,8,8,no,10.5246,CD1,C1,no,no,not_applicable
227L,external_fixed_batch_9,A,1,14,ARG,11,C;CA;CB;CD;CG;CZ;N;NE;NH1;NH2;O,C;CA;CB;CD;CG;CZ;N;NE;NH1;NH2;O,,11,11,no,11.3320,N,C6,no,no,not_applicable
227L,external_fixed_batch_9,A,1,15,LEU,8,C;CA;CB;CD1;CD2;CG;N;O,C;CA;CB;CD1;CD2;CG;N;O,,8,8,no,13.6788,N,C6,no,no,not_applicable
227L,external_fixed_batch_9,A,1,16,LYS,9,C;CA;CB;CD;CE;CG;N;NZ;O,C;CA;CB;CD;CE;CG;N;NZ;O,,9,9,no,13.9284,O,C6,no,no,not_applicable
227L,external_fixed_batch_9,A,1,17,ILE,8,C;CA;CB;CD1;CG1;CG2;N;O,C;CA;CB;CD1;CG1;CG2;N;O,,8,8,no,14.4508,CA,C6,no,no,not_applicable
227L,external_fixed_batch_9,A,1,18,TYR,12,C;CA;CB;CD1;CD2;CE1;CE2;CG;CZ;N;O;OH,C;CA;CB;CD1;CD2;CE1;CE2;CG;CZ;N;O;OH,,12,12,no,8.5727,OH,C6,no,no,not_applicable
227L,external_fixed_batch_9,A,1,19,LYS,9,C;CA;CB;CD;CE;CG;N;NZ;O,C;CA;CB;CD;CE;CG;N;NZ;O,,9,9,no,13.1870,C,C6,no,no,not_applicable
227L,external_fixed_batch_9,A,1,20,ASP,8,C;CA;CB;CG;N;O;OD1;OD2,C;CA;CB;CG;N;O;OD1;OD2,,8,8,no,9.4770,OD2,C5,no,no,not_applicable
227L,external_fixed_batch_9,A,1,21,THR,7,C;CA;CB;CG2;N;O;OG1,C;CA;CB;CG2;N;O;OG1,,7,7,no,12.4092,N,C6,no,no,not_applicable
227L,external_fixed_batch_9,A,1,22,GLU,9,C;CA;CB;CD;CG;N;O;OE1;OE2,C;CA;CB;CD;CG;N;O;OE1;OE2,,9,9,no,12.8083,CG,C5,no,no,not_applicable
227L,external_fixed_batch_9,A,1,23,GLY,4,C;CA;N;O,C;CA;N;O,,4,4,no,14.6988,N,C5,no,no,not_applicable
227L,external_fixed_batch_9,A,1,24,TYR,12,C;CA;CB;CD1;CD2;CE1;CE2;CG;CZ;N;O;OH,C;CA;CB;CD1;CD2;CE1;CE2;CG;CZ;N;O;OH,,12,12,no,11.8272,O,C5,no,no,not_applicable
227L,external_fixed_batch_9,A,1,25,TYR,12,C;CA;CB;CD1;CD2;CE1;CE2;CG;CZ;N;O;OH,C;CA;CB;CD1;CD2;CE1;CE2;CG;CZ;N;O;OH,,12,12,no,10.6701,O,C5,no,no,not_applicable
227L,external_fixed_batch_9,A,1,26,THR,7,C;CA;CB;CG2;N;O;OG1,C;CA;CB;CG2;N;O;OG1,,7,7,no,7.8059,CG2,C6,no,yes,not_applicable
227L,external_fixed_batch_9,A,1,27,ILE,8,C;CA;CB;CD1;CG1;CG2;N;O,C;CA;CB;CD1;CG1;CG2;N;O,,8,8,no,7.4940,O,C6,no,yes,not_applicable
227L,external_fixed_batch_9,A,1,28,GLY,4,C;CA;N;O,C;CA;N;O,,4,4,no,7.9156,C,C6,no,yes,not_applicable
227L,external_fixed_batch_9,A,1,29,ILE,8,C;CA;CB;CD1;CG1;CG2;N;O,C;CA;CB;CD1;CG1;CG2;N;O,,8,8,no,3.7115,O,C6,yes,yes,not_applicable
227L,external_fixed_batch_9,A,1,30,GLY,4,C;CA;N;O,C;CA;N;O,,4,4,no,3.6306,O,C6,yes,yes,not_applicable
227L,external_fixed_batch_9,A,1,31,HIS,10,C;CA;CB;CD2;CE1;CG;N;ND1;NE2;O,C;CA;CB;CD2;CE1;CG;N;ND1;NE2;O,,10,10,no,4.7380,N,C6,yes,yes,not_applicable
227L,external_fixed_batch_9,A,1,32,LEU,8,C;CA;CB;CD1;CD2;CG;N;O,C;CA;CB;CD1;CD2;CG;N;O,,8,8,no,5.7266,N,C5,no,yes,not_applicable
227L,external_fixed_batch_9,A,1,33,LEU,8,C;CA;CB;CD1;CD2;CG;N;O,C;CA;CB;CD1;CD2;CG;N;O,,8,8,no,9.1339,N,C5,no,no,not_applicable
227L,external_fixed_batch_9,A,1,34,THR,7,C;CA;CB;CG2;N;O;OG1,C;CA;CB;CG2;N;O;OG1,,7,7,no,11.3542,N,C5,no,no,not_applicable
227L,external_fixed_batch_9,A,1,35,LYS,9,C;CA;CB;CD;CE;CG;N;NZ;O,C;CA;CB;CD;CE;CG;N;NZ;O,,9,9,no,12.4585,CD,C5,no,no,not_applicable
227L,external_fixed_batch_9,A,1,36,SER,6,C;CA;CB;N;O;OG,C;CA;CB;N;O;OG,,6,6,no,15.7754,N,C5,no,no,not_applicable
227L,external_fixed_batch_9,A,1,37,PRO,7,C;CA;CB;CD;CG;N;O,C;CA;CB;CD;CG;N;O,,7,7,no,18.6813,N,C5,no,no,not_applicable
227L,external_fixed_batch_9,A,1,38,SER,6,C;CA;CB;N;O;OG,C;CA;CB;N;O;OG,,6,6,no,18.5843,O,C5,no,no,not_applicable
227L,external_fixed_batch_9,A,1,39,LEU,8,C;CA;CB;CD1;CD2;CG;N;O,C;CA;CB;CD1;CD2;CG;N;O,,8,8,no,18.4695,CD2,C5,no,no,not_applicable
227L,external_fixed_batch_9,A,1,40,ASN,8,C;CA;CB;CG;N;ND2;O;OD1,C;CA;CB;CG;N;ND2;O;OD1,,8,8,no,19.7255,O,C5,no,no,not_applicable
227L,external_fixed_batch_9,A,1,41,ALA,5,C;CA;CB;N;O,C;CA;CB;N;O,,5,5,no,16.9526,O,C5,no,no,not_applicable
227L,external_fixed_batch_9,A,1,42,ALA,5,C;CA;CB;N;O,C;CA;CB;N;O,,5,5,no,15.1745,O,C5,no,no,not_applicable
227L,external_fixed_batch_9,A,1,43,LYS,9,C;CA;CB;CD;CE;CG;N;NZ;O,C;CA;CB;CD;CE;CG;N;NZ;O,,9,9,no,17.2432,N,C5,no,no,not_applicable
227L,external_fixed_batch_9,A,1,44,SER,6,C;CA;CB;N;O;OG,C;CA;CB;N;O;OG,,6,6,no,17.3385,C,C5,no,no,not_applicable
227L,external_fixed_batch_9,A,1,45,GLU,9,C;CA;CB;CD;CG;N;O;OE1;OE2,C;CA;CB;CD;CG;N;O;OE1;OE2,,9,9,no,13.8349,OE1,C5,no,no,not_applicable
227L,external_fixed_batch_9,A,1,46,LEU,8,C;CA;CB;CD1;CD2;CG;N;O,C;CA;CB;CD1;CD2;CG;N;O,,8,8,no,13.0488,CD1,C6,no,no,not_applicable
227L,external_fixed_batch_9,A,1,47,ASP,8,C;CA;CB;CG;N;O;OD1;OD2,C;CA;CB;CG;N;O;OD1;OD2,,8,8,no,16.4214,N,C5,no,no,not_applicable
227L,external_fixed_batch_9,A,1,48,LYS,9,C;CA;CB;CD;CE;CG;N;NZ;O,C;CA;CB;CD;CE;CG;N;NZ;O,,9,9,no,15.0752,NZ,C5,no,no,not_applicable
227L,external_fixed_batch_9,A,1,49,ALA,5,C;CA;CB;N;O,C;CA;CB;N;O,,5,5,no,12.2271,CB,C5,no,no,not_applicable
227L,external_fixed_batch_9,A,1,50,ILE,8,C;CA;CB;CD1;CG1;CG2;N;O,C;CA;CB;CD1;CG1;CG2;N;O,,8,8,no,13.2181,CD1,C6,no,no,not_applicable
227L,external_fixed_batch_9,A,1,51,GLY,4,C;CA;N;O,C;CA;N;O,,4,4,no,17.3522,N,C5,no,no,not_applicable
227L,external_fixed_batch_9,A,1,52,ARG,11,C;CA;CB;CD;CG;CZ;N;NE;NH1;NH2;O,C;CA;CB;CD;CG;CZ;N;NE;NH1;NH2;O,,11,11,no,18.9876,NH2,C6,no,no,not_applicable
227L,external_fixed_batch_9,A,1,53,ASN,8,C;CA;CB;CG;N;ND2;O;OD1,C;CA;CB;CG;N;ND2;O;OD1,,8,8,no,21.4066,C,C6,no,no,not_applicable
227L,external_fixed_batch_9,A,1,54,THR,7,C;CA;CB;CG2;N;O;OG1,C;CA;CB;CG2;N;O;OG1,,7,7,no,17.5263,CG2,C6,no,no,not_applicable
227L,external_fixed_batch_9,A,1,55,ASN,8,C;CA;CB;CG;N;ND2;O;OD1,C;CA;CB;CG;N;ND2;O;OD1,,8,8,no,20.2328,C,C6,no,no,not_applicable
227L,external_fixed_batch_9,A,1,56,GLY,4,C;CA;N;O,C;CA;N;O,,4,4,no,16.7873,O,C6,no,no,not_applicable
227L,external_fixed_batch_9,A,1,57,VAL,7,C;CA;CB;CG1;CG2;N;O,C;CA;CB;CG1;CG2;N;O,,7,7,no,17.0212,C,C6,no,no,not_applicable
227L,external_fixed_batch_9,A,1,58,ILE,8,C;CA;CB;CD1;CG1;CG2;N;O,C;CA;CB;CD1;CG1;CG2;N;O,,8,8,no,11.9317,CD1,C6,no,no,not_applicable
227L,external_fixed_batch_9,A,1,59,THR,7,C;CA;CB;CG2;N;O;OG1,C;CA;CB;CG2;N;O;OG1,,7,7,no,14.2536,O,C1,no,no,not_applicable
227L,external_fixed_batch_9,A,1,60,LYS,9,C;CA;CB;CD;CE;CG;N;NZ;O,C;CA;CB;CD;CE;CG;N;NZ;O,,9,9,no,12.8347,O,C1,no,no,not_applicable
227L,external_fixed_batch_9,A,1,61,ASP,8,C;CA;CB;CG;N;O;OD1;OD2,C;CA;CB;CG;N;O;OD1;OD2,,8,8,no,13.2742,O,C1,no,no,not_applicable
227L,external_fixed_batch_9,A,1,62,GLU,9,C;CA;CB;CD;CG;N;O;OE1;OE2,C;CA;CB;CD;CG;N;O;OE1;OE2,,9,9,no,11.1554,O,C1,no,no,not_applicable
227L,external_fixed_batch_9,A,1,63,ALA,5,C;CA;CB;N;O,C;CA;CB;N;O,,5,5,no,8.4061,O,C1,no,no,not_applicable
227L,external_fixed_batch_9,A,1,64,GLU,9,C;CA;CB;CD;CG;N;O;OE1;OE2,C;CA;CB;CD;CG;N;O;OE1;OE2,,9,9,no,9.0479,O,C1,no,no,not_applicable
227L,external_fixed_batch_9,A,1,65,LYS,9,C;CA;CB;CD;CE;CG;N;NZ;O,C;CA;CB;CD;CE;CG;N;NZ;O,,9,9,no,9.2818,O,C1,no,no,not_applicable
227L,external_fixed_batch_9,A,1,66,LEU,8,C;CA;CB;CD1;CD2;CG;N;O,C;CA;CB;CD1;CD2;CG;N;O,,8,8,no,6.2755,O,C1,no,yes,not_applicable
227L,external_fixed_batch_9,A,1,67,PHE,11,C;CA;CB;CD1;CD2;CE1;CE2;CG;CZ;N;O,C;CA;CB;CD1;CD2;CE1;CE2;CG;CZ;N;O,,11,11,no,3.8982,CE1,C1,yes,yes,not_applicable
227L,external_fixed_batch_9,A,1,68,ASN,8,C;CA;CB;CG;N;ND2;O;OD1,C;CA;CB;CG;N;ND2;O;OD1,,8,8,no,7.0933,N,C2,no,yes,not_applicable
227L,external_fixed_batch_9,A,1,69,GLN,9,C;CA;CB;CD;CG;N;NE2;O;OE1,C;CA;CB;CD;CG;N;NE2;O;OE1,,9,9,no,6.3744,C,C3,no,yes,not_applicable
227L,external_fixed_batch_9,A,1,70,ASP,8,C;CA;CB;CG;N;O;OD1;OD2,C;CA;CB;CG;N;O;OD1;OD2,,8,8,no,3.2909,O,C3,yes,yes,not_applicable
227L,external_fixed_batch_9,A,1,71,VAL,7,C;CA;CB;CG1;CG2;N;O,C;CA;CB;CG1;CG2;N;O,,7,7,no,3.9787,N,C2,yes,yes,not_applicable
227L,external_fixed_batch_9,A,1,72,ASP,8,C;CA;CB;CG;N;O;OD1;OD2,C;CA;CB;CG;N;O;OD1;OD2,,8,8,no,6.4022,N,C3,no,yes,not_applicable
227L,external_fixed_batch_9,A,1,73,ALA,5,C;CA;CB;N;O,C;CA;CB;N;O,,5,5,no,6.5532,C,C3,no,yes,not_applicable
227L,external_fixed_batch_9,A,1,74,ALA,5,C;CA;CB;N;O,C;CA;CB;N;O,,5,5,no,4.1638,CB,C3,yes,yes,not_applicable
227L,external_fixed_batch_9,A,1,75,VAL,7,C;CA;CB;CG1;CG2;N;O,C;CA;CB;CG1;CG2;N;O,,7,7,no,7.0134,N,C3,no,yes,not_applicable
227L,external_fixed_batch_9,A,1,76,ARG,11,C;CA;CB;CD;CG;CZ;N;NE;NH1;NH2;O,C;CA;CB;CD;CG;CZ;N;NE;NH1;NH2;O,,11,11,no,9.3658,N,C3,no,no,not_applicable
227L,external_fixed_batch_9,A,1,77,GLY,4,C;CA;N;O,C;CA;N;O,,4,4,no,9.7333,N,C3,no,no,not_applicable
227L,external_fixed_batch_9,A,1,78,ILE,8,C;CA;CB;CD1;CG1;CG2;N;O,C;CA;CB;CD1;CG1;CG2;N;O,,8,8,no,9.2689,CD1,C3,no,no,not_applicable
227L,external_fixed_batch_9,A,1,79,LEU,8,C;CA;CB;CD1;CD2;CG;N;O,C;CA;CB;CD1;CD2;CG;N;O,,8,8,no,12.6783,N,C3,no,no,not_applicable
227L,external_fixed_batch_9,A,1,80,ARG,11,C;CA;CB;CD;CG;CZ;N;NE;NH1;NH2;O,C;CA;CB;CD;CG;CZ;N;NE;NH1;NH2;O,,11,11,no,12.6240,NH2,C3,no,no,not_applicable
227L,external_fixed_batch_9,A,1,81,ASN,8,C;CA;CB;CG;N;ND2;O;OD1,C;CA;CB;CG;N;ND2;O;OD1,,8,8,no,14.1878,CB,C3,no,no,not_applicable
227L,external_fixed_batch_9,A,1,82,ALA,5,C;CA;CB;N;O,C;CA;CB;N;O,,5,5,no,17.6497,N,C3,no,no,not_applicable
227L,external_fixed_batch_9,A,1,83,LYS,9,C;CA;CB;CD;CE;CG;N;NZ;O,C;CA;CB;CD;CE;CG;N;NZ;O,,9,9,no,17.3744,C,C3,no,no,not_applicable
227L,external_fixed_batch_9,A,1,84,LEU,8,C;CA;CB;CD1;CD2;CG;N;O,C;CA;CB;CD1;CD2;CG;N;O,,8,8,no,12.2860,CD1,C3,no,no,not_applicable
227L,external_fixed_batch_9,A,1,85,LYS,9,C;CA;CB;CD;CE;CG;N;NZ;O,C;CA;CB;CD;CE;CG;N;NZ;O,,9,9,no,16.0367,N,C3,no,no,not_applicable
227L,external_fixed_batch_9,A,1,86,PRO,7,C;CA;CB;CD;CG;N;O,C;CA;CB;CD;CG;N;O,,7,7,no,18.5138,N,C3,no,no,not_applicable
227L,external_fixed_batch_9,A,1,87,VAL,7,C;CA;CB;CG1;CG2;N;O,C;CA;CB;CG1;CG2;N;O,,7,7,no,17.3342,CG1,C3,no,no,not_applicable
227L,external_fixed_batch_9,A,1,88,TYR,12,C;CA;CB;CD1;CD2;CE1;CE2;CG;CZ;N;O;OH,C;CA;CB;CD1;CD2;CE1;CE2;CG;CZ;N;O;OH,,12,12,no,12.2203,CE1,C3,no,no,not_applicable
227L,external_fixed_batch_9,A,1,89,ASP,8,C;CA;CB;CG;N;O;OD1;OD2,C;CA;CB;CG;N;O;OD1;OD2,,8,8,no,17.5938,N,C3,no,no,not_applicable
227L,external_fixed_batch_9,A,1,90,SER,6,C;CA;CB;N;O;OG,C;CA;CB;N;O;OG,,6,6,no,19.8798,N,C3,no,no,not_applicable
227L,external_fixed_batch_9,A,1,91,LEU,8,C;CA;CB;CD1;CD2;CG;N;O,C;CA;CB;CD1;CD2;CG;N;O,,8,8,no,16.3096,CD1,C3,no,no,not_applicable
227L,external_fixed_batch_9,A,1,92,ASP,8,C;CA;CB;CG;N;O;OD1;OD2,C;CA;CB;CG;N;O;OD1;OD2,,8,8,no,17.1280,O,C2,no,no,not_applicable
227L,external_fixed_batch_9,A,1,93,ALA,5,C;CA;CB;N;O,C;CA;CB;N;O,,5,5,no,14.7828,O,C2,no,no,not_applicable
227L,external_fixed_batch_9,A,1,94,VAL,7,C;CA;CB;CG1;CG2;N;O,C;CA;CB;CG1;CG2;N;O,,7,7,no,14.4253,O,C2,no,no,not_applicable
227L,external_fixed_batch_9,A,1,95,ARG,11,C;CA;CB;CD;CG;CZ;N;NE;NH1;NH2;O,C;CA;CB;CD;CG;CZ;N;NE;NH1;NH2;O,,11,11,no,14.0732,O,C2,no,no,not_applicable
227L,external_fixed_batch_9,A,1,96,ARG,11,C;CA;CB;CD;CG;CZ;N;NE;NH1;NH2;O,C;CA;CB;CD;CG;CZ;N;NE;NH1;NH2;O,,11,11,no,11.3294,O,C3,no,no,not_applicable
227L,external_fixed_batch_9,A,1,97,ALA,5,C;CA;CB;N;O,C;CA;CB;N;O,,5,5,no,9.6408,O,C2,no,no,not_applicable
227L,external_fixed_batch_9,A,1,98,ALA,5,C;CA;CB;N;O,C;CA;CB;N;O,,5,5,no,10.8064,O,C3,no,no,not_applicable
227L,external_fixed_batch_9,A,1,99,LEU,8,C;CA;CB;CD1;CD2;CG;N;O,C;CA;CB;CD1;CD2;CG;N;O,,8,8,no,9.1210,O,C3,no,no,not_applicable
227L,external_fixed_batch_9,A,1,100,ILE,8,C;CA;CB;CD1;CG1;CG2;N;O,C;CA;CB;CD1;CG1;CG2;N;O,,8,8,no,5.8407,O,C3,no,yes,not_applicable
227L,external_fixed_batch_9,A,1,101,ASN,8,C;CA;CB;CG;N;ND2;O;OD1,C;CA;CB;CG;N;ND2;O;OD1,,8,8,no,6.8885,O,C3,no,yes,not_applicable
227L,external_fixed_batch_9,A,1,102,MET,8,C;CA;CB;CE;CG;N;O;SD,C;CA;CB;CE;CG;N;O;SD,,8,8,no,7.8912,O,C4,no,yes,not_applicable
227L,external_fixed_batch_9,A,1,103,VAL,7,C;CA;CB;CG1;CG2;N;O,C;CA;CB;CG1;CG2;N;O,,7,7,no,5.3163,O,C4,no,yes,not_applicable
227L,external_fixed_batch_9,A,1,104,ALA,5,C;CA;CB;N;O,C;CA;CB;N;O,,5,5,no,3.5178,CB,C3,yes,yes,not_applicable
227L,external_fixed_batch_9,A,1,105,GLN,9,C;CA;CB;CD;CG;N;NE2;O;OE1,C;CA;CB;CD;CG;N;NE2;O;OE1,,9,9,no,5.3686,N,C4,no,yes,not_applicable
227L,external_fixed_batch_9,A,1,106,MET,8,C;CA;CB;CE;CG;N;O;SD,C;CA;CB;CE;CG;N;O;SD,,8,8,no,7.4357,N,C4,no,yes,not_applicable
227L,external_fixed_batch_9,A,1,107,GLY,4,C;CA;N;O,C;CA;N;O,,4,4,no,7.3243,N,C4,no,yes,not_applicable
227L,external_fixed_batch_9,A,1,108,GLU,9,C;CA;CB;CD;CG;N;O;OE1;OE2,C;CA;CB;CD;CG;N;O;OE1;OE2,,9,9,no,8.8665,N,C4,no,no,not_applicable
227L,external_fixed_batch_9,A,1,109,THR,7,C;CA;CB;CG2;N;O;OG1,C;CA;CB;CG2;N;O;OG1,,7,7,no,11.5537,N,C4,no,no,not_applicable
227L,external_fixed_batch_9,A,1,110,GLY,4,C;CA;N;O,C;CA;N;O,,4,4,no,12.3322,N,C4,no,no,not_applicable
227L,external_fixed_batch_9,A,1,111,VAL,7,C;CA;CB;CG1;CG2;N;O,C;CA;CB;CG1;CG2;N;O,,7,7,no,10.5149,CG2,C4,no,no,not_applicable
227L,external_fixed_batch_9,A,1,112,ALA,5,C;CA;CB;N;O,C;CA;CB;N;O,,5,5,no,13.8922,N,C4,no,no,not_applicable
227L,external_fixed_batch_9,A,1,113,GLY,4,C;CA;N;O,C;CA;N;O,,4,4,no,16.1171,N,C4,no,no,not_applicable
227L,external_fixed_batch_9,A,1,114,PHE,11,C;CA;CB;CD1;CD2;CE1;CE2;CG;CZ;N;O,C;CA;CB;CD1;CD2;CE1;CE2;CG;CZ;N;O,,11,11,no,15.1979,CE1,C4,no,no,not_applicable
227L,external_fixed_batch_9,A,1,115,THR,7,C;CA;CB;CG2;N;O;OG1,C;CA;CB;CG2;N;O;OG1,,7,7,no,19.7454,N,C4,no,no,not_applicable
227L,external_fixed_batch_9,A,1,116,ASN,8,C;CA;CB;CG;N;ND2;O;OD1,C;CA;CB;CG;N;ND2;O;OD1,,8,8,no,22.2418,N,C4,no,no,not_applicable
227L,external_fixed_batch_9,A,1,117,SER,6,C;CA;CB;N;O;OG,C;CA;CB;N;O;OG,,6,6,no,19.7928,CB,C3,no,no,not_applicable
227L,external_fixed_batch_9,A,1,118,LEU,8,C;CA;CB;CD1;CD2;CG;N;O,C;CA;CB;CD1;CD2;CG;N;O,,8,8,no,16.4268,CD2,C3,no,no,not_applicable
227L,external_fixed_batch_9,A,1,119,ARG,11,C;CA;CB;CD;CG;CZ;N;NE;NH1;NH2;O,C;CA;CB;CD;CG;CZ;N;NE;NH1;NH2;O,,11,11,no,21.7800,N,C3,no,no,not_applicable
227L,external_fixed_batch_9,A,1,120,MET,8,C;CA;CB;CE;CG;N;O;SD,C;CA;CB;CE;CG;N;O;SD,,8,8,no,23.1116,C,C3,no,no,not_applicable
227L,external_fixed_batch_9,A,1,121,LEU,8,C;CA;CB;CD1;CD2;CG;N;O,C;CA;CB;CD1;CD2;CG;N;O,,8,8,no,17.5766,CD1,C3,no,no,not_applicable
227L,external_fixed_batch_9,A,1,122,GLN,9,C;CA;CB;CD;CG;N;NE2;O;OE1,C;CA;CB;CD;CG;N;NE2;O;OE1,,9,9,no,21.6895,N,C3,no,no,not_applicable
227L,external_fixed_batch_9,A,1,123,GLN,9,C;CA;CB;CD;CG;N;NE2;O;OE1,C;CA;CB;CD;CG;N;NE2;O;OE1,,9,9,no,24.4036,N,C3,no,no,not_applicable
227L,external_fixed_batch_9,A,1,124,LYS,9,C;CA;CB;CD;CE;CG;N;NZ;O,C;CA;CB;CD;CE;CG;N;NZ;O,,9,9,no,23.0725,NZ,C3,no,no,not_applicable
227L,external_fixed_batch_9,A,1,125,ARG,11,C;CA;CB;CD;CG;CZ;N;NE;NH1;NH2;O,C;CA;CB;CD;CG;CZ;N;NE;NH1;NH2;O,,11,11,no,24.9232,O,C3,no,no,not_applicable
227L,external_fixed_batch_9,A,1,126,TRP,14,C;CA;CB;CD1;CD2;CE2;CE3;CG;CH2;CZ2;CZ3;N;NE1;O,C;CA;CB;CD1;CD2;CE2;CE3;CG;CH2;CZ2;CZ3;N;NE1;O,,14,14,no,21.3232,CZ3,C3,no,no,not_applicable
227L,external_fixed_batch_9,A,1,127,ASP,8,C;CA;CB;CG;N;O;OD1;OD2,C;CA;CB;CG;N;O;OD1;OD2,,8,8,no,25.8674,O,C3,no,no,not_applicable
227L,external_fixed_batch_9,A,1,128,GLU,9,C;CA;CB;CD;CG;N;O;OE1;OE2,C;CA;CB;CD;CG;N;O;OE1;OE2,,9,9,no,25.1287,O,C3,no,no,not_applicable
227L,external_fixed_batch_9,A,1,129,ALA,5,C;CA;CB;N;O,C;CA;CB;N;O,,5,5,no,21.6623,O,C3,no,no,not_applicable
227L,external_fixed_batch_9,A,1,130,ALA,5,C;CA;CB;N;O,C;CA;CB;N;O,,5,5,no,22.1834,CA,C3,no,no,not_applicable
227L,external_fixed_batch_9,A,1,131,VAL,7,C;CA;CB;CG1;CG2;N;O,C;CA;CB;CG1;CG2;N;O,,7,7,no,24.1062,N,C3,no,no,not_applicable
227L,external_fixed_batch_9,A,1,132,ASN,8,C;CA;CB;CG;N;ND2;O;OD1,C;CA;CB;CG;N;ND2;O;OD1,,8,8,no,21.7786,O,C4,no,no,not_applicable
227L,external_fixed_batch_9,A,1,133,LEU,8,C;CA;CB;CD1;CD2;CG;N;O,C;CA;CB;CD1;CD2;CG;N;O,,8,8,no,17.5663,CD2,C3,no,no,not_applicable
227L,external_fixed_batch_9,A,1,134,ALA,5,C;CA;CB;N;O,C;CA;CB;N;O,,5,5,no,21.0474,N,C4,no,no,not_applicable
227L,external_fixed_batch_9,A,1,135,LYS,9,C;CA;CB;CD;CE;CG;N;NZ;O,C;CA;CB;CD;CE;CG;N;NZ;O,,9,9,no,21.9773,C,C4,no,no,not_applicable
227L,external_fixed_batch_9,A,1,136,SER,6,C;CA;CB;N;O;OG,C;CA;CB;N;O;OG,,6,6,no,18.4757,OG,C4,no,no,not_applicable
227L,external_fixed_batch_9,A,1,137,ARG,11,C;CA;CB;CD;CG;CZ;N;NE;NH1;NH2;O,C;CA;CB;CD;CG;CZ;N;NE;NH1;NH2;O,,11,11,no,15.9311,NH1,C5,no,no,not_applicable
227L,external_fixed_batch_9,A,1,138,TRP,14,C;CA;CB;CD1;CD2;CE2;CE3;CG;CH2;CZ2;CZ3;N;NE1;O,C;CA;CB;CD1;CD2;CE2;CE3;CG;CH2;CZ2;CZ3;N;NE1;O,,14,14,no,12.6575,NE1,C5,no,no,not_applicable
227L,external_fixed_batch_9,A,1,139,TYR,12,C;CA;CB;CD1;CD2;CE1;CE2;CG;CZ;N;O;OH,C;CA;CB;CD1;CD2;CE1;CE2;CG;CZ;N;O;OH,,12,12,no,17.3573,N,C5,no,no,not_applicable
227L,external_fixed_batch_9,A,1,140,ASN,8,C;CA;CB;CG;N;ND2;O;OD1,C;CA;CB;CG;N;ND2;O;OD1,,8,8,no,19.3728,N,C5,no,no,not_applicable
227L,external_fixed_batch_9,A,1,141,GLN,9,C;CA;CB;CD;CG;N;NE2;O;OE1,C;CA;CB;CD;CG;N;NE2;O;OE1,,9,9,no,16.7683,CB,C5,no,no,not_applicable
227L,external_fixed_batch_9,A,1,142,THR,7,C;CA;CB;CG2;N;O;OG1,C;CA;CB;CG2;N;O;OG1,,7,7,no,13.6090,CG2,C6,no,no,not_applicable
227L,external_fixed_batch_9,A,1,143,PRO,7,C;CA;CB;CD;CG;N;O,C;CA;CB;CD;CG;N;O,,7,7,no,17.4111,N,C6,no,no,not_applicable
227L,external_fixed_batch_9,A,1,144,ASN,8,C;CA;CB;CG;N;ND2;O;OD1,C;CA;CB;CG;N;ND2;O;OD1,,8,8,no,16.2569,C,C6,no,no,not_applicable
227L,external_fixed_batch_9,A,1,145,ARG,11,C;CA;CB;CD;CG;CZ;N;NE;NH1;NH2;O,C;CA;CB;CD;CG;CZ;N;NE;NH1;NH2;O,,11,11,no,6.9217,NH2,C6,no,yes,not_applicable
227L,external_fixed_batch_9,A,1,146,ALA,5,C;CA;CB;N;O,C;CA;CB;N;O,,5,5,no,14.8425,N,C6,no,no,not_applicable
227L,external_fixed_batch_9,A,1,147,LYS,9,C;CA;CB;CD;CE;CG;N;NZ;O,C;CA;CB;CD;CE;CG;N;NZ;O,,9,9,no,17.2397,N,C1,no,no,not_applicable
227L,external_fixed_batch_9,A,1,148,ARG,11,C;CA;CB;CD;CG;CZ;N;NE;NH1;NH2;O,C;CA;CB;CD;CG;CZ;N;NE;NH1;NH2;O,,11,11,no,13.5625,NH2,C1,no,no,not_applicable
227L,external_fixed_batch_9,A,1,149,VAL,7,C;CA;CB;CG1;CG2;N;O,C;CA;CB;CG1;CG2;N;O,,7,7,no,12.1658,CG2,C1,no,no,not_applicable
227L,external_fixed_batch_9,A,1,150,ILE,8,C;CA;CB;CD1;CG1;CG2;N;O,C;CA;CB;CD1;CG1;CG2;N;O,,8,8,no,16.5455,N,C2,no,no,not_applicable
227L,external_fixed_batch_9,A,1,151,THR,7,C;CA;CB;CG2;N;O;OG1,C;CA;CB;CG2;N;O;OG1,,7,7,no,18.7482,N,C2,no,no,not_applicable
227L,external_fixed_batch_9,A,1,152,THR,7,C;CA;CB;CG2;N;O;OG1,C;CA;CB;CG2;N;O;OG1,,7,7,no,15.4839,CG2,C2,no,no,not_applicable
227L,external_fixed_batch_9,A,1,153,PHE,11,C;CA;CB;CD1;CD2;CE1;CE2;CG;CZ;N;O,C;CA;CB;CD1;CD2;CE1;CE2;CG;CZ;N;O,,11,11,no,14.5259,CZ,C3,no,no,not_applicable
227L,external_fixed_batch_9,A,1,154,ARG,11,C;CA;CB;CD;CG;CZ;N;NE;NH1;NH2;O,C;CA;CB;CD;CG;CZ;N;NE;NH1;NH2;O,,11,11,no,20.3867,N,C2,no,no,not_applicable
227L,external_fixed_batch_9,A,1,155,THR,7,C;CA;CB;CG2;N;O;OG1,C;CA;CB;CG2;N;O;OG1,,7,7,no,21.4460,OG1,C2,no,no,not_applicable
227L,external_fixed_batch_9,A,1,156,GLY,4,C;CA;N;O,C;CA;N;O,,4,4,no,20.3316,C,C2,no,no,not_applicable
227L,external_fixed_batch_9,A,1,157,THR,7,C;CA;CB;CG2;N;O;OG1,C;CA;CB;CG2;N;O;OG1,,7,7,no,18.5984,O,C2,no,no,not_applicable
227L,external_fixed_batch_9,A,1,158,TRP,14,C;CA;CB;CD1;CD2;CE2;CE3;CG;CH2;CZ2;CZ3;N;NE1;O,C;CA;CB;CD1;CD2;CE2;CE3;CG;CH2;CZ2;CZ3;N;NE1;O,,14,14,no,13.2867,CH2,C2,no,no,not_applicable
227L,external_fixed_batch_9,A,1,159,ASP,8,C;CA;CB;CG;N;O;OD1;OD2,C;CA;CB;CG;N;O;OD1;OD2,,8,8,no,20.0026,N,C2,no,no,not_applicable
227L,external_fixed_batch_9,A,1,160,ALA,5,C;CA;CB;N;O,C;CA;CB;N;O,,5,5,no,17.7442,O,C1,no,no,not_applicable
227L,external_fixed_batch_9,A,1,161,TYR,12,C;CA;CB;CD1;CD2;CE1;CE2;CG;CZ;N;O;OH,C;CA;CB;CD1;CD2;CE1;CE2;CG;CZ;N;O;OH,,12,12,no,12.0817,OH,C1,no,no,not_applicable
227L,external_fixed_batch_9,A,1,162,LYS,9,C;CA;CB;CD;CE;CG;N;NZ;O,C;CA;CB;CD;CE;CG;N;NZ;O,,9,9,no,18.9172,N,C1,no,no,not_applicable
3DMX,external_fixed_batch_9,A,1,1,MET,8,C;CA;CB;CE;CG;N;O;SD,C;CA;CB;CE;CG;N;O;SD,,8,8,no,16.9364,CG,C6,no,no,not_applicable
3DMX,external_fixed_batch_9,A,1,2,ASN,8,C;CA;CB;CG;N;ND2;O;OD1,C;CA;CB;CG;N;ND2;O;OD1,,8,8,no,15.1264,C,C5,no,no,not_applicable
3DMX,external_fixed_batch_9,A,1,3,ILE,8,C;CA;CB;CD1;CG1;CG2;N;O,C;CA;CB;CD1;CG1;CG2;N;O,,8,8,no,10.5927,CD1,C5,no,no,not_applicable
3DMX,external_fixed_batch_9,A,1,4,PHE,11,C;CA;CB;CD1;CD2;CE1;CE2;CG;CZ;N;O,C;CA;CB;CD1;CD2;CE1;CE2;CG;CZ;N;O,,11,11,no,15.2947,N,C4,no,no,not_applicable
3DMX,external_fixed_batch_9,A,1,5,GLU,9,C;CA;CB;CD;CG;N;O;OE1;OE2,C;CA;CB;CD;CG;N;O;OE1;OE2,,9,9,no,17.2398,C,C5,no,no,not_applicable
3DMX,external_fixed_batch_9,A,1,6,MET,8,C;CA;CB;CE;CG;N;O;SD,C;CA;CB;CE;CG;N;O;SD,,8,8,no,10.8464,CE,C6,no,no,not_applicable
3DMX,external_fixed_batch_9,A,1,7,LEU,8,C;CA;CB;CD1;CD2;CG;N;O,C;CA;CB;CD1;CD2;CG;N;O,,8,8,no,11.9605,CD1,C4,no,no,not_applicable
3DMX,external_fixed_batch_9,A,1,8,ARG,11,C;CA;CB;CD;CG;CZ;N;NE;NH1;NH2;O,C;CA;CB;CD;CG;CZ;N;NE;NH1;NH2;O,,11,11,no,16.8793,N,C5,no,no,not_applicable
3DMX,external_fixed_batch_9,A,1,9,ILE,8,C;CA;CB;CD1;CG1;CG2;N;O,C;CA;CB;CD1;CG1;CG2;N;O,,8,8,no,18.0784,C,C5,no,no,not_applicable
3DMX,external_fixed_batch_9,A,1,10,ASP,8,C;CA;CB;CG;N;O;OD1;OD2,C;CA;CB;CG;N;O;OD1;OD2,,8,8,no,13.1355,OD2,C5,no,no,not_applicable
3DMX,external_fixed_batch_9,A,1,11,GLU,9,C;CA;CB;CD;CG;N;O;OE1;OE2,C;CA;CB;CD;CG;N;O;OE1;OE2,,9,9,no,13.9792,OE2,C5,no,no,not_applicable
3DMX,external_fixed_batch_9,A,1,12,GLY,4,C;CA;N;O,C;CA;N;O,,4,4,no,19.6522,N,C5,no,no,not_applicable
3DMX,external_fixed_batch_9,A,1,13,LEU,8,C;CA;CB;CD1;CD2;CG;N;O,C;CA;CB;CD1;CD2;CG;N;O,,8,8,no,22.8517,N,C5,no,no,not_applicable
3DMX,external_fixed_batch_9,A,1,14,ARG,11,C;CA;CB;CD;CG;CZ;N;NE;NH1;NH2;O,C;CA;CB;CD;CG;CZ;N;NE;NH1;NH2;O,,11,11,no,24.7484,N,C5,no,no,not_applicable
3DMX,external_fixed_batch_9,A,1,15,LEU,8,C;CA;CB;CD1;CD2;CG;N;O,C;CA;CB;CD1;CD2;CG;N;O,,8,8,no,27.6369,N,C5,no,no,not_applicable
3DMX,external_fixed_batch_9,A,1,16,LYS,9,C;CA;CB;CD;CE;CG;N;NZ;O,C;CA;CB;CD;CE;CG;N;NZ;O,,9,9,no,27.4769,O,C5,no,no,not_applicable
3DMX,external_fixed_batch_9,A,1,17,ILE,8,C;CA;CB;CD1;CG1;CG2;N;O,C;CA;CB;CD1;CG1;CG2;N;O,,8,8,no,27.7465,C,C5,no,no,not_applicable
3DMX,external_fixed_batch_9,A,1,18,TYR,12,C;CA;CB;CD1;CD2;CE1;CE2;CG;CZ;N;O;OH,C;CA;CB;CD1;CD2;CE1;CE2;CG;CZ;N;O;OH,,12,12,no,20.8768,OH,C5,no,no,not_applicable
3DMX,external_fixed_batch_9,A,1,19,LYS,9,C;CA;CB;CD;CE;CG;N;NZ;O,C;CA;CB;CD;CE;CG;N;NZ;O,,9,9,no,23.4032,C,C5,no,no,not_applicable
3DMX,external_fixed_batch_9,A,1,20,ASP,8,C;CA;CB;CG;N;O;OD1;OD2,C;CA;CB;CG;N;O;OD1;OD2,,8,8,no,18.6169,OD2,C5,no,no,not_applicable
3DMX,external_fixed_batch_9,A,1,21,THR,7,C;CA;CB;CG2;N;O;OG1,C;CA;CB;CG2;N;O;OG1,,7,7,no,17.7230,OG1,C5,no,no,not_applicable
3DMX,external_fixed_batch_9,A,1,22,GLU,9,C;CA;CB;CD;CG;N;O;OE1;OE2,C;CA;CB;CD;CG;N;O;OE1;OE2,,9,9,no,17.3027,OE2,C5,no,no,not_applicable
3DMX,external_fixed_batch_9,A,1,23,GLY,4,C;CA;N;O,C;CA;N;O,,4,4,no,22.3320,N,C5,no,no,not_applicable
3DMX,external_fixed_batch_9,A,1,24,TYR,12,C;CA;CB;CD1;CD2;CE1;CE2;CG;CZ;N;O;OH,C;CA;CB;CD1;CD2;CE1;CE2;CG;CZ;N;O;OH,,12,12,no,19.6062,CE2,C5,no,no,not_applicable
3DMX,external_fixed_batch_9,A,1,25,TYR,12,C;CA;CB;CD1;CD2;CE1;CE2;CG;CZ;N;O;OH,C;CA;CB;CD1;CD2;CE1;CE2;CG;CZ;N;O;OH,,12,12,no,22.4729,O,C4,no,no,not_applicable
3DMX,external_fixed_batch_9,A,1,26,THR,7,C;CA;CB;CG2;N;O;OG1,C;CA;CB;CG2;N;O;OG1,,7,7,no,20.4006,CG2,C5,no,no,not_applicable
3DMX,external_fixed_batch_9,A,1,27,ILE,8,C;CA;CB;CD1;CG1;CG2;N;O,C;CA;CB;CD1;CG1;CG2;N;O,,8,8,no,21.5955,O,C4,no,no,not_applicable
3DMX,external_fixed_batch_9,A,1,28,GLY,4,C;CA;N;O,C;CA;N;O,,4,4,no,21.9640,C,C5,no,no,not_applicable
3DMX,external_fixed_batch_9,A,1,29,ILE,8,C;CA;CB;CD1;CG1;CG2;N;O,C;CA;CB;CD1;CG1;CG2;N;O,,8,8,no,17.6300,O,C4,no,no,not_applicable
3DMX,external_fixed_batch_9,A,1,30,GLY,4,C;CA;N;O,C;CA;N;O,,4,4,no,16.7192,O,C4,no,no,not_applicable
3DMX,external_fixed_batch_9,A,1,31,HIS,10,C;CA;CB;CD2;CE1;CG;N;ND1;NE2;O,C;CA;CB;CD2;CE1;CG;N;ND1;NE2;O,,10,10,no,18.8015,N,C4,no,no,not_applicable
3DMX,external_fixed_batch_9,A,1,32,LEU,8,C;CA;CB;CD1;CD2;CG;N;O,C;CA;CB;CD1;CD2;CG;N;O,,8,8,no,17.4786,CD2,C4,no,no,not_applicable
3DMX,external_fixed_batch_9,A,1,33,LEU,8,C;CA;CB;CD1;CD2;CG;N;O,C;CA;CB;CD1;CD2;CG;N;O,,8,8,no,21.1334,N,C4,no,no,not_applicable
3DMX,external_fixed_batch_9,A,1,34,THR,7,C;CA;CB;CG2;N;O;OG1,C;CA;CB;CG2;N;O;OG1,,7,7,no,22.3016,N,C4,no,no,not_applicable
3DMX,external_fixed_batch_9,A,1,35,LYS,9,C;CA;CB;CD;CE;CG;N;NZ;O,C;CA;CB;CD;CE;CG;N;NZ;O,,9,9,no,17.2238,NZ,C4,no,no,not_applicable
3DMX,external_fixed_batch_9,A,1,36,SER,6,C;CA;CB;N;O;OG,C;CA;CB;N;O;OG,,6,6,no,24.8548,N,C4,no,no,not_applicable
3DMX,external_fixed_batch_9,A,1,37,PRO,7,C;CA;CB;CD;CG;N;O,C;CA;CB;CD;CG;N;O,,7,7,no,27.9462,N,C4,no,no,not_applicable
3DMX,external_fixed_batch_9,A,1,38,SER,6,C;CA;CB;N;O;OG,C;CA;CB;N;O;OG,,6,6,no,29.5744,O,C4,no,no,not_applicable
3DMX,external_fixed_batch_9,A,1,39,LEU,8,C;CA;CB;CD1;CD2;CG;N;O,C;CA;CB;CD1;CD2;CG;N;O,,8,8,no,30.8146,O,C4,no,no,not_applicable
3DMX,external_fixed_batch_9,A,1,40,ASN,8,C;CA;CB;CG;N;ND2;O;OD1,C;CA;CB;CG;N;ND2;O;OD1,,8,8,no,31.6326,O,C4,no,no,not_applicable
3DMX,external_fixed_batch_9,A,1,41,ALA,5,C;CA;CB;N;O,C;CA;CB;N;O,,5,5,no,28.2638,O,C4,no,no,not_applicable
3DMX,external_fixed_batch_9,A,1,42,ALA,5,C;CA;CB;N;O,C;CA;CB;N;O,,5,5,no,27.3979,O,C4,no,no,not_applicable
3DMX,external_fixed_batch_9,A,1,43,LYS,9,C;CA;CB;CD;CE;CG;N;NZ;O,C;CA;CB;CD;CE;CG;N;NZ;O,,9,9,no,29.4204,N,C4,no,no,not_applicable
3DMX,external_fixed_batch_9,A,1,44,SER,6,C;CA;CB;N;O;OG,C;CA;CB;N;O;OG,,6,6,no,28.9314,C,C4,no,no,not_applicable
3DMX,external_fixed_batch_9,A,1,45,GLU,9,C;CA;CB;CD;CG;N;O;OE1;OE2,C;CA;CB;CD;CG;N;O;OE1;OE2,,9,9,no,24.1812,OE1,C4,no,no,not_applicable
3DMX,external_fixed_batch_9,A,1,46,LEU,8,C;CA;CB;CD1;CD2;CG;N;O,C;CA;CB;CD1;CD2;CG;N;O,,8,8,no,26.5497,CD1,C4,no,no,not_applicable
3DMX,external_fixed_batch_9,A,1,47,ASP,8,C;CA;CB;CG;N;O;OD1;OD2,C;CA;CB;CG;N;O;OD1;OD2,,8,8,no,28.9460,N,C4,no,no,not_applicable
3DMX,external_fixed_batch_9,A,1,48,LYS,9,C;CA;CB;CD;CE;CG;N;NZ;O,C;CA;CB;CD;CE;CG;N;NZ;O,,9,9,no,24.7007,NZ,C4,no,no,not_applicable
3DMX,external_fixed_batch_9,A,1,49,ALA,5,C;CA;CB;N;O,C;CA;CB;N;O,,5,5,no,24.2030,CB,C4,no,no,not_applicable
3DMX,external_fixed_batch_9,A,1,50,ILE,8,C;CA;CB;CD1;CG1;CG2;N;O,C;CA;CB;CD1;CG1;CG2;N;O,,8,8,no,26.3482,CD1,C4,no,no,not_applicable
3DMX,external_fixed_batch_9,A,1,51,GLY,4,C;CA;N;O,C;CA;N;O,,4,4,no,29.3113,N,C4,no,no,not_applicable
3DMX,external_fixed_batch_9,A,1,52,ARG,11,C;CA;CB;CD;CG;CZ;N;NE;NH1;NH2;O,C;CA;CB;CD;CG;CZ;N;NE;NH1;NH2;O,,11,11,no,31.9154,N,C4,no,no,not_applicable
3DMX,external_fixed_batch_9,A,1,53,ASN,8,C;CA;CB;CG;N;ND2;O;OD1,C;CA;CB;CG;N;ND2;O;OD1,,8,8,no,34.5280,N,C4,no,no,not_applicable
3DMX,external_fixed_batch_9,A,1,54,THR,7,C;CA;CB;CG2;N;O;OG1,C;CA;CB;CG2;N;O;OG1,,7,7,no,31.0563,CG2,C4,no,no,not_applicable
3DMX,external_fixed_batch_9,A,1,55,ASN,8,C;CA;CB;CG;N;ND2;O;OD1,C;CA;CB;CG;N;ND2;O;OD1,,8,8,no,33.6722,C,C4,no,no,not_applicable
3DMX,external_fixed_batch_9,A,1,56,GLY,4,C;CA;N;O,C;CA;N;O,,4,4,no,30.5892,O,C4,no,no,not_applicable
3DMX,external_fixed_batch_9,A,1,57,VAL,7,C;CA;CB;CG1;CG2;N;O,C;CA;CB;CG1;CG2;N;O,,7,7,no,31.1941,C,C4,no,no,not_applicable
3DMX,external_fixed_batch_9,A,1,58,ILE,8,C;CA;CB;CD1;CG1;CG2;N;O,C;CA;CB;CD1;CG1;CG2;N;O,,8,8,no,25.9513,CD1,C4,no,no,not_applicable
3DMX,external_fixed_batch_9,A,1,59,THR,7,C;CA;CB;CG2;N;O;OG1,C;CA;CB;CG2;N;O;OG1,,7,7,no,27.9686,O,C4,no,no,not_applicable
3DMX,external_fixed_batch_9,A,1,60,LYS,9,C;CA;CB;CD;CE;CG;N;NZ;O,C;CA;CB;CD;CE;CG;N;NZ;O,,9,9,no,26.1993,O,C4,no,no,not_applicable
3DMX,external_fixed_batch_9,A,1,61,ASP,8,C;CA;CB;CG;N;O;OD1;OD2,C;CA;CB;CG;N;O;OD1;OD2,,8,8,no,26.0333,O,C4,no,no,not_applicable
3DMX,external_fixed_batch_9,A,1,62,GLU,9,C;CA;CB;CD;CG;N;O;OE1;OE2,C;CA;CB;CD;CG;N;O;OE1;OE2,,9,9,no,24.4954,O,C4,no,no,not_applicable
3DMX,external_fixed_batch_9,A,1,63,ALA,5,C;CA;CB;N;O,C;CA;CB;N;O,,5,5,no,21.9095,O,C4,no,no,not_applicable
3DMX,external_fixed_batch_9,A,1,64,GLU,9,C;CA;CB;CD;CG;N;O;OE1;OE2,C;CA;CB;CD;CG;N;O;OE1;OE2,,9,9,no,21.2439,O,C4,no,no,not_applicable
3DMX,external_fixed_batch_9,A,1,65,LYS,9,C;CA;CB;CD;CE;CG;N;NZ;O,C;CA;CB;CD;CE;CG;N;NZ;O,,9,9,no,20.9464,O,C4,no,no,not_applicable
3DMX,external_fixed_batch_9,A,1,66,LEU,8,C;CA;CB;CD1;CD2;CG;N;O,C;CA;CB;CD1;CD2;CG;N;O,,8,8,no,18.4497,O,C4,no,no,not_applicable
3DMX,external_fixed_batch_9,A,1,67,PHE,11,C;CA;CB;CD1;CD2;CE1;CE2;CG;CZ;N;O,C;CA;CB;CD1;CD2;CE1;CE2;CG;CZ;N;O,,11,11,no,15.9589,CE1,C4,no,no,not_applicable
3DMX,external_fixed_batch_9,A,1,68,ASN,8,C;CA;CB;CG;N;ND2;O;OD1,C;CA;CB;CG;N;ND2;O;OD1,,8,13,no,16.4521,O,C4,no,no,not_applicable
3DMX,external_fixed_batch_9,A,1,69,GLN,9,C;CA;CB;CD;CG;N;NE2;O;OE1,C;CA;CB;CD;CG;N;NE2;O;OE1,,9,9,no,15.6007,O,C4,no,no,not_applicable
3DMX,external_fixed_batch_9,A,1,70,ASP,8,C;CA;CB;CG;N;O;OD1;OD2,C;CA;CB;CG;N;O;OD1;OD2,,8,8,no,12.5980,O,C4,no,no,not_applicable
3DMX,external_fixed_batch_9,A,1,71,VAL,7,C;CA;CB;CG1;CG2;N;O,C;CA;CB;CG1;CG2;N;O,,7,7,no,11.4102,O,C4,no,no,not_applicable
3DMX,external_fixed_batch_9,A,1,72,ASP,8,C;CA;CB;CG;N;O;OD1;OD2,C;CA;CB;CG;N;O;OD1;OD2,,8,13,no,12.3570,O,C4,no,no,not_applicable
3DMX,external_fixed_batch_9,A,1,73,ALA,5,C;CA;CB;N;O,C;CA;CB;N;O,,5,5,no,10.8996,O,C4,no,no,not_applicable
3DMX,external_fixed_batch_9,A,1,74,ALA,5,C;CA;CB;N;O,C;CA;CB;N;O,,5,5,no,7.6234,O,C4,no,yes,not_applicable
3DMX,external_fixed_batch_9,A,1,75,VAL,7,C;CA;CB;CG1;CG2;N;O,C;CA;CB;CG1;CG2;N;O,,7,7,no,8.4140,O,C3,no,no,not_applicable
3DMX,external_fixed_batch_9,A,1,76,ARG,11,C;CA;CB;CD;CG;CZ;N;NE;NH1;NH2;O,C;CA;CB;CD;CG;CZ;N;NE;NH1;NH2;O,,11,19,no,10.3092,C,C3,no,no,not_applicable
3DMX,external_fixed_batch_9,A,1,77,GLY,4,C;CA;N;O,C;CA;N;O,,4,4,no,8.1097,C,C3,no,no,not_applicable
3DMX,external_fixed_batch_9,A,1,78,ILE,8,C;CA;CB;CD1;CG1;CG2;N;O,C;CA;CB;CD1;CG1;CG2;N;O,,8,8,no,4.3319,CG2,C3,yes,yes,not_applicable
3DMX,external_fixed_batch_9,A,1,79,LEU,8,C;CA;CB;CD1;CD2;CG;N;O,C;CA;CB;CD1;CD2;CG;N;O,,8,8,no,7.6576,N,C3,no,yes,not_applicable
3DMX,external_fixed_batch_9,A,1,80,ARG,11,C;CA;CB;CD;CG;CZ;N;NE;NH1;NH2;O,C;CA;CB;CD;CG;CZ;N;NE;NH1;NH2;O,,11,11,no,9.7801,N,C3,no,no,not_applicable
3DMX,external_fixed_batch_9,A,1,81,ASN,8,C;CA;CB;CG;N;ND2;O;OD1,C;CA;CB;CG;N;ND2;O;OD1,,8,8,no,7.8498,OD1,C3,no,yes,not_applicable
3DMX,external_fixed_batch_9,A,1,82,ALA,5,C;CA;CB;N;O,C;CA;CB;N;O,,5,5,no,9.2801,C,C3,no,no,not_applicable
3DMX,external_fixed_batch_9,A,1,83,LYS,9,C;CA;CB;CD;CE;CG;N;NZ;O,C;CA;CB;CD;CE;CG;N;NZ;O,,9,9,no,6.3452,O,C2,no,yes,not_applicable
3DMX,external_fixed_batch_9,A,1,84,LEU,8,C;CA;CB;CD1;CD2;CG;N;O,C;CA;CB;CD1;CD2;CG;N;O,,8,8,no,3.9737,CD2,C4,yes,yes,not_applicable
3DMX,external_fixed_batch_9,A,1,85,LYS,9,C;CA;CB;CD;CE;CG;N;NZ;O,C;CA;CB;CD;CE;CG;N;NZ;O,,9,9,no,5.7351,N,C3,no,yes,not_applicable
3DMX,external_fixed_batch_9,A,1,86,PRO,7,C;CA;CB;CD;CG;N;O,C;CA;CB;CD;CG;N;O,,7,7,no,6.5966,C,C2,no,yes,not_applicable
3DMX,external_fixed_batch_9,A,1,87,VAL,7,C;CA;CB;CG1;CG2;N;O,C;CA;CB;CG1;CG2;N;O,,7,7,no,3.7227,CG1,C1,yes,yes,not_applicable
3DMX,external_fixed_batch_9,A,1,88,TYR,12,C;CA;CB;CD1;CD2;CE1;CE2;CG;CZ;N;O;OH,C;CA;CB;CD1;CD2;CE1;CE2;CG;CZ;N;O;OH,,12,12,no,3.7794,N,C2,yes,yes,not_applicable
3DMX,external_fixed_batch_9,A,1,89,ASP,8,C;CA;CB;CG;N;O;OD1;OD2,C;CA;CB;CG;N;O;OD1;OD2,,8,8,no,6.3953,N,C2,no,yes,not_applicable
3DMX,external_fixed_batch_9,A,1,90,SER,6,C;CA;CB;N;O;OG,C;CA;CB;N;O;OG,,6,6,no,7.1844,OG,C2,no,yes,not_applicable
3DMX,external_fixed_batch_9,A,1,91,LEU,8,C;CA;CB;CD1;CD2;CG;N;O,C;CA;CB;CD1;CD2;CG;N;O,,8,8,no,4.0763,CD1,C1,yes,yes,not_applicable
3DMX,external_fixed_batch_9,A,1,92,ASP,8,C;CA;CB;CG;N;O;OD1;OD2,C;CA;CB;CG;N;O;OD1;OD2,,8,8,no,9.1176,O,C1,no,no,not_applicable
3DMX,external_fixed_batch_9,A,1,93,ALA,5,C;CA;CB;N;O,C;CA;CB;N;O,,5,5,no,10.6404,O,C1,no,no,not_applicable
3DMX,external_fixed_batch_9,A,1,94,VAL,7,C;CA;CB;CG1;CG2;N;O,C;CA;CB;CG1;CG2;N;O,,7,7,no,9.6543,O,C1,no,no,not_applicable
3DMX,external_fixed_batch_9,A,1,95,ARG,11,C;CA;CB;CD;CG;CZ;N;NE;NH1;NH2;O,C;CA;CB;CD;CG;CZ;N;NE;NH1;NH2;O,,11,11,no,5.9875,O,C1,no,yes,not_applicable
3DMX,external_fixed_batch_9,A,1,96,ARG,11,C;CA;CB;CD;CG;CZ;N;NE;NH1;NH2;O,C;CA;CB;CD;CG;CZ;N;NE;NH1;NH2;O,,11,11,no,6.7109,O,C3,no,yes,not_applicable
3DMX,external_fixed_batch_9,A,1,97,ALA,5,C;CA;CB;N;O,C;CA;CB;N;O,,5,5,no,7.9392,O,C5,no,yes,not_applicable
3DMX,external_fixed_batch_9,A,1,98,ALA,5,C;CA;CB;N;O,C;CA;CB;N;O,,5,5,no,5.5866,O,C5,no,yes,not_applicable
3DMX,external_fixed_batch_9,A,1,99,ALA,5,C;CA;CB;N;O,C;CA;CB;N;O,,5,5,no,3.6048,CB,C5,yes,yes,not_applicable
3DMX,external_fixed_batch_9,A,1,100,ILE,8,C;CA;CB;CD1;CG1;CG2;N;O,C;CA;CB;CD1;CG1;CG2;N;O,,8,8,no,5.4405,N,C4,no,yes,not_applicable
3DMX,external_fixed_batch_9,A,1,101,ASN,8,C;CA;CB;CG;N;ND2;O;OD1,C;CA;CB;CG;N;ND2;O;OD1,,8,8,no,7.2247,N,C5,no,yes,not_applicable
3DMX,external_fixed_batch_9,A,1,102,MET,8,C;CA;CB;CE;CG;N;O;SD,C;CA;CB;CE;CG;N;O;SD,,8,8,no,4.3663,SD,C5,yes,yes,not_applicable
3DMX,external_fixed_batch_9,A,1,103,VAL,7,C;CA;CB;CG1;CG2;N;O,C;CA;CB;CG1;CG2;N;O,,7,7,no,4.2418,CG2,C4,yes,yes,not_applicable
3DMX,external_fixed_batch_9,A,1,104,PHE,11,C;CA;CB;CD1;CD2;CE1;CE2;CG;CZ;N;O,C;CA;CB;CD1;CD2;CE1;CE2;CG;CZ;N;O,,11,11,no,8.1973,N,C4,no,no,not_applicable
3DMX,external_fixed_batch_9,A,1,105,GLN,9,C;CA;CB;CD;CG;N;NE2;O;OE1,C;CA;CB;CD;CG;N;NE2;O;OE1,,9,9,no,9.8953,N,C5,no,no,not_applicable
3DMX,external_fixed_batch_9,A,1,106,MET,8,C;CA;CB;CE;CG;N;O;SD,C;CA;CB;CE;CG;N;O;SD,,8,13,no,7.9205,SD,C5,no,yes,not_applicable
3DMX,external_fixed_batch_9,A,1,107,GLY,4,C;CA;N;O,C;CA;N;O,,4,4,no,7.8258,O,C4,no,yes,not_applicable
3DMX,external_fixed_batch_9,A,1,108,GLU,9,C;CA;CB;CD;CG;N;O;OE1;OE2,C;CA;CB;CD;CG;N;O;OE1;OE2,,9,15,no,7.2256,O,C4,no,yes,not_applicable
3DMX,external_fixed_batch_9,A,1,109,THR,7,C;CA;CB;CG2;N;O;OG1,C;CA;CB;CG2;N;O;OG1,,7,7,no,9.2760,N,C4,no,no,not_applicable
3DMX,external_fixed_batch_9,A,1,110,GLY,4,C;CA;N;O,C;CA;N;O,,4,4,no,8.3629,C,C5,no,no,not_applicable
3DMX,external_fixed_batch_9,A,1,111,VAL,7,C;CA;CB;CG1;CG2;N;O,C;CA;CB;CG1;CG2;N;O,,7,7,no,3.4154,CG1,C5,yes,yes,not_applicable
3DMX,external_fixed_batch_9,A,1,112,ALA,5,C;CA;CB;N;O,C;CA;CB;N;O,,5,5,no,6.5408,N,C4,no,yes,not_applicable
3DMX,external_fixed_batch_9,A,1,113,GLY,4,C;CA;N;O,C;CA;N;O,,4,4,no,8.7950,N,C5,no,no,not_applicable
3DMX,external_fixed_batch_9,A,1,114,PHE,11,C;CA;CB;CD1;CD2;CE1;CE2;CG;CZ;N;O,C;CA;CB;CD1;CD2;CE1;CE2;CG;CZ;N;O,,11,11,no,6.9119,CB,C5,no,yes,not_applicable
3DMX,external_fixed_batch_9,A,1,115,THR,7,C;CA;CB;CG2;N;O;OG1,C;CA;CB;CG2;N;O;OG1,,7,7,no,9.1798,N,C6,no,no,not_applicable
3DMX,external_fixed_batch_9,A,1,116,ASN,8,C;CA;CB;CG;N;ND2;O;OD1,C;CA;CB;CG;N;ND2;O;OD1,,8,8,no,9.8056,C,C6,no,no,not_applicable
3DMX,external_fixed_batch_9,A,1,117,SER,6,C;CA;CB;N;O;OG,C;CA;CB;N;O;OG,,6,6,no,6.9811,O,C1,no,yes,not_applicable
3DMX,external_fixed_batch_9,A,1,118,LEU,8,C;CA;CB;CD1;CD2;CG;N;O,C;CA;CB;CD1;CD2;CG;N;O,,8,8,no,3.6106,CD2,C1,yes,yes,not_applicable
3DMX,external_fixed_batch_9,A,1,119,ARG,11,C;CA;CB;CD;CG;CZ;N;NE;NH1;NH2;O,C;CA;CB;CD;CG;CZ;N;NE;NH1;NH2;O,,11,11,no,7.8717,N,C1,no,yes,not_applicable
3DMX,external_fixed_batch_9,A,1,120,MET,8,C;CA;CB;CE;CG;N;O;SD,C;CA;CB;CE;CG;N;O;SD,,8,8,no,8.8485,C,C1,no,no,not_applicable
3DMX,external_fixed_batch_9,A,1,121,LEU,8,C;CA;CB;CD1;CD2;CG;N;O,C;CA;CB;CD1;CD2;CG;N;O,,8,8,no,3.9590,CD1,C6,yes,yes,not_applicable
3DMX,external_fixed_batch_9,A,1,122,GLN,9,C;CA;CB;CD;CG;N;NE2;O;OE1,C;CA;CB;CD;CG;N;NE2;O;OE1,,9,9,no,7.1688,N,C1,no,yes,not_applicable
3DMX,external_fixed_batch_9,A,1,123,GLN,9,C;CA;CB;CD;CG;N;NE2;O;OE1,C;CA;CB;CD;CG;N;NE2;O;OE1,,9,9,no,9.9442,N,C1,no,no,not_applicable
3DMX,external_fixed_batch_9,A,1,124,LYS,9,C;CA;CB;CD;CE;CG;N;NZ;O,C;CA;CB;CD;CE;CG;N;NZ;O,,9,9,no,10.2830,NZ,C1,no,no,not_applicable
3DMX,external_fixed_batch_9,A,1,125,ARG,11,C;CA;CB;CD;CG;CZ;N;NE;NH1;NH2;O,C;CA;CB;CD;CG;CZ;N;NE;NH1;NH2;O,,11,11,no,11.7760,N,C1,no,no,not_applicable
3DMX,external_fixed_batch_9,A,1,126,TRP,14,C;CA;CB;CD1;CD2;CE2;CE3;CG;CH2;CZ2;CZ3;N;NE1;O,C;CA;CB;CD1;CD2;CE2;CE3;CG;CH2;CZ2;CZ3;N;NE1;O,,14,14,no,8.3898,CZ3,C1,no,no,not_applicable
3DMX,external_fixed_batch_9,A,1,127,ASP,8,C;CA;CB;CG;N;O;OD1;OD2,C;CA;CB;CG;N;O;OD1;OD2,,8,8,no,13.7652,N,C1,no,no,not_applicable
3DMX,external_fixed_batch_9,A,1,128,GLU,9,C;CA;CB;CD;CG;N;O;OE1;OE2,C;CA;CB;CD;CG;N;O;OE1;OE2,,9,9,no,12.5849,C,C6,no,no,not_applicable
3DMX,external_fixed_batch_9,A,1,129,ALA,5,C;CA;CB;N;O,C;CA;CB;N;O,,5,5,no,9.2001,CB,C6,no,no,not_applicable
3DMX,external_fixed_batch_9,A,1,130,ALA,5,C;CA;CB;N;O,C;CA;CB;N;O,,5,5,no,10.8717,N,C6,no,no,not_applicable
3DMX,external_fixed_batch_9,A,1,131,VAL,7,C;CA;CB;CG1;CG2;N;O,C;CA;CB;CG1;CG2;N;O,,7,7,no,13.0736,N,C6,no,no,not_applicable
3DMX,external_fixed_batch_9,A,1,132,ASN,8,C;CA;CB;CG;N;ND2;O;OD1,C;CA;CB;CG;N;ND2;O;OD1,,8,8,no,10.8048,OD1,C6,no,no,not_applicable
3DMX,external_fixed_batch_9,A,1,133,LEU,8,C;CA;CB;CD1;CD2;CG;N;O,C;CA;CB;CD1;CD2;CG;N;O,,8,8,no,6.4668,CD2,C6,no,yes,not_applicable
3DMX,external_fixed_batch_9,A,1,134,ALA,5,C;CA;CB;N;O,C;CA;CB;N;O,,5,5,no,11.9327,N,C6,no,no,not_applicable
3DMX,external_fixed_batch_9,A,1,135,LYS,9,C;CA;CB;CD;CE;CG;N;NZ;O,C;CA;CB;CD;CE;CG;N;NZ;O,,9,9,no,13.8344,N,C6,no,no,not_applicable
3DMX,external_fixed_batch_9,A,1,136,SER,6,C;CA;CB;N;O;OG,C;CA;CB;N;O;OG,,6,6,no,12.2121,OG,C5,no,no,not_applicable
3DMX,external_fixed_batch_9,A,1,137,ARG,11,C;CA;CB;CD;CG;CZ;N;NE;NH1;NH2;O,C;CA;CB;CD;CG;CZ;N;NE;NH1;NH2;O,,11,11,no,14.7513,N,C5,no,no,not_applicable
3DMX,external_fixed_batch_9,A,1,138,TRP,14,C;CA;CB;CD1;CD2;CE2;CE3;CG;CH2;CZ2;CZ3;N;NE1;O,C;CA;CB;CD1;CD2;CE2;CE3;CG;CH2;CZ2;CZ3;N;NE1;O,,14,14,no,8.5917,CH2,C5,no,no,not_applicable
3DMX,external_fixed_batch_9,A,1,139,TYR,12,C;CA;CB;CD1;CD2;CE1;CE2;CG;CZ;N;O;OH,C;CA;CB;CD1;CD2;CE1;CE2;CG;CZ;N;O;OH,,12,12,no,13.4443,N,C5,no,no,not_applicable
3DMX,external_fixed_batch_9,A,1,140,ASN,8,C;CA;CB;CG;N;ND2;O;OD1,C;CA;CB;CG;N;ND2;O;OD1,,8,8,no,16.2767,N,C5,no,no,not_applicable
3DMX,external_fixed_batch_9,A,1,141,GLN,9,C;CA;CB;CD;CG;N;NE2;O;OE1,C;CA;CB;CD;CG;N;NE2;O;OE1,,9,9,no,17.3924,N,C5,no,no,not_applicable
3DMX,external_fixed_batch_9,A,1,142,THR,7,C;CA;CB;CG2;N;O;OG1,C;CA;CB;CG2;N;O;OG1,,7,7,no,14.2118,OG1,C5,no,no,not_applicable
3DMX,external_fixed_batch_9,A,1,143,PRO,7,C;CA;CB;CD;CG;N;O,C;CA;CB;CD;CG;N;O,,7,7,no,16.1321,O,C6,no,no,not_applicable
3DMX,external_fixed_batch_9,A,1,144,ASN,8,C;CA;CB;CG;N;ND2;O;OD1,C;CA;CB;CG;N;ND2;O;OD1,,8,8,no,16.2078,O,C6,no,no,not_applicable
3DMX,external_fixed_batch_9,A,1,145,ARG,11,C;CA;CB;CD;CG;CZ;N;NE;NH1;NH2;O,C;CA;CB;CD;CG;CZ;N;NE;NH1;NH2;O,,11,11,no,11.9649,NH2,C5,no,no,not_applicable
3DMX,external_fixed_batch_9,A,1,146,ALA,5,C;CA;CB;N;O,C;CA;CB;N;O,,5,5,no,11.6236,O,C6,no,no,not_applicable
3DMX,external_fixed_batch_9,A,1,147,LYS,9,C;CA;CB;CD;CE;CG;N;NZ;O,C;CA;CB;CD;CE;CG;N;NZ;O,,9,9,no,13.6776,O,C6,no,no,not_applicable
3DMX,external_fixed_batch_9,A,1,148,ARG,11,C;CA;CB;CD;CG;CZ;N;NE;NH1;NH2;O,C;CA;CB;CD;CG;CZ;N;NE;NH1;NH2;O,,11,11,no,12.3269,O,C6,no,no,not_applicable
3DMX,external_fixed_batch_9,A,1,149,VAL,7,C;CA;CB;CG1;CG2;N;O,C;CA;CB;CG1;CG2;N;O,,7,7,no,7.8587,CG1,C6,no,yes,not_applicable
3DMX,external_fixed_batch_9,A,1,150,ILE,8,C;CA;CB;CD1;CG1;CG2;N;O,C;CA;CB;CD1;CG1;CG2;N;O,,8,8,no,10.1194,CA,C6,no,no,not_applicable
3DMX,external_fixed_batch_9,A,1,151,THR,7,C;CA;CB;CG2;N;O;OG1,C;CA;CB;CG2;N;O;OG1,,7,7,no,12.0344,N,C6,no,no,not_applicable
3DMX,external_fixed_batch_9,A,1,152,THR,7,C;CA;CB;CG2;N;O;OG1,C;CA;CB;CG2;N;O;OG1,,7,7,no,10.2028,C,C6,no,no,not_applicable
3DMX,external_fixed_batch_9,A,1,153,PHE,11,C;CA;CB;CD1;CD2;CE1;CE2;CG;CZ;N;O,C;CA;CB;CD1;CD2;CE1;CE2;CG;CZ;N;O,,11,11,no,3.8059,CZ,C6,yes,yes,not_applicable
3DMX,external_fixed_batch_9,A,1,154,ARG,11,C;CA;CB;CD;CG;CZ;N;NE;NH1;NH2;O,C;CA;CB;CD;CG;CZ;N;NE;NH1;NH2;O,,11,11,no,10.6614,N,C6,no,no,not_applicable
3DMX,external_fixed_batch_9,A,1,155,THR,7,C;CA;CB;CG2;N;O;OG1,C;CA;CB;CG2;N;O;OG1,,7,7,no,12.9884,N,C6,no,no,not_applicable
3DMX,external_fixed_batch_9,A,1,156,GLY,4,C;CA;N;O,C;CA;N;O,,4,4,no,12.5503,CA,C1,no,no,not_applicable
3DMX,external_fixed_batch_9,A,1,157,THR,7,C;CA;CB;CG2;N;O;OG1,C;CA;CB;CG2;N;O;OG1,,7,7,no,14.0992,O,C6,no,no,not_applicable
3DMX,external_fixed_batch_9,A,1,158,TRP,14,C;CA;CB;CD1;CD2;CE2;CE3;CG;CH2;CZ2;CZ3;N;NE1;O,C;CA;CB;CD1;CD2;CE2;CE3;CG;CH2;CZ2;CZ3;N;NE1;O,,14,14,no,13.0744,CH2,C6,no,no,not_applicable
3DMX,external_fixed_batch_9,A,1,159,ASP,8,C;CA;CB;CG;N;O;OD1;OD2,C;CA;CB;CG;N;O;OD1;OD2,,8,8,no,17.2986,N,C6,no,no,not_applicable
3DMX,external_fixed_batch_9,A,1,160,ALA,5,C;CA;CB;N;O,C;CA;CB;N;O,,5,5,no,15.8464,CB,C6,no,no,not_applicable
3DMX,external_fixed_batch_9,A,1,161,TYR,12,C;CA;CB;CD1;CD2;CE1;CE2;CG;CZ;N;O;OH,C;CA;CB;CD1;CD2;CE1;CE2;CG;CZ;N;O;OH,,12,12,no,12.8260,OH,C5,no,no,not_applicable
3DMX,external_fixed_batch_9,A,1,162,LYS,9,C;CA;CB;CD;CE;CG;N;NZ;O,C;CA;CB;CD;CE;CG;N;NZ;O,,9,9,no,19.7187,N,C6,no,no,not_applicable
3DMX,external_fixed_batch_9,A,1,163,ASN,8,C;CA;CB;CG;N;ND2;O;OD1,C;CA;CB;CG;N;ND2;O;OD1,,8,8,no,22.3077,N,C6,no,no,not_applicable
3DMX,external_fixed_batch_9,A,1,164,LEU,9,C;CA;CB;CD1;CD2;CG;N;O;OXT[terminal-carboxyl],C;CA;CB;CD1;CD2;CG;N;O;OXT,,9,9,no,19.6738,CD1,C5,no,no,not_applicable
3GUJ,external_fixed_batch_9,A,1,1,MET,8,C;CA;CB;CE;CG;N;O;SD,C;CA;CB;CE;CG;N;O;SD,,8,8,no,15.8385,O,C2,no,no,not_applicable
3GUJ,external_fixed_batch_9,A,1,2,ASN,8,C;CA;CB;CG;N;ND2;O;OD1,C;CA;CB;CG;N;ND2;O;OD1,,8,8,no,15.1896,C,C2,no,no,not_applicable
3GUJ,external_fixed_batch_9,A,1,3,ILE,8,C;CA;CB;CD1;CG1;CG2;N;O,C;CA;CB;CD1;CG1;CG2;N;O,,8,8,no,10.4774,CD1,C2,no,no,not_applicable
3GUJ,external_fixed_batch_9,A,1,4,PHE,11,C;CA;CB;CD1;CD2;CE1;CE2;CG;CZ;N;O,C;CA;CB;CD1;CD2;CE1;CE2;CG;CZ;N;O,,11,11,no,15.2053,N,C3,no,no,not_applicable
3GUJ,external_fixed_batch_9,A,1,5,GLU,9,C;CA;CB;CD;CG;N;O;OE1;OE2,C;CA;CB;CD;CG;N;O;OE1;OE2,,9,9,no,17.1413,C,C2,no,no,not_applicable
3GUJ,external_fixed_batch_9,A,1,6,MET,8,C;CA;CB;CE;CG;N;O;SD,C;CA;CB;CE;CG;N;O;SD,,8,8,no,10.9447,CE,C1,no,no,not_applicable
3GUJ,external_fixed_batch_9,A,1,7,LEU,8,C;CA;CB;CD1;CD2;CG;N;O,C;CA;CB;CD1;CD2;CG;N;O,,8,8,no,11.9321,CD1,C2,no,no,not_applicable
3GUJ,external_fixed_batch_9,A,1,8,ARG,11,C;CA;CB;CD;CG;CZ;N;NE;NH1;NH2;O,C;CA;CB;CD;CG;CZ;N;NE;NH1;NH2;O,,11,19,no,16.8990,N,C2,no,no,not_applicable
3GUJ,external_fixed_batch_9,A,1,9,ILE,8,C;CA;CB;CD1;CG1;CG2;N;O,C;CA;CB;CD1;CG1;CG2;N;O,,8,8,no,17.9697,C,C2,no,no,not_applicable
3GUJ,external_fixed_batch_9,A,1,10,ASP,8,C;CA;CB;CG;N;O;OD1;OD2,C;CA;CB;CG;N;O;OD1;OD2,,8,8,no,13.1307,OD1,C2,no,no,not_applicable
3GUJ,external_fixed_batch_9,A,1,11,GLU,9,C;CA;CB;CD;CG;N;O;OE1;OE2,C;CA;CB;CD;CG;N;O;OE1;OE2,,9,9,no,14.0680,OE1,C2,no,no,not_applicable
3GUJ,external_fixed_batch_9,A,1,12,GLY,4,C;CA;N;O,C;CA;N;O,,4,4,no,19.6391,N,C2,no,no,not_applicable
3GUJ,external_fixed_batch_9,A,1,13,LEU,8,C;CA;CB;CD1;CD2;CG;N;O,C;CA;CB;CD1;CD2;CG;N;O,,8,8,no,22.6584,N,C2,no,no,not_applicable
3GUJ,external_fixed_batch_9,A,1,14,ARG,11,C;CA;CB;CD;CG;CZ;N;NE;NH1;NH2;O,C;CA;CB;CD;CG;CZ;N;NE;NH1;NH2;O,,11,11,no,24.5719,N,C2,no,no,not_applicable
3GUJ,external_fixed_batch_9,A,1,15,LEU,8,C;CA;CB;CD1;CD2;CG;N;O,C;CA;CB;CD1;CD2;CG;N;O,,8,8,no,27.4850,N,C2,no,no,not_applicable
3GUJ,external_fixed_batch_9,A,1,16,LYS,9,C;CA;CB;CD;CE;CG;N;NZ;O,C;CA;CB;CD;CE;CG;N;NZ;O,,9,18,no,27.5754,O,C2,no,no,not_applicable
3GUJ,external_fixed_batch_9,A,1,17,ILE,8,C;CA;CB;CD1;CG1;CG2;N;O,C;CA;CB;CD1;CG1;CG2;N;O,,8,8,no,27.8761,CA,C2,no,no,not_applicable
3GUJ,external_fixed_batch_9,A,1,18,TYR,12,C;CA;CB;CD1;CD2;CE1;CE2;CG;CZ;N;O;OH,C;CA;CB;CD1;CD2;CE1;CE2;CG;CZ;N;O;OH,,12,12,no,21.2821,OH,C2,no,no,not_applicable
3GUJ,external_fixed_batch_9,A,1,19,LYS,9,C;CA;CB;CD;CE;CG;N;NZ;O,C;CA;CB;CD;CE;CG;N;NZ;O,,9,9,no,24.5977,C,C2,no,no,not_applicable
3GUJ,external_fixed_batch_9,A,1,20,ASP,8,C;CA;CB;CG;N;O;OD1;OD2,C;CA;CB;CG;N;O;OD1;OD2,,8,8,no,19.4500,OD1,C2,no,no,not_applicable
3GUJ,external_fixed_batch_9,A,1,21,CYS,6,C;CA;CB;N;O;SG,C;CA;CB;N;O;SG,,6,6,no,19.1320,SG,C2,no,no,not_applicable
3GUJ,external_fixed_batch_9,A,1,22,GLU,9,C;CA;CB;CD;CG;N;O;OE1;OE2,C;CA;CB;CD;CG;N;O;OE1;OE2,,9,9,no,17.4504,OE1,C2,no,no,not_applicable
3GUJ,external_fixed_batch_9,A,1,23,GLY,4,C;CA;N;O,C;CA;N;O,,4,4,no,23.5823,N,C2,no,no,not_applicable
3GUJ,external_fixed_batch_9,A,1,24,TYR,12,C;CA;CB;CD1;CD2;CE1;CE2;CG;CZ;N;O;OH,C;CA;CB;CD1;CD2;CE1;CE2;CG;CZ;N;O;OH,,12,12,no,20.2721,CE2,C2,no,no,not_applicable
3GUJ,external_fixed_batch_9,A,1,25,TYR,12,C;CA;CB;CD1;CD2;CE1;CE2;CG;CZ;N;O;OH,C;CA;CB;CD1;CD2;CE1;CE2;CG;CZ;N;O;OH,,12,12,no,22.7735,O,C2,no,no,not_applicable
3GUJ,external_fixed_batch_9,A,1,26,THR,7,C;CA;CB;CG2;N;O;OG1,C;CA;CB;CG2;N;O;OG1,,7,7,no,20.4369,CG2,C2,no,no,not_applicable
3GUJ,external_fixed_batch_9,A,1,27,ILE,8,C;CA;CB;CD1;CG1;CG2;N;O,C;CA;CB;CD1;CG1;CG2;N;O,,8,8,no,21.5415,O,C2,no,no,not_applicable
3GUJ,external_fixed_batch_9,A,1,28,GLY,4,C;CA;N;O,C;CA;N;O,,4,4,no,21.6811,C,C2,no,no,not_applicable
3GUJ,external_fixed_batch_9,A,1,29,ILE,8,C;CA;CB;CD1;CG1;CG2;N;O,C;CA;CB;CD1;CG1;CG2;N;O,,8,8,no,17.4704,O,C2,no,no,not_applicable
3GUJ,external_fixed_batch_9,A,1,30,GLY,4,C;CA;N;O,C;CA;N;O,,4,4,no,16.6546,O,C2,no,no,not_applicable
3GUJ,external_fixed_batch_9,A,1,31,HIS,10,C;CA;CB;CD2;CE1;CG;N;ND1;NE2;O,C;CA;CB;CD2;CE1;CG;N;ND1;NE2;O,,10,10,no,18.6981,N,C2,no,no,not_applicable
3GUJ,external_fixed_batch_9,A,1,32,LEU,8,C;CA;CB;CD1;CD2;CG;N;O,C;CA;CB;CD1;CD2;CG;N;O,,8,8,no,18.0658,CD2,C2,no,no,not_applicable
3GUJ,external_fixed_batch_9,A,1,33,LEU,8,C;CA;CB;CD1;CD2;CG;N;O,C;CA;CB;CD1;CD2;CG;N;O,,8,8,no,21.6158,N,C2,no,no,not_applicable
3GUJ,external_fixed_batch_9,A,1,34,THR,7,C;CA;CB;CG2;N;O;OG1,C;CA;CB;CG2;N;O;OG1,,7,7,no,23.0737,N,C2,no,no,not_applicable
3GUJ,external_fixed_batch_9,A,1,35,LYS,9,C;CA;CB;CD;CE;CG;N;NZ;O,C;CA;CB;CD;CE;CG;N;NZ;O,,9,9,no,18.3706,NZ,C2,no,no,not_applicable
3GUJ,external_fixed_batch_9,A,1,36,SER,6,C;CA;CB;N;O;OG,C;CA;CB;N;O;OG,,6,6,no,25.8546,N,C2,no,no,not_applicable
3GUJ,external_fixed_batch_9,A,1,37,PRO,7,C;CA;CB;CD;CG;N;O,C;CA;CB;CD;CG;N;O,,7,7,no,28.8450,N,C2,no,no,not_applicable
3GUJ,external_fixed_batch_9,A,1,38,ASP,8,C;CA;CB;CG;N;O;OD1;OD2,C;CA;CB;CG;N;O;OD1;OD2,,8,8,no,30.5394,O,C2,no,no,not_applicable
3GUJ,external_fixed_batch_9,A,1,39,LEU,8,C;CA;CB;CD1;CD2;CG;N;O,C;CA;CB;CD1;CD2;CG;N;O,,8,8,no,31.1017,CD1,C2,no,no,not_applicable
3GUJ,external_fixed_batch_9,A,1,40,ASN,8,C;CA;CB;CG;N;ND2;O;OD1,C;CA;CB;CG;N;ND2;O;OD1,,8,8,no,32.4990,O,C2,no,no,not_applicable
3GUJ,external_fixed_batch_9,A,1,41,ALA,5,C;CA;CB;N;O,C;CA;CB;N;O,,5,5,no,29.1109,O,C3,no,no,not_applicable
3GUJ,external_fixed_batch_9,A,1,42,ALA,5,C;CA;CB;N;O,C;CA;CB;N;O,,5,5,no,28.0043,CB,C2,no,no,not_applicable
3GUJ,external_fixed_batch_9,A,1,43,LYS,9,C;CA;CB;CD;CE;CG;N;NZ;O,C;CA;CB;CD;CE;CG;N;NZ;O,,9,9,no,30.1496,N,C2,no,no,not_applicable
3GUJ,external_fixed_batch_9,A,1,44,SER,6,C;CA;CB;N;O;OG,C;CA;CB;N;O;OG,,6,9,no,29.6803,O,C3,no,no,not_applicable
3GUJ,external_fixed_batch_9,A,1,45,GLU,9,C;CA;CB;CD;CG;N;O;OE1;OE2,C;CA;CB;CD;CG;N;O;OE1;OE2,,9,9,no,24.9641,OE2,C3,no,no,not_applicable
3GUJ,external_fixed_batch_9,A,1,46,LEU,8,C;CA;CB;CD1;CD2;CG;N;O,C;CA;CB;CD1;CD2;CG;N;O,,8,8,no,26.6855,CD1,C3,no,no,not_applicable
3GUJ,external_fixed_batch_9,A,1,47,ASP,8,C;CA;CB;CG;N;O;OD1;OD2,C;CA;CB;CG;N;O;OD1;OD2,,8,8,no,29.4066,N,C3,no,no,not_applicable
3GUJ,external_fixed_batch_9,A,1,48,LYS,9,C;CA;CB;CD;CE;CG;N;NZ;O,C;CA;CB;CD;CE;CG;N;NZ;O,,9,9,no,27.0683,CD,C3,no,no,not_applicable
3GUJ,external_fixed_batch_9,A,1,49,ALA,5,C;CA;CB;N;O,C;CA;CB;N;O,,5,5,no,24.4977,CB,C3,no,no,not_applicable
3GUJ,external_fixed_batch_9,A,1,50,ILE,8,C;CA;CB;CD1;CG1;CG2;N;O,C;CA;CB;CD1;CG1;CG2;N;O,,8,8,no,26.2132,CD1,C3,no,no,not_applicable
3GUJ,external_fixed_batch_9,A,1,51,GLY,4,C;CA;N;O,C;CA;N;O,,4,4,no,29.3680,N,C3,no,no,not_applicable
3GUJ,external_fixed_batch_9,A,1,52,ARG,11,C;CA;CB;CD;CG;CZ;N;NE;NH1;NH2;O,C;CA;CB;CD;CG;CZ;N;NE;NH1;NH2;O,,11,11,no,31.9766,N,C3,no,no,not_applicable
3GUJ,external_fixed_batch_9,A,1,53,ASN,8,C;CA;CB;CG;N;ND2;O;OD1,C;CA;CB;CG;N;ND2;O;OD1,,8,8,no,34.5931,N,C3,no,no,not_applicable
3GUJ,external_fixed_batch_9,A,1,54,CYS,6,C;CA;CB;N;O;SG,C;CA;CB;N;O;SG,,6,6,no,30.9362,SG,C3,no,no,not_applicable
3GUJ,external_fixed_batch_9,A,1,55,ASN,8,C;CA;CB;CG;N;ND2;O;OD1,C;CA;CB;CG;N;ND2;O;OD1,,8,8,no,33.9080,C,C2,no,no,not_applicable
3GUJ,external_fixed_batch_9,A,1,56,GLY,4,C;CA;N;O,C;CA;N;O,,4,4,no,30.6311,O,C2,no,no,not_applicable
3GUJ,external_fixed_batch_9,A,1,57,VAL,7,C;CA;CB;CG1;CG2;N;O,C;CA;CB;CG1;CG2;N;O,,7,7,no,31.0789,C,C3,no,no,not_applicable
3GUJ,external_fixed_batch_9,A,1,58,ILE,8,C;CA;CB;CD1;CG1;CG2;N;O,C;CA;CB;CD1;CG1;CG2;N;O,,8,8,no,25.7600,CD1,C3,no,no,not_applicable
3GUJ,external_fixed_batch_9,A,1,59,THR,7,C;CA;CB;CG2;N;O;OG1,C;CA;CB;CG2;N;O;OG1,,7,7,no,27.8116,O,C3,no,no,not_applicable
3GUJ,external_fixed_batch_9,A,1,60,LYS,9,C;CA;CB;CD;CE;CG;N;NZ;O,C;CA;CB;CD;CE;CG;N;NZ;O,,9,9,no,25.9464,O,C3,no,no,not_applicable
3GUJ,external_fixed_batch_9,A,1,61,ASP,8,C;CA;CB;CG;N;O;OD1;OD2,C;CA;CB;CG;N;O;OD1;OD2,,8,8,no,25.7209,O,C3,no,no,not_applicable
3GUJ,external_fixed_batch_9,A,1,62,GLU,9,C;CA;CB;CD;CG;N;O;OE1;OE2,C;CA;CB;CD;CG;N;O;OE1;OE2,,9,9,no,24.2594,O,C3,no,no,not_applicable
3GUJ,external_fixed_batch_9,A,1,63,ALA,5,C;CA;CB;N;O,C;CA;CB;N;O,,5,5,no,21.7020,O,C3,no,no,not_applicable
3GUJ,external_fixed_batch_9,A,1,64,GLU,9,C;CA;CB;CD;CG;N;O;OE1;OE2,C;CA;CB;CD;CG;N;O;OE1;OE2,,9,9,no,20.9740,O,C3,no,no,not_applicable
3GUJ,external_fixed_batch_9,A,1,65,LYS,9,C;CA;CB;CD;CE;CG;N;NZ;O,C;CA;CB;CD;CE;CG;N;NZ;O,,9,9,no,20.6316,O,C3,no,no,not_applicable
3GUJ,external_fixed_batch_9,A,1,66,LEU,8,C;CA;CB;CD1;CD2;CG;N;O,C;CA;CB;CD1;CD2;CG;N;O,,8,8,no,18.2070,O,C3,no,no,not_applicable
3GUJ,external_fixed_batch_9,A,1,67,PHE,11,C;CA;CB;CD1;CD2;CE1;CE2;CG;CZ;N;O,C;CA;CB;CD1;CD2;CE1;CE2;CG;CZ;N;O,,11,11,no,15.8277,CE1,C3,no,no,not_applicable
3GUJ,external_fixed_batch_9,A,1,68,ASN,8,C;CA;CB;CG;N;ND2;O;OD1,C;CA;CB;CG;N;ND2;O;OD1,,8,8,no,16.1862,O,C3,no,no,not_applicable
3GUJ,external_fixed_batch_9,A,1,69,GLN,9,C;CA;CB;CD;CG;N;NE2;O;OE1,C;CA;CB;CD;CG;N;NE2;O;OE1,,9,9,no,15.3203,O,C3,no,no,not_applicable
3GUJ,external_fixed_batch_9,A,1,70,ASP,8,C;CA;CB;CG;N;O;OD1;OD2,C;CA;CB;CG;N;O;OD1;OD2,,8,8,no,12.3618,O,C3,no,no,not_applicable
3GUJ,external_fixed_batch_9,A,1,71,VAL,7,C;CA;CB;CG1;CG2;N;O,C;CA;CB;CG1;CG2;N;O,,7,7,no,11.1902,O,C3,no,no,not_applicable
3GUJ,external_fixed_batch_9,A,1,72,ASP,8,C;CA;CB;CG;N;O;OD1;OD2,C;CA;CB;CG;N;O;OD1;OD2,,8,8,no,12.1319,O,C3,no,no,not_applicable
3GUJ,external_fixed_batch_9,A,1,73,ALA,5,C;CA;CB;N;O,C;CA;CB;N;O,,5,5,no,10.3772,O,C3,no,no,not_applicable
3GUJ,external_fixed_batch_9,A,1,74,ALA,5,C;CA;CB;N;O,C;CA;CB;N;O,,5,5,no,7.2292,O,C3,no,yes,not_applicable
3GUJ,external_fixed_batch_9,A,1,75,VAL,7,C;CA;CB;CG1;CG2;N;O,C;CA;CB;CG1;CG2;N;O,,7,7,no,8.5783,O,C4,no,no,not_applicable
3GUJ,external_fixed_batch_9,A,1,76,ARG,11,C;CA;CB;CD;CG;CZ;N;NE;NH1;NH2;O,C;CA;CB;CD;CG;CZ;N;NE;NH1;NH2;O,,11,11,no,10.2259,C,C3,no,no,not_applicable
3GUJ,external_fixed_batch_9,A,1,77,GLY,4,C;CA;N;O,C;CA;N;O,,4,4,no,7.9112,C,C3,no,yes,not_applicable
3GUJ,external_fixed_batch_9,A,1,78,ILE,8,C;CA;CB;CD1;CG1;CG2;N;O,C;CA;CB;CD1;CG1;CG2;N;O,,8,8,no,4.1243,CD1,C3,yes,yes,not_applicable
3GUJ,external_fixed_batch_9,A,1,79,LEU,8,C;CA;CB;CD1;CD2;CG;N;O,C;CA;CB;CD1;CD2;CG;N;O,,8,8,no,7.6257,N,C4,no,yes,not_applicable
3GUJ,external_fixed_batch_9,A,1,80,ARG,11,C;CA;CB;CD;CG;CZ;N;NE;NH1;NH2;O,C;CA;CB;CD;CG;CZ;N;NE;NH1;NH2;O,,11,11,no,9.7563,N,C4,no,no,not_applicable
3GUJ,external_fixed_batch_9,A,1,81,ASN,8,C;CA;CB;CG;N;ND2;O;OD1,C;CA;CB;CG;N;ND2;O;OD1,,8,8,no,7.8238,OD1,C4,no,yes,not_applicable
3GUJ,external_fixed_batch_9,A,1,82,ALA,5,C;CA;CB;N;O,C;CA;CB;N;O,,5,5,no,9.3677,C,C4,no,no,not_applicable
3GUJ,external_fixed_batch_9,A,1,83,LYS,9,C;CA;CB;CD;CE;CG;N;NZ;O,C;CA;CB;CD;CE;CG;N;NZ;O,,9,9,no,6.1869,O,C5,no,yes,not_applicable
3GUJ,external_fixed_batch_9,A,1,84,LEU,8,C;CA;CB;CD1;CD2;CG;N;O,C;CA;CB;CD1;CD2;CG;N;O,,8,8,no,3.8803,O,C4,yes,yes,not_applicable
3GUJ,external_fixed_batch_9,A,1,85,LYS,9,C;CA;CB;CD;CE;CG;N;NZ;O,C;CA;CB;CD;CE;CG;N;NZ;O,,9,9,no,5.6843,N,C4,no,yes,not_applicable
3GUJ,external_fixed_batch_9,A,1,86,PRO,7,C;CA;CB;CD;CG;N;O,C;CA;CB;CD;CG;N;O,,7,7,no,6.6194,C,C5,no,yes,not_applicable
3GUJ,external_fixed_batch_9,A,1,87,VAL,7,C;CA;CB;CG1;CG2;N;O,C;CA;CB;CG1;CG2;N;O,,7,7,no,3.6348,CG1,C5,yes,yes,not_applicable
3GUJ,external_fixed_batch_9,A,1,88,TYR,12,C;CA;CB;CD1;CD2;CE1;CE2;CG;CZ;N;O;OH,C;CA;CB;CD1;CD2;CE1;CE2;CG;CZ;N;O;OH,,12,12,no,3.7580,N,C5,yes,yes,not_applicable
3GUJ,external_fixed_batch_9,A,1,89,ASP,8,C;CA;CB;CG;N;O;OD1;OD2,C;CA;CB;CG;N;O;OD1;OD2,,8,8,no,6.4570,N,C5,no,yes,not_applicable
3GUJ,external_fixed_batch_9,A,1,90,SER,6,C;CA;CB;N;O;OG,C;CA;CB;N;O;OG,,6,6,no,7.0515,OG,C5,no,yes,not_applicable
3GUJ,external_fixed_batch_9,A,1,91,LEU,8,C;CA;CB;CD1;CD2;CG;N;O,C;CA;CB;CD1;CD2;CG;N;O,,8,8,no,3.9347,CD1,C6,yes,yes,not_applicable
3GUJ,external_fixed_batch_9,A,1,92,ASP,8,C;CA;CB;CG;N;O;OD1;OD2,C;CA;CB;CG;N;O;OD1;OD2,,8,8,no,9.1043,O,C6,no,no,not_applicable
3GUJ,external_fixed_batch_9,A,1,93,ALA,5,C;CA;CB;N;O,C;CA;CB;N;O,,5,5,no,10.3801,O,C6,no,no,not_applicable
3GUJ,external_fixed_batch_9,A,1,94,VAL,7,C;CA;CB;CG1;CG2;N;O,C;CA;CB;CG1;CG2;N;O,,7,7,no,9.5739,O,C1,no,no,not_applicable
3GUJ,external_fixed_batch_9,A,1,95,ARG,11,C;CA;CB;CD;CG;CZ;N;NE;NH1;NH2;O,C;CA;CB;CD;CG;CZ;N;NE;NH1;NH2;O,,11,11,no,5.9590,O,C6,no,yes,not_applicable
3GUJ,external_fixed_batch_9,A,1,96,ARG,11,C;CA;CB;CD;CG;CZ;N;NE;NH1;NH2;O,C;CA;CB;CD;CG;CZ;N;NE;NH1;NH2;O,,11,11,no,6.5969,O,C3,no,yes,not_applicable
3GUJ,external_fixed_batch_9,A,1,97,CME,10,C;CA;CB;CE;CZ;N;O;OH;SD;SG,C;CA;CB;CE;CZ;N;O;OH;SD;SG,,10,10,no,7.8771,O,C2,no,yes,not_applicable
3GUJ,external_fixed_batch_9,A,1,98,ALA,5,C;CA;CB;N;O,C;CA;CB;N;O,,5,5,no,5.6560,O,C2,no,yes,not_applicable
3GUJ,external_fixed_batch_9,A,1,99,ALA,5,C;CA;CB;N;O,C;CA;CB;N;O,,5,5,no,3.5139,CB,C2,yes,yes,not_applicable
3GUJ,external_fixed_batch_9,A,1,100,ILE,8,C;CA;CB;CD1;CG1;CG2;N;O,C;CA;CB;CD1;CG1;CG2;N;O,,8,8,no,5.2919,N,C3,no,yes,not_applicable
3GUJ,external_fixed_batch_9,A,1,101,ASN,8,C;CA;CB;CG;N;ND2;O;OD1,C;CA;CB;CG;N;ND2;O;OD1,,8,8,no,7.1251,N,C2,no,yes,not_applicable
3GUJ,external_fixed_batch_9,A,1,102,GLU,9,C;CA;CB;CD;CG;N;O;OE1;OE2,C;CA;CB;CD;CG;N;O;OE1;OE2,,9,9,no,3.6291,OE1,C2,yes,yes,not_applicable
3GUJ,external_fixed_batch_9,A,1,103,VAL,7,C;CA;CB;CG1;CG2;N;O,C;CA;CB;CG1;CG2;N;O,,7,7,no,3.7487,CG2,C3,yes,yes,not_applicable
3GUJ,external_fixed_batch_9,A,1,104,PHE,11,C;CA;CB;CD1;CD2;CE1;CE2;CG;CZ;N;O,C;CA;CB;CD1;CD2;CE1;CE2;CG;CZ;N;O,,11,11,no,7.9880,N,C2,no,yes,not_applicable
3GUJ,external_fixed_batch_9,A,1,105,GLN,9,C;CA;CB;CD;CG;N;NE2;O;OE1,C;CA;CB;CD;CG;N;NE2;O;OE1,,9,9,no,9.5495,N,C2,no,no,not_applicable
3GUJ,external_fixed_batch_9,A,1,106,MET,8,C;CA;CB;CE;CG;N;O;SD,C;CA;CB;CE;CG;N;O;SD,,8,8,no,8.1132,SD,C2,no,no,not_applicable
3GUJ,external_fixed_batch_9,A,1,107,GLY,4,C;CA;N;O,C;CA;N;O,,4,4,no,7.8923,O,C3,no,yes,not_applicable
3GUJ,external_fixed_batch_9,A,1,108,VAL,7,C;CA;CB;CG1;CG2;N;O,C;CA;CB;CG1;CG2;N;O,,7,7,no,7.5407,O,C3,no,yes,not_applicable
3GUJ,external_fixed_batch_9,A,1,109,THR,7,C;CA;CB;CG2;N;O;OG1,C;CA;CB;CG2;N;O;OG1,,7,7,no,9.5547,N,C3,no,no,not_applicable
3GUJ,external_fixed_batch_9,A,1,110,GLY,4,C;CA;N;O,C;CA;N;O,,4,4,no,8.4588,C,C2,no,no,not_applicable
3GUJ,external_fixed_batch_9,A,1,111,VAL,7,C;CA;CB;CG1;CG2;N;O,C;CA;CB;CG1;CG2;N;O,,7,7,no,3.5539,CG1,C2,yes,yes,not_applicable
3GUJ,external_fixed_batch_9,A,1,112,ALA,5,C;CA;CB;N;O,C;CA;CB;N;O,,5,5,no,6.8579,N,C3,no,yes,not_applicable
3GUJ,external_fixed_batch_9,A,1,113,GLY,4,C;CA;N;O,C;CA;N;O,,4,4,no,9.1356,N,C2,no,no,not_applicable
3GUJ,external_fixed_batch_9,A,1,114,PHE,11,C;CA;CB;CD1;CD2;CE1;CE2;CG;CZ;N;O,C;CA;CB;CD1;CD2;CE1;CE2;CG;CZ;N;O,,11,11,no,7.7614,O,C1,no,yes,not_applicable
3GUJ,external_fixed_batch_9,A,1,115,THR,7,C;CA;CB;CG2;N;O;OG1,C;CA;CB;CG2;N;O;OG1,,7,7,no,9.3443,O,C6,no,no,not_applicable
3GUJ,external_fixed_batch_9,A,1,116,ASN,8,C;CA;CB;CG;N;ND2;O;OD1,C;CA;CB;CG;N;ND2;O;OD1,,8,8,no,9.7370,O,C6,no,no,not_applicable
3GUJ,external_fixed_batch_9,A,1,117,VAL,7,C;CA;CB;CG1;CG2;N;O,C;CA;CB;CG1;CG2;N;O,,7,7,no,6.4854,CG1,C1,no,yes,not_applicable
3GUJ,external_fixed_batch_9,A,1,118,LEU,8,C;CA;CB;CD1;CD2;CG;N;O,C;CA;CB;CD1;CD2;CG;N;O,,8,8,no,3.8023,CD2,C6,yes,yes,not_applicable
3GUJ,external_fixed_batch_9,A,1,119,ARG,11,C;CA;CB;CD;CG;CZ;N;NE;NH1;NH2;O,C;CA;CB;CD;CG;CZ;N;NE;NH1;NH2;O,,11,11,no,7.9452,N,C6,no,yes,not_applicable
3GUJ,external_fixed_batch_9,A,1,120,MET,8,C;CA;CB;CE;CG;N;O;SD,C;CA;CB;CE;CG;N;O;SD,,8,8,no,8.7413,C,C6,no,no,not_applicable
3GUJ,external_fixed_batch_9,A,1,121,LEU,8,C;CA;CB;CD1;CD2;CG;N;O,C;CA;CB;CD1;CD2;CG;N;O,,8,8,no,3.8679,CD1,C6,yes,yes,not_applicable
3GUJ,external_fixed_batch_9,A,1,122,GLN,9,C;CA;CB;CD;CG;N;NE2;O;OE1,C;CA;CB;CD;CG;N;NE2;O;OE1,,9,9,no,7.1528,N,C6,no,yes,not_applicable
3GUJ,external_fixed_batch_9,A,1,123,GLN,9,C;CA;CB;CD;CG;N;NE2;O;OE1,C;CA;CB;CD;CG;N;NE2;O;OE1,,9,9,no,9.8722,N,C6,no,no,not_applicable
3GUJ,external_fixed_batch_9,A,1,124,LYS,9,C;CA;CB;CD;CE;CG;N;NZ;O,C;CA;CB;CD;CE;CG;N;NZ;O,,9,9,no,10.4559,NZ,C6,no,no,not_applicable
3GUJ,external_fixed_batch_9,A,1,125,ARG,11,C;CA;CB;CD;CG;CZ;N;NE;NH1;NH2;O,C;CA;CB;CD;CG;CZ;N;NE;NH1;NH2;O,,11,11,no,11.3838,O,C6,no,no,not_applicable
3GUJ,external_fixed_batch_9,A,1,126,TRP,14,C;CA;CB;CD1;CD2;CE2;CE3;CG;CH2;CZ2;CZ3;N;NE1;O,C;CA;CB;CD1;CD2;CE2;CE3;CG;CH2;CZ2;CZ3;N;NE1;O,,14,14,no,8.4020,CZ3,C6,no,no,not_applicable
3GUJ,external_fixed_batch_9,A,1,127,ASP,8,C;CA;CB;CG;N;O;OD1;OD2,C;CA;CB;CG;N;O;OD1;OD2,,8,8,no,13.5222,N,C6,no,no,not_applicable
3GUJ,external_fixed_batch_9,A,1,128,GLU,9,C;CA;CB;CD;CG;N;O;OE1;OE2,C;CA;CB;CD;CG;N;O;OE1;OE2,,9,9,no,12.4271,C,C1,no,no,not_applicable
3GUJ,external_fixed_batch_9,A,1,129,ALA,5,C;CA;CB;N;O,C;CA;CB;N;O,,5,5,no,8.9551,CB,C1,no,no,not_applicable
3GUJ,external_fixed_batch_9,A,1,130,ALA,5,C;CA;CB;N;O,C;CA;CB;N;O,,5,5,no,10.9264,N,C1,no,no,not_applicable
3GUJ,external_fixed_batch_9,A,1,131,VAL,7,C;CA;CB;CG1;CG2;N;O,C;CA;CB;CG1;CG2;N;O,,7,7,no,13.3694,N,C1,no,no,not_applicable
3GUJ,external_fixed_batch_9,A,1,132,ASN,8,C;CA;CB;CG;N;ND2;O;OD1,C;CA;CB;CG;N;ND2;O;OD1,,8,8,no,12.0244,C,C1,no,no,not_applicable
3GUJ,external_fixed_batch_9,A,1,133,LEU,8,C;CA;CB;CD1;CD2;CG;N;O,C;CA;CB;CD1;CD2;CG;N;O,,8,8,no,7.5118,CD1,C1,no,yes,not_applicable
3GUJ,external_fixed_batch_9,A,1,134,ALA,5,C;CA;CB;N;O,C;CA;CB;N;O,,5,5,no,12.8976,N,C1,no,no,not_applicable
3GUJ,external_fixed_batch_9,A,1,135,LYS,9,C;CA;CB;CD;CE;CG;N;NZ;O,C;CA;CB;CD;CE;CG;N;NZ;O,,9,9,no,14.7656,N,C1,no,no,not_applicable
3GUJ,external_fixed_batch_9,A,1,136,SER,6,C;CA;CB;N;O;OG,C;CA;CB;N;O;OG,,6,6,no,12.2613,OG,C2,no,no,not_applicable
3GUJ,external_fixed_batch_9,A,1,137,ARG,11,C;CA;CB;CD;CG;CZ;N;NE;NH1;NH2;O,C;CA;CB;CD;CG;CZ;N;NE;NH1;NH2;O,,11,11,no,15.1231,N,C2,no,no,not_applicable
3GUJ,external_fixed_batch_9,A,1,138,TRP,14,C;CA;CB;CD1;CD2;CE2;CE3;CG;CH2;CZ2;CZ3;N;NE1;O,C;CA;CB;CD1;CD2;CE2;CE3;CG;CH2;CZ2;CZ3;N;NE1;O,,14,14,no,8.9623,CH2,C2,no,no,not_applicable
3GUJ,external_fixed_batch_9,A,1,139,TYR,12,C;CA;CB;CD1;CD2;CE1;CE2;CG;CZ;N;O;OH,C;CA;CB;CD1;CD2;CE1;CE2;CG;CZ;N;O;OH,,12,12,no,13.5763,N,C2,no,no,not_applicable
3GUJ,external_fixed_batch_9,A,1,140,ASN,8,C;CA;CB;CG;N;ND2;O;OD1,C;CA;CB;CG;N;ND2;O;OD1,,8,8,no,16.3254,N,C2,no,no,not_applicable
3GUJ,external_fixed_batch_9,A,1,141,GLN,9,C;CA;CB;CD;CG;N;NE2;O;OE1,C;CA;CB;CD;CG;N;NE2;O;OE1,,9,9,no,18.0666,N,C2,no,no,not_applicable
3GUJ,external_fixed_batch_9,A,1,142,CYS,6,C;CA;CB;N;O;SG,C;CA;CB;N;O;SG,,6,6,no,16.3843,O,C2,no,no,not_applicable
3GUJ,external_fixed_batch_9,A,1,143,PRO,7,C;CA;CB;CD;CG;N;O,C;CA;CB;CD;CG;N;O,,7,7,no,16.6209,O,C2,no,no,not_applicable
3GUJ,external_fixed_batch_9,A,1,144,ASP,8,C;CA;CB;CG;N;O;OD1;OD2,C;CA;CB;CG;N;O;OD1;OD2,,8,8,no,17.3177,O,C2,no,no,not_applicable
3GUJ,external_fixed_batch_9,A,1,145,ARG,11,C;CA;CB;CD;CG;CZ;N;NE;NH1;NH2;O,C;CA;CB;CD;CG;CZ;N;NE;NH1;NH2;O,,11,11,no,13.6392,O,C2,no,no,not_applicable
3GUJ,external_fixed_batch_9,A,1,146,ALA,5,C;CA;CB;N;O,C;CA;CB;N;O,,5,5,no,12.1697,O,C1,no,no,not_applicable
3GUJ,external_fixed_batch_9,A,1,147,LYS,9,C;CA;CB;CD;CE;CG;N;NZ;O,C;CA;CB;CD;CE;CG;N;NZ;O,,9,9,no,13.8986,O,C1,no,no,not_applicable
3GUJ,external_fixed_batch_9,A,1,148,ARG,11,C;CA;CB;CD;CG;CZ;N;NE;NH1;NH2;O,C;CA;CB;CD;CG;CZ;N;NE;NH1;NH2;O,,11,11,no,12.4862,O,C1,no,no,not_applicable
3GUJ,external_fixed_batch_9,A,1,149,VAL,7,C;CA;CB;CG1;CG2;N;O,C;CA;CB;CG1;CG2;N;O,,7,7,no,8.1131,CG1,C1,no,no,not_applicable
3GUJ,external_fixed_batch_9,A,1,150,ILE,8,C;CA;CB;CD1;CG1;CG2;N;O,C;CA;CB;CD1;CG1;CG2;N;O,,8,8,no,10.5898,N,C1,no,no,not_applicable
3GUJ,external_fixed_batch_9,A,1,151,THR,7,C;CA;CB;CG2;N;O;OG1,C;CA;CB;CG2;N;O;OG1,,7,7,no,12.4779,N,C1,no,no,not_applicable
3GUJ,external_fixed_batch_9,A,1,152,THR,7,C;CA;CB;CG2;N;O;OG1,C;CA;CB;CG2;N;O;OG1,,7,7,no,10.4870,C,C1,no,no,not_applicable
3GUJ,external_fixed_batch_9,A,1,153,PHE,11,C;CA;CB;CD1;CD2;CE1;CE2;CG;CZ;N;O,C;CA;CB;CD1;CD2;CE1;CE2;CG;CZ;N;O,,11,11,no,4.2214,CZ,C1,yes,yes,not_applicable
3GUJ,external_fixed_batch_9,A,1,154,ARG,11,C;CA;CB;CD;CG;CZ;N;NE;NH1;NH2;O,C;CA;CB;CD;CG;CZ;N;NE;NH1;NH2;O,,11,11,no,11.1394,N,C1,no,no,not_applicable
3GUJ,external_fixed_batch_9,A,1,155,THR,7,C;CA;CB;CG2;N;O;OG1,C;CA;CB;CG2;N;O;OG1,,7,7,no,13.2625,N,C1,no,no,not_applicable
3GUJ,external_fixed_batch_9,A,1,156,GLY,4,C;CA;N;O,C;CA;N;O,,4,4,no,12.5510,CA,C6,no,no,not_applicable
3GUJ,external_fixed_batch_9,A,1,157,THR,7,C;CA;CB;CG2;N;O;OG1,C;CA;CB;CG2;N;O;OG1,,7,7,no,14.3535,O,C1,no,no,not_applicable
3GUJ,external_fixed_batch_9,A,1,158,TRP,14,C;CA;CB;CD1;CD2;CE2;CE3;CG;CH2;CZ2;CZ3;N;NE1;O,C;CA;CB;CD1;CD2;CE2;CE3;CG;CH2;CZ2;CZ3;N;NE1;O,,14,14,no,13.4623,CH2,C1,no,no,not_applicable
3GUJ,external_fixed_batch_9,A,1,159,ASP,8,C;CA;CB;CG;N;O;OD1;OD2,C;CA;CB;CG;N;O;OD1;OD2,,8,8,no,17.5843,N,C1,no,no,not_applicable
3GUJ,external_fixed_batch_9,A,1,160,ALA,5,C;CA;CB;N;O,C;CA;CB;N;O,,5,5,no,16.2230,CB,C1,no,no,not_applicable
3GUJ,external_fixed_batch_9,A,1,161,TYR,12,C;CA;CB;CD1;CD2;CE1;CE2;CG;CZ;N;O;OH,C;CA;CB;CD1;CD2;CE1;CE2;CG;CZ;N;O;OH,,12,12,no,12.7212,OH,C2,no,no,not_applicable
3GUJ,external_fixed_batch_9,A,1,162,LYS,9,C;CA;CB;CD;CE;CG;N;NZ;O,C;CA;CB;CD;CE;CG;N;NZ;O,,9,9,no,20.2158,N,C1,no,no,not_applicable
3HH4,external_fixed_batch_9,A,1,1,MET,8,C;CA;CB;CE;CG;N;O;SD,C;CA;CB;CE;CG;N;O;SD,,8,8,no,16.8896,CG,C5,no,no,not_applicable
3HH4,external_fixed_batch_9,A,1,2,ASN,8,C;CA;CB;CG;N;ND2;O;OD1,C;CA;CB;CG;N;ND2;O;OD1,,8,8,no,15.1452,C,C4,no,no,not_applicable
3HH4,external_fixed_batch_9,A,1,3,ILE,8,C;CA;CB;CD1;CG1;CG2;N;O,C;CA;CB;CD1;CG1;CG2;N;O,,8,8,no,10.6335,CD1,C4,no,no,not_applicable
3HH4,external_fixed_batch_9,A,1,4,PHE,11,C;CA;CB;CD1;CD2;CE1;CE2;CG;CZ;N;O,C;CA;CB;CD1;CD2;CE1;CE2;CG;CZ;N;O,,11,11,no,15.3013,N,C3,no,no,not_applicable
3HH4,external_fixed_batch_9,A,1,5,GLU,9,C;CA;CB;CD;CG;N;O;OE1;OE2,C;CA;CB;CD;CG;N;O;OE1;OE2,,9,9,no,17.1807,C,C4,no,no,not_applicable
3HH4,external_fixed_batch_9,A,1,6,MET,8,C;CA;CB;CE;CG;N;O;SD,C;CA;CB;CE;CG;N;O;SD,,8,8,no,10.8129,CE,C5,no,no,not_applicable
3HH4,external_fixed_batch_9,A,1,7,LEU,8,C;CA;CB;CD1;CD2;CG;N;O,C;CA;CB;CD1;CD2;CG;N;O,,8,8,no,11.9371,CD1,C4,no,no,not_applicable
3HH4,external_fixed_batch_9,A,1,8,ARG,11,C;CA;CB;CD;CG;CZ;N;NE;NH1;NH2;O,C;CA;CB;CD;CG;CZ;N;NE;NH1;NH2;O,,11,11,no,16.8923,N,C4,no,no,not_applicable
3HH4,external_fixed_batch_9,A,1,9,ILE,8,C;CA;CB;CD1;CG1;CG2;N;O,C;CA;CB;CD1;CG1;CG2;N;O,,8,8,no,18.0861,C,C4,no,no,not_applicable
3HH4,external_fixed_batch_9,A,1,10,ASP,8,C;CA;CB;CG;N;O;OD1;OD2,C;CA;CB;CG;N;O;OD1;OD2,,8,8,no,13.1528,OD2,C4,no,no,not_applicable
3HH4,external_fixed_batch_9,A,1,11,GLU,9,C;CA;CB;CD;CG;N;O;OE1;OE2,C;CA;CB;CD;CG;N;O;OE1;OE2,,9,9,no,14.1220,OE2,C4,no,no,not_applicable
3HH4,external_fixed_batch_9,A,1,12,GLY,4,C;CA;N;O,C;CA;N;O,,4,4,no,19.7566,N,C4,no,no,not_applicable
3HH4,external_fixed_batch_9,A,1,13,LEU,8,C;CA;CB;CD1;CD2;CG;N;O,C;CA;CB;CD1;CD2;CG;N;O,,8,8,no,22.9068,N,C4,no,no,not_applicable
3HH4,external_fixed_batch_9,A,1,14,ARG,11,C;CA;CB;CD;CG;CZ;N;NE;NH1;NH2;O,C;CA;CB;CD;CG;CZ;N;NE;NH1;NH2;O,,11,22,no,22.0674,NH2,C4,no,no,not_applicable
3HH4,external_fixed_batch_9,A,1,15,LEU,8,C;CA;CB;CD1;CD2;CG;N;O,C;CA;CB;CD1;CD2;CG;N;O,,8,8,no,27.6873,N,C4,no,no,not_applicable
3HH4,external_fixed_batch_9,A,1,16,LYS,9,C;CA;CB;CD;CE;CG;N;NZ;O,C;CA;CB;CD;CE;CG;N;NZ;O,,9,18,no,27.4748,O,C4,no,no,not_applicable
3HH4,external_fixed_batch_9,A,1,17,ILE,8,C;CA;CB;CD1;CG1;CG2;N;O,C;CA;CB;CD1;CG1;CG2;N;O,,8,8,no,27.7417,C,C4,no,no,not_applicable
3HH4,external_fixed_batch_9,A,1,18,TYR,12,C;CA;CB;CD1;CD2;CE1;CE2;CG;CZ;N;O;OH,C;CA;CB;CD1;CD2;CE1;CE2;CG;CZ;N;O;OH,,12,12,no,20.8861,OH,C4,no,no,not_applicable
3HH4,external_fixed_batch_9,A,1,19,LYS,9,C;CA;CB;CD;CE;CG;N;NZ;O,C;CA;CB;CD;CE;CG;N;NZ;O,,9,9,no,23.4761,C,C4,no,no,not_applicable
3HH4,external_fixed_batch_9,A,1,20,ASP,8,C;CA;CB;CG;N;O;OD1;OD2,C;CA;CB;CG;N;O;OD1;OD2,,8,8,no,18.6652,OD2,C4,no,no,not_applicable
3HH4,external_fixed_batch_9,A,1,21,THR,7,C;CA;CB;CG2;N;O;OG1,C;CA;CB;CG2;N;O;OG1,,7,7,no,17.8319,OG1,C4,no,no,not_applicable
3HH4,external_fixed_batch_9,A,1,22,GLU,9,C;CA;CB;CD;CG;N;O;OE1;OE2,C;CA;CB;CD;CG;N;O;OE1;OE2,,9,9,no,17.5462,OE2,C4,no,no,not_applicable
3HH4,external_fixed_batch_9,A,1,23,GLY,4,C;CA;N;O,C;CA;N;O,,4,4,no,22.4230,N,C4,no,no,not_applicable
3HH4,external_fixed_batch_9,A,1,24,TYR,12,C;CA;CB;CD1;CD2;CE1;CE2;CG;CZ;N;O;OH,C;CA;CB;CD1;CD2;CE1;CE2;CG;CZ;N;O;OH,,12,12,no,19.5560,CE2,C4,no,no,not_applicable
3HH4,external_fixed_batch_9,A,1,25,TYR,12,C;CA;CB;CD1;CD2;CE1;CE2;CG;CZ;N;O;OH,C;CA;CB;CD1;CD2;CE1;CE2;CG;CZ;N;O;OH,,12,12,no,22.5558,O,C3,no,no,not_applicable
3HH4,external_fixed_batch_9,A,1,26,THR,7,C;CA;CB;CG2;N;O;OG1,C;CA;CB;CG2;N;O;OG1,,7,7,no,20.4715,CG2,C4,no,no,not_applicable
3HH4,external_fixed_batch_9,A,1,27,ILE,8,C;CA;CB;CD1;CG1;CG2;N;O,C;CA;CB;CD1;CG1;CG2;N;O,,8,8,no,21.6382,O,C3,no,no,not_applicable
3HH4,external_fixed_batch_9,A,1,28,GLY,4,C;CA;N;O,C;CA;N;O,,4,4,no,22.0058,C,C4,no,no,not_applicable
3HH4,external_fixed_batch_9,A,1,29,ILE,8,C;CA;CB;CD1;CG1;CG2;N;O,C;CA;CB;CD1;CG1;CG2;N;O,,8,8,no,17.6810,O,C3,no,no,not_applicable
3HH4,external_fixed_batch_9,A,1,30,GLY,4,C;CA;N;O,C;CA;N;O,,4,4,no,16.7938,O,C3,no,no,not_applicable
3HH4,external_fixed_batch_9,A,1,31,HIS,10,C;CA;CB;CD2;CE1;CG;N;ND1;NE2;O,C;CA;CB;CD2;CE1;CG;N;ND1;NE2;O,,10,10,no,18.8225,CA,C3,no,no,not_applicable
3HH4,external_fixed_batch_9,A,1,32,LEU,8,C;CA;CB;CD1;CD2;CG;N;O,C;CA;CB;CD1;CD2;CG;N;O,,8,8,no,17.4328,CD2,C3,no,no,not_applicable
3HH4,external_fixed_batch_9,A,1,33,LEU,8,C;CA;CB;CD1;CD2;CG;N;O,C;CA;CB;CD1;CD2;CG;N;O,,8,8,no,21.1880,N,C3,no,no,not_applicable
3HH4,external_fixed_batch_9,A,1,34,THR,7,C;CA;CB;CG2;N;O;OG1,C;CA;CB;CG2;N;O;OG1,,7,7,no,22.3592,N,C3,no,no,not_applicable
3HH4,external_fixed_batch_9,A,1,35,LYS,9,C;CA;CB;CD;CE;CG;N;NZ;O,C;CA;CB;CD;CE;CG;N;NZ;O,,9,9,no,17.3382,NZ,C3,no,no,not_applicable
3HH4,external_fixed_batch_9,A,1,36,SER,6,C;CA;CB;N;O;OG,C;CA;CB;N;O;OG,,6,6,no,24.9625,N,C3,no,no,not_applicable
3HH4,external_fixed_batch_9,A,1,37,PRO,7,C;CA;CB;CD;CG;N;O,C;CA;CB;CD;CG;N;O,,7,7,no,28.0234,N,C4,no,no,not_applicable
3HH4,external_fixed_batch_9,A,1,38,SER,6,C;CA;CB;N;O;OG,C;CA;CB;N;O;OG,,6,6,no,29.6051,O,C3,no,no,not_applicable
3HH4,external_fixed_batch_9,A,1,39,LEU,8,C;CA;CB;CD1;CD2;CG;N;O,C;CA;CB;CD1;CD2;CG;N;O,,8,8,no,30.8341,CD1,C3,no,no,not_applicable
3HH4,external_fixed_batch_9,A,1,40,ASN,8,C;CA;CB;CG;N;ND2;O;OD1,C;CA;CB;CG;N;ND2;O;OD1,,8,8,no,31.6558,O,C3,no,no,not_applicable
3HH4,external_fixed_batch_9,A,1,41,ALA,5,C;CA;CB;N;O,C;CA;CB;N;O,,5,5,no,28.3648,O,C3,no,no,not_applicable
3HH4,external_fixed_batch_9,A,1,42,ALA,5,C;CA;CB;N;O,C;CA;CB;N;O,,5,5,no,27.4768,CB,C3,no,no,not_applicable
3HH4,external_fixed_batch_9,A,1,43,LYS,9,C;CA;CB;CD;CE;CG;N;NZ;O,C;CA;CB;CD;CE;CG;N;NZ;O,,9,24,no,29.4987,N,C3,no,no,not_applicable
3HH4,external_fixed_batch_9,A,1,44,SER,6,C;CA;CB;N;O;OG,C;CA;CB;N;O;OG,,6,9,no,29.0378,C,C3,no,no,not_applicable
3HH4,external_fixed_batch_9,A,1,45,GLU,9,C;CA;CB;CD;CG;N;O;OE1;OE2,C;CA;CB;CD;CG;N;O;OE1;OE2,,9,9,no,24.3267,OE1,C3,no,no,not_applicable
3HH4,external_fixed_batch_9,A,1,46,LEU,8,C;CA;CB;CD1;CD2;CG;N;O,C;CA;CB;CD1;CD2;CG;N;O,,8,8,no,26.6570,CD1,C3,no,no,not_applicable
3HH4,external_fixed_batch_9,A,1,47,ASP,8,C;CA;CB;CG;N;O;OD1;OD2,C;CA;CB;CG;N;O;OD1;OD2,,8,8,no,29.0469,N,C3,no,no,not_applicable
3HH4,external_fixed_batch_9,A,1,48,LYS,9,C;CA;CB;CD;CE;CG;N;NZ;O,C;CA;CB;CD;CE;CG;N;NZ;O,,9,9,no,24.8838,NZ,C3,no,no,not_applicable
3HH4,external_fixed_batch_9,A,1,49,ALA,5,C;CA;CB;N;O,C;CA;CB;N;O,,5,5,no,24.3039,CB,C3,no,no,not_applicable
3HH4,external_fixed_batch_9,A,1,50,ILE,8,C;CA;CB;CD1;CG1;CG2;N;O,C;CA;CB;CD1;CG1;CG2;N;O,,8,8,no,26.4746,CD1,C3,no,no,not_applicable
3HH4,external_fixed_batch_9,A,1,51,GLY,4,C;CA;N;O,C;CA;N;O,,4,4,no,29.3262,N,C3,no,no,not_applicable
3HH4,external_fixed_batch_9,A,1,52,ARG,11,C;CA;CB;CD;CG;CZ;N;NE;NH1;NH2;O,C;CA;CB;CD;CG;CZ;N;NE;NH1;NH2;O,,11,11,no,31.9685,N,C3,no,no,not_applicable
3HH4,external_fixed_batch_9,A,1,53,ASN,8,C;CA;CB;CG;N;ND2;O;OD1,C;CA;CB;CG;N;ND2;O;OD1,,8,8,no,34.6354,N,C3,no,no,not_applicable
3HH4,external_fixed_batch_9,A,1,54,THR,7,C;CA;CB;CG2;N;O;OG1,C;CA;CB;CG2;N;O;OG1,,7,14,no,31.1713,OG1,C3,no,no,not_applicable
3HH4,external_fixed_batch_9,A,1,55,ASN,8,C;CA;CB;CG;N;ND2;O;OD1,C;CA;CB;CG;N;ND2;O;OD1,,8,16,no,33.4469,C,C3,no,no,not_applicable
3HH4,external_fixed_batch_9,A,1,56,GLY,4,C;CA;N;O,C;CA;N;O,,4,8,no,30.5201,O,C3,no,no,not_applicable
3HH4,external_fixed_batch_9,A,1,57,VAL,7,C;CA;CB;CG1;CG2;N;O,C;CA;CB;CG1;CG2;N;O,,7,7,no,31.2712,C,C3,no,no,not_applicable
3HH4,external_fixed_batch_9,A,1,58,ILE,8,C;CA;CB;CD1;CG1;CG2;N;O,C;CA;CB;CD1;CG1;CG2;N;O,,8,8,no,26.0247,CD1,C3,no,no,not_applicable
3HH4,external_fixed_batch_9,A,1,59,THR,7,C;CA;CB;CG2;N;O;OG1,C;CA;CB;CG2;N;O;OG1,,7,7,no,27.9948,O,C3,no,no,not_applicable
3HH4,external_fixed_batch_9,A,1,60,LYS,9,C;CA;CB;CD;CE;CG;N;NZ;O,C;CA;CB;CD;CE;CG;N;NZ;O,,9,9,no,26.2476,O,C3,no,no,not_applicable
3HH4,external_fixed_batch_9,A,1,61,ASP,8,C;CA;CB;CG;N;O;OD1;OD2,C;CA;CB;CG;N;O;OD1;OD2,,8,8,no,26.0306,O,C3,no,no,not_applicable
3HH4,external_fixed_batch_9,A,1,62,GLU,9,C;CA;CB;CD;CG;N;O;OE1;OE2,C;CA;CB;CD;CG;N;O;OE1;OE2,,9,9,no,24.5139,O,C3,no,no,not_applicable
3HH4,external_fixed_batch_9,A,1,63,ALA,5,C;CA;CB;N;O,C;CA;CB;N;O,,5,5,no,21.9280,O,C3,no,no,not_applicable
3HH4,external_fixed_batch_9,A,1,64,GLU,9,C;CA;CB;CD;CG;N;O;OE1;OE2,C;CA;CB;CD;CG;N;O;OE1;OE2,,9,9,no,21.3063,O,C3,no,no,not_applicable
3HH4,external_fixed_batch_9,A,1,65,LYS,9,C;CA;CB;CD;CE;CG;N;NZ;O,C;CA;CB;CD;CE;CG;N;NZ;O,,9,15,no,20.9250,O,C3,no,no,not_applicable
3HH4,external_fixed_batch_9,A,1,66,LEU,8,C;CA;CB;CD1;CD2;CG;N;O,C;CA;CB;CD1;CD2;CG;N;O,,8,8,no,18.4650,O,C3,no,no,not_applicable
3HH4,external_fixed_batch_9,A,1,67,PHE,11,C;CA;CB;CD1;CD2;CE1;CE2;CG;CZ;N;O,C;CA;CB;CD1;CD2;CE1;CE2;CG;CZ;N;O,,11,11,no,15.9550,CE1,C3,no,no,not_applicable
3HH4,external_fixed_batch_9,A,1,68,ASN,8,C;CA;CB;CG;N;ND2;O;OD1,C;CA;CB;CG;N;ND2;O;OD1,,8,13,no,16.5564,O,C3,no,no,not_applicable
3HH4,external_fixed_batch_9,A,1,69,GLN,9,C;CA;CB;CD;CG;N;NE2;O;OE1,C;CA;CB;CD;CG;N;NE2;O;OE1,,9,9,no,15.5859,O,C3,no,no,not_applicable
3HH4,external_fixed_batch_9,A,1,70,ASP,8,C;CA;CB;CG;N;O;OD1;OD2,C;CA;CB;CG;N;O;OD1;OD2,,8,8,no,12.5814,O,C3,no,no,not_applicable
3HH4,external_fixed_batch_9,A,1,71,VAL,7,C;CA;CB;CG1;CG2;N;O,C;CA;CB;CG1;CG2;N;O,,7,7,no,11.4265,O,C3,no,no,not_applicable
3HH4,external_fixed_batch_9,A,1,72,ASP,8,C;CA;CB;CG;N;O;OD1;OD2,C;CA;CB;CG;N;O;OD1;OD2,,8,8,no,12.3575,O,C3,no,no,not_applicable
3HH4,external_fixed_batch_9,A,1,73,ALA,5,C;CA;CB;N;O,C;CA;CB;N;O,,5,5,no,10.8351,O,C3,no,no,not_applicable
3HH4,external_fixed_batch_9,A,1,74,ALA,5,C;CA;CB;N;O,C;CA;CB;N;O,,5,5,no,7.6189,O,C3,no,yes,not_applicable
3HH4,external_fixed_batch_9,A,1,75,VAL,7,C;CA;CB;CG1;CG2;N;O,C;CA;CB;CG1;CG2;N;O,,7,7,no,8.5015,O,C2,no,no,not_applicable
3HH4,external_fixed_batch_9,A,1,76,ARG,11,C;CA;CB;CD;CG;CZ;N;NE;NH1;NH2;O,C;CA;CB;CD;CG;CZ;N;NE;NH1;NH2;O,,11,19,no,10.2346,C,C2,no,no,not_applicable
3HH4,external_fixed_batch_9,A,1,77,GLY,4,C;CA;N;O,C;CA;N;O,,4,4,no,8.0359,C,C2,no,no,not_applicable
3HH4,external_fixed_batch_9,A,1,78,ILE,8,C;CA;CB;CD1;CG1;CG2;N;O,C;CA;CB;CD1;CG1;CG2;N;O,,8,8,no,4.4277,CD1,C3,yes,yes,not_applicable
3HH4,external_fixed_batch_9,A,1,79,LEU,8,C;CA;CB;CD1;CD2;CG;N;O,C;CA;CB;CD1;CD2;CG;N;O,,8,8,no,7.7210,N,C2,no,yes,not_applicable
3HH4,external_fixed_batch_9,A,1,80,ARG,11,C;CA;CB;CD;CG;CZ;N;NE;NH1;NH2;O,C;CA;CB;CD;CG;CZ;N;NE;NH1;NH2;O,,11,19,no,9.8102,N,C2,no,no,not_applicable
3HH4,external_fixed_batch_9,A,1,81,ASN,8,C;CA;CB;CG;N;ND2;O;OD1,C;CA;CB;CG;N;ND2;O;OD1,,8,8,no,7.7905,OD1,C2,no,yes,not_applicable
3HH4,external_fixed_batch_9,A,1,82,ALA,5,C;CA;CB;N;O,C;CA;CB;N;O,,5,5,no,9.2985,C,C2,no,no,not_applicable
3HH4,external_fixed_batch_9,A,1,83,LYS,9,C;CA;CB;CD;CE;CG;N;NZ;O,C;CA;CB;CD;CE;CG;N;NZ;O,,9,15,no,6.2690,O,C1,no,yes,not_applicable
3HH4,external_fixed_batch_9,A,1,84,LEU,8,C;CA;CB;CD1;CD2;CG;N;O,C;CA;CB;CD1;CD2;CG;N;O,,8,8,no,3.9216,CD2,C3,yes,yes,not_applicable
3HH4,external_fixed_batch_9,A,1,85,LYS,9,C;CA;CB;CD;CE;CG;N;NZ;O,C;CA;CB;CD;CE;CG;N;NZ;O,,9,9,no,5.7330,N,C2,no,yes,not_applicable
3HH4,external_fixed_batch_9,A,1,86,PRO,7,C;CA;CB;CD;CG;N;O,C;CA;CB;CD;CG;N;O,,7,7,no,6.6009,C,C1,no,yes,not_applicable
3HH4,external_fixed_batch_9,A,1,87,VAL,7,C;CA;CB;CG1;CG2;N;O,C;CA;CB;CG1;CG2;N;O,,7,7,no,3.7457,CG1,C6,yes,yes,not_applicable
3HH4,external_fixed_batch_9,A,1,88,TYR,12,C;CA;CB;CD1;CD2;CE1;CE2;CG;CZ;N;O;OH,C;CA;CB;CD1;CD2;CE1;CE2;CG;CZ;N;O;OH,,12,12,no,3.7794,N,C1,yes,yes,not_applicable
3HH4,external_fixed_batch_9,A,1,89,ASP,8,C;CA;CB;CG;N;O;OD1;OD2,C;CA;CB;CG;N;O;OD1;OD2,,8,8,no,6.4054,N,C1,no,yes,not_applicable
3HH4,external_fixed_batch_9,A,1,90,SER,6,C;CA;CB;N;O;OG,C;CA;CB;N;O;OG,,6,6,no,7.1493,OG,C1,no,yes,not_applicable
3HH4,external_fixed_batch_9,A,1,91,LEU,8,C;CA;CB;CD1;CD2;CG;N;O,C;CA;CB;CD1;CD2;CG;N;O,,8,8,no,4.0733,CD1,C6,yes,yes,not_applicable
3HH4,external_fixed_batch_9,A,1,92,ASP,8,C;CA;CB;CG;N;O;OD1;OD2,C;CA;CB;CG;N;O;OD1;OD2,,8,8,no,9.1240,O,C6,no,no,not_applicable
3HH4,external_fixed_batch_9,A,1,93,ALA,5,C;CA;CB;N;O,C;CA;CB;N;O,,5,5,no,10.6189,O,C6,no,no,not_applicable
3HH4,external_fixed_batch_9,A,1,94,VAL,7,C;CA;CB;CG1;CG2;N;O,C;CA;CB;CG1;CG2;N;O,,7,7,no,9.5977,O,C6,no,no,not_applicable
3HH4,external_fixed_batch_9,A,1,95,ARG,11,C;CA;CB;CD;CG;CZ;N;NE;NH1;NH2;O,C;CA;CB;CD;CG;CZ;N;NE;NH1;NH2;O,,11,11,no,5.9969,O,C6,no,yes,not_applicable
3HH4,external_fixed_batch_9,A,1,96,ARG,11,C;CA;CB;CD;CG;CZ;N;NE;NH1;NH2;O,C;CA;CB;CD;CG;CZ;N;NE;NH1;NH2;O,,11,11,no,6.7421,O,C2,no,yes,not_applicable
3HH4,external_fixed_batch_9,A,1,97,ALA,5,C;CA;CB;N;O,C;CA;CB;N;O,,5,5,no,7.9464,O,C4,no,yes,not_applicable
3HH4,external_fixed_batch_9,A,1,98,ALA,5,C;CA;CB;N;O,C;CA;CB;N;O,,5,5,no,5.5718,O,C4,no,yes,not_applicable
3HH4,external_fixed_batch_9,A,1,99,ALA,5,C;CA;CB;N;O,C;CA;CB;N;O,,5,5,no,3.5717,CB,C4,yes,yes,not_applicable
3HH4,external_fixed_batch_9,A,1,100,ILE,8,C;CA;CB;CD1;CG1;CG2;N;O,C;CA;CB;CD1;CG1;CG2;N;O,,8,8,no,5.4234,N,C3,no,yes,not_applicable
3HH4,external_fixed_batch_9,A,1,101,ASN,8,C;CA;CB;CG;N;ND2;O;OD1,C;CA;CB;CG;N;ND2;O;OD1,,8,8,no,7.2229,N,C4,no,yes,not_applicable
3HH4,external_fixed_batch_9,A,1,102,MET,8,C;CA;CB;CE;CG;N;O;SD,C;CA;CB;CE;CG;N;O;SD,,8,8,no,4.3643,SD,C4,yes,yes,not_applicable
3HH4,external_fixed_batch_9,A,1,103,VAL,7,C;CA;CB;CG1;CG2;N;O,C;CA;CB;CG1;CG2;N;O,,7,7,no,4.1731,CG2,C3,yes,yes,not_applicable
3HH4,external_fixed_batch_9,A,1,104,PHE,11,C;CA;CB;CD1;CD2;CE1;CE2;CG;CZ;N;O,C;CA;CB;CD1;CD2;CE1;CE2;CG;CZ;N;O,,11,11,no,8.2137,N,C3,no,no,not_applicable
3HH4,external_fixed_batch_9,A,1,105,GLN,9,C;CA;CB;CD;CG;N;NE2;O;OE1,C;CA;CB;CD;CG;N;NE2;O;OE1,,9,9,no,9.9184,N,C4,no,no,not_applicable
3HH4,external_fixed_batch_9,A,1,106,MET,8,C;CA;CB;CE;CG;N;O;SD,C;CA;CB;CE;CG;N;O;SD,,8,13,no,7.9372,SD,C4,no,yes,not_applicable
3HH4,external_fixed_batch_9,A,1,107,GLY,4,C;CA;N;O,C;CA;N;O,,4,4,no,7.7925,O,C3,no,yes,not_applicable
3HH4,external_fixed_batch_9,A,1,108,GLU,9,C;CA;CB;CD;CG;N;O;OE1;OE2,C;CA;CB;CD;CG;N;O;OE1;OE2,,9,18,no,7.2946,O,C3,no,yes,not_applicable
3HH4,external_fixed_batch_9,A,1,109,THR,7,C;CA;CB;CG2;N;O;OG1,C;CA;CB;CG2;N;O;OG1,,7,7,no,9.3351,N,C3,no,no,not_applicable
3HH4,external_fixed_batch_9,A,1,110,GLY,4,C;CA;N;O,C;CA;N;O,,4,4,no,8.4030,C,C4,no,no,not_applicable
3HH4,external_fixed_batch_9,A,1,111,VAL,7,C;CA;CB;CG1;CG2;N;O,C;CA;CB;CG1;CG2;N;O,,7,7,no,3.4501,CG1,C4,yes,yes,not_applicable
3HH4,external_fixed_batch_9,A,1,112,ALA,5,C;CA;CB;N;O,C;CA;CB;N;O,,5,5,no,6.5642,N,C3,no,yes,not_applicable
3HH4,external_fixed_batch_9,A,1,113,GLY,4,C;CA;N;O,C;CA;N;O,,4,4,no,8.7754,N,C4,no,no,not_applicable
3HH4,external_fixed_batch_9,A,1,114,PHE,11,C;CA;CB;CD1;CD2;CE1;CE2;CG;CZ;N;O,C;CA;CB;CD1;CD2;CE1;CE2;CG;CZ;N;O,,11,11,no,6.9623,CB,C4,no,yes,not_applicable
3HH4,external_fixed_batch_9,A,1,115,THR,7,C;CA;CB;CG2;N;O;OG1,C;CA;CB;CG2;N;O;OG1,,7,7,no,9.2282,O,C6,no,no,not_applicable
3HH4,external_fixed_batch_9,A,1,116,ASN,8,C;CA;CB;CG;N;ND2;O;OD1,C;CA;CB;CG;N;ND2;O;OD1,,8,8,no,9.7793,C,C5,no,no,not_applicable
3HH4,external_fixed_batch_9,A,1,117,SER,6,C;CA;CB;N;O;OG,C;CA;CB;N;O;OG,,6,6,no,6.9258,O,C6,no,yes,not_applicable
3HH4,external_fixed_batch_9,A,1,118,LEU,8,C;CA;CB;CD1;CD2;CG;N;O,C;CA;CB;CD1;CD2;CG;N;O,,8,8,no,3.6531,CD2,C6,yes,yes,not_applicable
3HH4,external_fixed_batch_9,A,1,119,ARG,11,C;CA;CB;CD;CG;CZ;N;NE;NH1;NH2;O,C;CA;CB;CD;CG;CZ;N;NE;NH1;NH2;O,,11,22,no,7.8734,N,C6,no,yes,not_applicable
3HH4,external_fixed_batch_9,A,1,120,MET,8,C;CA;CB;CE;CG;N;O;SD,C;CA;CB;CE;CG;N;O;SD,,8,8,no,8.8132,C,C6,no,no,not_applicable
3HH4,external_fixed_batch_9,A,1,121,LEU,8,C;CA;CB;CD1;CD2;CG;N;O,C;CA;CB;CD1;CD2;CG;N;O,,8,8,no,4.0579,CD1,C6,yes,yes,not_applicable
3HH4,external_fixed_batch_9,A,1,122,GLN,9,C;CA;CB;CD;CG;N;NE2;O;OE1,C;CA;CB;CD;CG;N;NE2;O;OE1,,9,9,no,7.1536,N,C6,no,yes,not_applicable
3HH4,external_fixed_batch_9,A,1,123,GLN,9,C;CA;CB;CD;CG;N;NE2;O;OE1,C;CA;CB;CD;CG;N;NE2;O;OE1,,9,9,no,9.9135,N,C6,no,no,not_applicable
3HH4,external_fixed_batch_9,A,1,124,LYS,9,C;CA;CB;CD;CE;CG;N;NZ;O,C;CA;CB;CD;CE;CG;N;NZ;O,,9,9,no,10.2790,NZ,C6,no,no,not_applicable
3HH4,external_fixed_batch_9,A,1,125,ARG,11,C;CA;CB;CD;CG;CZ;N;NE;NH1;NH2;O,C;CA;CB;CD;CG;CZ;N;NE;NH1;NH2;O,,11,19,no,11.7241,O,C6,no,no,not_applicable
3HH4,external_fixed_batch_9,A,1,126,TRP,14,C;CA;CB;CD1;CD2;CE2;CE3;CG;CH2;CZ2;CZ3;N;NE1;O,C;CA;CB;CD1;CD2;CE2;CE3;CG;CH2;CZ2;CZ3;N;NE1;O,,14,14,no,8.2876,CZ3,C6,no,no,not_applicable
3HH4,external_fixed_batch_9,A,1,127,ASP,8,C;CA;CB;CG;N;O;OD1;OD2,C;CA;CB;CG;N;O;OD1;OD2,,8,8,no,13.7250,N,C6,no,no,not_applicable
3HH4,external_fixed_batch_9,A,1,128,GLU,9,C;CA;CB;CD;CG;N;O;OE1;OE2,C;CA;CB;CD;CG;N;O;OE1;OE2,,9,9,no,12.5999,C,C5,no,no,not_applicable
3HH4,external_fixed_batch_9,A,1,129,ALA,5,C;CA;CB;N;O,C;CA;CB;N;O,,5,5,no,9.1492,CB,C5,no,no,not_applicable
3HH4,external_fixed_batch_9,A,1,130,ALA,5,C;CA;CB;N;O,C;CA;CB;N;O,,5,5,no,10.9013,N,C5,no,no,not_applicable
3HH4,external_fixed_batch_9,A,1,131,VAL,7,C;CA;CB;CG1;CG2;N;O,C;CA;CB;CG1;CG2;N;O,,7,7,no,13.0755,N,C5,no,no,not_applicable
3HH4,external_fixed_batch_9,A,1,132,ASN,8,C;CA;CB;CG;N;ND2;O;OD1,C;CA;CB;CG;N;ND2;O;OD1,,8,8,no,10.8044,OD1,C5,no,no,not_applicable
3HH4,external_fixed_batch_9,A,1,133,LEU,8,C;CA;CB;CD1;CD2;CG;N;O,C;CA;CB;CD1;CD2;CG;N;O,,8,8,no,6.4967,CD2,C5,no,yes,not_applicable
3HH4,external_fixed_batch_9,A,1,134,ALA,5,C;CA;CB;N;O,C;CA;CB;N;O,,5,5,no,11.9320,N,C5,no,no,not_applicable
3HH4,external_fixed_batch_9,A,1,135,LYS,9,C;CA;CB;CD;CE;CG;N;NZ;O,C;CA;CB;CD;CE;CG;N;NZ;O,,9,9,no,13.8454,N,C5,no,no,not_applicable
3HH4,external_fixed_batch_9,A,1,136,SER,6,C;CA;CB;N;O;OG,C;CA;CB;N;O;OG,,6,6,no,12.1816,OG,C4,no,no,not_applicable
3HH4,external_fixed_batch_9,A,1,137,ARG,11,C;CA;CB;CD;CG;CZ;N;NE;NH1;NH2;O,C;CA;CB;CD;CG;CZ;N;NE;NH1;NH2;O,,11,11,no,14.7674,N,C4,no,no,not_applicable
3HH4,external_fixed_batch_9,A,1,138,TRP,14,C;CA;CB;CD1;CD2;CE2;CE3;CG;CH2;CZ2;CZ3;N;NE1;O,C;CA;CB;CD1;CD2;CE2;CE3;CG;CH2;CZ2;CZ3;N;NE1;O,,14,14,no,8.4854,CH2,C4,no,no,not_applicable
3HH4,external_fixed_batch_9,A,1,139,TYR,12,C;CA;CB;CD1;CD2;CE1;CE2;CG;CZ;N;O;OH,C;CA;CB;CD1;CD2;CE1;CE2;CG;CZ;N;O;OH,,12,12,no,13.4647,N,C4,no,no,not_applicable
3HH4,external_fixed_batch_9,A,1,140,ASN,8,C;CA;CB;CG;N;ND2;O;OD1,C;CA;CB;CG;N;ND2;O;OD1,,8,8,no,16.2691,N,C4,no,no,not_applicable
3HH4,external_fixed_batch_9,A,1,141,GLN,9,C;CA;CB;CD;CG;N;NE2;O;OE1,C;CA;CB;CD;CG;N;NE2;O;OE1,,9,9,no,17.3814,N,C4,no,no,not_applicable
3HH4,external_fixed_batch_9,A,1,142,THR,7,C;CA;CB;CG2;N;O;OG1,C;CA;CB;CG2;N;O;OG1,,7,7,no,14.2417,OG1,C4,no,no,not_applicable
3HH4,external_fixed_batch_9,A,1,143,PRO,7,C;CA;CB;CD;CG;N;O,C;CA;CB;CD;CG;N;O,,7,7,no,16.1512,O,C5,no,no,not_applicable
3HH4,external_fixed_batch_9,A,1,144,ASN,8,C;CA;CB;CG;N;ND2;O;OD1,C;CA;CB;CG;N;ND2;O;OD1,,8,8,no,16.1129,O,C5,no,no,not_applicable
3HH4,external_fixed_batch_9,A,1,145,ARG,11,C;CA;CB;CD;CG;CZ;N;NE;NH1;NH2;O,C;CA;CB;CD;CG;CZ;N;NE;NH1;NH2;O,,11,11,no,11.9644,NH2,C4,no,no,not_applicable
3HH4,external_fixed_batch_9,A,1,146,ALA,5,C;CA;CB;N;O,C;CA;CB;N;O,,5,5,no,11.6070,O,C5,no,no,not_applicable
3HH4,external_fixed_batch_9,A,1,147,LYS,9,C;CA;CB;CD;CE;CG;N;NZ;O,C;CA;CB;CD;CE;CG;N;NZ;O,,9,9,no,13.5522,O,C5,no,no,not_applicable
3HH4,external_fixed_batch_9,A,1,148,ARG,11,C;CA;CB;CD;CG;CZ;N;NE;NH1;NH2;O,C;CA;CB;CD;CG;CZ;N;NE;NH1;NH2;O,,11,11,no,12.2542,O,C5,no,no,not_applicable
3HH4,external_fixed_batch_9,A,1,149,VAL,7,C;CA;CB;CG1;CG2;N;O,C;CA;CB;CG1;CG2;N;O,,7,7,no,7.8474,CG1,C5,no,yes,not_applicable
3HH4,external_fixed_batch_9,A,1,150,ILE,8,C;CA;CB;CD1;CG1;CG2;N;O,C;CA;CB;CD1;CG1;CG2;N;O,,8,8,no,10.0243,CA,C5,no,no,not_applicable
3HH4,external_fixed_batch_9,A,1,151,THR,7,C;CA;CB;CG2;N;O;OG1,C;CA;CB;CG2;N;O;OG1,,7,7,no,11.9345,N,C5,no,no,not_applicable
3HH4,external_fixed_batch_9,A,1,152,THR,7,C;CA;CB;CG2;N;O;OG1,C;CA;CB;CG2;N;O;OG1,,7,7,no,10.1475,C,C5,no,no,not_applicable
3HH4,external_fixed_batch_9,A,1,153,PHE,11,C;CA;CB;CD1;CD2;CE1;CE2;CG;CZ;N;O,C;CA;CB;CD1;CD2;CE1;CE2;CG;CZ;N;O,,11,11,no,3.7725,CZ,C5,yes,yes,not_applicable
3HH4,external_fixed_batch_9,A,1,154,ARG,11,C;CA;CB;CD;CG;CZ;N;NE;NH1;NH2;O,C;CA;CB;CD;CG;CZ;N;NE;NH1;NH2;O,,11,11,no,10.6145,N,C5,no,no,not_applicable
3HH4,external_fixed_batch_9,A,1,155,THR,7,C;CA;CB;CG2;N;O;OG1,C;CA;CB;CG2;N;O;OG1,,7,7,no,12.9040,N,C5,no,no,not_applicable
3HH4,external_fixed_batch_9,A,1,156,GLY,4,C;CA;N;O,C;CA;N;O,,4,4,no,12.4749,CA,C6,no,no,not_applicable
3HH4,external_fixed_batch_9,A,1,157,THR,7,C;CA;CB;CG2;N;O;OG1,C;CA;CB;CG2;N;O;OG1,,7,7,no,14.0756,O,C5,no,no,not_applicable
3HH4,external_fixed_batch_9,A,1,158,TRP,14,C;CA;CB;CD1;CD2;CE2;CE3;CG;CH2;CZ2;CZ3;N;NE1;O,C;CA;CB;CD1;CD2;CE2;CE3;CG;CH2;CZ2;CZ3;N;NE1;O,,14,14,no,13.2273,CH2,C5,no,no,not_applicable
3HH4,external_fixed_batch_9,A,1,159,ASP,8,C;CA;CB;CG;N;O;OD1;OD2,C;CA;CB;CG;N;O;OD1;OD2,,8,8,no,17.2639,N,C5,no,no,not_applicable
3HH4,external_fixed_batch_9,A,1,160,ALA,5,C;CA;CB;N;O,C;CA;CB;N;O,,5,5,no,15.8345,CB,C5,no,no,not_applicable
3HH4,external_fixed_batch_9,A,1,161,TYR,12,C;CA;CB;CD1;CD2;CE1;CE2;CG;CZ;N;O;OH,C;CA;CB;CD1;CD2;CE1;CE2;CG;CZ;N;O;OH,,12,12,no,12.8270,OH,C4,no,no,not_applicable
3HH4,external_fixed_batch_9,A,1,162,LYS,9,C;CA;CB;CD;CE;CG;N;NZ;O,C;CA;CB;CD;CE;CG;N;NZ;O,,9,9,no,20.0307,N,C5,no,no,not_applicable
3HH4,external_fixed_batch_9,A,1,163,ASN,8,C;CA;CB;CG;N;ND2;O;OD1,C;CA;CB;CG;N;ND2;O;OD1,,8,8,no,23.5143,N,C5,no,no,not_applicable
3HH4,external_fixed_batch_9,A,1,164,LEU,9,C;CA;CB;CD1;CD2;CG;N;O;OXT[terminal-carboxyl],C;CA;CB;CD1;CD2;CG;N;O,OXT[terminal-carboxyl],8,8,yes,19.8048,CD1,C5,no,no,unlikely
4I7J,external_fixed_batch_9,A,1,13,PRO,7,C;CA;CB;CD;CG;N;O,C;CA;CB;CD;CG;N;O,,7,7,no,26.9436,CG,C2,no,no,not_applicable
4I7J,external_fixed_batch_9,A,1,14,THR,7,C;CA;CB;CG2;N;O;OG1,C;CA;CB;CG2;N;O;OG1,,7,7,no,29.3086,O,C2,no,no,not_applicable
4I7J,external_fixed_batch_9,A,1,15,THR,7,C;CA;CB;CG2;N;O;OG1,C;CA;CB;CG2;N;O;OG1,,7,7,no,29.2523,O,C2,no,no,not_applicable
4I7J,external_fixed_batch_9,A,1,16,GLU,9,C;CA;CB;CD;CG;N;O;OE1;OE2,C;CA;CB;N;O,CD;CG;OE1;OE2,5,5,yes,27.2738,O,C2,no,no,unlikely
4I7J,external_fixed_batch_9,A,1,17,ASN,8,C;CA;CB;CG;N;ND2;O;OD1,C;CA;CB;CG;N;ND2;O;OD1,,8,8,no,24.6406,O,C2,no,no,not_applicable
4I7J,external_fixed_batch_9,A,1,18,LEU,8,C;CA;CB;CD1;CD2;CG;N;O,C;CA;CB;CD1;CD2;CG;N;O,,8,8,no,24.5402,O,C1,no,no,not_applicable
4I7J,external_fixed_batch_9,A,1,19,TYR,12,C;CA;CB;CD1;CD2;CE1;CE2;CG;CZ;N;O;OH,C;CA;CB;CD1;CD2;CE1;CE2;CG;CZ;N;O;OH,,12,12,no,23.9925,O,C2,no,no,not_applicable
4I7J,external_fixed_batch_9,A,1,20,PHE,11,C;CA;CB;CD1;CD2;CE1;CE2;CG;CZ;N;O,C;CA;CB;CD1;CD2;CE1;CE2;CG;CZ;N;O,,11,11,no,20.6010,CE2,C2,no,no,not_applicable
4I7J,external_fixed_batch_9,A,1,21,GLN,9,C;CA;CB;CD;CG;N;NE2;O;OE1,C;CA;CB;CD;CG;N;NE2;O;OE1,,9,9,no,19.0229,OE1,C1,no,no,not_applicable
4I7J,external_fixed_batch_9,A,1,22,GLY,4,C;CA;N;O,C;CA;N;O,,4,4,no,21.5515,N,C2,no,no,not_applicable
4I7J,external_fixed_batch_9,A,1,23,SER,6,C;CA;CB;N;O;OG,C;CA;CB;N;O;OG,,6,6,no,20.7974,O,C3,no,no,not_applicable
4I7J,external_fixed_batch_9,A,1,24,MET,8,C;CA;CB;CE;CG;N;O;SD,C;CA;CB;CE;CG;N;O;SD,,8,8,no,16.9624,CE,C3,no,no,not_applicable
4I7J,external_fixed_batch_9,A,1,25,ASN,8,C;CA;CB;CG;N;ND2;O;OD1,C;CA;CB;CG;N;ND2;O;OD1,,8,8,no,14.9986,C,C3,no,no,not_applicable
4I7J,external_fixed_batch_9,A,1,26,ILE,8,C;CA;CB;CD1;CG1;CG2;N;O,C;CA;CB;CD1;CG1;CG2;N;O,,8,8,no,10.5971,CD1,C3,no,no,not_applicable
4I7J,external_fixed_batch_9,A,1,27,PHE,11,C;CA;CB;CD1;CD2;CE1;CE2;CG;CZ;N;O,C;CA;CB;CD1;CD2;CE1;CE2;CG;CZ;N;O,,11,11,no,15.2544,N,C4,no,no,not_applicable
4I7J,external_fixed_batch_9,A,1,28,GLU,9,C;CA;CB;CD;CG;N;O;OE1;OE2,C;CA;CB;CD;CG;N;O;OE1;OE2,,9,9,no,17.0323,C,C3,no,no,not_applicable
4I7J,external_fixed_batch_9,A,1,29,MET,8,C;CA;CB;CE;CG;N;O;SD,C;CA;CB;CE;CG;N;O;SD,,8,8,no,10.7777,CE,C3,no,no,not_applicable
4I7J,external_fixed_batch_9,A,1,30,LEU,8,C;CA;CB;CD1;CD2;CG;N;O,C;CA;CB;CD1;CD2;CG;N;O,,8,8,no,11.9858,CD1,C3,no,no,not_applicable
4I7J,external_fixed_batch_9,A,1,31,ARG,11,C;CA;CB;CD;CG;CZ;N;NE;NH1;NH2;O,C;CA;CB;CD;CG;CZ;N;NE;NH1;NH2;O,,11,11,no,16.7370,N,C3,no,no,not_applicable
4I7J,external_fixed_batch_9,A,1,32,ILE,8,C;CA;CB;CD1;CG1;CG2;N;O,C;CA;CB;CD1;CG1;CG2;N;O,,8,8,no,17.9371,C,C3,no,no,not_applicable
4I7J,external_fixed_batch_9,A,1,33,ASP,8,C;CA;CB;CG;N;O;OD1;OD2,C;CA;CB;CG;N;O;OD1;OD2,,8,8,no,13.0777,OD2,C3,no,no,not_applicable
4I7J,external_fixed_batch_9,A,1,34,GLU,9,C;CA;CB;CD;CG;N;O;OE1;OE2,C;CA;CB;CD;CG;N;O;OE1;OE2,,9,9,no,13.9626,OE2,C3,no,no,not_applicable
4I7J,external_fixed_batch_9,A,1,35,GLY,4,C;CA;N;O,C;CA;N;O,,4,4,no,19.4956,N,C3,no,no,not_applicable
4I7J,external_fixed_batch_9,A,1,36,LEU,8,C;CA;CB;CD1;CD2;CG;N;O,C;CA;CB;CD1;CD2;CG;N;O,,8,8,no,22.6777,N,C3,no,no,not_applicable
4I7J,external_fixed_batch_9,A,1,37,ARG,11,C;CA;CB;CD;CG;CZ;N;NE;NH1;NH2;O,C;CA;CB;CD;CG;CZ;N;NE;NH1;NH2;O,,11,11,no,24.5133,N,C3,no,no,not_applicable
4I7J,external_fixed_batch_9,A,1,38,LEU,8,C;CA;CB;CD1;CD2;CG;N;O,C;CA;CB;CD1;CD2;CG;N;O,,8,8,no,27.4926,N,C3,no,no,not_applicable
4I7J,external_fixed_batch_9,A,1,39,LYS,9,C;CA;CB;CD;CE;CG;N;NZ;O,C;CA;CB;CD;CG;N;O,CE;NZ,7,7,yes,27.3928,O,C3,no,no,unlikely
4I7J,external_fixed_batch_9,A,1,40,ILE,8,C;CA;CB;CD1;CG1;CG2;N;O,C;CA;CB;CD1;CG1;CG2;N;O,,8,8,no,27.7372,CA,C3,no,no,not_applicable
4I7J,external_fixed_batch_9,A,1,41,TYR,12,C;CA;CB;CD1;CD2;CE1;CE2;CG;CZ;N;O;OH,C;CA;CB;CD1;CD2;CE1;CE2;CG;CZ;N;O;OH,,12,12,no,21.0786,OH,C3,no,no,not_applicable
4I7J,external_fixed_batch_9,A,1,42,LYS,9,C;CA;CB;CD;CE;CG;N;NZ;O,C;CA;CB;CD;CG;N;O,CE;NZ,7,7,yes,23.9941,C,C3,no,no,unlikely
4I7J,external_fixed_batch_9,A,1,43,ASP,8,C;CA;CB;CG;N;O;OD1;OD2,C;CA;CB;CG;N;O;OD1;OD2,,8,8,no,18.7536,OD2,C3,no,no,not_applicable
4I7J,external_fixed_batch_9,A,1,44,CYS,6,C;CA;CB;N;O;SG,C;CA;CB;N;O;SG,,6,6,no,18.6918,SG,C3,no,no,not_applicable
4I7J,external_fixed_batch_9,A,1,45,GLU,9,C;CA;CB;CD;CG;N;O;OE1;OE2,C;CA;CB;CD;CG;N;O;OE1;OE2,,9,9,no,16.3868,OE2,C3,no,no,not_applicable
4I7J,external_fixed_batch_9,A,1,46,GLY,4,C;CA;N;O,C;CA;N;O,,4,4,no,22.6742,N,C3,no,no,not_applicable
4I7J,external_fixed_batch_9,A,1,47,TYR,12,C;CA;CB;CD1;CD2;CE1;CE2;CG;CZ;N;O;OH,C;CA;CB;CD1;CD2;CE1;CE2;CG;CZ;N;O;OH,,12,12,no,19.5592,CE2,C3,no,no,not_applicable
4I7J,external_fixed_batch_9,A,1,48,TYR,12,C;CA;CB;CD1;CD2;CE1;CE2;CG;CZ;N;O;OH,C;CA;CB;CD1;CD2;CE1;CE2;CG;CZ;N;O;OH,,12,12,no,22.3871,O,C3,no,no,not_applicable
4I7J,external_fixed_batch_9,A,1,49,THR,7,C;CA;CB;CG2;N;O;OG1,C;CA;CB;CG2;N;O;OG1,,7,7,no,20.3899,CG2,C3,no,no,not_applicable
4I7J,external_fixed_batch_9,A,1,50,ILE,8,C;CA;CB;CD1;CG1;CG2;N;O,C;CA;CB;CD1;CG1;CG2;N;O,,8,8,no,21.5449,O,C3,no,no,not_applicable
4I7J,external_fixed_batch_9,A,1,51,GLY,4,C;CA;N;O,C;CA;N;O,,4,4,no,21.8434,C,C3,no,no,not_applicable
4I7J,external_fixed_batch_9,A,1,52,ILE,8,C;CA;CB;CD1;CG1;CG2;N;O,C;CA;CB;CD1;CG1;CG2;N;O,,8,8,no,17.6030,O,C3,no,no,not_applicable
4I7J,external_fixed_batch_9,A,1,53,GLY,4,C;CA;N;O,C;CA;N;O,,4,4,no,16.7654,O,C3,no,no,not_applicable
4I7J,external_fixed_batch_9,A,1,54,HIS,10,C;CA;CB;CD2;CE1;CG;N;ND1;NE2;O,C;CA;CB;CD2;CE1;CG;N;ND1;NE2;O,,10,10,no,18.7027,N,C4,no,no,not_applicable
4I7J,external_fixed_batch_9,A,1,55,LEU,8,C;CA;CB;CD1;CD2;CG;N;O,C;CA;CB;CD1;CD2;CG;N;O,,8,8,no,17.3499,CD2,C4,no,no,not_applicable
4I7J,external_fixed_batch_9,A,1,56,LEU,8,C;CA;CB;CD1;CD2;CG;N;O,C;CA;CB;CD1;CD2;CG;N;O,,8,8,no,21.1946,N,C4,no,no,not_applicable
4I7J,external_fixed_batch_9,A,1,57,THR,7,C;CA;CB;CG2;N;O;OG1,C;CA;CB;CG2;N;O;OG1,,7,7,no,22.2827,N,C4,no,no,not_applicable
4I7J,external_fixed_batch_9,A,1,58,LYS,9,C;CA;CB;CD;CE;CG;N;NZ;O,C;CA;CB;CG;N;O,CD;CE;NZ,6,9,yes,19.9460,CG,C3,no,no,unlikely
4I7J,external_fixed_batch_9,A,1,60,PRO,7,C;CA;CB;CD;CG;N;O,C;CA;CB;CD;CG;N;O,,7,7,no,27.1466,CD,C3,no,no,not_applicable
4I7J,external_fixed_batch_9,A,1,61,ASP,8,C;CA;CB;CG;N;O;OD1;OD2,C;CA;CB;CG;N;O;OD1;OD2,,8,8,no,29.6622,O,C4,no,no,not_applicable
4I7J,external_fixed_batch_9,A,1,62,LEU,8,C;CA;CB;CD1;CD2;CG;N;O,C;CA;CB;CD1;CD2;CG;N;O,,8,8,no,30.5589,O,C4,no,no,not_applicable
4I7J,external_fixed_batch_9,A,1,63,ASN,8,C;CA;CB;CG;N;ND2;O;OD1,C;CA;CB;CG;N;ND2;O;OD1,,8,8,no,31.6086,C,C4,no,no,not_applicable
4I7J,external_fixed_batch_9,A,1,64,ALA,5,C;CA;CB;N;O,C;CA;CB;N;O,,5,5,no,28.1872,O,C4,no,no,not_applicable
4I7J,external_fixed_batch_9,A,1,65,ALA,5,C;CA;CB;N;O,C;CA;CB;N;O,,5,5,no,27.2825,CB,C4,no,no,not_applicable
4I7J,external_fixed_batch_9,A,1,66,LYS,9,C;CA;CB;CD;CE;CG;N;NZ;O,C;CA;CB;CD;CE;CG;N;O,NZ,8,8,yes,29.3700,N,C4,no,no,unlikely
4I7J,external_fixed_batch_9,A,1,67,SER,6,C;CA;CB;N;O;OG,C;CA;CB;N;O;OG,,6,6,no,29.0031,C,C4,no,no,not_applicable
4I7J,external_fixed_batch_9,A,1,68,GLU,9,C;CA;CB;CD;CG;N;O;OE1;OE2,C;CA;CB;CD;CG;N;O;OE1,OE2,8,8,yes,24.0548,OE1,C4,no,no,unlikely
4I7J,external_fixed_batch_9,A,1,69,LEU,8,C;CA;CB;CD1;CD2;CG;N;O,C;CA;CB;CD1;CD2;CG;N;O,,8,8,no,26.4484,CD1,C4,no,no,not_applicable
4I7J,external_fixed_batch_9,A,1,70,ASP,8,C;CA;CB;CG;N;O;OD1;OD2,C;CA;CB;CG;N;O;OD1;OD2,,8,8,no,29.0709,N,C4,no,no,not_applicable
4I7J,external_fixed_batch_9,A,1,71,LYS,9,C;CA;CB;CD;CE;CG;N;NZ;O,C;CA;CB;N;O,CD;CE;CG;NZ,5,5,yes,26.9847,O,C4,no,no,unlikely
4I7J,external_fixed_batch_9,A,1,72,ALA,5,C;CA;CB;N;O,C;CA;CB;N;O,,5,5,no,24.1803,CB,C4,no,no,not_applicable
4I7J,external_fixed_batch_9,A,1,73,ILE,8,C;CA;CB;CD1;CG1;CG2;N;O,C;CA;CB;CD1;CG1;CG2;N;O,,8,8,no,26.0174,CD1,C4,no,no,not_applicable
4I7J,external_fixed_batch_9,A,1,74,GLY,4,C;CA;N;O,C;CA;N;O,,4,4,no,29.2667,N,C4,no,no,not_applicable
4I7J,external_fixed_batch_9,A,1,75,ARG,11,C;CA;CB;CD;CG;CZ;N;NE;NH1;NH2;O,C;CA;CB;CD;CG;CZ;N;NE;NH1;NH2;O,,11,11,no,31.8336,N,C4,no,no,not_applicable
4I7J,external_fixed_batch_9,A,1,76,ASN,8,C;CA;CB;CG;N;ND2;O;OD1,C;CA;CB;CG;N;ND2;O;OD1,,8,8,no,34.4882,C,C4,no,no,not_applicable
4I7J,external_fixed_batch_9,A,1,77,CYS,6,C;CA;CB;N;O;SG,C;CA;CB;N;O;SG,,6,6,no,30.6314,SG,C4,no,no,not_applicable
4I7J,external_fixed_batch_9,A,1,78,ASN,8,C;CA;CB;CG;N;ND2;O;OD1,C;CA;CB;CG;N;ND2;O;OD1,,8,8,no,33.5699,C,C4,no,no,not_applicable
4I7J,external_fixed_batch_9,A,1,79,GLY,4,C;CA;N;O,C;CA;N;O,,4,4,no,30.4649,O,C4,no,no,not_applicable
4I7J,external_fixed_batch_9,A,1,80,VAL,7,C;CA;CB;CG1;CG2;N;O,C;CA;CB;CG1;CG2;N;O,,7,7,no,30.9385,C,C4,no,no,not_applicable
4I7J,external_fixed_batch_9,A,1,81,ILE,8,C;CA;CB;CD1;CG1;CG2;N;O,C;CA;CB;CD1;CG1;CG2;N;O,,8,8,no,25.8575,CD1,C4,no,no,not_applicable
4I7J,external_fixed_batch_9,A,1,82,THR,7,C;CA;CB;CG2;N;O;OG1,C;CA;CB;CG2;N;O;OG1,,7,7,no,27.8589,O,C4,no,no,not_applicable
4I7J,external_fixed_batch_9,A,1,83,LYS,9,C;CA;CB;CD;CE;CG;N;NZ;O,C;CA;CB;CD;CE;CG;N;O,NZ,8,8,yes,26.2969,O,C4,no,no,unlikely
4I7J,external_fixed_batch_9,A,1,84,ASP,8,C;CA;CB;CG;N;O;OD1;OD2,C;CA;CB;CG;N;O;OD1;OD2,,8,8,no,26.1396,O,C4,no,no,not_applicable
4I7J,external_fixed_batch_9,A,1,85,GLU,9,C;CA;CB;CD;CG;N;O;OE1;OE2,C;CA;CB;CD;CG;N;O;OE1;OE2,,9,9,no,24.4618,O,C4,no,no,not_applicable
4I7J,external_fixed_batch_9,A,1,86,ALA,5,C;CA;CB;N;O,C;CA;CB;N;O,,5,5,no,21.9124,O,C4,no,no,not_applicable
4I7J,external_fixed_batch_9,A,1,87,GLU,9,C;CA;CB;CD;CG;N;O;OE1;OE2,C;CA;CB;CD;CG;N;O,OE1;OE2,7,7,yes,21.1305,O,C4,no,no,unlikely
4I7J,external_fixed_batch_9,A,1,88,LYS,9,C;CA;CB;CD;CE;CG;N;NZ;O,C;CA;CB;CD;CE;CG;N;NZ;O,,9,9,no,21.0451,O,C4,no,no,not_applicable
4I7J,external_fixed_batch_9,A,1,89,LEU,8,C;CA;CB;CD1;CD2;CG;N;O,C;CA;CB;CD1;CD2;CG;N;O,,8,8,no,18.6609,O,C4,no,no,not_applicable
4I7J,external_fixed_batch_9,A,1,90,PHE,11,C;CA;CB;CD1;CD2;CE1;CE2;CG;CZ;N;O,C;CA;CB;CD1;CD2;CE1;CE2;CG;CZ;N;O,,11,11,no,15.9436,CE1,C4,no,no,not_applicable
4I7J,external_fixed_batch_9,A,1,91,ASN,8,C;CA;CB;CG;N;ND2;O;OD1,C;CA;CB;CG;N;ND2;O;OD1,,8,13,no,16.5942,O,C4,no,no,not_applicable
4I7J,external_fixed_batch_9,A,1,92,GLN,9,C;CA;CB;CD;CG;N;NE2;O;OE1,C;CA;CB;CD;CG;N;NE2;O;OE1,,9,9,no,15.7500,O,C4,no,no,not_applicable
4I7J,external_fixed_batch_9,A,1,93,ASP,8,C;CA;CB;CG;N;O;OD1;OD2,C;CA;CB;CG;N;O;OD1;OD2,,8,8,no,12.6433,O,C4,no,no,not_applicable
4I7J,external_fixed_batch_9,A,1,94,VAL,7,C;CA;CB;CG1;CG2;N;O,C;CA;CB;CG1;CG2;N;O,,7,7,no,11.5372,O,C4,no,no,not_applicable
4I7J,external_fixed_batch_9,A,1,95,ASP,8,C;CA;CB;CG;N;O;OD1;OD2,C;CA;CB;CG;N;O;OD1;OD2,,8,13,no,12.5209,O,C4,no,no,not_applicable
4I7J,external_fixed_batch_9,A,1,96,ALA,5,C;CA;CB;N;O,C;CA;CB;N;O,,5,5,no,10.8387,O,C4,no,no,not_applicable
4I7J,external_fixed_batch_9,A,1,97,ALA,5,C;CA;CB;N;O,C;CA;CB;N;O,,5,5,no,7.6717,O,C4,no,yes,not_applicable
4I7J,external_fixed_batch_9,A,1,98,VAL,7,C;CA;CB;CG1;CG2;N;O,C;CA;CB;CG1;CG2;N;O,,7,7,no,8.6098,O,C5,no,no,not_applicable
4I7J,external_fixed_batch_9,A,1,99,ARG,11,C;CA;CB;CD;CG;CZ;N;NE;NH1;NH2;O,C;CA;CB;CD;CG;CZ;N;NE;NH1;NH2;O,,11,19,no,10.2239,O,C5,no,no,not_applicable
4I7J,external_fixed_batch_9,A,1,100,GLY,4,C;CA;N;O,C;CA;N;O,,4,4,no,8.0376,C,C5,no,no,not_applicable
4I7J,external_fixed_batch_9,A,1,101,ILE,8,C;CA;CB;CD1;CG1;CG2;N;O,C;CA;CB;CD1;CG1;CG2;N;O,,8,8,no,4.2591,CD1,C4,yes,yes,not_applicable
4I7J,external_fixed_batch_9,A,1,102,LEU,8,C;CA;CB;CD1;CD2;CG;N;O,C;CA;CB;CD1;CD2;CG;N;O,,8,8,no,7.6956,N,C5,no,yes,not_applicable
4I7J,external_fixed_batch_9,A,1,103,ARG,11,C;CA;CB;CD;CG;CZ;N;NE;NH1;NH2;O,C;CA;CB;CD;CG;CZ;N;NE;NH1;NH2;O,,11,11,no,9.7471,N,C5,no,no,not_applicable
4I7J,external_fixed_batch_9,A,1,104,ASN,8,C;CA;CB;CG;N;ND2;O;OD1,C;CA;CB;CG;N;ND2;O;OD1,,8,8,no,7.7459,OD1,C5,no,yes,not_applicable
4I7J,external_fixed_batch_9,A,1,105,ALA,5,C;CA;CB;N;O,C;CA;CB;N;O,,5,5,no,9.3655,C,C5,no,no,not_applicable
4I7J,external_fixed_batch_9,A,1,106,LYS,9,C;CA;CB;CD;CE;CG;N;NZ;O,C;CA;CB;CD;CE;CG;N;NZ;O,,9,9,no,6.2835,O,C6,no,yes,not_applicable
4I7J,external_fixed_batch_9,A,1,107,LEU,8,C;CA;CB;CD1;CD2;CG;N;O,C;CA;CB;CD1;CD2;CG;N;O,,8,8,no,3.8459,CB,C5,yes,yes,not_applicable
4I7J,external_fixed_batch_9,A,1,108,LYS,9,C;CA;CB;CD;CE;CG;N;NZ;O,C;CA;CB;CD;CE;CG;N;NZ;O,,9,15,no,5.7727,N,C5,no,yes,not_applicable
4I7J,external_fixed_batch_9,A,1,109,PRO,7,C;CA;CB;CD;CG;N;O,C;CA;CB;CD;CG;N;O,,7,7,no,6.5265,C,C6,no,yes,not_applicable
4I7J,external_fixed_batch_9,A,1,110,VAL,7,C;CA;CB;CG1;CG2;N;O,C;CA;CB;CG1;CG2;N;O,,7,7,no,3.6191,CG1,C1,yes,yes,not_applicable
4I7J,external_fixed_batch_9,A,1,111,TYR,12,C;CA;CB;CD1;CD2;CE1;CE2;CG;CZ;N;O;OH,C;CA;CB;CD1;CD2;CE1;CE2;CG;CZ;N;O;OH,,12,12,no,3.7641,N,C6,yes,yes,not_applicable
4I7J,external_fixed_batch_9,A,1,112,ASP,8,C;CA;CB;CG;N;O;OD1;OD2,C;CA;CB;CG;N;O;OD1;OD2,,8,8,no,6.2520,N,C6,no,yes,not_applicable
4I7J,external_fixed_batch_9,A,1,113,SER,6,C;CA;CB;N;O;OG,C;CA;CB;N;O;OG,,6,6,no,7.2101,OG,C6,no,yes,not_applicable
4I7J,external_fixed_batch_9,A,1,114,LEU,8,C;CA;CB;CD1;CD2;CG;N;O,C;CA;CB;CD1;CD2;CG;N;O,,8,8,no,3.9314,CD1,C1,yes,yes,not_applicable
4I7J,external_fixed_batch_9,A,1,115,ASP,8,C;CA;CB;CG;N;O;OD1;OD2,C;CA;CB;CG;N;O;OD1;OD2,,8,8,no,9.2203,O,C1,no,no,not_applicable
4I7J,external_fixed_batch_9,A,1,116,ALA,5,C;CA;CB;N;O,C;CA;CB;N;O,,5,5,no,10.5518,O,C1,no,no,not_applicable
4I7J,external_fixed_batch_9,A,1,117,VAL,7,C;CA;CB;CG1;CG2;N;O,C;CA;CB;CG1;CG2;N;O,,7,7,no,9.5563,O,C2,no,no,not_applicable
4I7J,external_fixed_batch_9,A,1,118,ARG,11,C;CA;CB;CD;CG;CZ;N;NE;NH1;NH2;O,C;CA;CB;CD;CG;CZ;N;NE;NH1;NH2;O,,11,11,no,5.9969,O,C2,no,yes,not_applicable
4I7J,external_fixed_batch_9,A,1,119,ARG,11,C;CA;CB;CD;CG;CZ;N;NE;NH1;NH2;O,C;CA;CB;CD;CG;CZ;N;NE;NH1;NH2;O,,11,11,no,6.9107,O,C4,no,yes,not_applicable
4I7J,external_fixed_batch_9,A,1,120,CYS,6,C;CA;CB;N;O;SG,C;CA;CB;N;O;SG,,6,6,no,7.9529,O,C3,no,yes,not_applicable
4I7J,external_fixed_batch_9,A,1,121,ALA,5,C;CA;CB;N;O,C;CA;CB;N;O,,5,5,no,5.5682,O,C3,no,yes,not_applicable
4I7J,external_fixed_batch_9,A,1,122,ALA,5,C;CA;CB;N;O,C;CA;CB;N;O,,5,5,no,3.6643,CB,C3,yes,yes,not_applicable
4I7J,external_fixed_batch_9,A,1,123,ILE,8,C;CA;CB;CD1;CG1;CG2;N;O,C;CA;CB;CD1;CG1;CG2;N;O,,8,8,no,5.4344,N,C4,no,yes,not_applicable
4I7J,external_fixed_batch_9,A,1,124,ASN,8,C;CA;CB;CG;N;ND2;O;OD1,C;CA;CB;CG;N;ND2;O;OD1,,8,8,no,7.1944,N,C3,no,yes,not_applicable
4I7J,external_fixed_batch_9,A,1,125,HIS,10,C;CA;CB;CD2;CE1;CG;N;ND1;NE2;O,C;CA;CB;CD2;CE1;CG;N;ND1;NE2;O,,10,10,no,4.1150,ND1,C3,yes,yes,not_applicable
4I7J,external_fixed_batch_9,A,1,126,VAL,7,C;CA;CB;CG1;CG2;N;O,C;CA;CB;CG1;CG2;N;O,,7,7,no,4.0637,CG2,C4,yes,yes,not_applicable
4I7J,external_fixed_batch_9,A,1,127,PHE,11,C;CA;CB;CD1;CD2;CE1;CE2;CG;CZ;N;O,C;CA;CB;CD1;CD2;CE1;CE2;CG;CZ;N;O,,11,11,no,8.1180,N,C4,no,no,not_applicable
4I7J,external_fixed_batch_9,A,1,128,GLN,9,C;CA;CB;CD;CG;N;NE2;O;OE1,C;CA;CB;CD;CG;N;NE2;O;OE1,,9,9,no,9.7194,N,C3,no,no,not_applicable
4I7J,external_fixed_batch_9,A,1,129,MET,8,C;CA;CB;CE;CG;N;O;SD,C;CA;CB;CE;CG;N;O;SD,,8,8,no,8.7547,SD,C3,no,no,not_applicable
4I7J,external_fixed_batch_9,A,1,130,GLY,4,C;CA;N;O,C;CA;N;O,,4,4,no,7.7912,O,C4,no,yes,not_applicable
4I7J,external_fixed_batch_9,A,1,131,VAL,7,C;CA;CB;CG1;CG2;N;O,C;CA;CB;CG1;CG2;N;O,,7,7,no,7.3669,O,C4,no,yes,not_applicable
4I7J,external_fixed_batch_9,A,1,132,THR,7,C;CA;CB;CG2;N;O;OG1,C;CA;CB;CG2;N;O;OG1,,7,7,no,9.4157,N,C4,no,no,not_applicable
4I7J,external_fixed_batch_9,A,1,133,GLY,4,C;CA;N;O,C;CA;N;O,,4,4,no,8.3921,C,C3,no,no,not_applicable
4I7J,external_fixed_batch_9,A,1,134,VAL,7,C;CA;CB;CG1;CG2;N;O,C;CA;CB;CG1;CG2;N;O,,7,7,no,3.4557,CG1,C3,yes,yes,not_applicable
4I7J,external_fixed_batch_9,A,1,135,ALA,5,C;CA;CB;N;O,C;CA;CB;N;O,,5,5,no,6.5580,N,C4,no,yes,not_applicable
4I7J,external_fixed_batch_9,A,1,136,GLY,4,C;CA;N;O,C;CA;N;O,,4,4,no,8.7936,N,C4,no,no,not_applicable
4I7J,external_fixed_batch_9,A,1,137,PHE,11,C;CA;CB;CD1;CD2;CE1;CE2;CG;CZ;N;O,C;CA;CB;CD1;CD2;CE1;CE2;CG;CZ;N;O,,11,11,no,7.4580,CB,C3,no,yes,not_applicable
4I7J,external_fixed_batch_9,A,1,138,THR,7,C;CA;CB;CG2;N;O;OG1,C;CA;CB;CG2;N;O;OG1,,7,7,no,9.4667,O,C1,no,no,not_applicable
4I7J,external_fixed_batch_9,A,1,139,ASN,8,C;CA;CB;CG;N;ND2;O;OD1,C;CA;CB;CG;N;ND2;O;OD1,,8,13,no,9.6692,C,C2,no,no,not_applicable
4I7J,external_fixed_batch_9,A,1,140,VAL,7,C;CA;CB;CG1;CG2;N;O,C;CA;CB;CG1;CG2;N;O,,7,7,no,5.9868,CG1,C2,no,yes,not_applicable
4I7J,external_fixed_batch_9,A,1,141,LEU,8,C;CA;CB;CD1;CD2;CG;N;O,C;CA;CB;CD1;CD2;CG;N;O,,8,8,no,3.7692,CD2,C1,yes,yes,not_applicable
4I7J,external_fixed_batch_9,A,1,142,ARG,11,C;CA;CB;CD;CG;CZ;N;NE;NH1;NH2;O,C;CA;CB;CD;CG;CZ;N;NE;NH1;NH2;O,,11,11,no,7.9154,N,C1,no,yes,not_applicable
4I7J,external_fixed_batch_9,A,1,143,MET,8,C;CA;CB;CE;CG;N;O;SD,C;CA;CB;CE;CG;N;O;SD,,8,8,no,8.6093,C,C1,no,no,not_applicable
4I7J,external_fixed_batch_9,A,1,144,LEU,8,C;CA;CB;CD1;CD2;CG;N;O,C;CA;CB;CD1;CD2;CG;N;O,,8,8,no,3.7974,CD1,C2,yes,yes,not_applicable
4I7J,external_fixed_batch_9,A,1,145,GLN,9,C;CA;CB;CD;CG;N;NE2;O;OE1,C;CA;CB;CD;CG;N;NE2;O;OE1,,9,9,no,7.1089,N,C1,no,yes,not_applicable
4I7J,external_fixed_batch_9,A,1,146,GLN,9,C;CA;CB;CD;CG;N;NE2;O;OE1,C;CA;CB;CD;CG;N;NE2;O;OE1,,9,9,no,9.8359,N,C1,no,no,not_applicable
4I7J,external_fixed_batch_9,A,1,147,LYS,9,C;CA;CB;CD;CE;CG;N;NZ;O,C;CA;CB;CD;CE;CG;N;NZ;O,,9,9,no,10.6233,N,C1,no,no,not_applicable
4I7J,external_fixed_batch_9,A,1,148,ARG,11,C;CA;CB;CD;CG;CZ;N;NE;NH1;NH2;O,C;CA;CB;CD;CG;CZ;N;NE;NH1;NH2;O,,11,11,no,11.4036,O,C1,no,no,not_applicable
4I7J,external_fixed_batch_9,A,1,149,TRP,14,C;CA;CB;CD1;CD2;CE2;CE3;CG;CH2;CZ2;CZ3;N;NE1;O,C;CA;CB;CD1;CD2;CE2;CE3;CG;CH2;CZ2;CZ3;N;NE1;O,,14,14,no,8.4860,CZ3,C1,no,no,not_applicable
4I7J,external_fixed_batch_9,A,1,150,ASP,8,C;CA;CB;CG;N;O;OD1;OD2,C;CA;CB;CG;N;O;OD1;OD2,,8,8,no,13.4102,N,C2,no,no,not_applicable
4I7J,external_fixed_batch_9,A,1,151,GLU,9,C;CA;CB;CD;CG;N;O;OE1;OE2,C;CA;CB;CD;CG;N;O;OE1;OE2,,9,9,no,12.1597,C,C2,no,no,not_applicable
4I7J,external_fixed_batch_9,A,1,152,ALA,5,C;CA;CB;N;O,C;CA;CB;N;O,,5,5,no,8.7166,CB,C2,no,no,not_applicable
4I7J,external_fixed_batch_9,A,1,153,ALA,5,C;CA;CB;N;O,C;CA;CB;N;O,,5,5,no,10.6793,N,C2,no,no,not_applicable
4I7J,external_fixed_batch_9,A,1,154,VAL,7,C;CA;CB;CG1;CG2;N;O,C;CA;CB;CG1;CG2;N;O,,7,7,no,13.0467,N,C2,no,no,not_applicable
4I7J,external_fixed_batch_9,A,1,155,ASN,8,C;CA;CB;CG;N;ND2;O;OD1,C;CA;CB;CG;N;ND2;O;OD1,,8,8,no,11.6894,C,C2,no,no,not_applicable
4I7J,external_fixed_batch_9,A,1,156,LEU,8,C;CA;CB;CD1;CD2;CG;N;O,C;CA;CB;CD1;CD2;CG;N;O,,8,8,no,7.1628,CD1,C2,no,yes,not_applicable
4I7J,external_fixed_batch_9,A,1,157,ALA,5,C;CA;CB;N;O,C;CA;CB;N;O,,5,5,no,12.5515,N,C2,no,no,not_applicable
4I7J,external_fixed_batch_9,A,1,158,LYS,9,C;CA;CB;CD;CE;CG;N;NZ;O,C;CA;CB;CD;CE;CG;N;NZ;O,,9,15,no,14.4398,N,C2,no,no,not_applicable
4I7J,external_fixed_batch_9,A,1,159,SER,6,C;CA;CB;N;O;OG,C;CA;CB;N;O;OG,,6,6,no,11.7496,OG,C3,no,no,not_applicable
4I7J,external_fixed_batch_9,A,1,160,ARG,11,C;CA;CB;CD;CG;CZ;N;NE;NH1;NH2;O,C;CA;CB;CG;N;O,CD;CZ;NE;NH1;NH2,6,6,yes,14.6761,N,C3,no,no,unlikely
4I7J,external_fixed_batch_9,A,1,161,TRP,14,C;CA;CB;CD1;CD2;CE2;CE3;CG;CH2;CZ2;CZ3;N;NE1;O,C;CA;CB;CD1;CD2;CE2;CE3;CG;CH2;CZ2;CZ3;N;NE1;O,,14,14,no,8.8095,CH2,C3,no,no,not_applicable
4I7J,external_fixed_batch_9,A,1,162,TYR,12,C;CA;CB;CD1;CD2;CE1;CE2;CG;CZ;N;O;OH,C;CA;CB;CD1;CD2;CE1;CE2;CG;CZ;N;O;OH,,12,12,no,13.2306,N,C3,no,no,not_applicable
4I7J,external_fixed_batch_9,A,1,163,ASN,8,C;CA;CB;CG;N;ND2;O;OD1,C;CA;CB;CG;N;ND2;O;OD1,,8,8,no,15.9264,N,C3,no,no,not_applicable
4I7J,external_fixed_batch_9,A,1,164,GLN,9,C;CA;CB;CD;CG;N;NE2;O;OE1,C;CA;CB;CD;CG;N;NE2;O;OE1,,9,9,no,17.8080,N,C3,no,no,not_applicable
4I7J,external_fixed_batch_9,A,1,165,CYS,6,C;CA;CB;N;O;SG,C;CA;CB;N;O;SG,,6,9,no,16.2295,O,C3,no,no,not_applicable
4I7J,external_fixed_batch_9,A,1,166,PRO,7,C;CA;CB;CD;CG;N;O,C;CA;CB;CD;CG;N;O,,7,7,no,16.4097,O,C3,no,no,not_applicable
4I7J,external_fixed_batch_9,A,1,167,ASP,8,C;CA;CB;CG;N;O;OD1;OD2,C;CA;CB;CG;N;O;OD1;OD2,,8,8,no,17.0864,O,C3,no,no,not_applicable
4I7J,external_fixed_batch_9,A,1,168,ARG,11,C;CA;CB;CD;CG;CZ;N;NE;NH1;NH2;O,C;CA;CB;CD;CG;CZ;N;NE;NH1;NH2;O,,11,11,no,13.4687,O,C3,no,no,not_applicable
4I7J,external_fixed_batch_9,A,1,169,ALA,5,C;CA;CB;N;O,C;CA;CB;N;O,,5,5,no,12.0416,O,C3,no,no,not_applicable
4I7J,external_fixed_batch_9,A,1,170,LYS,9,C;CA;CB;CD;CE;CG;N;NZ;O,C;CA;CB;CD;CE;CG;N;NZ;O,,9,9,no,13.7911,O,C2,no,no,not_applicable
4I7J,external_fixed_batch_9,A,1,171,ARG,11,C;CA;CB;CD;CG;CZ;N;NE;NH1;NH2;O,C;CA;CB;CD;CG;CZ;N;NE;NH1;NH2;O,,11,11,no,12.3653,O,C2,no,no,not_applicable
4I7J,external_fixed_batch_9,A,1,172,VAL,7,C;CA;CB;CG1;CG2;N;O,C;CA;CB;CG1;CG2;N;O,,7,7,no,8.0697,CG1,C3,no,no,not_applicable
4I7J,external_fixed_batch_9,A,1,173,ILE,8,C;CA;CB;CD1;CG1;CG2;N;O,C;CA;CB;CD1;CG1;CG2;N;O,,8,8,no,10.3970,CA,C2,no,no,not_applicable
4I7J,external_fixed_batch_9,A,1,174,THR,7,C;CA;CB;CG2;N;O;OG1,C;CA;CB;CG2;N;O;OG1,,7,7,no,12.1788,N,C2,no,no,not_applicable
4I7J,external_fixed_batch_9,A,1,175,THR,7,C;CA;CB;CG2;N;O;OG1,C;CA;CB;CG2;N;O;OG1,,7,7,no,10.0767,C,C2,no,no,not_applicable
4I7J,external_fixed_batch_9,A,1,176,PHE,11,C;CA;CB;CD1;CD2;CE1;CE2;CG;CZ;N;O,C;CA;CB;CD1;CD2;CE1;CE2;CG;CZ;N;O,,11,11,no,3.8257,CZ,C2,yes,yes,not_applicable
4I7J,external_fixed_batch_9,A,1,177,ARG,11,C;CA;CB;CD;CG;CZ;N;NE;NH1;NH2;O,C;CA;CB;CD;CG;CZ;N;NE;NH1;NH2;O,,11,11,no,10.5883,N,C2,no,no,not_applicable
4I7J,external_fixed_batch_9,A,1,178,THR,7,C;CA;CB;CG2;N;O;OG1,C;CA;CB;CG2;N;O;OG1,,7,7,no,12.7112,N,C2,no,no,not_applicable
4I7J,external_fixed_batch_9,A,1,179,GLY,4,C;CA;N;O,C;CA;N;O,,4,4,no,12.2893,CA,C1,no,no,not_applicable
4I7J,external_fixed_batch_9,A,1,180,THR,7,C;CA;CB;CG2;N;O;OG1,C;CA;CB;CG2;N;O;OG1,,7,7,no,14.1048,N,C2,no,no,not_applicable
4I7J,external_fixed_batch_9,A,1,181,TRP,14,C;CA;CB;CD1;CD2;CE2;CE3;CG;CH2;CZ2;CZ3;N;NE1;O,C;CA;CB;CD1;CD2;CE2;CE3;CG;CH2;CZ2;CZ3;N;NE1;O,,14,14,no,13.4755,CH2,C2,no,no,not_applicable
4I7J,external_fixed_batch_9,A,1,182,ASP,8,C;CA;CB;CG;N;O;OD1;OD2,C;CA;CB;CG;N;O;OD1;OD2,,8,8,no,17.4945,N,C2,no,no,not_applicable
4I7J,external_fixed_batch_9,A,1,183,ALA,5,C;CA;CB;N;O,C;CA;CB;N;O,,5,5,no,16.1531,CB,C2,no,no,not_applicable
4I7J,external_fixed_batch_9,A,1,184,TYR,12,C;CA;CB;CD1;CD2;CE1;CE2;CG;CZ;N;O;OH,C;CA;CB;CD1;CD2;CE1;CE2;CG;CZ;N;O;OH,,12,12,no,12.8495,OH,C3,no,no,not_applicable
4I7J,external_fixed_batch_9,A,1,185,LYS,9,C;CA;CB;CD;CE;CG;N;NZ;O,C;CA;CB;CD;CG;N;O,CE;NZ,7,7,yes,20.5454,N,C2,no,no,unlikely
4I7J,external_fixed_batch_9,A,1,186,ASN,8,C;CA;CB;CG;N;ND2;O;OD1,C;CA;CB;CG;N;ND2;O;OD1,,8,8,no,24.1080,N,C2,no,no,not_applicable
4I7J,external_fixed_batch_9,A,1,187,LEU,9,C;CA;CB;CD1;CD2;CG;N;O;OXT[terminal-carboxyl],C;CA;CB;CD1;CD2;CG;N;O;OXT,,9,9,no,21.5826,CD2,C3,no,no,not_applicable
