local_path,filename,bytes,sha256,drive_root,drive_folder,drive_status,drive_verified,drive_path,notes
"verification/selection-exhaustive/evidence/AA/AA-001__PASS.png","AA-001__PASS.png","310855","91a726ad67c18ff5d5bde49d736203efd2ec4b43489ae89aad0464badc963d2d","MOLEXPLORER_SELECTION_A_BF_468AA79DBEC6F723","61_SCREENSHOTS","DRIVE_VERIFIED","true","https://drive.google.com/file/d/1fvpthWnR9hRujGA7N0lU8MohUW2GA9dz/view?usp=drivesdk","Uploaded and verified by Google Drive folder readback."
"verification/selection-exhaustive/evidence/AA/AA-002__PASS.png","AA-002__PASS.png","308421","36c08f6612f8212d28fe30267efd69dfaf356934b9b15b0f95febccde095504e","MOLEXPLORER_SELECTION_A_BF_468AA79DBEC6F723","61_SCREENSHOTS","DRIVE_VERIFIED","true","https://drive.google.com/file/d/17vsbXSX7ulQzWMsTwHzthhMUjk_rdGuk/view?usp=drivesdk","Uploaded and verified by Google Drive folder readback."
"verification/selection-exhaustive/evidence/AA/AA-003__PASS.png","AA-003__PASS.png","308328","ef61211813e3502cd56fd86a75b3863e337dce8e84f70754dbc0d51e9c202464","MOLEXPLORER_SELECTION_A_BF_468AA79DBEC6F723","61_SCREENSHOTS","DRIVE_VERIFIED","true","https://drive.google.com/file/d/1h7OTvKXP0T_sxWls44z6F-Q5NKMDBLHk/view?usp=drivesdk","Uploaded and verified by Google Drive folder readback."
"verification/selection-exhaustive/evidence/AA/AA-004__EMPTY_VALID.png","AA-004__EMPTY_VALID.png","297829","13e1a098ba1905ce35ee618040a39704c6812009a553df3f5d853e2c375aeef0","MOLEXPLORER_SELECTION_A_BF_468AA79DBEC6F723","61_SCREENSHOTS","DRIVE_VERIFIED","true","https://drive.google.com/file/d/1efznYS9m8pfncwk6MyzYMF_n4w2S63ek/view?usp=drivesdk","Uploaded and verified by Google Drive folder readback."
"verification/selection-exhaustive/evidence/AB/AB-001__PASS.png","AB-001__PASS.png","297437","704a8eb8b735a4f8a014fa715e9048bfe382e283288aeaa1bbd61494ef5dd604","MOLEXPLORER_SELECTION_A_BF_468AA79DBEC6F723","61_SCREENSHOTS","DRIVE_VERIFIED","true","https://drive.google.com/file/d/1iM1wJ5-wMKtAg5rvZDG31PErHiWAKxeq/view?usp=drivesdk","Uploaded and verified by Google Drive folder readback."
"verification/selection-exhaustive/evidence/AB/AB-002__PASS.png","AB-002__PASS.png","297086","49040a3b12e8fd29df9ae0214f711490cd949996437d72123c1d38ed9a96da0c","MOLEXPLORER_SELECTION_A_BF_468AA79DBEC6F723","61_SCREENSHOTS","DRIVE_VERIFIED","true","https://drive.google.com/file/d/1j746xR7zUo7dCIi5eWEPzRYbTD-SEG1G/view?usp=drivesdk","Uploaded and verified by Google Drive folder readback."
"verification/selection-exhaustive/evidence/AB/AB-003__PASS.png","AB-003__PASS.png","297131","8c3914f57b439946dc1e134010139e35b7be4ebcc3bbf396aaba807a63932138","MOLEXPLORER_SELECTION_A_BF_468AA79DBEC6F723","61_SCREENSHOTS","DRIVE_VERIFIED","true","https://drive.google.com/file/d/1QUY0q_4Ozp_sHqHMEIllFqd7d0eGzVyJ/view?usp=drivesdk","Uploaded and verified by Google Drive folder readback."
"verification/selection-exhaustive/evidence/AB/AB-004__PASS.png","AB-004__PASS.png","297107","653a60c18deef50f21dfcf1fb66a0a2f9afd96e111bfc3e55a69f9c485faeadb","MOLEXPLORER_SELECTION_A_BF_468AA79DBEC6F723","61_SCREENSHOTS","DRIVE_VERIFIED","true","https://drive.google.com/file/d/1Epa7dO-TvPbOGE2JaVfiZuOrmXqaPxIA/view?usp=drivesdk","Uploaded and verified by Google Drive folder readback."
"verification/selection-exhaustive/evidence/AB/AB-005__PASS.png","AB-005__PASS.png","297102","0ec26dbb043ee4a903e4a3daf2d11d8d232574c2c8fe8b860ef1d16347709815","MOLEXPLORER_SELECTION_A_BF_468AA79DBEC6F723","61_SCREENSHOTS","DRIVE_VERIFIED","true","https://drive.google.com/file/d/1K0INtuv9l5bdegmEYFCQoNRAx3fc1vxY/view?usp=drivesdk","Uploaded and verified by Google Drive folder readback."
"verification/selection-exhaustive/evidence/AC/AC-001__PASS.png","AC-001__PASS.png","307953","0a484a65b06346566eb846aaa0a7df311245e913f030bca36a75f153ee7da237","MOLEXPLORER_SELECTION_A_BF_468AA79DBEC6F723","61_SCREENSHOTS","DRIVE_VERIFIED","true","https://drive.google.com/file/d/1qdvD6vwFOOPUiHtY3ezgftWkEdMkp_ZW/view?usp=drivesdk","Uploaded and verified by Google Drive folder readback."
"verification/selection-exhaustive/evidence/AC/AC-002__PASS.png","AC-002__PASS.png","309870","37c30acc8396718f80bd3307ac155e8a103e58ef138ae805fac08a95f08d45b2","MOLEXPLORER_SELECTION_A_BF_468AA79DBEC6F723","61_SCREENSHOTS","DRIVE_VERIFIED","true","https://drive.google.com/file/d/1T2AG-qPLk_uFjCYIo-XvXVcz6o8NiVyr/view?usp=drivesdk","Uploaded and verified by Google Drive folder readback."
"verification/selection-exhaustive/evidence/AC/AC-003__PASS.png","AC-003__PASS.png","310006","2043d9daafe64440a76bd7e6f534399fbab95606b57644d8f7ad0c788fc15f4b","MOLEXPLORER_SELECTION_A_BF_468AA79DBEC6F723","61_SCREENSHOTS","DRIVE_VERIFIED","true","https://drive.google.com/file/d/10nwCFWb5nmBfHI8in5aY2NDyR5TK0lpa/view?usp=drivesdk","Uploaded and verified by Google Drive folder readback."
"verification/selection-exhaustive/evidence/AC/AC-004__PASS.png","AC-004__PASS.png","309825","b624ec1309793c646652f46549f2758edb8abaa94cd22f8dbc4bbed91b38dfcf","MOLEXPLORER_SELECTION_A_BF_468AA79DBEC6F723","61_SCREENSHOTS","DRIVE_VERIFIED","true","https://drive.google.com/file/d/18YWygO2w1K-_eCZWdHJRkj17KN5bOrob/view?usp=drivesdk","Uploaded and verified by Google Drive folder readback."
"verification/selection-exhaustive/evidence/AC/AC-005__EMPTY_VALID.png","AC-005__EMPTY_VALID.png","298926","d68607ab68b3de38845815e19276b50ee2098fa029c2a1e15876576cb18feeb1","MOLEXPLORER_SELECTION_A_BF_468AA79DBEC6F723","61_SCREENSHOTS","DRIVE_VERIFIED","true","https://drive.google.com/file/d/1eO4GW1aXA5cVPIl13TxLKD-y2aVl49FI/view?usp=drivesdk","Uploaded and verified by Google Drive folder readback."
"verification/selection-exhaustive/evidence/AD/AD-001__PASS.png","AD-001__PASS.png","301719","719ebbf79889c3c8773a2589ef2f68918a2880c26711db7991db14786826a64e","MOLEXPLORER_SELECTION_A_BF_468AA79DBEC6F723","61_SCREENSHOTS","DRIVE_VERIFIED","true","https://drive.google.com/file/d/1zveqIwdWxU05XOl81eExq34jqPOCq2XK/view?usp=drivesdk","Uploaded and verified by Google Drive folder readback."
"verification/selection-exhaustive/evidence/AD/AD-002__PASS.png","AD-002__PASS.png","306065","f47ce8dae4f7036c072529a2b2dc9bdff888d9ed8a3374ea4b7f272c19a550ce","MOLEXPLORER_SELECTION_A_BF_468AA79DBEC6F723","61_SCREENSHOTS","DRIVE_VERIFIED","true","https://drive.google.com/file/d/1CBo07X-lcaB0hHJJObxVVsv4V7kIIg0o/view?usp=drivesdk","Uploaded and verified by Google Drive folder readback."
"verification/selection-exhaustive/evidence/AD/AD-003__PASS.png","AD-003__PASS.png","307542","1212bdeb93fd7143ef5807132a43b4ee17cf446f335c0eca07bec69e4aa424f9","MOLEXPLORER_SELECTION_A_BF_468AA79DBEC6F723","61_SCREENSHOTS","DRIVE_VERIFIED","true","https://drive.google.com/file/d/1VNgNedbPkx-2qFqSJN0aOulOuSLk_Tw6/view?usp=drivesdk","Uploaded and verified by Google Drive folder readback."
"verification/selection-exhaustive/evidence/AD/AD-004__PASS.png","AD-004__PASS.png","301068","a4f729b1a0422a08abea7714ba1ca427781eeebcd1253dbc48a934966d61cfb0","MOLEXPLORER_SELECTION_A_BF_468AA79DBEC6F723","61_SCREENSHOTS","DRIVE_VERIFIED","true","https://drive.google.com/file/d/15CqIis8amxGPK99hqRrajUELPNBDiJuz/view?usp=drivesdk","Uploaded and verified by Google Drive folder readback."
"verification/selection-exhaustive/evidence/AD/AD-005__PASS.png","AD-005__PASS.png","315183","8fc8d51a5341882b8ecd22a5ec416a77ec1a87ae24d2daeca0c6d8bcfab41812","MOLEXPLORER_SELECTION_A_BF_468AA79DBEC6F723","61_SCREENSHOTS","DRIVE_VERIFIED","true","https://drive.google.com/file/d/1cccBuKqwcqipFB3HyQ_g0abU15lhxVEh/view?usp=drivesdk","Uploaded and verified by Google Drive folder readback."
"verification/selection-exhaustive/evidence/AD/AD-006__PASS.png","AD-006__PASS.png","304222","f2f30dbd46c845c3b08a90b6c91e1d30b246b5a3e4bd874cc079e0bbe73810f3","MOLEXPLORER_SELECTION_A_BF_468AA79DBEC6F723","61_SCREENSHOTS","DRIVE_VERIFIED","true","https://drive.google.com/file/d/1L0uBQzOJQKVKFJat0z5j532Hl8TNZCsC/view?usp=drivesdk","Uploaded and verified by Google Drive folder readback."
"verification/selection-exhaustive/evidence/AE/AE-001__PASS.png","AE-001__PASS.png","319018","5ade57bae797cea1d6b441bae6d95fa1c1dcfaccc2aff83a18b8269882a63cdd","MOLEXPLORER_SELECTION_A_BF_468AA79DBEC6F723","61_SCREENSHOTS","DRIVE_VERIFIED","true","https://drive.google.com/file/d/1JVDnxwKCysRBnPIaDSkb1twi92wKajM2/view?usp=drivesdk","Uploaded and verified by Google Drive folder readback."
"verification/selection-exhaustive/evidence/AF/AF-001__PASS.png","AF-001__PASS.png","318601","418ef05059c521a7f904593daafe5ba536993e46e5b75cdb9ee53fe45f4977d3","MOLEXPLORER_SELECTION_A_BF_468AA79DBEC6F723","61_SCREENSHOTS","DRIVE_VERIFIED","true","https://drive.google.com/file/d/1LKBYTjL_jrgarftHFHvB9sIbbNlzDaqr/view?usp=drivesdk","Uploaded and verified by Google Drive folder readback."
"verification/selection-exhaustive/evidence/AG/AG-001__EMPTY_VALID.png","AG-001__EMPTY_VALID.png","296757","8b17c0f53361f3de946ada2b839d291c57e6e82497b1c1230ce442c81785b590","MOLEXPLORER_SELECTION_A_BF_468AA79DBEC6F723","61_SCREENSHOTS","DRIVE_VERIFIED","true","https://drive.google.com/file/d/1p-meG5ihyBROHfpOiTZN4_xL44WAKvis/view?usp=drivesdk","Uploaded and verified by Google Drive folder readback."
"verification/selection-exhaustive/evidence/AG/AG-002__EMPTY_VALID.png","AG-002__EMPTY_VALID.png","296757","8b17c0f53361f3de946ada2b839d291c57e6e82497b1c1230ce442c81785b590","MOLEXPLORER_SELECTION_A_BF_468AA79DBEC6F723","61_SCREENSHOTS","DRIVE_VERIFIED","true","https://drive.google.com/file/d/1ycmtAB2sML9_YtHA6rlsW9UapqfwzKiQ/view?usp=drivesdk","Uploaded and verified by Google Drive folder readback."
"verification/selection-exhaustive/evidence/AG/AG-003__EMPTY_VALID.png","AG-003__EMPTY_VALID.png","296757","8b17c0f53361f3de946ada2b839d291c57e6e82497b1c1230ce442c81785b590","MOLEXPLORER_SELECTION_A_BF_468AA79DBEC6F723","61_SCREENSHOTS","DRIVE_VERIFIED","true","https://drive.google.com/file/d/1mg7SEUI9omxS1v51lNC1OgLvtDdxQgbi/view?usp=drivesdk","Uploaded and verified by Google Drive folder readback."
"verification/selection-exhaustive/evidence/AG/AG-004__EMPTY_VALID.png","AG-004__EMPTY_VALID.png","296757","8b17c0f53361f3de946ada2b839d291c57e6e82497b1c1230ce442c81785b590","MOLEXPLORER_SELECTION_A_BF_468AA79DBEC6F723","61_SCREENSHOTS","DRIVE_VERIFIED","true","https://drive.google.com/file/d/19uJhGNPRPH_EV7e0R7Bn8SCP236Tn_79/view?usp=drivesdk","Uploaded and verified by Google Drive folder readback."
"verification/selection-exhaustive/evidence/AG/AG-005__EMPTY_VALID.png","AG-005__EMPTY_VALID.png","296757","8b17c0f53361f3de946ada2b839d291c57e6e82497b1c1230ce442c81785b590","MOLEXPLORER_SELECTION_A_BF_468AA79DBEC6F723","61_SCREENSHOTS","DRIVE_VERIFIED","true","https://drive.google.com/file/d/1TjX1XJEX6mKCUV-87NVC8MMZK2pAom6Q/view?usp=drivesdk","Uploaded and verified by Google Drive folder readback."
"verification/selection-exhaustive/evidence/AG/AG-006__EMPTY_VALID.png","AG-006__EMPTY_VALID.png","296757","8b17c0f53361f3de946ada2b839d291c57e6e82497b1c1230ce442c81785b590","MOLEXPLORER_SELECTION_A_BF_468AA79DBEC6F723","61_SCREENSHOTS","DRIVE_VERIFIED","true","https://drive.google.com/file/d/1BjBHs4iGjpHzod4xCcM712puyWVaLw2-/view?usp=drivesdk","Uploaded and verified by Google Drive folder readback."
"verification/selection-exhaustive/evidence/AG/AG-007__IMPLEMENTED_WITH_LIMITATION.png","AG-007__IMPLEMENTED_WITH_LIMITATION.png","296757","8b17c0f53361f3de946ada2b839d291c57e6e82497b1c1230ce442c81785b590","MOLEXPLORER_SELECTION_A_BF_468AA79DBEC6F723","61_SCREENSHOTS","DRIVE_VERIFIED","true","https://drive.google.com/file/d/1Jg37JieB1ehO-yNrfwBmWZsKFr0qk1a1/view?usp=drivesdk","Uploaded and verified by Google Drive folder readback."
"verification/selection-exhaustive/evidence/AG/AG-008__PASS.png","AG-008__PASS.png","314621","ee534c7858f18a47bb4e5db065e76691d1806a8dcfce4e88d641facc1cfbb356","MOLEXPLORER_SELECTION_A_BF_468AA79DBEC6F723","61_SCREENSHOTS","DRIVE_VERIFIED","true","https://drive.google.com/file/d/1GFuD6jBFJaLuwT7zV14gXthmV52XppZ6/view?usp=drivesdk","Uploaded and verified by Google Drive folder readback."
"verification/selection-exhaustive/evidence/AG/AG-009__EMPTY_VALID.png","AG-009__EMPTY_VALID.png","296919","93e3302555bbaf569a4748a97b297f6a20e726c2bff8bade14a8820a9d77ef11","MOLEXPLORER_SELECTION_A_BF_468AA79DBEC6F723","61_SCREENSHOTS","DRIVE_VERIFIED","true","https://drive.google.com/file/d/1WvP4qyQENROnFdEQ3iAhbCOslsfPZANv/view?usp=drivesdk","Uploaded and verified by Google Drive folder readback."
"verification/selection-exhaustive/evidence/AH/AH-001__INVALID_EXPECTED.png","AH-001__INVALID_EXPECTED.png","296919","93e3302555bbaf569a4748a97b297f6a20e726c2bff8bade14a8820a9d77ef11","MOLEXPLORER_SELECTION_A_BF_468AA79DBEC6F723","61_SCREENSHOTS","DRIVE_VERIFIED","true","https://drive.google.com/file/d/1vhWS5N9ieZSus-jolZg2gQMbFPdCjNlP/view?usp=drivesdk","Uploaded and verified by Google Drive folder readback."
"verification/selection-exhaustive/evidence/AH/AH-002__INVALID_EXPECTED.png","AH-002__INVALID_EXPECTED.png","296919","93e3302555bbaf569a4748a97b297f6a20e726c2bff8bade14a8820a9d77ef11","MOLEXPLORER_SELECTION_A_BF_468AA79DBEC6F723","61_SCREENSHOTS","DRIVE_VERIFIED","true","https://drive.google.com/file/d/1qy0R5RN_yfjfUJkCy4LHoey0aaR1a28P/view?usp=drivesdk","Uploaded and verified by Google Drive folder readback."
"verification/selection-exhaustive/evidence/AH/AH-003__INVALID_EXPECTED.png","AH-003__INVALID_EXPECTED.png","296919","93e3302555bbaf569a4748a97b297f6a20e726c2bff8bade14a8820a9d77ef11","MOLEXPLORER_SELECTION_A_BF_468AA79DBEC6F723","61_SCREENSHOTS","DRIVE_VERIFIED","true","https://drive.google.com/file/d/1X2fEpy8jY3sTWIIYS3FoMQTFQbK3XHfT/view?usp=drivesdk","Uploaded and verified by Google Drive folder readback."
"verification/selection-exhaustive/evidence/AH/AH-004__INVALID_EXPECTED.png","AH-004__INVALID_EXPECTED.png","296919","93e3302555bbaf569a4748a97b297f6a20e726c2bff8bade14a8820a9d77ef11","MOLEXPLORER_SELECTION_A_BF_468AA79DBEC6F723","61_SCREENSHOTS","DRIVE_VERIFIED","true","https://drive.google.com/file/d/1dLIw12WNIsutem2M9xHbaW8sQewuuTfq/view?usp=drivesdk","Uploaded and verified by Google Drive folder readback."
"verification/selection-exhaustive/evidence/AH/AH-005__INVALID_EXPECTED.png","AH-005__INVALID_EXPECTED.png","296919","93e3302555bbaf569a4748a97b297f6a20e726c2bff8bade14a8820a9d77ef11","MOLEXPLORER_SELECTION_A_BF_468AA79DBEC6F723","61_SCREENSHOTS","DRIVE_VERIFIED","true","https://drive.google.com/file/d/1bmU8SGMLD9KBKOJm8D3NWkUKK4SrX4T2/view?usp=drivesdk","Uploaded and verified by Google Drive folder readback."
"verification/selection-exhaustive/evidence/AH/AH-006__INVALID_EXPECTED.png","AH-006__INVALID_EXPECTED.png","296919","93e3302555bbaf569a4748a97b297f6a20e726c2bff8bade14a8820a9d77ef11","MOLEXPLORER_SELECTION_A_BF_468AA79DBEC6F723","61_SCREENSHOTS","DRIVE_VERIFIED","true","https://drive.google.com/file/d/1-sVLz_Xke81YNn03fCsbCiPMUJ4--np3/view?usp=drivesdk","Uploaded and verified by Google Drive folder readback."
"verification/selection-exhaustive/evidence/AH/AH-007__INVALID_EXPECTED.png","AH-007__INVALID_EXPECTED.png","296919","93e3302555bbaf569a4748a97b297f6a20e726c2bff8bade14a8820a9d77ef11","MOLEXPLORER_SELECTION_A_BF_468AA79DBEC6F723","61_SCREENSHOTS","DRIVE_VERIFIED","true","https://drive.google.com/file/d/1qDQS7zhixDlVeDTRHetMLrGeObA_hpbc/view?usp=drivesdk","Uploaded and verified by Google Drive folder readback."
"verification/selection-exhaustive/evidence/AH/AH-008__INVALID_EXPECTED.png","AH-008__INVALID_EXPECTED.png","296919","93e3302555bbaf569a4748a97b297f6a20e726c2bff8bade14a8820a9d77ef11","MOLEXPLORER_SELECTION_A_BF_468AA79DBEC6F723","61_SCREENSHOTS","DRIVE_VERIFIED","true","https://drive.google.com/file/d/1fqC4nDIkisjnZsbttJsj8caE_e7_-RgZ/view?usp=drivesdk","Uploaded and verified by Google Drive folder readback."
"verification/selection-exhaustive/evidence/AH/AH-009__INVALID_EXPECTED.png","AH-009__INVALID_EXPECTED.png","296919","93e3302555bbaf569a4748a97b297f6a20e726c2bff8bade14a8820a9d77ef11","MOLEXPLORER_SELECTION_A_BF_468AA79DBEC6F723","61_SCREENSHOTS","DRIVE_VERIFIED","true","https://drive.google.com/file/d/1sHcQOVBDoXsiWz5OYvNhAJQlP3bVTFYh/view?usp=drivesdk","Uploaded and verified by Google Drive folder readback."
"verification/selection-exhaustive/evidence/AH/AH-010__INVALID_EXPECTED.png","AH-010__INVALID_EXPECTED.png","296919","93e3302555bbaf569a4748a97b297f6a20e726c2bff8bade14a8820a9d77ef11","MOLEXPLORER_SELECTION_A_BF_468AA79DBEC6F723","61_SCREENSHOTS","DRIVE_VERIFIED","true","https://drive.google.com/file/d/1yil0vB-MV2_fFB_E74_vvL2TnJwO6x3r/view?usp=drivesdk","Uploaded and verified by Google Drive folder readback."
"verification/selection-exhaustive/evidence/AH/AH-011__INVALID_EXPECTED.png","AH-011__INVALID_EXPECTED.png","296919","93e3302555bbaf569a4748a97b297f6a20e726c2bff8bade14a8820a9d77ef11","MOLEXPLORER_SELECTION_A_BF_468AA79DBEC6F723","61_SCREENSHOTS","DRIVE_VERIFIED","true","https://drive.google.com/file/d/1InEoDsE-GNOzeQ_--6ARx6f72UcIpKk3/view?usp=drivesdk","Uploaded and verified by Google Drive folder readback."
"verification/selection-exhaustive/evidence/AH/AH-012__INVALID_EXPECTED.png","AH-012__INVALID_EXPECTED.png","296919","93e3302555bbaf569a4748a97b297f6a20e726c2bff8bade14a8820a9d77ef11","MOLEXPLORER_SELECTION_A_BF_468AA79DBEC6F723","61_SCREENSHOTS","DRIVE_VERIFIED","true","https://drive.google.com/file/d/1km4Wi2AH_NinQps4SJsx3icZqXDAI9Fb/view?usp=drivesdk","Uploaded and verified by Google Drive folder readback."
"verification/selection-exhaustive/evidence/AH/AH-013__PASS.png","AH-013__PASS.png","296919","93e3302555bbaf569a4748a97b297f6a20e726c2bff8bade14a8820a9d77ef11","MOLEXPLORER_SELECTION_A_BF_468AA79DBEC6F723","61_SCREENSHOTS","DRIVE_VERIFIED","true","https://drive.google.com/file/d/1s-vyBFkavaxfkTu9pXDWefDt5_NXnNpe/view?usp=drivesdk","Uploaded and verified by Google Drive folder readback."
"verification/selection-exhaustive/evidence/AH/AH-014__PASS.png","AH-014__PASS.png","296919","93e3302555bbaf569a4748a97b297f6a20e726c2bff8bade14a8820a9d77ef11","MOLEXPLORER_SELECTION_A_BF_468AA79DBEC6F723","61_SCREENSHOTS","DRIVE_VERIFIED","true","https://drive.google.com/file/d/1OCmGTvmmbg1kQ0FF-Iz3iTCIdP-t-BKV/view?usp=drivesdk","Uploaded and verified by Google Drive folder readback."
"verification/selection-exhaustive/evidence/AH/AH-015__EMPTY_VALID.png","AH-015__EMPTY_VALID.png","296919","93e3302555bbaf569a4748a97b297f6a20e726c2bff8bade14a8820a9d77ef11","MOLEXPLORER_SELECTION_A_BF_468AA79DBEC6F723","61_SCREENSHOTS","DRIVE_VERIFIED","true","https://drive.google.com/file/d/1Tti6o4si6Z59C0bii8gq4VFBxqKsd4n_/view?usp=drivesdk","Uploaded and verified by Google Drive folder readback."
"verification/selection-exhaustive/evidence/AH/AH-016__INVALID_EXPECTED.png","AH-016__INVALID_EXPECTED.png","296919","93e3302555bbaf569a4748a97b297f6a20e726c2bff8bade14a8820a9d77ef11","MOLEXPLORER_SELECTION_A_BF_468AA79DBEC6F723","61_SCREENSHOTS","DRIVE_VERIFIED","true","https://drive.google.com/file/d/1ynoSfz7-VjOwXXYmNPcPL8Cf4S5AQ0Py/view?usp=drivesdk","Uploaded and verified by Google Drive folder readback."
"verification/selection-exhaustive/evidence/AH/AH-017__INVALID_EXPECTED.png","AH-017__INVALID_EXPECTED.png","296919","93e3302555bbaf569a4748a97b297f6a20e726c2bff8bade14a8820a9d77ef11","MOLEXPLORER_SELECTION_A_BF_468AA79DBEC6F723","61_SCREENSHOTS","DRIVE_VERIFIED","true","https://drive.google.com/file/d/1ntprJn2zkM67AQSEaBW2jb5yJIzDqYTV/view?usp=drivesdk","Uploaded and verified by Google Drive folder readback."
"verification/selection-exhaustive/evidence/AH/AH-018__INVALID_EXPECTED.png","AH-018__INVALID_EXPECTED.png","296919","93e3302555bbaf569a4748a97b297f6a20e726c2bff8bade14a8820a9d77ef11","MOLEXPLORER_SELECTION_A_BF_468AA79DBEC6F723","61_SCREENSHOTS","DRIVE_VERIFIED","true","https://drive.google.com/file/d/1WmQcNqizLaOPsnP9kESo1C89kDwily_r/view?usp=drivesdk","Uploaded and verified by Google Drive folder readback."
"verification/selection-exhaustive/evidence/AH/AH-019__INVALID_EXPECTED.png","AH-019__INVALID_EXPECTED.png","296919","93e3302555bbaf569a4748a97b297f6a20e726c2bff8bade14a8820a9d77ef11","MOLEXPLORER_SELECTION_A_BF_468AA79DBEC6F723","61_SCREENSHOTS","DRIVE_VERIFIED","true","https://drive.google.com/file/d/13Ncmqu9kDBestRV-3dFag_5OKlwI42_r/view?usp=drivesdk","Uploaded and verified by Google Drive folder readback."
"verification/selection-exhaustive/evidence/AI/AI-001__INVALID_EXPECTED.png","AI-001__INVALID_EXPECTED.png","296919","93e3302555bbaf569a4748a97b297f6a20e726c2bff8bade14a8820a9d77ef11","MOLEXPLORER_SELECTION_A_BF_468AA79DBEC6F723","61_SCREENSHOTS","DRIVE_VERIFIED","true","https://drive.google.com/file/d/1u35bDebxp88QlZ-oPkTkoFJsHiwZ8Icm/view?usp=drivesdk","Uploaded and verified by Google Drive folder readback."
"verification/selection-exhaustive/evidence/AI/AI-002__INVALID_EXPECTED.png","AI-002__INVALID_EXPECTED.png","296919","93e3302555bbaf569a4748a97b297f6a20e726c2bff8bade14a8820a9d77ef11","MOLEXPLORER_SELECTION_A_BF_468AA79DBEC6F723","61_SCREENSHOTS","DRIVE_VERIFIED","true","https://drive.google.com/file/d/1dIRSVwq5l237f4W3LmtQSrOYjkFGjo6u/view?usp=drivesdk","Uploaded and verified by Google Drive folder readback."
"verification/selection-exhaustive/evidence/AI/AI-003__INVALID_EXPECTED.png","AI-003__INVALID_EXPECTED.png","296919","93e3302555bbaf569a4748a97b297f6a20e726c2bff8bade14a8820a9d77ef11","MOLEXPLORER_SELECTION_A_BF_468AA79DBEC6F723","61_SCREENSHOTS","DRIVE_VERIFIED","true","https://drive.google.com/file/d/1Od6cU4n6dvTw8xyiitWNW6sXlMoAsHlO/view?usp=drivesdk","Uploaded and verified by Google Drive folder readback."
"verification/selection-exhaustive/evidence/AI/AI-004__INVALID_EXPECTED.png","AI-004__INVALID_EXPECTED.png","296919","93e3302555bbaf569a4748a97b297f6a20e726c2bff8bade14a8820a9d77ef11","MOLEXPLORER_SELECTION_A_BF_468AA79DBEC6F723","61_SCREENSHOTS","DRIVE_VERIFIED","true","https://drive.google.com/file/d/1GO57SxbnE4b7MMTW0ELPS9u7m82sNaLo/view?usp=drivesdk","Uploaded and verified by Google Drive folder readback."
"verification/selection-exhaustive/evidence/AI/AI-005__INVALID_EXPECTED.png","AI-005__INVALID_EXPECTED.png","296919","93e3302555bbaf569a4748a97b297f6a20e726c2bff8bade14a8820a9d77ef11","MOLEXPLORER_SELECTION_A_BF_468AA79DBEC6F723","61_SCREENSHOTS","DRIVE_VERIFIED","true","https://drive.google.com/file/d/1HC9THEsRW7eB10rRmZ_mRdTsBPIwQN0q/view?usp=drivesdk","Uploaded and verified by Google Drive folder readback."
"verification/selection-exhaustive/evidence/AI/AI-006__EMPTY_VALID.png","AI-006__EMPTY_VALID.png","296919","93e3302555bbaf569a4748a97b297f6a20e726c2bff8bade14a8820a9d77ef11","MOLEXPLORER_SELECTION_A_BF_468AA79DBEC6F723","61_SCREENSHOTS","DRIVE_VERIFIED","true","https://drive.google.com/file/d/1vwzvwRoyIoyptb0_0szzxDNMIZlPpG89/view?usp=drivesdk","Uploaded and verified by Google Drive folder readback."
"verification/selection-exhaustive/evidence/AJ/AJ-001__PASS.png","AJ-001__PASS.png","303176","5b2b40e50de023e10f04cfae54f63d9dc5dc40e82ee42d614aa66811e9efc92e","MOLEXPLORER_SELECTION_A_BF_468AA79DBEC6F723","61_SCREENSHOTS","DRIVE_VERIFIED","true","https://drive.google.com/file/d/1I3luUsVyA_rGYz64yT_67ZSac8nv4YtN/view?usp=drivesdk","Uploaded and verified by Google Drive folder readback."
"verification/selection-exhaustive/evidence/AJ/AJ-002__PASS.png","AJ-002__PASS.png","302732","b0db8bb9df54d210218c38c3e4b44847d25026c63b1bfcad5a8e9ab8a95d9a72","MOLEXPLORER_SELECTION_A_BF_468AA79DBEC6F723","61_SCREENSHOTS","DRIVE_VERIFIED","true","https://drive.google.com/file/d/15hiQfV0NYmJaGDHH7tByE2KOi_cijXag/view?usp=drivesdk","Uploaded and verified by Google Drive folder readback."
"verification/selection-exhaustive/evidence/AJ/AJ-003__PASS.png","AJ-003__PASS.png","302646","0578d8bbf2a5e4831d08486846626f64ce6a87edd84d62ce7acb0d5d5dc71e79","MOLEXPLORER_SELECTION_A_BF_468AA79DBEC6F723","61_SCREENSHOTS","DRIVE_VERIFIED","true","https://drive.google.com/file/d/1ZxYqJRpm95Bp9zloLDKf6XPzqoYwzLLp/view?usp=drivesdk","Uploaded and verified by Google Drive folder readback."
"verification/selection-exhaustive/evidence/AJ/AJ-004__PASS.png","AJ-004__PASS.png","302282","872350b807d37b8e71aa69f94aeb096f8865c48fc5fc47c775b3498b0ca7ffb1","MOLEXPLORER_SELECTION_A_BF_468AA79DBEC6F723","61_SCREENSHOTS","DRIVE_VERIFIED","true","https://drive.google.com/file/d/123kApyTx1vrAG7TpzYFWTXxEZxTSsv-D/view?usp=drivesdk","Uploaded and verified by Google Drive folder readback."
"verification/selection-exhaustive/evidence/AJ/AJ-005__PASS.png","AJ-005__PASS.png","301983","4fed42d19ce657615f46e1379f174e9971da1d48504fd8da3d5f28216301bdb1","MOLEXPLORER_SELECTION_A_BF_468AA79DBEC6F723","61_SCREENSHOTS","DRIVE_VERIFIED","true","https://drive.google.com/file/d/1L46N0gN3PmziBRO-WF-Y6a2Celfu1AAp/view?usp=drivesdk","Uploaded and verified by Google Drive folder readback."
"verification/selection-exhaustive/evidence/AJ/AJ-006__PASS.png","AJ-006__PASS.png","301581","18e987cfdd7eda5141ade4ca19e74f92b9e199147c74bcb94629b44dc269f72e","MOLEXPLORER_SELECTION_A_BF_468AA79DBEC6F723","61_SCREENSHOTS","DRIVE_VERIFIED","true","https://drive.google.com/file/d/1CJsvS-SyVTpDHgnMeaYDQOgpwbBaCBJf/view?usp=drivesdk","Uploaded and verified by Google Drive folder readback."
"verification/selection-exhaustive/evidence/AJ/AJ-007__PASS.png","AJ-007__PASS.png","305150","44f6ad4d3c8577354c55f377784605f0f160979c9f19c579d824d8449cb7f840","MOLEXPLORER_SELECTION_A_BF_468AA79DBEC6F723","61_SCREENSHOTS","DRIVE_VERIFIED","true","https://drive.google.com/file/d/1j7x44ExG7AUxjr1M1YbgQp7GXYrqBJg7/view?usp=drivesdk","Uploaded and verified by Google Drive folder readback."
"verification/selection-exhaustive/evidence/AJ/AJ-008__PASS.png","AJ-008__PASS.png","304560","779a91f1153344b63743daa73e572b681ff43dba78df8c591edc017acc695edc","MOLEXPLORER_SELECTION_A_BF_468AA79DBEC6F723","61_SCREENSHOTS","DRIVE_VERIFIED","true","https://drive.google.com/file/d/1hi9_xIz-v2rGuPi-Jz3CsYOHFgaVI8GP/view?usp=drivesdk","Uploaded and verified by Google Drive folder readback."
"verification/selection-exhaustive/evidence/AK/AK-001__PASS.png","AK-001__PASS.png","300857","762c4e92fa51b507634940f806d92bc2478616d1bae7585013c76a4051373ec8","MOLEXPLORER_SELECTION_A_BF_468AA79DBEC6F723","61_SCREENSHOTS","DRIVE_VERIFIED","true","https://drive.google.com/file/d/16Qm9-F8wtQZgPM3xxwcyrjF-FseKq_-d/view?usp=drivesdk","Uploaded and verified by Google Drive folder readback."
"verification/selection-exhaustive/evidence/AK/AK-002__PASS.png","AK-002__PASS.png","300504","3125dc10c753261dd10307f243e893149411220d4462723c22f2199e6033678d","MOLEXPLORER_SELECTION_A_BF_468AA79DBEC6F723","61_SCREENSHOTS","DRIVE_VERIFIED","true","https://drive.google.com/file/d/1GmhiPvkWBqwbIJhcLNMCKm1Akg17GFSA/view?usp=drivesdk","Uploaded and verified by Google Drive folder readback."
"verification/selection-exhaustive/evidence/AK/AK-003__PASS.png","AK-003__PASS.png","300420","c19cd6ca2c0d1a90680d385c8ddc16c5f6eb4e14de173fd3a7d3ddddd10c25a3","MOLEXPLORER_SELECTION_A_BF_468AA79DBEC6F723","61_SCREENSHOTS","DRIVE_VERIFIED","true","https://drive.google.com/file/d/1fEQuj7vylq9UZ91y7hhlHOSCkC9yclX-/view?usp=drivesdk","Uploaded and verified by Google Drive folder readback."
"verification/selection-exhaustive/evidence/AL/AL-001__PASS.png","AL-001__PASS.png","303444","9cf892c8a22a47b2c1a8e84fa625a9d2a562fd58e1549c62ecc04213f8bb9bf8","MOLEXPLORER_SELECTION_A_BF_468AA79DBEC6F723","61_SCREENSHOTS","DRIVE_VERIFIED","true","https://drive.google.com/file/d/1oDTFjYQDNXaf4GQ101fzVcXQiHldpwIJ/view?usp=drivesdk","Uploaded and verified by Google Drive folder readback."
"verification/selection-exhaustive/evidence/AL/AL-002__PASS.png","AL-002__PASS.png","303028","b3611772f0723fea5b72fa0985f9542e9d956a17a7db66149fbb60abc2b0810d","MOLEXPLORER_SELECTION_A_BF_468AA79DBEC6F723","61_SCREENSHOTS","DRIVE_VERIFIED","true","https://drive.google.com/file/d/1nonSlwXmmR2utK90QIIIIsA_P9R_6j5K/view?usp=drivesdk","Uploaded and verified by Google Drive folder readback."
"verification/selection-exhaustive/evidence/AL/AL-003__PASS.png","AL-003__PASS.png","302378","361829da7a84eb9913fec2b7668c5951761f41cd1ae1000ea3dcdabc4027a5d9","MOLEXPLORER_SELECTION_A_BF_468AA79DBEC6F723","61_SCREENSHOTS","DRIVE_VERIFIED","true","https://drive.google.com/file/d/1U5l1deq5Hykm__vifPwhNMg4ZjylNpIU/view?usp=drivesdk","Uploaded and verified by Google Drive folder readback."
"verification/selection-exhaustive/evidence/AL/AL-004__EMPTY_VALID.png","AL-004__EMPTY_VALID.png","297337","b8f86ce522371f56209cd46360a84bd403796f4fde2225989d10340ba212260e","MOLEXPLORER_SELECTION_A_BF_468AA79DBEC6F723","61_SCREENSHOTS","DRIVE_VERIFIED","true","https://drive.google.com/file/d/1EhGgMAXDvXrSqAqT1WY4c_dvh5OO2EQu/view?usp=drivesdk","Uploaded and verified by Google Drive folder readback."
"verification/selection-exhaustive/evidence/AL/AL-005__PASS.png","AL-005__PASS.png","300124","e2349853a56b6af12fc4fe21ebf32a8c0297cbc11db06a04b0ce7b40923ff81f","MOLEXPLORER_SELECTION_A_BF_468AA79DBEC6F723","61_SCREENSHOTS","DRIVE_VERIFIED","true","https://drive.google.com/file/d/1D9NSqzZfz29aMeXYd5CDByDRnF4V2dVr/view?usp=drivesdk","Uploaded and verified by Google Drive folder readback."
"verification/selection-exhaustive/evidence/AM/AM-001__PASS.png","AM-001__PASS.png","301735","fd00d3b7ead4aa69940a0637d7c46de62a687ec2868010772aef4b06a02c9ae4","MOLEXPLORER_SELECTION_A_BF_468AA79DBEC6F723","61_SCREENSHOTS","DRIVE_VERIFIED","true","https://drive.google.com/file/d/1AdQLR7R-6b_hI1oKwpF40zSVSdqRj7JM/view?usp=drivesdk","Uploaded and verified by Google Drive folder readback."
"verification/selection-exhaustive/evidence/AM/AM-002__EMPTY_VALID.png","AM-002__EMPTY_VALID.png","296742","fd2cd9d17fd186d254408b4295c83baf0664ff0b887964e9ef00b2223edf251b","MOLEXPLORER_SELECTION_A_BF_468AA79DBEC6F723","61_SCREENSHOTS","DRIVE_VERIFIED","true","https://drive.google.com/file/d/12zvwN5bRSSNEmgCSM4Fa3wTw-QBLAbvB/view?usp=drivesdk","Uploaded and verified by Google Drive folder readback."
"verification/selection-exhaustive/evidence/AM/AM-003__PASS.png","AM-003__PASS.png","301428","fa15e94549e79ca8aa21cbe4648a38f9858cb1f4cfd8dc26c2ba9f1d7b76c1bb","MOLEXPLORER_SELECTION_A_BF_468AA79DBEC6F723","61_SCREENSHOTS","DRIVE_VERIFIED","true","https://drive.google.com/file/d/1SiODU0b0Qi_GnYOLT9Gw9QXkvtxRu8Ny/view?usp=drivesdk","Uploaded and verified by Google Drive folder readback."
"verification/selection-exhaustive/evidence/AN/AN-001__PASS.png","AN-001__PASS.png","298038","d542c371e1ff4a8239f31971b5e66301a3e9c3c28b45b1901c0a4c13fbdb8f1e","MOLEXPLORER_SELECTION_A_BF_468AA79DBEC6F723","61_SCREENSHOTS","DRIVE_VERIFIED","true","https://drive.google.com/file/d/1zQkWOgDqLVFwxtzFfVk38RZYai7yKejl/view?usp=drivesdk","Uploaded and verified by Google Drive folder readback."
"verification/selection-exhaustive/evidence/AN/AN-002__PASS.png","AN-002__PASS.png","298352","728e90526a4358b07de756abcaee82c7a398b1258bb39dae967b8e1d7e34a269","MOLEXPLORER_SELECTION_A_BF_468AA79DBEC6F723","61_SCREENSHOTS","DRIVE_VERIFIED","true","https://drive.google.com/file/d/1Tv71rJt65q9mfgr9Fp19V-JDL8dh6ks_/view?usp=drivesdk","Uploaded and verified by Google Drive folder readback."
"verification/selection-exhaustive/evidence/AN/AN-003__EMPTY_VALID.png","AN-003__EMPTY_VALID.png","295745","22faf6592af0c9b9d9abc0b7e4baeb15e4b9bc16d3b6df98135d1b3b23099c34","MOLEXPLORER_SELECTION_A_BF_468AA79DBEC6F723","61_SCREENSHOTS","DRIVE_VERIFIED","true","https://drive.google.com/file/d/1scIvv1BCV_ynpt6B-uDsprVrgyKeLKoX/view?usp=drivesdk","Uploaded and verified by Google Drive folder readback."
"verification/selection-exhaustive/evidence/AN/AN-004__PASS.png","AN-004__PASS.png","297460","32239fc93045d62e4fbc69e4e2694f7d2e4716841a6a02641466c790c3efcdfe","MOLEXPLORER_SELECTION_A_BF_468AA79DBEC6F723","61_SCREENSHOTS","DRIVE_VERIFIED","true","https://drive.google.com/file/d/1HkA0-ay1VUSBjM1s1szSVNSqjFIk9nyg/view?usp=drivesdk","Uploaded and verified by Google Drive folder readback."
"verification/selection-exhaustive/evidence/AN/AN-005__PASS.png","AN-005__PASS.png","297431","e12124b1a668543202f86b9c3f76acf7e46d3e0a438f9b127e13b7ec2643b9fb","MOLEXPLORER_SELECTION_A_BF_468AA79DBEC6F723","61_SCREENSHOTS","DRIVE_VERIFIED","true","https://drive.google.com/file/d/1j1jF4YW1xWM1XOsT2XdIE46bse1HPCfL/view?usp=drivesdk","Uploaded and verified by Google Drive folder readback."
"verification/selection-exhaustive/evidence/AN/AN-006__PASS.png","AN-006__PASS.png","297494","936c6d4bbe1cda6d1e760d130b6a7c44724e9cc6cad44670deb24e12ebe30d6f","MOLEXPLORER_SELECTION_A_BF_468AA79DBEC6F723","61_SCREENSHOTS","DRIVE_VERIFIED","true","https://drive.google.com/file/d/11ElFORBzooNp-dKANRYMxLznXkeKhTSk/view?usp=drivesdk","Uploaded and verified by Google Drive folder readback."
"verification/selection-exhaustive/evidence/AN/AN-007__EMPTY_VALID.png","AN-007__EMPTY_VALID.png","295442","c1c3bbc13f1f04f7524317ea7d1ab4818884b91374fb78acbc19e2b0df03989c","MOLEXPLORER_SELECTION_A_BF_468AA79DBEC6F723","61_SCREENSHOTS","DRIVE_VERIFIED","true","https://drive.google.com/file/d/1tJ7U5V4kCDN-ZWnVq3J484ri7Vefrqyv/view?usp=drivesdk","Uploaded and verified by Google Drive folder readback."
"verification/selection-exhaustive/evidence/AN/AN-008__PASS.png","AN-008__PASS.png","297851","c57bb5e611629f8e085ab048ee32f882e333adb637370a174f00463a59ee6913","MOLEXPLORER_SELECTION_A_BF_468AA79DBEC6F723","61_SCREENSHOTS","DRIVE_VERIFIED","true","https://drive.google.com/file/d/1u9kvlkUuUr7czuyjGe7TW9_H4dKpw5rx/view?usp=drivesdk","Uploaded and verified by Google Drive folder readback."
"verification/selection-exhaustive/evidence/AN/AN-009__EMPTY_VALID.png","AN-009__EMPTY_VALID.png","295468","bf3c366c5679cd6ff87d10b7d2563a616a1c6f25cf8c6ca8cc9136f04002896f","MOLEXPLORER_SELECTION_A_BF_468AA79DBEC6F723","61_SCREENSHOTS","DRIVE_VERIFIED","true","https://drive.google.com/file/d/102RtHkcmfStlRNVUgbMlSVw1QWOU70LP/view?usp=drivesdk","Uploaded and verified by Google Drive folder readback."
"verification/selection-exhaustive/evidence/AN/AN-010__PASS.png","AN-010__PASS.png","299733","7178be261cb9b26d11fd0f766ff39211b51e33d978776b66b0e3a0e5c882391a","MOLEXPLORER_SELECTION_A_BF_468AA79DBEC6F723","61_SCREENSHOTS","DRIVE_VERIFIED","true","https://drive.google.com/file/d/1ERSEcWhTK29lrtfeicWH0JcKXV8bTn-d/view?usp=drivesdk","Uploaded and verified by Google Drive folder readback."
"verification/selection-exhaustive/evidence/AN/AN-011__PASS.png","AN-011__PASS.png","299517","328209711065d2a650ef1422bf2399205035eec042cd2bcf280f2033b4265cb1","MOLEXPLORER_SELECTION_A_BF_468AA79DBEC6F723","61_SCREENSHOTS","DRIVE_VERIFIED","true","https://drive.google.com/file/d/1Oiu1XiGxRKFpLF38K-gmcvPjIaLXLA1z/view?usp=drivesdk","Uploaded and verified by Google Drive folder readback."
"verification/selection-exhaustive/evidence/AN/AN-012__PASS.png","AN-012__PASS.png","299099","ead3707258726257bb17b7bce269a941a51b74c3ad215caa89428959b2fdb3e6","MOLEXPLORER_SELECTION_A_BF_468AA79DBEC6F723","61_SCREENSHOTS","DRIVE_VERIFIED","true","https://drive.google.com/file/d/1jvrrgMXqKjQgs8ksaGGTJzX7_CFH-Yy1/view?usp=drivesdk","Uploaded and verified by Google Drive folder readback."
"verification/selection-exhaustive/evidence/AN/AN-013__PASS.png","AN-013__PASS.png","298929","8050f5708eee8731e3f38857aa73fadd946fcb8b60905136e223b775bdd3c779","MOLEXPLORER_SELECTION_A_BF_468AA79DBEC6F723","61_SCREENSHOTS","DRIVE_VERIFIED","true","https://drive.google.com/file/d/100h3LnX0z-Jt5w1AuICE9m_cdT-DcF4N/view?usp=drivesdk","Uploaded and verified by Google Drive folder readback."
"verification/selection-exhaustive/evidence/AO/AO-001__EMPTY_VALID.png","AO-001__EMPTY_VALID.png","293677","a5b8d150cbcd7ea271492afaf045ede31d03480a22a0d64df04d87aa02d1bd64","MOLEXPLORER_SELECTION_A_BF_468AA79DBEC6F723","61_SCREENSHOTS","DRIVE_VERIFIED","true","https://drive.google.com/file/d/1dthQERYsVLQDszxgFM73a7-h8Md74b-w/view?usp=drivesdk","Uploaded and verified by Google Drive folder readback."
"verification/selection-exhaustive/evidence/AO/AO-002__EMPTY_VALID.png","AO-002__EMPTY_VALID.png","293677","a5b8d150cbcd7ea271492afaf045ede31d03480a22a0d64df04d87aa02d1bd64","MOLEXPLORER_SELECTION_A_BF_468AA79DBEC6F723","61_SCREENSHOTS","DRIVE_VERIFIED","true","https://drive.google.com/file/d/1DWQvGZG0ymWbJLw9GsnPdPlASU3cB6vv/view?usp=drivesdk","Uploaded and verified by Google Drive folder readback."
"verification/selection-exhaustive/evidence/AO/AO-003__EMPTY_VALID.png","AO-003__EMPTY_VALID.png","294081","8cccf47c32a3da17a0bd2139f72e06abe1fae6b32c2e70abd55b593899dee3a8","MOLEXPLORER_SELECTION_A_BF_468AA79DBEC6F723","61_SCREENSHOTS","DRIVE_VERIFIED","true","https://drive.google.com/file/d/1cYuONYifVbsJttrWu4HD9BCK1AzFmdaX/view?usp=drivesdk","Uploaded and verified by Google Drive folder readback."
"verification/selection-exhaustive/evidence/AO/AO-004__EMPTY_VALID.png","AO-004__EMPTY_VALID.png","294081","8cccf47c32a3da17a0bd2139f72e06abe1fae6b32c2e70abd55b593899dee3a8","MOLEXPLORER_SELECTION_A_BF_468AA79DBEC6F723","61_SCREENSHOTS","DRIVE_VERIFIED","true","https://drive.google.com/file/d/1da49XioBsfm-PndcyW48SxJMnBg5RIY5/view?usp=drivesdk","Uploaded and verified by Google Drive folder readback."
"verification/selection-exhaustive/evidence/AP/AP-001__PASS.png","AP-001__PASS.png","294458","a073f4dedc60a44566041970288e62172d03948ad4197b70439c0d5bee75b960","MOLEXPLORER_SELECTION_A_BF_468AA79DBEC6F723","61_SCREENSHOTS","DRIVE_VERIFIED","true","https://drive.google.com/file/d/1qbxWF9emP0ZotYXbRoZVHAoEs0QArwd8/view?usp=drivesdk","Uploaded and verified by Google Drive folder readback."
"verification/selection-exhaustive/evidence/AP/AP-002__PASS.png","AP-002__PASS.png","294458","a073f4dedc60a44566041970288e62172d03948ad4197b70439c0d5bee75b960","MOLEXPLORER_SELECTION_A_BF_468AA79DBEC6F723","61_SCREENSHOTS","DRIVE_VERIFIED","true","https://drive.google.com/file/d/1EKuwm0Z7X7pcnRPRDPc6wwjb-RRQx2f3/view?usp=drivesdk","Uploaded and verified by Google Drive folder readback."
"verification/selection-exhaustive/evidence/AP/AP-003__EMPTY_VALID.png","AP-003__EMPTY_VALID.png","294448","ea62ba3cda65377c7913a7bba12c96ffd65ed096b09a05dd5d0f49a6b477b266","MOLEXPLORER_SELECTION_A_BF_468AA79DBEC6F723","61_SCREENSHOTS","DRIVE_VERIFIED","true","https://drive.google.com/file/d/1d50a0HFPX-ylx44lqT_6fDAkLYIVtb0J/view?usp=drivesdk","Uploaded and verified by Google Drive folder readback."
"verification/selection-exhaustive/evidence/AP/AP-004__EMPTY_VALID.png","AP-004__EMPTY_VALID.png","294448","ea62ba3cda65377c7913a7bba12c96ffd65ed096b09a05dd5d0f49a6b477b266","MOLEXPLORER_SELECTION_A_BF_468AA79DBEC6F723","61_SCREENSHOTS","DRIVE_VERIFIED","true","https://drive.google.com/file/d/18T-g7GD-IIAVbVDjPjHWJKKDSFLX_ZxK/view?usp=drivesdk","Uploaded and verified by Google Drive folder readback."
"verification/selection-exhaustive/evidence/AP/AP-005__EMPTY_VALID.png","AP-005__EMPTY_VALID.png","294448","ea62ba3cda65377c7913a7bba12c96ffd65ed096b09a05dd5d0f49a6b477b266","MOLEXPLORER_SELECTION_A_BF_468AA79DBEC6F723","61_SCREENSHOTS","DRIVE_VERIFIED","true","https://drive.google.com/file/d/1EZS4n_3Miy4iyPVlsoJ1r4nZ1k0ZYYFA/view?usp=drivesdk","Uploaded and verified by Google Drive folder readback."
"verification/selection-exhaustive/evidence/AQ/AQ-001__PASS.png","AQ-001__PASS.png","296283","10790b45697ea51693869c015f34e44bf374c70fc0ba0442e5fc23107e14f51e","MOLEXPLORER_SELECTION_A_BF_468AA79DBEC6F723","61_SCREENSHOTS","DRIVE_VERIFIED","true","https://drive.google.com/file/d/1muM13cdL11X9pXzCMMg3-pK9benbUUHK/view?usp=drivesdk","Uploaded and verified by Google Drive folder readback."
"verification/selection-exhaustive/evidence/AQ/AQ-002__PASS.png","AQ-002__PASS.png","296283","10790b45697ea51693869c015f34e44bf374c70fc0ba0442e5fc23107e14f51e","MOLEXPLORER_SELECTION_A_BF_468AA79DBEC6F723","61_SCREENSHOTS","DRIVE_VERIFIED","true","https://drive.google.com/file/d/13Ebni9iYTWgR-tc5QrGN7wRddcm7igcB/view?usp=drivesdk","Uploaded and verified by Google Drive folder readback."
"verification/selection-exhaustive/evidence/AQ/AQ-003__PASS.png","AQ-003__PASS.png","296283","10790b45697ea51693869c015f34e44bf374c70fc0ba0442e5fc23107e14f51e","MOLEXPLORER_SELECTION_A_BF_468AA79DBEC6F723","61_SCREENSHOTS","DRIVE_VERIFIED","true","https://drive.google.com/file/d/1cIPygct5FMfS_hWXMnok-dORD9mwoNte/view?usp=drivesdk","Uploaded and verified by Google Drive folder readback."
"verification/selection-exhaustive/evidence/AQ/AQ-004__EMPTY_VALID.png","AQ-004__EMPTY_VALID.png","295126","f1218087e0265eed0f0ed41f28d3796700f18ab0cc6c4017b5c967df2907117a","MOLEXPLORER_SELECTION_A_BF_468AA79DBEC6F723","61_SCREENSHOTS","DRIVE_VERIFIED","true","https://drive.google.com/file/d/17TeOHldMXwgZIaXHdkbii9NbQd4sp0bR/view?usp=drivesdk","Uploaded and verified by Google Drive folder readback."
"verification/selection-exhaustive/evidence/AQ/AQ-005__EMPTY_VALID.png","AQ-005__EMPTY_VALID.png","295126","f1218087e0265eed0f0ed41f28d3796700f18ab0cc6c4017b5c967df2907117a","MOLEXPLORER_SELECTION_A_BF_468AA79DBEC6F723","61_SCREENSHOTS","DRIVE_VERIFIED","true","https://drive.google.com/file/d/1rWd9lXMEMmm-Kht2yF1iwz4skqmlm9Pi/view?usp=drivesdk","Uploaded and verified by Google Drive folder readback."
"verification/selection-exhaustive/evidence/AR/AR-001__PASS.png","AR-001__PASS.png","297776","341736986bb9b348f8f2677dd91039908abfaba319cbb7e5010816d1fe02126d","MOLEXPLORER_SELECTION_A_BF_468AA79DBEC6F723","61_SCREENSHOTS","DRIVE_VERIFIED","true","https://drive.google.com/file/d/1L-bWcv_liIzkKDdPsUXcT0IIoso0ORsT/view?usp=drivesdk","Uploaded and verified by Google Drive folder readback."
"verification/selection-exhaustive/evidence/AR/AR-002__PASS.png","AR-002__PASS.png","297900","2e25401026318267add2ee422f986a9735f32e58cddbe9c2298dc1460cdc9b28","MOLEXPLORER_SELECTION_A_BF_468AA79DBEC6F723","61_SCREENSHOTS","DRIVE_VERIFIED","true","https://drive.google.com/file/d/1bC6q7ObP3P9EFK7AxOyBbOXTs-uHS3kQ/view?usp=drivesdk","Uploaded and verified by Google Drive folder readback."
"verification/selection-exhaustive/evidence/AR/AR-003__PASS.png","AR-003__PASS.png","297804","ff16db6aaae18f38b854c443208a39e0c8b20e99d0cb366fe292cae67d705660","MOLEXPLORER_SELECTION_A_BF_468AA79DBEC6F723","61_SCREENSHOTS","DRIVE_VERIFIED","true","https://drive.google.com/file/d/11WeT0ZV5aX0aTHEeCVX2flfkrx7mbf-s/view?usp=drivesdk","Uploaded and verified by Google Drive folder readback."
"verification/selection-exhaustive/evidence/AS/AS-001__PASS.png","AS-001__PASS.png","296397","65b27fe148c9fc20fccdfb0de0200cc2e8d18adec7127d5ac2b66d87ca69db1e","MOLEXPLORER_SELECTION_A_BF_468AA79DBEC6F723","61_SCREENSHOTS","DRIVE_VERIFIED","true","https://drive.google.com/file/d/1LXWuoxUgPCbr33_FPAwq8fy_G5hH5LlL/view?usp=drivesdk","Uploaded and verified by Google Drive folder readback."
"verification/selection-exhaustive/evidence/AS/AS-002__PASS.png","AS-002__PASS.png","296397","65b27fe148c9fc20fccdfb0de0200cc2e8d18adec7127d5ac2b66d87ca69db1e","MOLEXPLORER_SELECTION_A_BF_468AA79DBEC6F723","61_SCREENSHOTS","DRIVE_VERIFIED","true","https://drive.google.com/file/d/1AW7KGBjFbXYSvtsf3aNxeweB3vcefhhL/view?usp=drivesdk","Uploaded and verified by Google Drive folder readback."
"verification/selection-exhaustive/evidence/AS/AS-003__PASS.png","AS-003__PASS.png","296397","65b27fe148c9fc20fccdfb0de0200cc2e8d18adec7127d5ac2b66d87ca69db1e","MOLEXPLORER_SELECTION_A_BF_468AA79DBEC6F723","61_SCREENSHOTS","DRIVE_VERIFIED","true","https://drive.google.com/file/d/1eYm5-7Mbr_7HC_q_JdsDoQxCRSDYTVrq/view?usp=drivesdk","Uploaded and verified by Google Drive folder readback."
"verification/selection-exhaustive/evidence/AS/AS-004__PASS.png","AS-004__PASS.png","296397","65b27fe148c9fc20fccdfb0de0200cc2e8d18adec7127d5ac2b66d87ca69db1e","MOLEXPLORER_SELECTION_A_BF_468AA79DBEC6F723","61_SCREENSHOTS","DRIVE_VERIFIED","true","https://drive.google.com/file/d/1o4VK5JaRvU7i0XodCPcVMleVDzUAn9iD/view?usp=drivesdk","Uploaded and verified by Google Drive folder readback."
"verification/selection-exhaustive/evidence/AS/AS-005__PASS.png","AS-005__PASS.png","296397","65b27fe148c9fc20fccdfb0de0200cc2e8d18adec7127d5ac2b66d87ca69db1e","MOLEXPLORER_SELECTION_A_BF_468AA79DBEC6F723","61_SCREENSHOTS","DRIVE_VERIFIED","true","https://drive.google.com/file/d/1Ua3TM0BFrCKVEGlJ8-fEHVS93lZjCe0e/view?usp=drivesdk","Uploaded and verified by Google Drive folder readback."
"verification/selection-exhaustive/evidence/AS/AS-006__PASS.png","AS-006__PASS.png","296397","65b27fe148c9fc20fccdfb0de0200cc2e8d18adec7127d5ac2b66d87ca69db1e","MOLEXPLORER_SELECTION_A_BF_468AA79DBEC6F723","61_SCREENSHOTS","DRIVE_VERIFIED","true","https://drive.google.com/file/d/1GOhS1cVZNw3F0VlnjLin1IC2FFswPIKl/view?usp=drivesdk","Uploaded and verified by Google Drive folder readback."
"verification/selection-exhaustive/evidence/AS/AS-007__PASS.png","AS-007__PASS.png","296397","65b27fe148c9fc20fccdfb0de0200cc2e8d18adec7127d5ac2b66d87ca69db1e","MOLEXPLORER_SELECTION_A_BF_468AA79DBEC6F723","61_SCREENSHOTS","DRIVE_VERIFIED","true","https://drive.google.com/file/d/1-EU0wcZF1TYv4fOEYBPnEEJ2vOZD90EM/view?usp=drivesdk","Uploaded and verified by Google Drive folder readback."
"verification/selection-exhaustive/evidence/AT/AT-001__EMPTY_VALID.png","AT-001__EMPTY_VALID.png","294097","49d5053a45a02e3ea74158c91541f111db62b4c87d0d71d6b8553eeede497500","MOLEXPLORER_SELECTION_A_BF_468AA79DBEC6F723","61_SCREENSHOTS","DRIVE_VERIFIED","true","https://drive.google.com/file/d/15Q4WEoo_SvQioTSaw9nD0GvhmnEXGvZO/view?usp=drivesdk","Uploaded and verified by Google Drive folder readback."
"verification/selection-exhaustive/evidence/AT/AT-002__PASS.png","AT-002__PASS.png","294119","19ed089bbb54785474385432fabfc4ba902b5f23698449aa2379a789416d40cc","MOLEXPLORER_SELECTION_A_BF_468AA79DBEC6F723","61_SCREENSHOTS","DRIVE_VERIFIED","true","https://drive.google.com/file/d/1afEpJ0URx9cGOY55L2OatAP6x5zxrWLL/view?usp=drivesdk","Uploaded and verified by Google Drive folder readback."
"verification/selection-exhaustive/evidence/AT/AT-003__EMPTY_VALID.png","AT-003__EMPTY_VALID.png","294106","f9d878cdecd4f67b31e4ef3d238d4ab0aca21c62bb987b4de2ee616c18b7eeff","MOLEXPLORER_SELECTION_A_BF_468AA79DBEC6F723","61_SCREENSHOTS","DRIVE_VERIFIED","true","https://drive.google.com/file/d/19LcH4_4mEJJ9lulE6ThOyoq4itg0BMqr/view?usp=drivesdk","Uploaded and verified by Google Drive folder readback."
"verification/selection-exhaustive/evidence/AT/AT-004__EMPTY_VALID.png","AT-004__EMPTY_VALID.png","294097","49d5053a45a02e3ea74158c91541f111db62b4c87d0d71d6b8553eeede497500","MOLEXPLORER_SELECTION_A_BF_468AA79DBEC6F723","61_SCREENSHOTS","DRIVE_VERIFIED","true","https://drive.google.com/file/d/1QKVI7vQUPGL9Vw4UMpbReCAuFf4_tn1F/view?usp=drivesdk","Uploaded and verified by Google Drive folder readback."
"verification/selection-exhaustive/evidence/AU/AU-001__PASS.png","AU-001__PASS.png","294966","b8aad09a674187c7e2835d534827519951678c365a9524dcd6fbebd083749b9a","MOLEXPLORER_SELECTION_A_BF_468AA79DBEC6F723","61_SCREENSHOTS","DRIVE_VERIFIED","true","https://drive.google.com/file/d/1NVGhKbPaDG5cW4xEFXt0GG9sQEfzi_h8/view?usp=drivesdk","Uploaded and verified by Google Drive folder readback."
"verification/selection-exhaustive/evidence/AU/AU-002__EMPTY_VALID.png","AU-002__EMPTY_VALID.png","294106","f9d878cdecd4f67b31e4ef3d238d4ab0aca21c62bb987b4de2ee616c18b7eeff","MOLEXPLORER_SELECTION_A_BF_468AA79DBEC6F723","61_SCREENSHOTS","DRIVE_VERIFIED","true","https://drive.google.com/file/d/1ju2wRB5XcIs_oECv09FDrDkcbjkNZHq5/view?usp=drivesdk","Uploaded and verified by Google Drive folder readback."
"verification/selection-exhaustive/evidence/AU/AU-003__PASS.png","AU-003__PASS.png","295280","be9dfb6723f1968db72fbbdb357b87286b1cd183cb2b1c89b5f5229df0b3aa47","MOLEXPLORER_SELECTION_A_BF_468AA79DBEC6F723","61_SCREENSHOTS","DRIVE_VERIFIED","true","https://drive.google.com/file/d/1m9fT7syTqeSibl8I-AKRmNldZKK4Mwss/view?usp=drivesdk","Uploaded and verified by Google Drive folder readback."
"verification/selection-exhaustive/evidence/AU/AU-004__PASS.png","AU-004__PASS.png","294966","b8aad09a674187c7e2835d534827519951678c365a9524dcd6fbebd083749b9a","MOLEXPLORER_SELECTION_A_BF_468AA79DBEC6F723","61_SCREENSHOTS","DRIVE_VERIFIED","true","https://drive.google.com/file/d/1l2ComhWzB-Fq4Ss3QWVWVlY-pyRWbteR/view?usp=drivesdk","Uploaded and verified by Google Drive folder readback."
"verification/selection-exhaustive/evidence/AU/AU-005__PASS.png","AU-005__PASS.png","295401","857fba85b4d3529daeb14ae93a15a51e89756db755c47fbcfe173f3ce7842a7c","MOLEXPLORER_SELECTION_A_BF_468AA79DBEC6F723","61_SCREENSHOTS","DRIVE_VERIFIED","true","https://drive.google.com/file/d/1ub9ajwhsEIQXyT2Pwye_2k_7dK4EnycX/view?usp=drivesdk","Uploaded and verified by Google Drive folder readback."
"verification/selection-exhaustive/evidence/AV/AV-001-01__EMPTY_VALID.png","AV-001-01__EMPTY_VALID.png","294106","f9d878cdecd4f67b31e4ef3d238d4ab0aca21c62bb987b4de2ee616c18b7eeff","MOLEXPLORER_SELECTION_A_BF_468AA79DBEC6F723","61_SCREENSHOTS","DRIVE_VERIFIED","true","https://drive.google.com/file/d/16AfYROyglP2uRhEL_Cy6784lf3Rc6Dys/view?usp=drivesdk","Uploaded and verified by Google Drive folder readback."
"verification/selection-exhaustive/evidence/AV/AV-001-02__EMPTY_VALID.png","AV-001-02__EMPTY_VALID.png","294106","f9d878cdecd4f67b31e4ef3d238d4ab0aca21c62bb987b4de2ee616c18b7eeff","MOLEXPLORER_SELECTION_A_BF_468AA79DBEC6F723","61_SCREENSHOTS","DRIVE_VERIFIED","true","https://drive.google.com/file/d/1YjSROqO8Aw4G55tf1t_YObanR2XtLXU3/view?usp=drivesdk","Uploaded and verified by Google Drive folder readback."
"verification/selection-exhaustive/evidence/AV/AV-001-03__PASS.png","AV-001-03__PASS.png","294966","b8aad09a674187c7e2835d534827519951678c365a9524dcd6fbebd083749b9a","MOLEXPLORER_SELECTION_A_BF_468AA79DBEC6F723","61_SCREENSHOTS","DRIVE_VERIFIED","true","https://drive.google.com/file/d/1nAjTTZs2-ca7KdL0phXE2ZiibZfazEqb/view?usp=drivesdk","Uploaded and verified by Google Drive folder readback."
"verification/selection-exhaustive/evidence/AV/AV-001-04__EMPTY_VALID.png","AV-001-04__EMPTY_VALID.png","294106","f9d878cdecd4f67b31e4ef3d238d4ab0aca21c62bb987b4de2ee616c18b7eeff","MOLEXPLORER_SELECTION_A_BF_468AA79DBEC6F723","61_SCREENSHOTS","DRIVE_VERIFIED","true","https://drive.google.com/file/d/1z42rmm0EGyEcgdSozT56CF-5voZR-cOi/view?usp=drivesdk","Uploaded and verified by Google Drive folder readback."
"verification/selection-exhaustive/evidence/AV/AV-001-05__PASS.png","AV-001-05__PASS.png","295280","be9dfb6723f1968db72fbbdb357b87286b1cd183cb2b1c89b5f5229df0b3aa47","MOLEXPLORER_SELECTION_A_BF_468AA79DBEC6F723","61_SCREENSHOTS","DRIVE_VERIFIED","true","https://drive.google.com/file/d/1rnw8g33GiSSqwoVTOhgvZq5K89lf3HMP/view?usp=drivesdk","Uploaded and verified by Google Drive folder readback."
"verification/selection-exhaustive/evidence/AV/AV-001-06__EMPTY_VALID.png","AV-001-06__EMPTY_VALID.png","294106","f9d878cdecd4f67b31e4ef3d238d4ab0aca21c62bb987b4de2ee616c18b7eeff","MOLEXPLORER_SELECTION_A_BF_468AA79DBEC6F723","61_SCREENSHOTS","DRIVE_VERIFIED","true","https://drive.google.com/file/d/1qbw_T86wbvLEYvo5lNdMeBHHmurP_z0F/view?usp=drivesdk","Uploaded and verified by Google Drive folder readback."
"verification/selection-exhaustive/evidence/AV/AV-002-01__EMPTY_VALID.png","AV-002-01__EMPTY_VALID.png","294106","f9d878cdecd4f67b31e4ef3d238d4ab0aca21c62bb987b4de2ee616c18b7eeff","MOLEXPLORER_SELECTION_A_BF_468AA79DBEC6F723","61_SCREENSHOTS","DRIVE_VERIFIED","true","https://drive.google.com/file/d/10BZhtjkwGZiPgUkNoX9NtDReEdClryvn/view?usp=drivesdk","Uploaded and verified by Google Drive folder readback."
"verification/selection-exhaustive/evidence/AV/AV-002-02__EMPTY_VALID.png","AV-002-02__EMPTY_VALID.png","294106","f9d878cdecd4f67b31e4ef3d238d4ab0aca21c62bb987b4de2ee616c18b7eeff","MOLEXPLORER_SELECTION_A_BF_468AA79DBEC6F723","61_SCREENSHOTS","DRIVE_VERIFIED","true","https://drive.google.com/file/d/1o34z3i7EBZ1wtegrxL_KryegqWBmxG_B/view?usp=drivesdk","Uploaded and verified by Google Drive folder readback."
"verification/selection-exhaustive/evidence/AV/AV-002-03__PASS.png","AV-002-03__PASS.png","294966","b8aad09a674187c7e2835d534827519951678c365a9524dcd6fbebd083749b9a","MOLEXPLORER_SELECTION_A_BF_468AA79DBEC6F723","61_SCREENSHOTS","DRIVE_VERIFIED","true","https://drive.google.com/file/d/1RHdq-IW3Covl0itnpm31rgF7vcyItPR6/view?usp=drivesdk","Uploaded and verified by Google Drive folder readback."
"verification/selection-exhaustive/evidence/AV/AV-002-04__EMPTY_VALID.png","AV-002-04__EMPTY_VALID.png","294106","f9d878cdecd4f67b31e4ef3d238d4ab0aca21c62bb987b4de2ee616c18b7eeff","MOLEXPLORER_SELECTION_A_BF_468AA79DBEC6F723","61_SCREENSHOTS","DRIVE_VERIFIED","true","https://drive.google.com/file/d/15VqwO2IdZYJfLRNtoYve-Uewb3KaNUt5/view?usp=drivesdk","Uploaded and verified by Google Drive folder readback."
"verification/selection-exhaustive/evidence/AV/AV-002-05__PASS.png","AV-002-05__PASS.png","295280","be9dfb6723f1968db72fbbdb357b87286b1cd183cb2b1c89b5f5229df0b3aa47","MOLEXPLORER_SELECTION_A_BF_468AA79DBEC6F723","61_SCREENSHOTS","DRIVE_VERIFIED","true","https://drive.google.com/file/d/18lYlRdxlt1PB_0UjOiQfh7yA4irlfJ4L/view?usp=drivesdk","Uploaded and verified by Google Drive folder readback."
"verification/selection-exhaustive/evidence/AV/AV-002-06__EMPTY_VALID.png","AV-002-06__EMPTY_VALID.png","294106","f9d878cdecd4f67b31e4ef3d238d4ab0aca21c62bb987b4de2ee616c18b7eeff","MOLEXPLORER_SELECTION_A_BF_468AA79DBEC6F723","61_SCREENSHOTS","DRIVE_VERIFIED","true","https://drive.google.com/file/d/1otrOuuylJV_WgwTYSdW6dPmVCjNuVHWN/view?usp=drivesdk","Uploaded and verified by Google Drive folder readback."
"verification/selection-exhaustive/evidence/AV/AV-003-01__EMPTY_VALID.png","AV-003-01__EMPTY_VALID.png","294106","f9d878cdecd4f67b31e4ef3d238d4ab0aca21c62bb987b4de2ee616c18b7eeff","MOLEXPLORER_SELECTION_A_BF_468AA79DBEC6F723","61_SCREENSHOTS","DRIVE_VERIFIED","true","https://drive.google.com/file/d/1Q0bPYjs2oKYSZ2uqx1et7cnARu9QD1Qg/view?usp=drivesdk","Uploaded and verified by Google Drive folder readback."
"verification/selection-exhaustive/evidence/AV/AV-003-02__EMPTY_VALID.png","AV-003-02__EMPTY_VALID.png","294106","f9d878cdecd4f67b31e4ef3d238d4ab0aca21c62bb987b4de2ee616c18b7eeff","MOLEXPLORER_SELECTION_A_BF_468AA79DBEC6F723","61_SCREENSHOTS","DRIVE_VERIFIED","true","https://drive.google.com/file/d/1nOpp_xelsGzKjXKfIutrHBQYYuOpHU89/view?usp=drivesdk","Uploaded and verified by Google Drive folder readback."
"verification/selection-exhaustive/evidence/AV/AV-003-03__PASS.png","AV-003-03__PASS.png","294966","b8aad09a674187c7e2835d534827519951678c365a9524dcd6fbebd083749b9a","MOLEXPLORER_SELECTION_A_BF_468AA79DBEC6F723","61_SCREENSHOTS","DRIVE_VERIFIED","true","https://drive.google.com/file/d/1CKY9wzmaz1glWAtMvZB4m-qrV16Im32v/view?usp=drivesdk","Uploaded and verified by Google Drive folder readback."
"verification/selection-exhaustive/evidence/AV/AV-003-04__EMPTY_VALID.png","AV-003-04__EMPTY_VALID.png","294106","f9d878cdecd4f67b31e4ef3d238d4ab0aca21c62bb987b4de2ee616c18b7eeff","MOLEXPLORER_SELECTION_A_BF_468AA79DBEC6F723","61_SCREENSHOTS","DRIVE_VERIFIED","true","https://drive.google.com/file/d/1astTYMYgvR-352Tn8T38K4n9cgC9fRoJ/view?usp=drivesdk","Uploaded and verified by Google Drive folder readback."
"verification/selection-exhaustive/evidence/AV/AV-003-05__PASS.png","AV-003-05__PASS.png","295280","be9dfb6723f1968db72fbbdb357b87286b1cd183cb2b1c89b5f5229df0b3aa47","MOLEXPLORER_SELECTION_A_BF_468AA79DBEC6F723","61_SCREENSHOTS","DRIVE_VERIFIED","true","https://drive.google.com/file/d/16CLKqrwhUwApU6Ch0weIE6jxDCbMBtgn/view?usp=drivesdk","Uploaded and verified by Google Drive folder readback."
"verification/selection-exhaustive/evidence/AV/AV-003-06__EMPTY_VALID.png","AV-003-06__EMPTY_VALID.png","294106","f9d878cdecd4f67b31e4ef3d238d4ab0aca21c62bb987b4de2ee616c18b7eeff","MOLEXPLORER_SELECTION_A_BF_468AA79DBEC6F723","61_SCREENSHOTS","DRIVE_VERIFIED","true","https://drive.google.com/file/d/1HI0WUK4-muWFoXNI0xzoMM3H8LPObwck/view?usp=drivesdk","Uploaded and verified by Google Drive folder readback."
"verification/selection-exhaustive/evidence/AV/AV-004-01__EMPTY_VALID.png","AV-004-01__EMPTY_VALID.png","294106","f9d878cdecd4f67b31e4ef3d238d4ab0aca21c62bb987b4de2ee616c18b7eeff","MOLEXPLORER_SELECTION_A_BF_468AA79DBEC6F723","61_SCREENSHOTS","DRIVE_VERIFIED","true","https://drive.google.com/file/d/1X5ygZBXyO9eytSUjlOp3CJcJT4CwJl1i/view?usp=drivesdk","Uploaded and verified by Google Drive folder readback."
"verification/selection-exhaustive/evidence/AV/AV-004-02__EMPTY_VALID.png","AV-004-02__EMPTY_VALID.png","294106","f9d878cdecd4f67b31e4ef3d238d4ab0aca21c62bb987b4de2ee616c18b7eeff","MOLEXPLORER_SELECTION_A_BF_468AA79DBEC6F723","61_SCREENSHOTS","DRIVE_VERIFIED","true","https://drive.google.com/file/d/1hQNijSxgiIkB1QyTIZLobTQrorz81fMc/view?usp=drivesdk","Uploaded and verified by Google Drive folder readback."
"verification/selection-exhaustive/evidence/AV/AV-004-03__PASS.png","AV-004-03__PASS.png","294966","b8aad09a674187c7e2835d534827519951678c365a9524dcd6fbebd083749b9a","MOLEXPLORER_SELECTION_A_BF_468AA79DBEC6F723","61_SCREENSHOTS","DRIVE_VERIFIED","true","https://drive.google.com/file/d/1Gch8jZIEvfZ8NLrdN8rX-OzOGpb9jyr4/view?usp=drivesdk","Uploaded and verified by Google Drive folder readback."
"verification/selection-exhaustive/evidence/AV/AV-004-04__EMPTY_VALID.png","AV-004-04__EMPTY_VALID.png","294106","f9d878cdecd4f67b31e4ef3d238d4ab0aca21c62bb987b4de2ee616c18b7eeff","MOLEXPLORER_SELECTION_A_BF_468AA79DBEC6F723","61_SCREENSHOTS","DRIVE_VERIFIED","true","https://drive.google.com/file/d/1BvBDvE_b_d_bUxC6X1vLMh_neb8OXp-c/view?usp=drivesdk","Uploaded and verified by Google Drive folder readback."
"verification/selection-exhaustive/evidence/AV/AV-004-05__PASS.png","AV-004-05__PASS.png","295280","be9dfb6723f1968db72fbbdb357b87286b1cd183cb2b1c89b5f5229df0b3aa47","MOLEXPLORER_SELECTION_A_BF_468AA79DBEC6F723","61_SCREENSHOTS","DRIVE_VERIFIED","true","https://drive.google.com/file/d/1M5MexyUzjHXltqDyMu4bd9hNWDlpRxK-/view?usp=drivesdk","Uploaded and verified by Google Drive folder readback."
"verification/selection-exhaustive/evidence/AV/AV-004-06__EMPTY_VALID.png","AV-004-06__EMPTY_VALID.png","294106","f9d878cdecd4f67b31e4ef3d238d4ab0aca21c62bb987b4de2ee616c18b7eeff","MOLEXPLORER_SELECTION_A_BF_468AA79DBEC6F723","61_SCREENSHOTS","DRIVE_VERIFIED","true","https://drive.google.com/file/d/1P5ZO6xzWP-rMyGC_qreLtcmHTkj-EAmx/view?usp=drivesdk","Uploaded and verified by Google Drive folder readback."
"verification/selection-exhaustive/evidence/AV/AV-005-01__EMPTY_VALID.png","AV-005-01__EMPTY_VALID.png","294106","f9d878cdecd4f67b31e4ef3d238d4ab0aca21c62bb987b4de2ee616c18b7eeff","MOLEXPLORER_SELECTION_A_BF_468AA79DBEC6F723","61_SCREENSHOTS","DRIVE_VERIFIED","true","https://drive.google.com/file/d/1nPBjFGsaXITuUhp_0q7Dr-9CASqvYEW4/view?usp=drivesdk","Uploaded and verified by Google Drive folder readback."
"verification/selection-exhaustive/evidence/AV/AV-005-02__EMPTY_VALID.png","AV-005-02__EMPTY_VALID.png","294106","f9d878cdecd4f67b31e4ef3d238d4ab0aca21c62bb987b4de2ee616c18b7eeff","MOLEXPLORER_SELECTION_A_BF_468AA79DBEC6F723","61_SCREENSHOTS","DRIVE_VERIFIED","true","https://drive.google.com/file/d/1pOGIMbYIu8SoizrLvOsvdvVwuWTl9nmq/view?usp=drivesdk","Uploaded and verified by Google Drive folder readback."
"verification/selection-exhaustive/evidence/AV/AV-005-03__PASS.png","AV-005-03__PASS.png","294966","b8aad09a674187c7e2835d534827519951678c365a9524dcd6fbebd083749b9a","MOLEXPLORER_SELECTION_A_BF_468AA79DBEC6F723","61_SCREENSHOTS","DRIVE_VERIFIED","true","https://drive.google.com/file/d/14p8yt3X6km_i33YCeaVGRmf7RGhHn1iw/view?usp=drivesdk","Uploaded and verified by Google Drive folder readback."
"verification/selection-exhaustive/evidence/AV/AV-005-04__EMPTY_VALID.png","AV-005-04__EMPTY_VALID.png","294106","f9d878cdecd4f67b31e4ef3d238d4ab0aca21c62bb987b4de2ee616c18b7eeff","MOLEXPLORER_SELECTION_A_BF_468AA79DBEC6F723","61_SCREENSHOTS","DRIVE_VERIFIED","true","https://drive.google.com/file/d/1LqX6-sDtFYrTZ_PBgd9loheXOckHtEbm/view?usp=drivesdk","Uploaded and verified by Google Drive folder readback."
"verification/selection-exhaustive/evidence/AV/AV-005-05__PASS.png","AV-005-05__PASS.png","295280","be9dfb6723f1968db72fbbdb357b87286b1cd183cb2b1c89b5f5229df0b3aa47","MOLEXPLORER_SELECTION_A_BF_468AA79DBEC6F723","61_SCREENSHOTS","DRIVE_VERIFIED","true","https://drive.google.com/file/d/1uSAl4iNxEPMKxHB3Op8-NoZoA4TRmt8U/view?usp=drivesdk","Uploaded and verified by Google Drive folder readback."
"verification/selection-exhaustive/evidence/AV/AV-005-06__EMPTY_VALID.png","AV-005-06__EMPTY_VALID.png","294106","f9d878cdecd4f67b31e4ef3d238d4ab0aca21c62bb987b4de2ee616c18b7eeff","MOLEXPLORER_SELECTION_A_BF_468AA79DBEC6F723","61_SCREENSHOTS","DRIVE_VERIFIED","true","https://drive.google.com/file/d/1U9zogNPeRMYQlfO1VKiQgRY-IeVGdbWs/view?usp=drivesdk","Uploaded and verified by Google Drive folder readback."
"verification/selection-exhaustive/evidence/AV/AV-006-01__EMPTY_VALID.png","AV-006-01__EMPTY_VALID.png","294106","f9d878cdecd4f67b31e4ef3d238d4ab0aca21c62bb987b4de2ee616c18b7eeff","MOLEXPLORER_SELECTION_A_BF_468AA79DBEC6F723","61_SCREENSHOTS","DRIVE_VERIFIED","true","https://drive.google.com/file/d/1qfaZIfOk04_20oaUjfRC69XIa_mF1jty/view?usp=drivesdk","Uploaded and verified by Google Drive folder readback."
"verification/selection-exhaustive/evidence/AV/AV-006-02__EMPTY_VALID.png","AV-006-02__EMPTY_VALID.png","294106","f9d878cdecd4f67b31e4ef3d238d4ab0aca21c62bb987b4de2ee616c18b7eeff","MOLEXPLORER_SELECTION_A_BF_468AA79DBEC6F723","61_SCREENSHOTS","DRIVE_VERIFIED","true","https://drive.google.com/file/d/1dWEz3SIXSuwnXfp_jIEqrwn0msa4JMSH/view?usp=drivesdk","Uploaded and verified by Google Drive folder readback."
"verification/selection-exhaustive/evidence/AV/AV-006-03__PASS.png","AV-006-03__PASS.png","294966","b8aad09a674187c7e2835d534827519951678c365a9524dcd6fbebd083749b9a","MOLEXPLORER_SELECTION_A_BF_468AA79DBEC6F723","61_SCREENSHOTS","DRIVE_VERIFIED","true","https://drive.google.com/file/d/13nlmuIqJTM8omgk249QWhwHdT8SYgxkH/view?usp=drivesdk","Uploaded and verified by Google Drive folder readback."
"verification/selection-exhaustive/evidence/AV/AV-006-04__EMPTY_VALID.png","AV-006-04__EMPTY_VALID.png","294106","f9d878cdecd4f67b31e4ef3d238d4ab0aca21c62bb987b4de2ee616c18b7eeff","MOLEXPLORER_SELECTION_A_BF_468AA79DBEC6F723","61_SCREENSHOTS","DRIVE_VERIFIED","true","https://drive.google.com/file/d/1g437C1APesYqiB38ZIbM_N-keLAYwtm0/view?usp=drivesdk","Uploaded and verified by Google Drive folder readback."
"verification/selection-exhaustive/evidence/AV/AV-006-05__PASS.png","AV-006-05__PASS.png","295280","be9dfb6723f1968db72fbbdb357b87286b1cd183cb2b1c89b5f5229df0b3aa47","MOLEXPLORER_SELECTION_A_BF_468AA79DBEC6F723","61_SCREENSHOTS","DRIVE_VERIFIED","true","https://drive.google.com/file/d/1_WQtzQdx3nECDh1Qh-J-rOdnUs87f7aE/view?usp=drivesdk","Uploaded and verified by Google Drive folder readback."
"verification/selection-exhaustive/evidence/AV/AV-006-06__EMPTY_VALID.png","AV-006-06__EMPTY_VALID.png","294106","f9d878cdecd4f67b31e4ef3d238d4ab0aca21c62bb987b4de2ee616c18b7eeff","MOLEXPLORER_SELECTION_A_BF_468AA79DBEC6F723","61_SCREENSHOTS","DRIVE_VERIFIED","true","https://drive.google.com/file/d/1UR06Ud8WaEDvdj3qi9v3KCoPYUJ_4wXx/view?usp=drivesdk","Uploaded and verified by Google Drive folder readback."
"verification/selection-exhaustive/evidence/AV/AV-007-01__EMPTY_VALID.png","AV-007-01__EMPTY_VALID.png","294106","f9d878cdecd4f67b31e4ef3d238d4ab0aca21c62bb987b4de2ee616c18b7eeff","MOLEXPLORER_SELECTION_A_BF_468AA79DBEC6F723","61_SCREENSHOTS","DRIVE_VERIFIED","true","https://drive.google.com/file/d/1ZDVuWxvwsu8lpMBNbDg2MbfQzSuCIAKf/view?usp=drivesdk","Uploaded and verified by Google Drive folder readback."
"verification/selection-exhaustive/evidence/AV/AV-007-02__EMPTY_VALID.png","AV-007-02__EMPTY_VALID.png","294106","f9d878cdecd4f67b31e4ef3d238d4ab0aca21c62bb987b4de2ee616c18b7eeff","MOLEXPLORER_SELECTION_A_BF_468AA79DBEC6F723","61_SCREENSHOTS","DRIVE_VERIFIED","true","https://drive.google.com/file/d/1PxVVx2y3qeOQsliI1A8rUZGMsSXIFTX9/view?usp=drivesdk","Uploaded and verified by Google Drive folder readback."
"verification/selection-exhaustive/evidence/AV/AV-007-03__PASS.png","AV-007-03__PASS.png","294966","b8aad09a674187c7e2835d534827519951678c365a9524dcd6fbebd083749b9a","MOLEXPLORER_SELECTION_A_BF_468AA79DBEC6F723","61_SCREENSHOTS","DRIVE_VERIFIED","true","https://drive.google.com/file/d/1AtU_9CxwVY-um7NIpcpPNcmgqwVOoIwg/view?usp=drivesdk","Uploaded and verified by Google Drive folder readback."
"verification/selection-exhaustive/evidence/AV/AV-007-04__EMPTY_VALID.png","AV-007-04__EMPTY_VALID.png","294106","f9d878cdecd4f67b31e4ef3d238d4ab0aca21c62bb987b4de2ee616c18b7eeff","MOLEXPLORER_SELECTION_A_BF_468AA79DBEC6F723","61_SCREENSHOTS","DRIVE_VERIFIED","true","https://drive.google.com/file/d/1foAVJdYtnP5EtWt_8VoEhmaNVmyJdyab/view?usp=drivesdk","Uploaded and verified by Google Drive folder readback."
"verification/selection-exhaustive/evidence/AV/AV-007-05__PASS.png","AV-007-05__PASS.png","295280","be9dfb6723f1968db72fbbdb357b87286b1cd183cb2b1c89b5f5229df0b3aa47","MOLEXPLORER_SELECTION_A_BF_468AA79DBEC6F723","61_SCREENSHOTS","DRIVE_VERIFIED","true","https://drive.google.com/file/d/1jSbQkbqQMqPSWhFR5nIgsN4ggjeGq4ie/view?usp=drivesdk","Uploaded and verified by Google Drive folder readback."
"verification/selection-exhaustive/evidence/AV/AV-007-06__EMPTY_VALID.png","AV-007-06__EMPTY_VALID.png","294106","f9d878cdecd4f67b31e4ef3d238d4ab0aca21c62bb987b4de2ee616c18b7eeff","MOLEXPLORER_SELECTION_A_BF_468AA79DBEC6F723","61_SCREENSHOTS","DRIVE_VERIFIED","true","https://drive.google.com/file/d/1eDpiZ9rqdnupkELqW15saSF1E185dNSd/view?usp=drivesdk","Uploaded and verified by Google Drive folder readback."
"verification/selection-exhaustive/evidence/AV/AV-008-01__EMPTY_VALID.png","AV-008-01__EMPTY_VALID.png","294106","f9d878cdecd4f67b31e4ef3d238d4ab0aca21c62bb987b4de2ee616c18b7eeff","MOLEXPLORER_SELECTION_A_BF_468AA79DBEC6F723","61_SCREENSHOTS","DRIVE_VERIFIED","true","https://drive.google.com/file/d/1NAJUnuOg8R6QIch7-W66Al8kDuEBkFfi/view?usp=drivesdk","Uploaded and verified by Google Drive folder readback."
"verification/selection-exhaustive/evidence/AV/AV-008-02__EMPTY_VALID.png","AV-008-02__EMPTY_VALID.png","294106","f9d878cdecd4f67b31e4ef3d238d4ab0aca21c62bb987b4de2ee616c18b7eeff","MOLEXPLORER_SELECTION_A_BF_468AA79DBEC6F723","61_SCREENSHOTS","DRIVE_VERIFIED","true","https://drive.google.com/file/d/1nKv4Yx_URoCwz6z5l0LUz9iQD9kO22v-/view?usp=drivesdk","Uploaded and verified by Google Drive folder readback."
"verification/selection-exhaustive/evidence/AV/AV-008-03__PASS.png","AV-008-03__PASS.png","294966","b8aad09a674187c7e2835d534827519951678c365a9524dcd6fbebd083749b9a","MOLEXPLORER_SELECTION_A_BF_468AA79DBEC6F723","61_SCREENSHOTS","DRIVE_VERIFIED","true","https://drive.google.com/file/d/1ZHyw6l2BFQTwRyVgJI62lF_tJ7hScTX4/view?usp=drivesdk","Uploaded and verified by Google Drive folder readback."
"verification/selection-exhaustive/evidence/AV/AV-008-04__EMPTY_VALID.png","AV-008-04__EMPTY_VALID.png","294106","f9d878cdecd4f67b31e4ef3d238d4ab0aca21c62bb987b4de2ee616c18b7eeff","MOLEXPLORER_SELECTION_A_BF_468AA79DBEC6F723","61_SCREENSHOTS","DRIVE_VERIFIED","true","https://drive.google.com/file/d/1oiaIft5LtfD2vJxQXfb1S3S-nV50VjiS/view?usp=drivesdk","Uploaded and verified by Google Drive folder readback."
"verification/selection-exhaustive/evidence/AV/AV-008-05__PASS.png","AV-008-05__PASS.png","295280","be9dfb6723f1968db72fbbdb357b87286b1cd183cb2b1c89b5f5229df0b3aa47","MOLEXPLORER_SELECTION_A_BF_468AA79DBEC6F723","61_SCREENSHOTS","DRIVE_VERIFIED","true","https://drive.google.com/file/d/1Ow4ITk8w5u_doHMQRBQ74iqRpLJIwo6J/view?usp=drivesdk","Uploaded and verified by Google Drive folder readback."
"verification/selection-exhaustive/evidence/AV/AV-008-06__EMPTY_VALID.png","AV-008-06__EMPTY_VALID.png","294106","f9d878cdecd4f67b31e4ef3d238d4ab0aca21c62bb987b4de2ee616c18b7eeff","MOLEXPLORER_SELECTION_A_BF_468AA79DBEC6F723","61_SCREENSHOTS","DRIVE_VERIFIED","true","https://drive.google.com/file/d/12yLlV4gtHRrrW5jMlnca1i7fFhnLawp6/view?usp=drivesdk","Uploaded and verified by Google Drive folder readback."
"verification/selection-exhaustive/evidence/AV/AV-009-01__EMPTY_VALID.png","AV-009-01__EMPTY_VALID.png","294106","f9d878cdecd4f67b31e4ef3d238d4ab0aca21c62bb987b4de2ee616c18b7eeff","MOLEXPLORER_SELECTION_A_BF_468AA79DBEC6F723","61_SCREENSHOTS","DRIVE_VERIFIED","true","https://drive.google.com/file/d/1D7vrE9wb_Zzwo2N7n2d3LvSHOIBfpeFg/view?usp=drivesdk","Uploaded and verified by Google Drive folder readback."
"verification/selection-exhaustive/evidence/AV/AV-009-02__EMPTY_VALID.png","AV-009-02__EMPTY_VALID.png","294106","f9d878cdecd4f67b31e4ef3d238d4ab0aca21c62bb987b4de2ee616c18b7eeff","MOLEXPLORER_SELECTION_A_BF_468AA79DBEC6F723","61_SCREENSHOTS","DRIVE_VERIFIED","true","https://drive.google.com/file/d/1IBod42tbr7-4ssGU2xYADsYSFpumUDGj/view?usp=drivesdk","Uploaded and verified by Google Drive folder readback."
"verification/selection-exhaustive/evidence/AV/AV-009-03__PASS.png","AV-009-03__PASS.png","294966","b8aad09a674187c7e2835d534827519951678c365a9524dcd6fbebd083749b9a","MOLEXPLORER_SELECTION_A_BF_468AA79DBEC6F723","61_SCREENSHOTS","DRIVE_VERIFIED","true","https://drive.google.com/file/d/1KIh2rySRWgnbkXXF8uCKG3A4J8lc6sBS/view?usp=drivesdk","Uploaded and verified by Google Drive folder readback."
"verification/selection-exhaustive/evidence/AV/AV-009-04__EMPTY_VALID.png","AV-009-04__EMPTY_VALID.png","294106","f9d878cdecd4f67b31e4ef3d238d4ab0aca21c62bb987b4de2ee616c18b7eeff","MOLEXPLORER_SELECTION_A_BF_468AA79DBEC6F723","61_SCREENSHOTS","DRIVE_VERIFIED","true","https://drive.google.com/file/d/1Nb2DZGW_-yAFzqVpu6Y5PFnpJUfZe90-/view?usp=drivesdk","Uploaded and verified by Google Drive folder readback."
"verification/selection-exhaustive/evidence/AV/AV-009-05__PASS.png","AV-009-05__PASS.png","295280","be9dfb6723f1968db72fbbdb357b87286b1cd183cb2b1c89b5f5229df0b3aa47","MOLEXPLORER_SELECTION_A_BF_468AA79DBEC6F723","61_SCREENSHOTS","DRIVE_VERIFIED","true","https://drive.google.com/file/d/19wFEy-eiBBJyVLo296nFiCdo2ILNgF7T/view?usp=drivesdk","Uploaded and verified by Google Drive folder readback."
"verification/selection-exhaustive/evidence/AV/AV-009-06__EMPTY_VALID.png","AV-009-06__EMPTY_VALID.png","294106","f9d878cdecd4f67b31e4ef3d238d4ab0aca21c62bb987b4de2ee616c18b7eeff","MOLEXPLORER_SELECTION_A_BF_468AA79DBEC6F723","61_SCREENSHOTS","DRIVE_VERIFIED","true","https://drive.google.com/file/d/1Wv6sjeDusPDrjYKFTsYoL8K2d1K7qkcH/view?usp=drivesdk","Uploaded and verified by Google Drive folder readback."
"verification/selection-exhaustive/evidence/AV/AV-010-01__EMPTY_VALID.png","AV-010-01__EMPTY_VALID.png","294106","f9d878cdecd4f67b31e4ef3d238d4ab0aca21c62bb987b4de2ee616c18b7eeff","MOLEXPLORER_SELECTION_A_BF_468AA79DBEC6F723","61_SCREENSHOTS","DRIVE_VERIFIED","true","https://drive.google.com/file/d/1CIw1OQ3AY-5OmtPHUaM9AailwwgwWFlH/view?usp=drivesdk","Uploaded and verified by Google Drive folder readback."
"verification/selection-exhaustive/evidence/AV/AV-010-02__EMPTY_VALID.png","AV-010-02__EMPTY_VALID.png","294106","f9d878cdecd4f67b31e4ef3d238d4ab0aca21c62bb987b4de2ee616c18b7eeff","MOLEXPLORER_SELECTION_A_BF_468AA79DBEC6F723","61_SCREENSHOTS","DRIVE_VERIFIED","true","https://drive.google.com/file/d/13_i_0n_EtKAiYi88Pnzoz-aJoJVxPqCd/view?usp=drivesdk","Uploaded and verified by Google Drive folder readback."
"verification/selection-exhaustive/evidence/AV/AV-010-03__PASS.png","AV-010-03__PASS.png","294966","b8aad09a674187c7e2835d534827519951678c365a9524dcd6fbebd083749b9a","MOLEXPLORER_SELECTION_A_BF_468AA79DBEC6F723","61_SCREENSHOTS","DRIVE_VERIFIED","true","https://drive.google.com/file/d/1FKMT3HxPKUNWO3V62xM6pwQ2gqwK2nLE/view?usp=drivesdk","Uploaded and verified by Google Drive folder readback."
"verification/selection-exhaustive/evidence/AV/AV-010-04__EMPTY_VALID.png","AV-010-04__EMPTY_VALID.png","294106","f9d878cdecd4f67b31e4ef3d238d4ab0aca21c62bb987b4de2ee616c18b7eeff","MOLEXPLORER_SELECTION_A_BF_468AA79DBEC6F723","61_SCREENSHOTS","DRIVE_VERIFIED","true","https://drive.google.com/file/d/1qwV9__x8CKex6arzxJxA8iI_456DPDGU/view?usp=drivesdk","Uploaded and verified by Google Drive folder readback."
"verification/selection-exhaustive/evidence/AV/AV-010-05__PASS.png","AV-010-05__PASS.png","295280","be9dfb6723f1968db72fbbdb357b87286b1cd183cb2b1c89b5f5229df0b3aa47","MOLEXPLORER_SELECTION_A_BF_468AA79DBEC6F723","61_SCREENSHOTS","DRIVE_VERIFIED","true","https://drive.google.com/file/d/1k__wFA3n21kBGek96yLXmXuAXKz5bJVy/view?usp=drivesdk","Uploaded and verified by Google Drive folder readback."
"verification/selection-exhaustive/evidence/AV/AV-010-06__EMPTY_VALID.png","AV-010-06__EMPTY_VALID.png","294106","f9d878cdecd4f67b31e4ef3d238d4ab0aca21c62bb987b4de2ee616c18b7eeff","MOLEXPLORER_SELECTION_A_BF_468AA79DBEC6F723","61_SCREENSHOTS","DRIVE_VERIFIED","true","https://drive.google.com/file/d/1yvXr1Z_tJV7s9Twdn8YBqyuZrqdcTwhG/view?usp=drivesdk","Uploaded and verified by Google Drive folder readback."
"verification/selection-exhaustive/evidence/AV/AV-011-01__EMPTY_VALID.png","AV-011-01__EMPTY_VALID.png","294106","f9d878cdecd4f67b31e4ef3d238d4ab0aca21c62bb987b4de2ee616c18b7eeff","MOLEXPLORER_SELECTION_A_BF_468AA79DBEC6F723","61_SCREENSHOTS","DRIVE_VERIFIED","true","https://drive.google.com/file/d/1SE27_n2PQyjQ-I3_ZcolBlX7MBiDG-Zd/view?usp=drivesdk","Uploaded and verified by Google Drive folder readback."
"verification/selection-exhaustive/evidence/AV/AV-011-02__EMPTY_VALID.png","AV-011-02__EMPTY_VALID.png","294106","f9d878cdecd4f67b31e4ef3d238d4ab0aca21c62bb987b4de2ee616c18b7eeff","MOLEXPLORER_SELECTION_A_BF_468AA79DBEC6F723","61_SCREENSHOTS","DRIVE_VERIFIED","true","https://drive.google.com/file/d/1pplasuOdv2WgL-EMfsN6X3U5WSswmc0d/view?usp=drivesdk","Uploaded and verified by Google Drive folder readback."
"verification/selection-exhaustive/evidence/AV/AV-011-03__PASS.png","AV-011-03__PASS.png","294966","b8aad09a674187c7e2835d534827519951678c365a9524dcd6fbebd083749b9a","MOLEXPLORER_SELECTION_A_BF_468AA79DBEC6F723","61_SCREENSHOTS","DRIVE_VERIFIED","true","https://drive.google.com/file/d/1yjA9ro1TjjuHzoznt8hDcwXWogIBbgN6/view?usp=drivesdk","Uploaded and verified by Google Drive folder readback."
"verification/selection-exhaustive/evidence/AV/AV-011-04__EMPTY_VALID.png","AV-011-04__EMPTY_VALID.png","294106","f9d878cdecd4f67b31e4ef3d238d4ab0aca21c62bb987b4de2ee616c18b7eeff","MOLEXPLORER_SELECTION_A_BF_468AA79DBEC6F723","61_SCREENSHOTS","DRIVE_VERIFIED","true","https://drive.google.com/file/d/1YGI0wdJsLtvgmUb7ddEHc3zfM-Oymusq/view?usp=drivesdk","Uploaded and verified by Google Drive folder readback."
"verification/selection-exhaustive/evidence/AV/AV-011-05__PASS.png","AV-011-05__PASS.png","295280","be9dfb6723f1968db72fbbdb357b87286b1cd183cb2b1c89b5f5229df0b3aa47","MOLEXPLORER_SELECTION_A_BF_468AA79DBEC6F723","61_SCREENSHOTS","DRIVE_VERIFIED","true","https://drive.google.com/file/d/1CHUPslC_MXC3QgRmdhUBDEcmV_g2fnxE/view?usp=drivesdk","Uploaded and verified by Google Drive folder readback."
"verification/selection-exhaustive/evidence/AV/AV-011-06__EMPTY_VALID.png","AV-011-06__EMPTY_VALID.png","294106","f9d878cdecd4f67b31e4ef3d238d4ab0aca21c62bb987b4de2ee616c18b7eeff","MOLEXPLORER_SELECTION_A_BF_468AA79DBEC6F723","61_SCREENSHOTS","DRIVE_VERIFIED","true","https://drive.google.com/file/d/1EWEXSrUj9LVSpqkPQD0obzT1LQWcLJDq/view?usp=drivesdk","Uploaded and verified by Google Drive folder readback."
"verification/selection-exhaustive/evidence/AV/AV-012-01__EMPTY_VALID.png","AV-012-01__EMPTY_VALID.png","294106","f9d878cdecd4f67b31e4ef3d238d4ab0aca21c62bb987b4de2ee616c18b7eeff","MOLEXPLORER_SELECTION_A_BF_468AA79DBEC6F723","61_SCREENSHOTS","DRIVE_VERIFIED","true","https://drive.google.com/file/d/1BOOvbz-oMSGnLn0RBl0Yc9X3sH6D0jO7/view?usp=drivesdk","Uploaded and verified by Google Drive folder readback."
"verification/selection-exhaustive/evidence/AV/AV-012-02__EMPTY_VALID.png","AV-012-02__EMPTY_VALID.png","294106","f9d878cdecd4f67b31e4ef3d238d4ab0aca21c62bb987b4de2ee616c18b7eeff","MOLEXPLORER_SELECTION_A_BF_468AA79DBEC6F723","61_SCREENSHOTS","DRIVE_VERIFIED","true","https://drive.google.com/file/d/1xPqnCyh2JveaurvALAObsOr-_f4cYXYU/view?usp=drivesdk","Uploaded and verified by Google Drive folder readback."
"verification/selection-exhaustive/evidence/AV/AV-012-03__PASS.png","AV-012-03__PASS.png","294966","b8aad09a674187c7e2835d534827519951678c365a9524dcd6fbebd083749b9a","MOLEXPLORER_SELECTION_A_BF_468AA79DBEC6F723","61_SCREENSHOTS","DRIVE_VERIFIED","true","https://drive.google.com/file/d/1PJUKjbZRPwg5kuJq6LsB0GnPOLbsVz1B/view?usp=drivesdk","Uploaded and verified by Google Drive folder readback."
"verification/selection-exhaustive/evidence/AV/AV-012-04__EMPTY_VALID.png","AV-012-04__EMPTY_VALID.png","294106","f9d878cdecd4f67b31e4ef3d238d4ab0aca21c62bb987b4de2ee616c18b7eeff","MOLEXPLORER_SELECTION_A_BF_468AA79DBEC6F723","61_SCREENSHOTS","DRIVE_VERIFIED","true","https://drive.google.com/file/d/1RTlR4cyRXIVYxgLKxiT1zcveglQri0p_/view?usp=drivesdk","Uploaded and verified by Google Drive folder readback."
"verification/selection-exhaustive/evidence/AV/AV-012-05__PASS.png","AV-012-05__PASS.png","295280","be9dfb6723f1968db72fbbdb357b87286b1cd183cb2b1c89b5f5229df0b3aa47","MOLEXPLORER_SELECTION_A_BF_468AA79DBEC6F723","61_SCREENSHOTS","DRIVE_VERIFIED","true","https://drive.google.com/file/d/1Xjv4Iazvi3wn_zFb0V_wXQ6tiKfCSNEA/view?usp=drivesdk","Uploaded and verified by Google Drive folder readback."
"verification/selection-exhaustive/evidence/AV/AV-012-06__EMPTY_VALID.png","AV-012-06__EMPTY_VALID.png","294106","f9d878cdecd4f67b31e4ef3d238d4ab0aca21c62bb987b4de2ee616c18b7eeff","MOLEXPLORER_SELECTION_A_BF_468AA79DBEC6F723","61_SCREENSHOTS","DRIVE_VERIFIED","true","https://drive.google.com/file/d/1JRXYCW7ZWgZ0DxpVGb_cdxik81GQrM6L/view?usp=drivesdk","Uploaded and verified by Google Drive folder readback."
"verification/selection-exhaustive/evidence/AV/AV-013-01__EMPTY_VALID.png","AV-013-01__EMPTY_VALID.png","294106","f9d878cdecd4f67b31e4ef3d238d4ab0aca21c62bb987b4de2ee616c18b7eeff","MOLEXPLORER_SELECTION_A_BF_468AA79DBEC6F723","61_SCREENSHOTS","DRIVE_VERIFIED","true","https://drive.google.com/file/d/1Z7ErC3bnz8pKXNgHw6mfQl9npWrUF40m/view?usp=drivesdk","Uploaded and verified by Google Drive folder readback."
"verification/selection-exhaustive/evidence/AV/AV-013-02__EMPTY_VALID.png","AV-013-02__EMPTY_VALID.png","294106","f9d878cdecd4f67b31e4ef3d238d4ab0aca21c62bb987b4de2ee616c18b7eeff","MOLEXPLORER_SELECTION_A_BF_468AA79DBEC6F723","61_SCREENSHOTS","DRIVE_VERIFIED","true","https://drive.google.com/file/d/18SF53DfhLcfVwJyRYaNU-IN67Mui9bM-/view?usp=drivesdk","Uploaded and verified by Google Drive folder readback."
"verification/selection-exhaustive/evidence/AV/AV-013-03__PASS.png","AV-013-03__PASS.png","294966","b8aad09a674187c7e2835d534827519951678c365a9524dcd6fbebd083749b9a","MOLEXPLORER_SELECTION_A_BF_468AA79DBEC6F723","61_SCREENSHOTS","DRIVE_VERIFIED","true","https://drive.google.com/file/d/1COEafMJVmOMoM6FetGlqXdJKBZN7_WdV/view?usp=drivesdk","Uploaded and verified by Google Drive folder readback."
"verification/selection-exhaustive/evidence/AV/AV-013-04__EMPTY_VALID.png","AV-013-04__EMPTY_VALID.png","294106","f9d878cdecd4f67b31e4ef3d238d4ab0aca21c62bb987b4de2ee616c18b7eeff","MOLEXPLORER_SELECTION_A_BF_468AA79DBEC6F723","61_SCREENSHOTS","DRIVE_VERIFIED","true","https://drive.google.com/file/d/1XhSZT4CYVUhj8X7HRUbey3Nsd9aTXhkM/view?usp=drivesdk","Uploaded and verified by Google Drive folder readback."
"verification/selection-exhaustive/evidence/AV/AV-013-05__PASS.png","AV-013-05__PASS.png","295280","be9dfb6723f1968db72fbbdb357b87286b1cd183cb2b1c89b5f5229df0b3aa47","MOLEXPLORER_SELECTION_A_BF_468AA79DBEC6F723","61_SCREENSHOTS","DRIVE_VERIFIED","true","https://drive.google.com/file/d/1HfbEqlA_xaaUAtwsr3ojpZe_nx42sbn1/view?usp=drivesdk","Uploaded and verified by Google Drive folder readback."
"verification/selection-exhaustive/evidence/AV/AV-013-06__EMPTY_VALID.png","AV-013-06__EMPTY_VALID.png","294106","f9d878cdecd4f67b31e4ef3d238d4ab0aca21c62bb987b4de2ee616c18b7eeff","MOLEXPLORER_SELECTION_A_BF_468AA79DBEC6F723","61_SCREENSHOTS","DRIVE_VERIFIED","true","https://drive.google.com/file/d/1TokMtJhwPnK_HGP40svArQIxWgv1aN-Z/view?usp=drivesdk","Uploaded and verified by Google Drive folder readback."
"verification/selection-exhaustive/evidence/AV/AV-014-01__EMPTY_VALID.png","AV-014-01__EMPTY_VALID.png","294106","f9d878cdecd4f67b31e4ef3d238d4ab0aca21c62bb987b4de2ee616c18b7eeff","MOLEXPLORER_SELECTION_A_BF_468AA79DBEC6F723","61_SCREENSHOTS","DRIVE_VERIFIED","true","https://drive.google.com/file/d/1LvqKGzZUe2ffp6eK4oU_z_yB9m6JEG13/view?usp=drivesdk","Uploaded and verified by Google Drive folder readback."
"verification/selection-exhaustive/evidence/AV/AV-014-02__EMPTY_VALID.png","AV-014-02__EMPTY_VALID.png","294106","f9d878cdecd4f67b31e4ef3d238d4ab0aca21c62bb987b4de2ee616c18b7eeff","MOLEXPLORER_SELECTION_A_BF_468AA79DBEC6F723","61_SCREENSHOTS","DRIVE_VERIFIED","true","https://drive.google.com/file/d/1LM8o_QkgP8FhAhEDksh0BLUoVwP9kf03/view?usp=drivesdk","Uploaded and verified by Google Drive folder readback."
"verification/selection-exhaustive/evidence/AV/AV-014-03__PASS.png","AV-014-03__PASS.png","294966","b8aad09a674187c7e2835d534827519951678c365a9524dcd6fbebd083749b9a","MOLEXPLORER_SELECTION_A_BF_468AA79DBEC6F723","61_SCREENSHOTS","DRIVE_VERIFIED","true","https://drive.google.com/file/d/140Oe0BG-u1yQBqHnq2WpoZTKoMTR7a_2/view?usp=drivesdk","Uploaded and verified by Google Drive folder readback."
"verification/selection-exhaustive/evidence/AV/AV-014-04__EMPTY_VALID.png","AV-014-04__EMPTY_VALID.png","294106","f9d878cdecd4f67b31e4ef3d238d4ab0aca21c62bb987b4de2ee616c18b7eeff","MOLEXPLORER_SELECTION_A_BF_468AA79DBEC6F723","61_SCREENSHOTS","DRIVE_VERIFIED","true","https://drive.google.com/file/d/1DWlpn9TMxMBfLGWadSYWn4A-mwFC4u0z/view?usp=drivesdk","Uploaded and verified by Google Drive folder readback."
"verification/selection-exhaustive/evidence/AV/AV-014-05__PASS.png","AV-014-05__PASS.png","295280","be9dfb6723f1968db72fbbdb357b87286b1cd183cb2b1c89b5f5229df0b3aa47","MOLEXPLORER_SELECTION_A_BF_468AA79DBEC6F723","61_SCREENSHOTS","DRIVE_VERIFIED","true","https://drive.google.com/file/d/1VyyNcXXfg2Oz9ZgrG8-nSQRtxPg0Lakt/view?usp=drivesdk","Uploaded and verified by Google Drive folder readback."
"verification/selection-exhaustive/evidence/AV/AV-014-06__EMPTY_VALID.png","AV-014-06__EMPTY_VALID.png","294106","f9d878cdecd4f67b31e4ef3d238d4ab0aca21c62bb987b4de2ee616c18b7eeff","MOLEXPLORER_SELECTION_A_BF_468AA79DBEC6F723","61_SCREENSHOTS","DRIVE_VERIFIED","true","https://drive.google.com/file/d/1OnnMM-sExz5y15tz7STxEGoLBMSrD5DH/view?usp=drivesdk","Uploaded and verified by Google Drive folder readback."
"verification/selection-exhaustive/evidence/AV/AV-015-01__EMPTY_VALID.png","AV-015-01__EMPTY_VALID.png","294106","f9d878cdecd4f67b31e4ef3d238d4ab0aca21c62bb987b4de2ee616c18b7eeff","MOLEXPLORER_SELECTION_A_BF_468AA79DBEC6F723","61_SCREENSHOTS","DRIVE_VERIFIED","true","https://drive.google.com/file/d/17r8gtRLMCYQv83eoKKBHrte1XJduPeuD/view?usp=drivesdk","Uploaded and verified by Google Drive folder readback."
"verification/selection-exhaustive/evidence/AV/AV-015-02__EMPTY_VALID.png","AV-015-02__EMPTY_VALID.png","294106","f9d878cdecd4f67b31e4ef3d238d4ab0aca21c62bb987b4de2ee616c18b7eeff","MOLEXPLORER_SELECTION_A_BF_468AA79DBEC6F723","61_SCREENSHOTS","DRIVE_VERIFIED","true","https://drive.google.com/file/d/1AGSPCNFDje8kUEyxkQAwnJY9HRp2WlcL/view?usp=drivesdk","Uploaded and verified by Google Drive folder readback."
"verification/selection-exhaustive/evidence/AV/AV-015-03__PASS.png","AV-015-03__PASS.png","294966","b8aad09a674187c7e2835d534827519951678c365a9524dcd6fbebd083749b9a","MOLEXPLORER_SELECTION_A_BF_468AA79DBEC6F723","61_SCREENSHOTS","DRIVE_VERIFIED","true","https://drive.google.com/file/d/1kPsp7jiVTphA7aSAJ65QmHLexcIJZ7w1/view?usp=drivesdk","Uploaded and verified by Google Drive folder readback."
"verification/selection-exhaustive/evidence/AV/AV-015-04__EMPTY_VALID.png","AV-015-04__EMPTY_VALID.png","294106","f9d878cdecd4f67b31e4ef3d238d4ab0aca21c62bb987b4de2ee616c18b7eeff","MOLEXPLORER_SELECTION_A_BF_468AA79DBEC6F723","61_SCREENSHOTS","DRIVE_VERIFIED","true","https://drive.google.com/file/d/1OsgDLivHXfwjKXWTW-W32qDfpFM9Dz8W/view?usp=drivesdk","Uploaded and verified by Google Drive folder readback."
"verification/selection-exhaustive/evidence/AV/AV-015-05__PASS.png","AV-015-05__PASS.png","295280","be9dfb6723f1968db72fbbdb357b87286b1cd183cb2b1c89b5f5229df0b3aa47","MOLEXPLORER_SELECTION_A_BF_468AA79DBEC6F723","61_SCREENSHOTS","DRIVE_VERIFIED","true","https://drive.google.com/file/d/1RrnTsPDGWoXLmKeIc_zkXtvOOm9I66Ch/view?usp=drivesdk","Uploaded and verified by Google Drive folder readback."
"verification/selection-exhaustive/evidence/AV/AV-015-06__EMPTY_VALID.png","AV-015-06__EMPTY_VALID.png","294106","f9d878cdecd4f67b31e4ef3d238d4ab0aca21c62bb987b4de2ee616c18b7eeff","MOLEXPLORER_SELECTION_A_BF_468AA79DBEC6F723","61_SCREENSHOTS","DRIVE_VERIFIED","true","https://drive.google.com/file/d/1WDJShssnspyvgEt9zdxN0qd8bUYwTMOZ/view?usp=drivesdk","Uploaded and verified by Google Drive folder readback."
"verification/selection-exhaustive/evidence/AV/AV-016-01__EMPTY_VALID.png","AV-016-01__EMPTY_VALID.png","294106","f9d878cdecd4f67b31e4ef3d238d4ab0aca21c62bb987b4de2ee616c18b7eeff","MOLEXPLORER_SELECTION_A_BF_468AA79DBEC6F723","61_SCREENSHOTS","DRIVE_VERIFIED","true","https://drive.google.com/file/d/1KRJtk-_SNbBMNPnHuL2UUHQewkZBNEy4/view?usp=drivesdk","Uploaded and verified by Google Drive folder readback."
"verification/selection-exhaustive/evidence/AV/AV-016-02__EMPTY_VALID.png","AV-016-02__EMPTY_VALID.png","294106","f9d878cdecd4f67b31e4ef3d238d4ab0aca21c62bb987b4de2ee616c18b7eeff","MOLEXPLORER_SELECTION_A_BF_468AA79DBEC6F723","61_SCREENSHOTS","DRIVE_VERIFIED","true","https://drive.google.com/file/d/1mvdwcES5YOyBaLe8_2WeXYC-EaPcigbL/view?usp=drivesdk","Uploaded and verified by Google Drive folder readback."
"verification/selection-exhaustive/evidence/AV/AV-016-03__PASS.png","AV-016-03__PASS.png","294966","b8aad09a674187c7e2835d534827519951678c365a9524dcd6fbebd083749b9a","MOLEXPLORER_SELECTION_A_BF_468AA79DBEC6F723","61_SCREENSHOTS","DRIVE_VERIFIED","true","https://drive.google.com/file/d/123TDm5zLsRj6xsm4Odsu-ZHFsf8ZBGQ7/view?usp=drivesdk","Uploaded and verified by Google Drive folder readback."
"verification/selection-exhaustive/evidence/AV/AV-016-04__EMPTY_VALID.png","AV-016-04__EMPTY_VALID.png","294106","f9d878cdecd4f67b31e4ef3d238d4ab0aca21c62bb987b4de2ee616c18b7eeff","MOLEXPLORER_SELECTION_A_BF_468AA79DBEC6F723","61_SCREENSHOTS","DRIVE_VERIFIED","true","https://drive.google.com/file/d/1NXFIxsfJ938qg2xw4Y0db534IIQGh1Sz/view?usp=drivesdk","Uploaded and verified by Google Drive folder readback."
"verification/selection-exhaustive/evidence/AV/AV-016-05__PASS.png","AV-016-05__PASS.png","295280","be9dfb6723f1968db72fbbdb357b87286b1cd183cb2b1c89b5f5229df0b3aa47","MOLEXPLORER_SELECTION_A_BF_468AA79DBEC6F723","61_SCREENSHOTS","DRIVE_VERIFIED","true","https://drive.google.com/file/d/1ZJYe7d7Z-97bGXpMrvh0vFRzsE1VYtI2/view?usp=drivesdk","Uploaded and verified by Google Drive folder readback."
"verification/selection-exhaustive/evidence/AV/AV-016-06__EMPTY_VALID.png","AV-016-06__EMPTY_VALID.png","294106","f9d878cdecd4f67b31e4ef3d238d4ab0aca21c62bb987b4de2ee616c18b7eeff","MOLEXPLORER_SELECTION_A_BF_468AA79DBEC6F723","61_SCREENSHOTS","DRIVE_VERIFIED","true","https://drive.google.com/file/d/1KJuLWzHpeGH2z-rCpHnp29TG-SacveT0/view?usp=drivesdk","Uploaded and verified by Google Drive folder readback."
"verification/selection-exhaustive/evidence/AV/AV-017-01__EMPTY_VALID.png","AV-017-01__EMPTY_VALID.png","294106","f9d878cdecd4f67b31e4ef3d238d4ab0aca21c62bb987b4de2ee616c18b7eeff","MOLEXPLORER_SELECTION_A_BF_468AA79DBEC6F723","61_SCREENSHOTS","DRIVE_VERIFIED","true","https://drive.google.com/file/d/1KMq6-CGO58FoIojH1-iHMPJ7cERe06Am/view?usp=drivesdk","Uploaded and verified by Google Drive folder readback."
"verification/selection-exhaustive/evidence/AV/AV-017-02__EMPTY_VALID.png","AV-017-02__EMPTY_VALID.png","294106","f9d878cdecd4f67b31e4ef3d238d4ab0aca21c62bb987b4de2ee616c18b7eeff","MOLEXPLORER_SELECTION_A_BF_468AA79DBEC6F723","61_SCREENSHOTS","DRIVE_VERIFIED","true","https://drive.google.com/file/d/1Nz11k_dDJDL5U7VGkBTNRaEsBu6um5-e/view?usp=drivesdk","Uploaded and verified by Google Drive folder readback."
"verification/selection-exhaustive/evidence/AV/AV-017-03__PASS.png","AV-017-03__PASS.png","294966","b8aad09a674187c7e2835d534827519951678c365a9524dcd6fbebd083749b9a","MOLEXPLORER_SELECTION_A_BF_468AA79DBEC6F723","61_SCREENSHOTS","DRIVE_VERIFIED","true","https://drive.google.com/file/d/17VSG5HHo0regMqKnyrVXvgzXk2qI2Bh8/view?usp=drivesdk","Uploaded and verified by Google Drive folder readback."
"verification/selection-exhaustive/evidence/AV/AV-017-04__EMPTY_VALID.png","AV-017-04__EMPTY_VALID.png","294106","f9d878cdecd4f67b31e4ef3d238d4ab0aca21c62bb987b4de2ee616c18b7eeff","MOLEXPLORER_SELECTION_A_BF_468AA79DBEC6F723","61_SCREENSHOTS","DRIVE_VERIFIED","true","https://drive.google.com/file/d/1naVYgDA6NSgIWta9RPznfy90zuZeCG_5/view?usp=drivesdk","Uploaded and verified by Google Drive folder readback."
"verification/selection-exhaustive/evidence/AV/AV-017-05__PASS.png","AV-017-05__PASS.png","295280","be9dfb6723f1968db72fbbdb357b87286b1cd183cb2b1c89b5f5229df0b3aa47","MOLEXPLORER_SELECTION_A_BF_468AA79DBEC6F723","61_SCREENSHOTS","DRIVE_VERIFIED","true","https://drive.google.com/file/d/1L4bVWKAyVLNb7Tj_teEU7WBCowwXaUUP/view?usp=drivesdk","Uploaded and verified by Google Drive folder readback."
"verification/selection-exhaustive/evidence/AV/AV-017-06__EMPTY_VALID.png","AV-017-06__EMPTY_VALID.png","294106","f9d878cdecd4f67b31e4ef3d238d4ab0aca21c62bb987b4de2ee616c18b7eeff","MOLEXPLORER_SELECTION_A_BF_468AA79DBEC6F723","61_SCREENSHOTS","DRIVE_VERIFIED","true","https://drive.google.com/file/d/1sC4fkySvYlZX08Zlx5j-eA_p6_FnU99P/view?usp=drivesdk","Uploaded and verified by Google Drive folder readback."
"verification/selection-exhaustive/evidence/AV/AV-018-01__EMPTY_VALID.png","AV-018-01__EMPTY_VALID.png","294106","f9d878cdecd4f67b31e4ef3d238d4ab0aca21c62bb987b4de2ee616c18b7eeff","MOLEXPLORER_SELECTION_A_BF_468AA79DBEC6F723","61_SCREENSHOTS","DRIVE_VERIFIED","true","https://drive.google.com/file/d/1njFIhb2LAiO-tKh6viWuX0ZomP7qxuHX/view?usp=drivesdk","Uploaded and verified by Google Drive folder readback."
"verification/selection-exhaustive/evidence/AV/AV-018-02__EMPTY_VALID.png","AV-018-02__EMPTY_VALID.png","294106","f9d878cdecd4f67b31e4ef3d238d4ab0aca21c62bb987b4de2ee616c18b7eeff","MOLEXPLORER_SELECTION_A_BF_468AA79DBEC6F723","61_SCREENSHOTS","DRIVE_VERIFIED","true","https://drive.google.com/file/d/1LaV9wlefyzHS5d2rgViuV-mFP4Bh0a10/view?usp=drivesdk","Uploaded and verified by Google Drive folder readback."
"verification/selection-exhaustive/evidence/AV/AV-018-03__PASS.png","AV-018-03__PASS.png","294966","b8aad09a674187c7e2835d534827519951678c365a9524dcd6fbebd083749b9a","MOLEXPLORER_SELECTION_A_BF_468AA79DBEC6F723","61_SCREENSHOTS","DRIVE_VERIFIED","true","https://drive.google.com/file/d/1H0HqanCMNKwVIqkO0J05QIKckrOVfRC2/view?usp=drivesdk","Uploaded and verified by Google Drive folder readback."
"verification/selection-exhaustive/evidence/AV/AV-018-04__EMPTY_VALID.png","AV-018-04__EMPTY_VALID.png","294106","f9d878cdecd4f67b31e4ef3d238d4ab0aca21c62bb987b4de2ee616c18b7eeff","MOLEXPLORER_SELECTION_A_BF_468AA79DBEC6F723","61_SCREENSHOTS","DRIVE_VERIFIED","true","https://drive.google.com/file/d/1ROVKEtlRACKOqYJWJy1ZVso7OzIH04nC/view?usp=drivesdk","Uploaded and verified by Google Drive folder readback."
"verification/selection-exhaustive/evidence/AV/AV-018-05__PASS.png","AV-018-05__PASS.png","295280","be9dfb6723f1968db72fbbdb357b87286b1cd183cb2b1c89b5f5229df0b3aa47","MOLEXPLORER_SELECTION_A_BF_468AA79DBEC6F723","61_SCREENSHOTS","DRIVE_VERIFIED","true","https://drive.google.com/file/d/1HkjdWQfmKPYRURWvG0PG27e8TyY0X8g0/view?usp=drivesdk","Uploaded and verified by Google Drive folder readback."
"verification/selection-exhaustive/evidence/AV/AV-018-06__EMPTY_VALID.png","AV-018-06__EMPTY_VALID.png","294106","f9d878cdecd4f67b31e4ef3d238d4ab0aca21c62bb987b4de2ee616c18b7eeff","MOLEXPLORER_SELECTION_A_BF_468AA79DBEC6F723","61_SCREENSHOTS","DRIVE_VERIFIED","true","https://drive.google.com/file/d/1ky5YYG3ad3IiDraK_DU27ySkGBbBF5IK/view?usp=drivesdk","Uploaded and verified by Google Drive folder readback."
"verification/selection-exhaustive/evidence/AV/AV-019-01__EMPTY_VALID.png","AV-019-01__EMPTY_VALID.png","294106","f9d878cdecd4f67b31e4ef3d238d4ab0aca21c62bb987b4de2ee616c18b7eeff","MOLEXPLORER_SELECTION_A_BF_468AA79DBEC6F723","61_SCREENSHOTS","DRIVE_VERIFIED","true","https://drive.google.com/file/d/1GXT-Btergbz9QE2paE_hXognCTTwPRu7/view?usp=drivesdk","Uploaded and verified by Google Drive folder readback."
"verification/selection-exhaustive/evidence/AV/AV-019-02__EMPTY_VALID.png","AV-019-02__EMPTY_VALID.png","294106","f9d878cdecd4f67b31e4ef3d238d4ab0aca21c62bb987b4de2ee616c18b7eeff","MOLEXPLORER_SELECTION_A_BF_468AA79DBEC6F723","61_SCREENSHOTS","DRIVE_VERIFIED","true","https://drive.google.com/file/d/14D2rf9X07Ly0iwLDv4Xtfz2mZdNYcwOY/view?usp=drivesdk","Uploaded and verified by Google Drive folder readback."
"verification/selection-exhaustive/evidence/AV/AV-019-03__PASS.png","AV-019-03__PASS.png","294966","b8aad09a674187c7e2835d534827519951678c365a9524dcd6fbebd083749b9a","MOLEXPLORER_SELECTION_A_BF_468AA79DBEC6F723","61_SCREENSHOTS","DRIVE_VERIFIED","true","https://drive.google.com/file/d/1x7IX6N8Dgxft8Uf0PYiuVNKTyhdkfccD/view?usp=drivesdk","Uploaded and verified by Google Drive folder readback."
"verification/selection-exhaustive/evidence/AV/AV-019-04__EMPTY_VALID.png","AV-019-04__EMPTY_VALID.png","294106","f9d878cdecd4f67b31e4ef3d238d4ab0aca21c62bb987b4de2ee616c18b7eeff","MOLEXPLORER_SELECTION_A_BF_468AA79DBEC6F723","61_SCREENSHOTS","DRIVE_VERIFIED","true","https://drive.google.com/file/d/1EofkjicKV23mRzIhb0ro1AC87ThlnLK-/view?usp=drivesdk","Uploaded and verified by Google Drive folder readback."
"verification/selection-exhaustive/evidence/AV/AV-019-05__PASS.png","AV-019-05__PASS.png","295280","be9dfb6723f1968db72fbbdb357b87286b1cd183cb2b1c89b5f5229df0b3aa47","MOLEXPLORER_SELECTION_A_BF_468AA79DBEC6F723","61_SCREENSHOTS","DRIVE_VERIFIED","true","https://drive.google.com/file/d/1vNTpwVMvYTarPoHqLzoeG5lHHtlSXVtB/view?usp=drivesdk","Uploaded and verified by Google Drive folder readback."
"verification/selection-exhaustive/evidence/AV/AV-019-06__EMPTY_VALID.png","AV-019-06__EMPTY_VALID.png","294106","f9d878cdecd4f67b31e4ef3d238d4ab0aca21c62bb987b4de2ee616c18b7eeff","MOLEXPLORER_SELECTION_A_BF_468AA79DBEC6F723","61_SCREENSHOTS","DRIVE_VERIFIED","true","https://drive.google.com/file/d/1WrvtYL-Rs0tRcrLcr7I_r3IOuHSTSP-4/view?usp=drivesdk","Uploaded and verified by Google Drive folder readback."
"verification/selection-exhaustive/evidence/AV/AV-020-01__EMPTY_VALID.png","AV-020-01__EMPTY_VALID.png","294106","f9d878cdecd4f67b31e4ef3d238d4ab0aca21c62bb987b4de2ee616c18b7eeff","MOLEXPLORER_SELECTION_A_BF_468AA79DBEC6F723","61_SCREENSHOTS","DRIVE_VERIFIED","true","https://drive.google.com/file/d/1cB-M0WWo8dKdPI_BV6qKgyVGnjWjtRKD/view?usp=drivesdk","Uploaded and verified by Google Drive folder readback."
"verification/selection-exhaustive/evidence/AV/AV-020-02__EMPTY_VALID.png","AV-020-02__EMPTY_VALID.png","294106","f9d878cdecd4f67b31e4ef3d238d4ab0aca21c62bb987b4de2ee616c18b7eeff","MOLEXPLORER_SELECTION_A_BF_468AA79DBEC6F723","61_SCREENSHOTS","DRIVE_VERIFIED","true","https://drive.google.com/file/d/1WLlMY9H7iVKaqA6YPntZVmlfJDm7OLyo/view?usp=drivesdk","Uploaded and verified by Google Drive folder readback."
"verification/selection-exhaustive/evidence/AV/AV-020-03__PASS.png","AV-020-03__PASS.png","294966","b8aad09a674187c7e2835d534827519951678c365a9524dcd6fbebd083749b9a","MOLEXPLORER_SELECTION_A_BF_468AA79DBEC6F723","61_SCREENSHOTS","DRIVE_VERIFIED","true","https://drive.google.com/file/d/1RTiPg8JDHWrZngvtLwyEZrWbwYjJblhu/view?usp=drivesdk","Uploaded and verified by Google Drive folder readback."
"verification/selection-exhaustive/evidence/AV/AV-020-04__EMPTY_VALID.png","AV-020-04__EMPTY_VALID.png","294106","f9d878cdecd4f67b31e4ef3d238d4ab0aca21c62bb987b4de2ee616c18b7eeff","MOLEXPLORER_SELECTION_A_BF_468AA79DBEC6F723","61_SCREENSHOTS","DRIVE_VERIFIED","true","https://drive.google.com/file/d/1_Sf9GrQ5L9ie6f32xRoGjweYY2Xmd7aK/view?usp=drivesdk","Uploaded and verified by Google Drive folder readback."
"verification/selection-exhaustive/evidence/AV/AV-020-05__PASS.png","AV-020-05__PASS.png","295280","be9dfb6723f1968db72fbbdb357b87286b1cd183cb2b1c89b5f5229df0b3aa47","MOLEXPLORER_SELECTION_A_BF_468AA79DBEC6F723","61_SCREENSHOTS","DRIVE_VERIFIED","true","https://drive.google.com/file/d/12miCvNOYyaSTO3JF3fUxZj4_M_NPp5I6/view?usp=drivesdk","Uploaded and verified by Google Drive folder readback."
"verification/selection-exhaustive/evidence/AV/AV-020-06__EMPTY_VALID.png","AV-020-06__EMPTY_VALID.png","294106","f9d878cdecd4f67b31e4ef3d238d4ab0aca21c62bb987b4de2ee616c18b7eeff","MOLEXPLORER_SELECTION_A_BF_468AA79DBEC6F723","61_SCREENSHOTS","DRIVE_VERIFIED","true","https://drive.google.com/file/d/1faMuHW-lBw5HoXnEPChcpvJmxP9Qz60r/view?usp=drivesdk","Uploaded and verified by Google Drive folder readback."
"verification/selection-exhaustive/evidence/AW/AW-001-001__PASS.png","AW-001-001__PASS.png","295280","be9dfb6723f1968db72fbbdb357b87286b1cd183cb2b1c89b5f5229df0b3aa47","MOLEXPLORER_SELECTION_A_BF_468AA79DBEC6F723","61_SCREENSHOTS","DRIVE_VERIFIED","true","https://drive.google.com/file/d/1Vbx53ZkwklAfpu5a6ENlzP5ymomH3xvS/view?usp=drivesdk","Uploaded and verified by Google Drive folder readback."
"verification/selection-exhaustive/evidence/AW/AW-001-002__PASS.png","AW-001-002__PASS.png","294966","b8aad09a674187c7e2835d534827519951678c365a9524dcd6fbebd083749b9a","MOLEXPLORER_SELECTION_A_BF_468AA79DBEC6F723","61_SCREENSHOTS","DRIVE_VERIFIED","true","https://drive.google.com/file/d/1-9SCmw2-ntDlVfXvKBUrtcLMyOt_Svgm/view?usp=drivesdk","Uploaded and verified by Google Drive folder readback."
"verification/selection-exhaustive/evidence/AW/AW-001-003__EMPTY_VALID.png","AW-001-003__EMPTY_VALID.png","294106","f9d878cdecd4f67b31e4ef3d238d4ab0aca21c62bb987b4de2ee616c18b7eeff","MOLEXPLORER_SELECTION_A_BF_468AA79DBEC6F723","61_SCREENSHOTS","DRIVE_VERIFIED","true","https://drive.google.com/file/d/19wO_uTPjx9uJDwkj0-fM2KhDzPCELvee/view?usp=drivesdk","Uploaded and verified by Google Drive folder readback."
"verification/selection-exhaustive/evidence/AW/AW-001-004__PASS.png","AW-001-004__PASS.png","294966","b8aad09a674187c7e2835d534827519951678c365a9524dcd6fbebd083749b9a","MOLEXPLORER_SELECTION_A_BF_468AA79DBEC6F723","61_SCREENSHOTS","DRIVE_VERIFIED","true","https://drive.google.com/file/d/1e895Fhi52WfGm0a5h-dYv2pQa_pF6akm/view?usp=drivesdk","Uploaded and verified by Google Drive folder readback."
"verification/selection-exhaustive/evidence/AW/AW-001-005__PASS.png","AW-001-005__PASS.png","294941","e153fd1393d72003e3f3a4374099d36d0afc757d31864016eee0b800918233c4","MOLEXPLORER_SELECTION_A_BF_468AA79DBEC6F723","61_SCREENSHOTS","DRIVE_VERIFIED","true","https://drive.google.com/file/d/1BvGhmjuCfrPVuFNIJf4lhz3uOq6qDzee/view?usp=drivesdk","Uploaded and verified by Google Drive folder readback."
"verification/selection-exhaustive/evidence/AW/AW-001-006__PASS.png","AW-001-006__PASS.png","295401","857fba85b4d3529daeb14ae93a15a51e89756db755c47fbcfe173f3ce7842a7c","MOLEXPLORER_SELECTION_A_BF_468AA79DBEC6F723","61_SCREENSHOTS","DRIVE_VERIFIED","true","https://drive.google.com/file/d/191WgGNriKFSAJMBImr8nFNXMrvkmbc4i/view?usp=drivesdk","Uploaded and verified by Google Drive folder readback."
"verification/selection-exhaustive/evidence/AW/AW-001-007__EMPTY_VALID.png","AW-001-007__EMPTY_VALID.png","294106","f9d878cdecd4f67b31e4ef3d238d4ab0aca21c62bb987b4de2ee616c18b7eeff","MOLEXPLORER_SELECTION_A_BF_468AA79DBEC6F723","61_SCREENSHOTS","DRIVE_VERIFIED","true","https://drive.google.com/file/d/1yiw4vkRi8tgYdrT-vDT9S3pa9hlGS2Jh/view?usp=drivesdk","Uploaded and verified by Google Drive folder readback."
"verification/selection-exhaustive/evidence/AW/AW-001-008__PASS.png","AW-001-008__PASS.png","295381","4e2117de794b25e2824e82f2168cccb5b4f5d0331ebf858947191becb9181b70","MOLEXPLORER_SELECTION_A_BF_468AA79DBEC6F723","61_SCREENSHOTS","DRIVE_VERIFIED","true","https://drive.google.com/file/d/1TQ-C1XR5bJw2mPzBsihI4yIm_sNYgZdB/view?usp=drivesdk","Uploaded and verified by Google Drive folder readback."
"verification/selection-exhaustive/evidence/AW/AW-002-001__PASS.png","AW-002-001__PASS.png","295280","be9dfb6723f1968db72fbbdb357b87286b1cd183cb2b1c89b5f5229df0b3aa47","MOLEXPLORER_SELECTION_A_BF_468AA79DBEC6F723","61_SCREENSHOTS","DRIVE_VERIFIED","true","https://drive.google.com/file/d/1GabM3ZBbpU5AO8EW5tjc16lFbx1BoDi5/view?usp=drivesdk","Uploaded and verified by Google Drive folder readback."
"verification/selection-exhaustive/evidence/AW/AW-002-002__PASS.png","AW-002-002__PASS.png","294966","b8aad09a674187c7e2835d534827519951678c365a9524dcd6fbebd083749b9a","MOLEXPLORER_SELECTION_A_BF_468AA79DBEC6F723","61_SCREENSHOTS","DRIVE_VERIFIED","true","https://drive.google.com/file/d/17tvfhQooxTT9jL4v_xk0htmR6fSWs-2a/view?usp=drivesdk","Uploaded and verified by Google Drive folder readback."
"verification/selection-exhaustive/evidence/AW/AW-002-003__EMPTY_VALID.png","AW-002-003__EMPTY_VALID.png","294106","f9d878cdecd4f67b31e4ef3d238d4ab0aca21c62bb987b4de2ee616c18b7eeff","MOLEXPLORER_SELECTION_A_BF_468AA79DBEC6F723","61_SCREENSHOTS","DRIVE_VERIFIED","true","https://drive.google.com/file/d/1f8C23xeAvq-wyniJFQQdXzuGjSAarMOo/view?usp=drivesdk","Uploaded and verified by Google Drive folder readback."
"verification/selection-exhaustive/evidence/AW/AW-002-004__PASS.png","AW-002-004__PASS.png","294966","b8aad09a674187c7e2835d534827519951678c365a9524dcd6fbebd083749b9a","MOLEXPLORER_SELECTION_A_BF_468AA79DBEC6F723","61_SCREENSHOTS","DRIVE_VERIFIED","true","https://drive.google.com/file/d/1viiARBvO1MgjT4-EurltFdymd3jYixuR/view?usp=drivesdk","Uploaded and verified by Google Drive folder readback."
"verification/selection-exhaustive/evidence/AW/AW-002-005__PASS.png","AW-002-005__PASS.png","294941","e153fd1393d72003e3f3a4374099d36d0afc757d31864016eee0b800918233c4","MOLEXPLORER_SELECTION_A_BF_468AA79DBEC6F723","61_SCREENSHOTS","DRIVE_VERIFIED","true","https://drive.google.com/file/d/1dxAACNUgsfxu4ZZC2RvhWzKfcYfJZ9wK/view?usp=drivesdk","Uploaded and verified by Google Drive folder readback."
"verification/selection-exhaustive/evidence/AW/AW-002-006__PASS.png","AW-002-006__PASS.png","295401","857fba85b4d3529daeb14ae93a15a51e89756db755c47fbcfe173f3ce7842a7c","MOLEXPLORER_SELECTION_A_BF_468AA79DBEC6F723","61_SCREENSHOTS","DRIVE_VERIFIED","true","https://drive.google.com/file/d/1AR5nzwugudbV8Vz-MyUBdeMIR-n1P6SH/view?usp=drivesdk","Uploaded and verified by Google Drive folder readback."
"verification/selection-exhaustive/evidence/AW/AW-002-007__EMPTY_VALID.png","AW-002-007__EMPTY_VALID.png","294106","f9d878cdecd4f67b31e4ef3d238d4ab0aca21c62bb987b4de2ee616c18b7eeff","MOLEXPLORER_SELECTION_A_BF_468AA79DBEC6F723","61_SCREENSHOTS","DRIVE_VERIFIED","true","https://drive.google.com/file/d/1dhRgk2CHAGeL4HXqDtfP_HssIy19JIXh/view?usp=drivesdk","Uploaded and verified by Google Drive folder readback."
"verification/selection-exhaustive/evidence/AW/AW-002-008__PASS.png","AW-002-008__PASS.png","295381","4e2117de794b25e2824e82f2168cccb5b4f5d0331ebf858947191becb9181b70","MOLEXPLORER_SELECTION_A_BF_468AA79DBEC6F723","61_SCREENSHOTS","DRIVE_VERIFIED","true","https://drive.google.com/file/d/1gCP8AxWyNUzdaEvQZ5NIF2BsAvg-utw2/view?usp=drivesdk","Uploaded and verified by Google Drive folder readback."
"verification/selection-exhaustive/evidence/AW/AW-003-001__PASS.png","AW-003-001__PASS.png","295280","be9dfb6723f1968db72fbbdb357b87286b1cd183cb2b1c89b5f5229df0b3aa47","MOLEXPLORER_SELECTION_A_BF_468AA79DBEC6F723","61_SCREENSHOTS","DRIVE_VERIFIED","true","https://drive.google.com/file/d/1_S1SVm0PM0jpLvF4LfRsv-7I5nPoKxu_/view?usp=drivesdk","Uploaded and verified by Google Drive folder readback."
"verification/selection-exhaustive/evidence/AW/AW-003-002__PASS.png","AW-003-002__PASS.png","294966","b8aad09a674187c7e2835d534827519951678c365a9524dcd6fbebd083749b9a","MOLEXPLORER_SELECTION_A_BF_468AA79DBEC6F723","61_SCREENSHOTS","DRIVE_VERIFIED","true","https://drive.google.com/file/d/1dJKw_jyf0RweenMtltsDHlAVcSDsaKtx/view?usp=drivesdk","Uploaded and verified by Google Drive folder readback."
"verification/selection-exhaustive/evidence/AW/AW-003-003__EMPTY_VALID.png","AW-003-003__EMPTY_VALID.png","294106","f9d878cdecd4f67b31e4ef3d238d4ab0aca21c62bb987b4de2ee616c18b7eeff","MOLEXPLORER_SELECTION_A_BF_468AA79DBEC6F723","61_SCREENSHOTS","DRIVE_VERIFIED","true","https://drive.google.com/file/d/18ZI_4T_i96WXYVImX52hYAorwuXdhxvH/view?usp=drivesdk","Uploaded and verified by Google Drive folder readback."
"verification/selection-exhaustive/evidence/AW/AW-003-004__PASS.png","AW-003-004__PASS.png","294966","b8aad09a674187c7e2835d534827519951678c365a9524dcd6fbebd083749b9a","MOLEXPLORER_SELECTION_A_BF_468AA79DBEC6F723","61_SCREENSHOTS","DRIVE_VERIFIED","true","https://drive.google.com/file/d/1M9GuUs8-8bKOqAuF_ffFQ9IP1k9r_e9m/view?usp=drivesdk","Uploaded and verified by Google Drive folder readback."
"verification/selection-exhaustive/evidence/AW/AW-003-005__PASS.png","AW-003-005__PASS.png","294941","e153fd1393d72003e3f3a4374099d36d0afc757d31864016eee0b800918233c4","MOLEXPLORER_SELECTION_A_BF_468AA79DBEC6F723","61_SCREENSHOTS","DRIVE_VERIFIED","true","https://drive.google.com/file/d/19_th1IIlc4prFKJoP5lVGpZMNE03lRbv/view?usp=drivesdk","Uploaded and verified by Google Drive folder readback."
"verification/selection-exhaustive/evidence/AW/AW-003-006__PASS.png","AW-003-006__PASS.png","295401","857fba85b4d3529daeb14ae93a15a51e89756db755c47fbcfe173f3ce7842a7c","MOLEXPLORER_SELECTION_A_BF_468AA79DBEC6F723","61_SCREENSHOTS","DRIVE_VERIFIED","true","https://drive.google.com/file/d/1mzF-g18E3UxhdOsOgYB2Ztp3y9g99N-2/view?usp=drivesdk","Uploaded and verified by Google Drive folder readback."
"verification/selection-exhaustive/evidence/AW/AW-003-007__EMPTY_VALID.png","AW-003-007__EMPTY_VALID.png","294106","f9d878cdecd4f67b31e4ef3d238d4ab0aca21c62bb987b4de2ee616c18b7eeff","MOLEXPLORER_SELECTION_A_BF_468AA79DBEC6F723","61_SCREENSHOTS","DRIVE_VERIFIED","true","https://drive.google.com/file/d/11NYe5KFSsnpg132uYqYeS89eyOXDzcCF/view?usp=drivesdk","Uploaded and verified by Google Drive folder readback."
"verification/selection-exhaustive/evidence/AW/AW-003-008__PASS.png","AW-003-008__PASS.png","295381","4e2117de794b25e2824e82f2168cccb5b4f5d0331ebf858947191becb9181b70","MOLEXPLORER_SELECTION_A_BF_468AA79DBEC6F723","61_SCREENSHOTS","DRIVE_VERIFIED","true","https://drive.google.com/file/d/1_EZcLC7EwHmn5U3175cvMcTCF3l9zP0Q/view?usp=drivesdk","Uploaded and verified by Google Drive folder readback."
"verification/selection-exhaustive/evidence/AW/AW-004-001__PASS.png","AW-004-001__PASS.png","295280","be9dfb6723f1968db72fbbdb357b87286b1cd183cb2b1c89b5f5229df0b3aa47","MOLEXPLORER_SELECTION_A_BF_468AA79DBEC6F723","61_SCREENSHOTS","DRIVE_VERIFIED","true","https://drive.google.com/file/d/1t8Cdwc7cTQ4QMf1M8LKctuOcaQsjs-Pu/view?usp=drivesdk","Uploaded and verified by Google Drive folder readback."
"verification/selection-exhaustive/evidence/AW/AW-004-002__PASS.png","AW-004-002__PASS.png","294966","b8aad09a674187c7e2835d534827519951678c365a9524dcd6fbebd083749b9a","MOLEXPLORER_SELECTION_A_BF_468AA79DBEC6F723","61_SCREENSHOTS","DRIVE_VERIFIED","true","https://drive.google.com/file/d/16HA_nVVtEMO4BNbfHyI8TfMuHBn0FUyv/view?usp=drivesdk","Uploaded and verified by Google Drive folder readback."
"verification/selection-exhaustive/evidence/AW/AW-004-003__EMPTY_VALID.png","AW-004-003__EMPTY_VALID.png","294106","f9d878cdecd4f67b31e4ef3d238d4ab0aca21c62bb987b4de2ee616c18b7eeff","MOLEXPLORER_SELECTION_A_BF_468AA79DBEC6F723","61_SCREENSHOTS","DRIVE_VERIFIED","true","https://drive.google.com/file/d/1iz8Ldp3p3vq-cF8fpSiluQfWdJCozrYy/view?usp=drivesdk","Uploaded and verified by Google Drive folder readback."
"verification/selection-exhaustive/evidence/AW/AW-004-004__PASS.png","AW-004-004__PASS.png","294966","b8aad09a674187c7e2835d534827519951678c365a9524dcd6fbebd083749b9a","MOLEXPLORER_SELECTION_A_BF_468AA79DBEC6F723","61_SCREENSHOTS","DRIVE_VERIFIED","true","https://drive.google.com/file/d/1sJkyzcpufIFubaEua5fbKTHGTCeaNGEw/view?usp=drivesdk","Uploaded and verified by Google Drive folder readback."
"verification/selection-exhaustive/evidence/AW/AW-004-005__PASS.png","AW-004-005__PASS.png","294941","e153fd1393d72003e3f3a4374099d36d0afc757d31864016eee0b800918233c4","MOLEXPLORER_SELECTION_A_BF_468AA79DBEC6F723","61_SCREENSHOTS","DRIVE_VERIFIED","true","https://drive.google.com/file/d/1aBfeyuE7K8NYY3tmw_IMXct96KewO0sx/view?usp=drivesdk","Uploaded and verified by Google Drive folder readback."
"verification/selection-exhaustive/evidence/AW/AW-004-006__PASS.png","AW-004-006__PASS.png","295401","857fba85b4d3529daeb14ae93a15a51e89756db755c47fbcfe173f3ce7842a7c","MOLEXPLORER_SELECTION_A_BF_468AA79DBEC6F723","61_SCREENSHOTS","DRIVE_VERIFIED","true","https://drive.google.com/file/d/1fDXq_5cK8AeVcvNUEGeDoc63O3ZExr2f/view?usp=drivesdk","Uploaded and verified by Google Drive folder readback."
"verification/selection-exhaustive/evidence/AW/AW-004-007__EMPTY_VALID.png","AW-004-007__EMPTY_VALID.png","294106","f9d878cdecd4f67b31e4ef3d238d4ab0aca21c62bb987b4de2ee616c18b7eeff","MOLEXPLORER_SELECTION_A_BF_468AA79DBEC6F723","61_SCREENSHOTS","DRIVE_VERIFIED","true","https://drive.google.com/file/d/1hDQZjGsMlOccPf0XrJ9WuuSCYfEIdUrP/view?usp=drivesdk","Uploaded and verified by Google Drive folder readback."
"verification/selection-exhaustive/evidence/AW/AW-004-008__PASS.png","AW-004-008__PASS.png","295381","4e2117de794b25e2824e82f2168cccb5b4f5d0331ebf858947191becb9181b70","MOLEXPLORER_SELECTION_A_BF_468AA79DBEC6F723","61_SCREENSHOTS","DRIVE_VERIFIED","true","https://drive.google.com/file/d/1h-ZrQxzzsboUI61FzLTnkTn3WQTyX4qu/view?usp=drivesdk","Uploaded and verified by Google Drive folder readback."
"verification/selection-exhaustive/evidence/AW/AW-005-001__PASS.png","AW-005-001__PASS.png","295280","be9dfb6723f1968db72fbbdb357b87286b1cd183cb2b1c89b5f5229df0b3aa47","MOLEXPLORER_SELECTION_A_BF_468AA79DBEC6F723","61_SCREENSHOTS","DRIVE_VERIFIED","true","https://drive.google.com/file/d/1BNDpsm3wFpMA0tTeSR5luQFYHqqV21K6/view?usp=drivesdk","Uploaded and verified by Google Drive folder readback."
"verification/selection-exhaustive/evidence/AW/AW-005-002__PASS.png","AW-005-002__PASS.png","294966","b8aad09a674187c7e2835d534827519951678c365a9524dcd6fbebd083749b9a","MOLEXPLORER_SELECTION_A_BF_468AA79DBEC6F723","61_SCREENSHOTS","DRIVE_VERIFIED","true","https://drive.google.com/file/d/1e71kj16ESO9vBr-ogzozCPHbtP8tCX91/view?usp=drivesdk","Uploaded and verified by Google Drive folder readback."
"verification/selection-exhaustive/evidence/AW/AW-005-003__EMPTY_VALID.png","AW-005-003__EMPTY_VALID.png","294106","f9d878cdecd4f67b31e4ef3d238d4ab0aca21c62bb987b4de2ee616c18b7eeff","MOLEXPLORER_SELECTION_A_BF_468AA79DBEC6F723","61_SCREENSHOTS","DRIVE_VERIFIED","true","https://drive.google.com/file/d/1qxoJgVu4tId4-SzOi-EMTUVzmJVu5mwK/view?usp=drivesdk","Uploaded and verified by Google Drive folder readback."
"verification/selection-exhaustive/evidence/AW/AW-005-004__PASS.png","AW-005-004__PASS.png","294966","b8aad09a674187c7e2835d534827519951678c365a9524dcd6fbebd083749b9a","MOLEXPLORER_SELECTION_A_BF_468AA79DBEC6F723","61_SCREENSHOTS","DRIVE_VERIFIED","true","https://drive.google.com/file/d/1-KlMku72evlP9HxiKIRBwn7nUv934UwZ/view?usp=drivesdk","Uploaded and verified by Google Drive folder readback."
"verification/selection-exhaustive/evidence/AW/AW-005-005__PASS.png","AW-005-005__PASS.png","294941","e153fd1393d72003e3f3a4374099d36d0afc757d31864016eee0b800918233c4","MOLEXPLORER_SELECTION_A_BF_468AA79DBEC6F723","61_SCREENSHOTS","DRIVE_VERIFIED","true","https://drive.google.com/file/d/1lE-PHWU4WuXwpeI1nPI_L-JGq0CRXh7j/view?usp=drivesdk","Uploaded and verified by Google Drive folder readback."
"verification/selection-exhaustive/evidence/AW/AW-005-006__PASS.png","AW-005-006__PASS.png","295401","857fba85b4d3529daeb14ae93a15a51e89756db755c47fbcfe173f3ce7842a7c","MOLEXPLORER_SELECTION_A_BF_468AA79DBEC6F723","61_SCREENSHOTS","DRIVE_VERIFIED","true","https://drive.google.com/file/d/1qTEbHbNo1Rs8DqFJYZ04ujlyvt5UmvpX/view?usp=drivesdk","Uploaded and verified by Google Drive folder readback."
"verification/selection-exhaustive/evidence/AW/AW-005-007__EMPTY_VALID.png","AW-005-007__EMPTY_VALID.png","294106","f9d878cdecd4f67b31e4ef3d238d4ab0aca21c62bb987b4de2ee616c18b7eeff","MOLEXPLORER_SELECTION_A_BF_468AA79DBEC6F723","61_SCREENSHOTS","DRIVE_VERIFIED","true","https://drive.google.com/file/d/1sB6eyuqsXvfCA17c7aI0XCS3jHrsUddo/view?usp=drivesdk","Uploaded and verified by Google Drive folder readback."
"verification/selection-exhaustive/evidence/AW/AW-005-008__PASS.png","AW-005-008__PASS.png","295381","4e2117de794b25e2824e82f2168cccb5b4f5d0331ebf858947191becb9181b70","MOLEXPLORER_SELECTION_A_BF_468AA79DBEC6F723","61_SCREENSHOTS","DRIVE_VERIFIED","true","https://drive.google.com/file/d/1SHTI5qVoyDh5KIda2kQyFFw0SGxZrAVD/view?usp=drivesdk","Uploaded and verified by Google Drive folder readback."
"verification/selection-exhaustive/evidence/AW/AW-006-001__PASS.png","AW-006-001__PASS.png","295280","be9dfb6723f1968db72fbbdb357b87286b1cd183cb2b1c89b5f5229df0b3aa47","MOLEXPLORER_SELECTION_A_BF_468AA79DBEC6F723","61_SCREENSHOTS","DRIVE_VERIFIED","true","https://drive.google.com/file/d/1j-NY7NZk0ki-smQWlXspTeXh3YK74M7b/view?usp=drivesdk","Uploaded and verified by Google Drive folder readback."
"verification/selection-exhaustive/evidence/AW/AW-006-002__PASS.png","AW-006-002__PASS.png","294966","b8aad09a674187c7e2835d534827519951678c365a9524dcd6fbebd083749b9a","MOLEXPLORER_SELECTION_A_BF_468AA79DBEC6F723","61_SCREENSHOTS","DRIVE_VERIFIED","true","https://drive.google.com/file/d/1WVUP6wCdZpOBdmYveJ66bNAEKYIdabu4/view?usp=drivesdk","Uploaded and verified by Google Drive folder readback."
"verification/selection-exhaustive/evidence/AW/AW-006-003__EMPTY_VALID.png","AW-006-003__EMPTY_VALID.png","294106","f9d878cdecd4f67b31e4ef3d238d4ab0aca21c62bb987b4de2ee616c18b7eeff","MOLEXPLORER_SELECTION_A_BF_468AA79DBEC6F723","61_SCREENSHOTS","DRIVE_VERIFIED","true","https://drive.google.com/file/d/1eokZ0cUvTExHXAk_2p2wqteknGPPx8-r/view?usp=drivesdk","Uploaded and verified by Google Drive folder readback."
"verification/selection-exhaustive/evidence/AW/AW-006-004__PASS.png","AW-006-004__PASS.png","294966","b8aad09a674187c7e2835d534827519951678c365a9524dcd6fbebd083749b9a","MOLEXPLORER_SELECTION_A_BF_468AA79DBEC6F723","61_SCREENSHOTS","DRIVE_VERIFIED","true","https://drive.google.com/file/d/19yb93HkcUGVB0jr9qdjhGqFVwMWxvg6u/view?usp=drivesdk","Uploaded and verified by Google Drive folder readback."
"verification/selection-exhaustive/evidence/AW/AW-006-005__PASS.png","AW-006-005__PASS.png","294941","e153fd1393d72003e3f3a4374099d36d0afc757d31864016eee0b800918233c4","MOLEXPLORER_SELECTION_A_BF_468AA79DBEC6F723","61_SCREENSHOTS","DRIVE_VERIFIED","true","https://drive.google.com/file/d/1EDOwEIM2mrJnRLpOzhJ_bp-2AVoY2t4y/view?usp=drivesdk","Uploaded and verified by Google Drive folder readback."
"verification/selection-exhaustive/evidence/AW/AW-006-006__PASS.png","AW-006-006__PASS.png","295401","857fba85b4d3529daeb14ae93a15a51e89756db755c47fbcfe173f3ce7842a7c","MOLEXPLORER_SELECTION_A_BF_468AA79DBEC6F723","61_SCREENSHOTS","DRIVE_VERIFIED","true","https://drive.google.com/file/d/1t7Gxb7sqkvwgoLZg3zoj5v0lXp_kOzTr/view?usp=drivesdk","Uploaded and verified by Google Drive folder readback."
"verification/selection-exhaustive/evidence/AW/AW-006-007__EMPTY_VALID.png","AW-006-007__EMPTY_VALID.png","294106","f9d878cdecd4f67b31e4ef3d238d4ab0aca21c62bb987b4de2ee616c18b7eeff","MOLEXPLORER_SELECTION_A_BF_468AA79DBEC6F723","61_SCREENSHOTS","DRIVE_VERIFIED","true","https://drive.google.com/file/d/1FeJssqPYeGzaH3Q_vymgfIwaLIZnu1C6/view?usp=drivesdk","Uploaded and verified by Google Drive folder readback."
"verification/selection-exhaustive/evidence/AW/AW-006-008__PASS.png","AW-006-008__PASS.png","295381","4e2117de794b25e2824e82f2168cccb5b4f5d0331ebf858947191becb9181b70","MOLEXPLORER_SELECTION_A_BF_468AA79DBEC6F723","61_SCREENSHOTS","DRIVE_VERIFIED","true","https://drive.google.com/file/d/16o9KFYQ9w7U_v30QmECvXWXe9KGjZ_0L/view?usp=drivesdk","Uploaded and verified by Google Drive folder readback."
"verification/selection-exhaustive/evidence/AW/AW-007-001__PASS.png","AW-007-001__PASS.png","295280","be9dfb6723f1968db72fbbdb357b87286b1cd183cb2b1c89b5f5229df0b3aa47","MOLEXPLORER_SELECTION_A_BF_468AA79DBEC6F723","61_SCREENSHOTS","DRIVE_VERIFIED","true","https://drive.google.com/file/d/1tbVswwh1zYmlBBHgoLWvAvAGFyta7HUK/view?usp=drivesdk","Uploaded and verified by Google Drive folder readback."
"verification/selection-exhaustive/evidence/AW/AW-007-002__PASS.png","AW-007-002__PASS.png","294966","b8aad09a674187c7e2835d534827519951678c365a9524dcd6fbebd083749b9a","MOLEXPLORER_SELECTION_A_BF_468AA79DBEC6F723","61_SCREENSHOTS","DRIVE_VERIFIED","true","https://drive.google.com/file/d/1yI4oVeeV_8inOSG42dKoQ5_tupCXbh6k/view?usp=drivesdk","Uploaded and verified by Google Drive folder readback."
"verification/selection-exhaustive/evidence/AW/AW-007-003__EMPTY_VALID.png","AW-007-003__EMPTY_VALID.png","294106","f9d878cdecd4f67b31e4ef3d238d4ab0aca21c62bb987b4de2ee616c18b7eeff","MOLEXPLORER_SELECTION_A_BF_468AA79DBEC6F723","61_SCREENSHOTS","DRIVE_VERIFIED","true","https://drive.google.com/file/d/1P0OTiud-tTaYIcrKM0_zVWz10vdhl-lp/view?usp=drivesdk","Uploaded and verified by Google Drive folder readback."
"verification/selection-exhaustive/evidence/AW/AW-007-004__PASS.png","AW-007-004__PASS.png","294966","b8aad09a674187c7e2835d534827519951678c365a9524dcd6fbebd083749b9a","MOLEXPLORER_SELECTION_A_BF_468AA79DBEC6F723","61_SCREENSHOTS","DRIVE_VERIFIED","true","https://drive.google.com/file/d/1mi4g0NRdvl4o1cgc7_LC9fEp1g5Mw9JF/view?usp=drivesdk","Uploaded and verified by Google Drive folder readback."
"verification/selection-exhaustive/evidence/AW/AW-007-005__PASS.png","AW-007-005__PASS.png","294941","e153fd1393d72003e3f3a4374099d36d0afc757d31864016eee0b800918233c4","MOLEXPLORER_SELECTION_A_BF_468AA79DBEC6F723","61_SCREENSHOTS","DRIVE_VERIFIED","true","https://drive.google.com/file/d/1yrv76DOyAQsFCuHpGs8Iqtqxvjh_hiqG/view?usp=drivesdk","Uploaded and verified by Google Drive folder readback."
"verification/selection-exhaustive/evidence/AW/AW-007-006__PASS.png","AW-007-006__PASS.png","295401","857fba85b4d3529daeb14ae93a15a51e89756db755c47fbcfe173f3ce7842a7c","MOLEXPLORER_SELECTION_A_BF_468AA79DBEC6F723","61_SCREENSHOTS","DRIVE_VERIFIED","true","https://drive.google.com/file/d/1bC7RoO8Ke3yyVZqLpTMvmRNZaNg7-c-m/view?usp=drivesdk","Uploaded and verified by Google Drive folder readback."
"verification/selection-exhaustive/evidence/AW/AW-007-007__EMPTY_VALID.png","AW-007-007__EMPTY_VALID.png","294106","f9d878cdecd4f67b31e4ef3d238d4ab0aca21c62bb987b4de2ee616c18b7eeff","MOLEXPLORER_SELECTION_A_BF_468AA79DBEC6F723","61_SCREENSHOTS","DRIVE_VERIFIED","true","https://drive.google.com/file/d/1f1fpbnPHCTacjPCXokPk3NpxdsjNhdRI/view?usp=drivesdk","Uploaded and verified by Google Drive folder readback."
"verification/selection-exhaustive/evidence/AW/AW-007-008__PASS.png","AW-007-008__PASS.png","295381","4e2117de794b25e2824e82f2168cccb5b4f5d0331ebf858947191becb9181b70","MOLEXPLORER_SELECTION_A_BF_468AA79DBEC6F723","61_SCREENSHOTS","DRIVE_VERIFIED","true","https://drive.google.com/file/d/1JwB3JuIjp19W8pTy8-9O2bXh2NJfl5g1/view?usp=drivesdk","Uploaded and verified by Google Drive folder readback."
"verification/selection-exhaustive/evidence/AW/AW-008-001__PASS.png","AW-008-001__PASS.png","295280","be9dfb6723f1968db72fbbdb357b87286b1cd183cb2b1c89b5f5229df0b3aa47","MOLEXPLORER_SELECTION_A_BF_468AA79DBEC6F723","61_SCREENSHOTS","DRIVE_VERIFIED","true","https://drive.google.com/file/d/1tQnizWZEShME-nIImD_Cxz9IppWDXc0-/view?usp=drivesdk","Uploaded and verified by Google Drive folder readback."
"verification/selection-exhaustive/evidence/AW/AW-008-002__PASS.png","AW-008-002__PASS.png","294966","b8aad09a674187c7e2835d534827519951678c365a9524dcd6fbebd083749b9a","MOLEXPLORER_SELECTION_A_BF_468AA79DBEC6F723","61_SCREENSHOTS","DRIVE_VERIFIED","true","https://drive.google.com/file/d/1eJuWQGM75MSg15vQvQ5CVCEcQfCpAl0p/view?usp=drivesdk","Uploaded and verified by Google Drive folder readback."
"verification/selection-exhaustive/evidence/AW/AW-008-003__EMPTY_VALID.png","AW-008-003__EMPTY_VALID.png","294106","f9d878cdecd4f67b31e4ef3d238d4ab0aca21c62bb987b4de2ee616c18b7eeff","MOLEXPLORER_SELECTION_A_BF_468AA79DBEC6F723","61_SCREENSHOTS","DRIVE_VERIFIED","true","https://drive.google.com/file/d/12JNNaAiWWpkrVd8kV0K7wUgZnnua2Wsu/view?usp=drivesdk","Uploaded and verified by Google Drive folder readback."
"verification/selection-exhaustive/evidence/AW/AW-008-004__PASS.png","AW-008-004__PASS.png","294966","b8aad09a674187c7e2835d534827519951678c365a9524dcd6fbebd083749b9a","MOLEXPLORER_SELECTION_A_BF_468AA79DBEC6F723","61_SCREENSHOTS","DRIVE_VERIFIED","true","https://drive.google.com/file/d/17j_gW6svH3mobH-YXdY58ZS0xzhhaSD3/view?usp=drivesdk","Uploaded and verified by Google Drive folder readback."
"verification/selection-exhaustive/evidence/AW/AW-008-005__PASS.png","AW-008-005__PASS.png","294941","e153fd1393d72003e3f3a4374099d36d0afc757d31864016eee0b800918233c4","MOLEXPLORER_SELECTION_A_BF_468AA79DBEC6F723","61_SCREENSHOTS","DRIVE_VERIFIED","true","https://drive.google.com/file/d/1txqpFvHLMA3dsujUoqiD5r8oO1dawj5Z/view?usp=drivesdk","Uploaded and verified by Google Drive folder readback."
"verification/selection-exhaustive/evidence/AW/AW-008-006__PASS.png","AW-008-006__PASS.png","295401","857fba85b4d3529daeb14ae93a15a51e89756db755c47fbcfe173f3ce7842a7c","MOLEXPLORER_SELECTION_A_BF_468AA79DBEC6F723","61_SCREENSHOTS","DRIVE_VERIFIED","true","https://drive.google.com/file/d/10iZVr5gTQUOFDAy1GDlQQBFPGGisuEfv/view?usp=drivesdk","Uploaded and verified by Google Drive folder readback."
"verification/selection-exhaustive/evidence/AW/AW-008-007__EMPTY_VALID.png","AW-008-007__EMPTY_VALID.png","294106","f9d878cdecd4f67b31e4ef3d238d4ab0aca21c62bb987b4de2ee616c18b7eeff","MOLEXPLORER_SELECTION_A_BF_468AA79DBEC6F723","61_SCREENSHOTS","DRIVE_VERIFIED","true","https://drive.google.com/file/d/12Ds3AdXren4E7RvwBlkdgQ8TgochkxZu/view?usp=drivesdk","Uploaded and verified by Google Drive folder readback."
"verification/selection-exhaustive/evidence/AW/AW-008-008__PASS.png","AW-008-008__PASS.png","295381","4e2117de794b25e2824e82f2168cccb5b4f5d0331ebf858947191becb9181b70","MOLEXPLORER_SELECTION_A_BF_468AA79DBEC6F723","61_SCREENSHOTS","DRIVE_VERIFIED","true","https://drive.google.com/file/d/1WzNGBA_n8kpyaXFZAqJ8YN7om3TJhd-V/view?usp=drivesdk","Uploaded and verified by Google Drive folder readback."
"verification/selection-exhaustive/evidence/AW/AW-009-001__PASS.png","AW-009-001__PASS.png","295280","be9dfb6723f1968db72fbbdb357b87286b1cd183cb2b1c89b5f5229df0b3aa47","MOLEXPLORER_SELECTION_A_BF_468AA79DBEC6F723","61_SCREENSHOTS","DRIVE_VERIFIED","true","https://drive.google.com/file/d/1Pfyy4A3jVi9rimQKaiKYurKqpewVT7nH/view?usp=drivesdk","Uploaded and verified by Google Drive folder readback."
"verification/selection-exhaustive/evidence/AW/AW-009-002__PASS.png","AW-009-002__PASS.png","294966","b8aad09a674187c7e2835d534827519951678c365a9524dcd6fbebd083749b9a","MOLEXPLORER_SELECTION_A_BF_468AA79DBEC6F723","61_SCREENSHOTS","DRIVE_VERIFIED","true","https://drive.google.com/file/d/1JyyVi_5_ouKLbk2etdKYLEbpStgWHbxr/view?usp=drivesdk","Uploaded and verified by Google Drive folder readback."
"verification/selection-exhaustive/evidence/AW/AW-009-003__EMPTY_VALID.png","AW-009-003__EMPTY_VALID.png","294106","f9d878cdecd4f67b31e4ef3d238d4ab0aca21c62bb987b4de2ee616c18b7eeff","MOLEXPLORER_SELECTION_A_BF_468AA79DBEC6F723","61_SCREENSHOTS","DRIVE_VERIFIED","true","https://drive.google.com/file/d/1bK-LlIK8bg0N6InE1JnHzPhTsHPTeeyX/view?usp=drivesdk","Uploaded and verified by Google Drive folder readback."
"verification/selection-exhaustive/evidence/AW/AW-009-004__PASS.png","AW-009-004__PASS.png","294966","b8aad09a674187c7e2835d534827519951678c365a9524dcd6fbebd083749b9a","MOLEXPLORER_SELECTION_A_BF_468AA79DBEC6F723","61_SCREENSHOTS","DRIVE_VERIFIED","true","https://drive.google.com/file/d/1QRbpIxRNZMkDIN3nMN3sLE8g6b7DTbcb/view?usp=drivesdk","Uploaded and verified by Google Drive folder readback."
"verification/selection-exhaustive/evidence/AW/AW-009-005__PASS.png","AW-009-005__PASS.png","294941","e153fd1393d72003e3f3a4374099d36d0afc757d31864016eee0b800918233c4","MOLEXPLORER_SELECTION_A_BF_468AA79DBEC6F723","61_SCREENSHOTS","DRIVE_VERIFIED","true","https://drive.google.com/file/d/1nN9CnVyIawzxlY8HC04eIxk5oK7WnD3e/view?usp=drivesdk","Uploaded and verified by Google Drive folder readback."
"verification/selection-exhaustive/evidence/AW/AW-009-006__PASS.png","AW-009-006__PASS.png","295401","857fba85b4d3529daeb14ae93a15a51e89756db755c47fbcfe173f3ce7842a7c","MOLEXPLORER_SELECTION_A_BF_468AA79DBEC6F723","61_SCREENSHOTS","DRIVE_VERIFIED","true","https://drive.google.com/file/d/1Kp-tlIK-_gHbjEd1bdcPAdeeMkcUjr-u/view?usp=drivesdk","Uploaded and verified by Google Drive folder readback."
"verification/selection-exhaustive/evidence/AW/AW-009-007__EMPTY_VALID.png","AW-009-007__EMPTY_VALID.png","294106","f9d878cdecd4f67b31e4ef3d238d4ab0aca21c62bb987b4de2ee616c18b7eeff","MOLEXPLORER_SELECTION_A_BF_468AA79DBEC6F723","61_SCREENSHOTS","DRIVE_VERIFIED","true","https://drive.google.com/file/d/1R-RoOEokkvcjDN1snKUOWyDSOWUAdc8R/view?usp=drivesdk","Uploaded and verified by Google Drive folder readback."
"verification/selection-exhaustive/evidence/AW/AW-009-008__PASS.png","AW-009-008__PASS.png","295381","4e2117de794b25e2824e82f2168cccb5b4f5d0331ebf858947191becb9181b70","MOLEXPLORER_SELECTION_A_BF_468AA79DBEC6F723","61_SCREENSHOTS","DRIVE_VERIFIED","true","https://drive.google.com/file/d/1L1zgyXohumgSzZ8YK6JO24I2ANWfkXln/view?usp=drivesdk","Uploaded and verified by Google Drive folder readback."
"verification/selection-exhaustive/evidence/AW/AW-010-001__PASS.png","AW-010-001__PASS.png","295280","be9dfb6723f1968db72fbbdb357b87286b1cd183cb2b1c89b5f5229df0b3aa47","MOLEXPLORER_SELECTION_A_BF_468AA79DBEC6F723","61_SCREENSHOTS","DRIVE_VERIFIED","true","https://drive.google.com/file/d/1Phj3LO_cjRSEt8A_3DvSi6B7YF3PujG8/view?usp=drivesdk","Uploaded and verified by Google Drive folder readback."
"verification/selection-exhaustive/evidence/AW/AW-010-002__PASS.png","AW-010-002__PASS.png","294966","b8aad09a674187c7e2835d534827519951678c365a9524dcd6fbebd083749b9a","MOLEXPLORER_SELECTION_A_BF_468AA79DBEC6F723","61_SCREENSHOTS","DRIVE_VERIFIED","true","https://drive.google.com/file/d/1P9dQtymsJgGgtDqo90H7T-MU1muzPNX0/view?usp=drivesdk","Uploaded and verified by Google Drive folder readback."
"verification/selection-exhaustive/evidence/AW/AW-010-003__EMPTY_VALID.png","AW-010-003__EMPTY_VALID.png","294106","f9d878cdecd4f67b31e4ef3d238d4ab0aca21c62bb987b4de2ee616c18b7eeff","MOLEXPLORER_SELECTION_A_BF_468AA79DBEC6F723","61_SCREENSHOTS","DRIVE_VERIFIED","true","https://drive.google.com/file/d/10Sj2jc3M_UBttERG_cmJ6YEKG-_8F0oy/view?usp=drivesdk","Uploaded and verified by Google Drive folder readback."
"verification/selection-exhaustive/evidence/AW/AW-010-004__PASS.png","AW-010-004__PASS.png","294966","b8aad09a674187c7e2835d534827519951678c365a9524dcd6fbebd083749b9a","MOLEXPLORER_SELECTION_A_BF_468AA79DBEC6F723","61_SCREENSHOTS","DRIVE_VERIFIED","true","https://drive.google.com/file/d/1JrgDQ6JCpWtuPdVhRlSWSgkLSgWgEMwP/view?usp=drivesdk","Uploaded and verified by Google Drive folder readback."
"verification/selection-exhaustive/evidence/AW/AW-010-005__PASS.png","AW-010-005__PASS.png","294941","e153fd1393d72003e3f3a4374099d36d0afc757d31864016eee0b800918233c4","MOLEXPLORER_SELECTION_A_BF_468AA79DBEC6F723","61_SCREENSHOTS","DRIVE_VERIFIED","true","https://drive.google.com/file/d/12dt8AHuQt-Vqm6e9l-RlOnudfG9bhZiY/view?usp=drivesdk","Uploaded and verified by Google Drive folder readback."
"verification/selection-exhaustive/evidence/AW/AW-010-006__PASS.png","AW-010-006__PASS.png","295401","857fba85b4d3529daeb14ae93a15a51e89756db755c47fbcfe173f3ce7842a7c","MOLEXPLORER_SELECTION_A_BF_468AA79DBEC6F723","61_SCREENSHOTS","DRIVE_VERIFIED","true","https://drive.google.com/file/d/1kaQPfWQPO1sdhI8M1oATGztOdoUqC3tL/view?usp=drivesdk","Uploaded and verified by Google Drive folder readback."
"verification/selection-exhaustive/evidence/AW/AW-010-007__EMPTY_VALID.png","AW-010-007__EMPTY_VALID.png","294106","f9d878cdecd4f67b31e4ef3d238d4ab0aca21c62bb987b4de2ee616c18b7eeff","MOLEXPLORER_SELECTION_A_BF_468AA79DBEC6F723","61_SCREENSHOTS","DRIVE_VERIFIED","true","https://drive.google.com/file/d/1PAuwQujDb7FdV-Ag4AsaCqvBgXSXL33k/view?usp=drivesdk","Uploaded and verified by Google Drive folder readback."
"verification/selection-exhaustive/evidence/AW/AW-010-008__PASS.png","AW-010-008__PASS.png","295381","4e2117de794b25e2824e82f2168cccb5b4f5d0331ebf858947191becb9181b70","MOLEXPLORER_SELECTION_A_BF_468AA79DBEC6F723","61_SCREENSHOTS","DRIVE_VERIFIED","true","https://drive.google.com/file/d/18DU8BA-UmeRRkELZGZjihdEMzEbdXwSG/view?usp=drivesdk","Uploaded and verified by Google Drive folder readback."
"verification/selection-exhaustive/evidence/AX/AX-001__PASS.png","AX-001__PASS.png","294546","02044aa8028f814b28f69c6a0fa7cc169babf11bd4a18e4f483c1d76a93eb4ed","MOLEXPLORER_SELECTION_A_BF_468AA79DBEC6F723","61_SCREENSHOTS","DRIVE_VERIFIED","true","https://drive.google.com/file/d/1Vh6-KhExRI6EfO1befkJrktV7zVW-sIE/view?usp=drivesdk","Uploaded and verified by Google Drive folder readback."
"verification/selection-exhaustive/evidence/AX/AX-002__PASS.png","AX-002__PASS.png","294913","3069d7c59372163fc22448ffe8ceaf14bbe121e27715c58e8b50e619baf0c720","MOLEXPLORER_SELECTION_A_BF_468AA79DBEC6F723","61_SCREENSHOTS","DRIVE_VERIFIED","true","https://drive.google.com/file/d/1HKps5V_dYChcODfL8xjs0oB1avfePreQ/view?usp=drivesdk","Uploaded and verified by Google Drive folder readback."
"verification/selection-exhaustive/evidence/AX/AX-003__PASS.png","AX-003__PASS.png","293801","5c1e99eb72092f327955999f3c0371594736aeea7c200faebe40a661622b6628","MOLEXPLORER_SELECTION_A_BF_468AA79DBEC6F723","61_SCREENSHOTS","DRIVE_VERIFIED","true","https://drive.google.com/file/d/1mmqhEzWkrnpnSFvwcKtIp_b4gbmVdzO2/view?usp=drivesdk","Uploaded and verified by Google Drive folder readback."
"verification/selection-exhaustive/evidence/AY/AY-001__PASS.png","AY-001__PASS.png","293801","5c1e99eb72092f327955999f3c0371594736aeea7c200faebe40a661622b6628","MOLEXPLORER_SELECTION_A_BF_468AA79DBEC6F723","61_SCREENSHOTS","DRIVE_VERIFIED","true","https://drive.google.com/file/d/1nS97l1kq6MTIFeGY8-7375bTfm5yxODv/view?usp=drivesdk","Uploaded and verified by Google Drive folder readback."
"verification/selection-exhaustive/evidence/AZ/AZ-001__PASS.png","AZ-001__PASS.png","293893","e8816480aaabf6614a22c782199cd5c0549efaa9f515c792e580ebfb38f32981","MOLEXPLORER_SELECTION_A_BF_468AA79DBEC6F723","61_SCREENSHOTS","DRIVE_VERIFIED","true","https://drive.google.com/file/d/1z0WsHr-p0-N_yIN27IyNnJd3bZQSGowO/view?usp=drivesdk","Uploaded and verified by Google Drive folder readback."
"verification/selection-exhaustive/evidence/AZ/AZ-002__PASS.png","AZ-002__PASS.png","293884","21791e8a9cc14732ed3408e3e41c9541c7ce0d581e88635a9459c996feb703e8","MOLEXPLORER_SELECTION_A_BF_468AA79DBEC6F723","61_SCREENSHOTS","DRIVE_VERIFIED","true","https://drive.google.com/file/d/1DCEnEP_08Q3bM6oEulWaYFbw05co_1LB/view?usp=drivesdk","Uploaded and verified by Google Drive folder readback."
"verification/selection-exhaustive/evidence/AZ/AZ-003__PASS.png","AZ-003__PASS.png","294127","b4d35abbd4f08bd850b0dcc2557701bf2648674aa21f87198a70c4120a34f119","MOLEXPLORER_SELECTION_A_BF_468AA79DBEC6F723","61_SCREENSHOTS","DRIVE_VERIFIED","true","https://drive.google.com/file/d/11kpMAZti1YLzwteWz1a3z_2sDSGX3fn4/view?usp=drivesdk","Uploaded and verified by Google Drive folder readback."
"verification/selection-exhaustive/evidence/A/A-001__PASS.png","A-001__PASS.png","359153","114f424d9950569e0ae8d9e982d6f815413cd89586161ae042e4833180156e0a","MOLEXPLORER_SELECTION_A_BF_468AA79DBEC6F723","61_SCREENSHOTS","DRIVE_VERIFIED","true","https://drive.google.com/file/d/1rrhI5-186aNjKfVSYHsafLm-GrYiCqg8/view?usp=drivesdk","Uploaded and verified by Google Drive folder readback."
"verification/selection-exhaustive/evidence/A/A-002__EMPTY_VALID.png","A-002__EMPTY_VALID.png","312738","05d633d95b53bbb254f0751f51f0078376baff32cb79cb4f9eb40dd24756b900","MOLEXPLORER_SELECTION_A_BF_468AA79DBEC6F723","61_SCREENSHOTS","DRIVE_VERIFIED","true","https://drive.google.com/file/d/1In8fsU2nbWNuo8RNLRYAoI9JjEmTQPyA/view?usp=drivesdk","Uploaded and verified by Google Drive folder readback."
"verification/selection-exhaustive/evidence/A/A-003__PASS.png","A-003__PASS.png","328850","0c690cc78367935619e4b6f5c13d1379d0d9dd07634c8e90bfa71179df91e934","MOLEXPLORER_SELECTION_A_BF_468AA79DBEC6F723","61_SCREENSHOTS","DRIVE_VERIFIED","true","https://drive.google.com/file/d/16DLyvOzF4JlG_ndAc5e2OGs9_uIFjEVG/view?usp=drivesdk","Uploaded and verified by Google Drive folder readback."
"verification/selection-exhaustive/evidence/A/A-004__PASS.png","A-004__PASS.png","328149","e927e95cbcfcc6e2b934577c0b83fade27ac7c721c33fb6bb703dcabccf84cac","MOLEXPLORER_SELECTION_A_BF_468AA79DBEC6F723","61_SCREENSHOTS","DRIVE_VERIFIED","true","https://drive.google.com/file/d/1KHrLWFMoca0lGrV80olazdEMnSvJXP31/view?usp=drivesdk","Uploaded and verified by Google Drive folder readback."
"verification/selection-exhaustive/evidence/A/A-005__PASS.png","A-005__PASS.png","319538","e1a28515f4920403d98329c43eea74bb3bb118a637b78a6609c9ac66d55130f6","MOLEXPLORER_SELECTION_A_BF_468AA79DBEC6F723","61_SCREENSHOTS","DRIVE_VERIFIED","true","https://drive.google.com/file/d/1-3SpAHjSxmd8IZnJDs6wGMjpIQyKhkEA/view?usp=drivesdk","Uploaded and verified by Google Drive folder readback."
"verification/selection-exhaustive/evidence/A/A-006__PASS.png","A-006__PASS.png","309186","a19f499b77098586e0dc680b1b18e86b6172f2087e7e19e49a86f319ea8eee20","MOLEXPLORER_SELECTION_A_BF_468AA79DBEC6F723","61_SCREENSHOTS","DRIVE_VERIFIED","true","https://drive.google.com/file/d/1DzuFCy9UpRibgrqAkN6sQWE1LDXiwpOa/view?usp=drivesdk","Uploaded and verified by Google Drive folder readback."
"verification/selection-exhaustive/evidence/A/A-007__PASS.png","A-007__PASS.png","309122","dd1a9c2212b82208b657f89e8f31fea38bf0d8c57a6565ce28f0b436aad86553","MOLEXPLORER_SELECTION_A_BF_468AA79DBEC6F723","61_SCREENSHOTS","DRIVE_VERIFIED","true","https://drive.google.com/file/d/1kVJ0blePJHiU8XqDZqeniYJyjaSvr8P5/view?usp=drivesdk","Uploaded and verified by Google Drive folder readback."
"verification/selection-exhaustive/evidence/A/A-008__IMPLEMENTED_WITH_LIMITATION.png","A-008__IMPLEMENTED_WITH_LIMITATION.png","309122","dd1a9c2212b82208b657f89e8f31fea38bf0d8c57a6565ce28f0b436aad86553","MOLEXPLORER_SELECTION_A_BF_468AA79DBEC6F723","61_SCREENSHOTS","DRIVE_VERIFIED","true","https://drive.google.com/file/d/1E8EY4kew1cTc0JCA0m0JLGuyufw7KPvj/view?usp=drivesdk","Uploaded and verified by Google Drive folder readback."
"verification/selection-exhaustive/evidence/A/A-009__PASS.png","A-009__PASS.png","302709","1a23c11a39ce7ede935155926c95aff53715def0215d9f61ef4ab5b151619f2f","MOLEXPLORER_SELECTION_A_BF_468AA79DBEC6F723","61_SCREENSHOTS","DRIVE_VERIFIED","true","https://drive.google.com/file/d/15lHxZ6DCUoRAonkujQpsTG4sZj5D95sK/view?usp=drivesdk","Uploaded and verified by Google Drive folder readback."
"verification/selection-exhaustive/evidence/A/A-010__PASS.png","A-010__PASS.png","315799","8d15d4e635300f32f9e756338dc70db22e2b680f9aff91e58e3d3defb462ce4f","MOLEXPLORER_SELECTION_A_BF_468AA79DBEC6F723","61_SCREENSHOTS","DRIVE_VERIFIED","true","https://drive.google.com/file/d/1dECKj59S-wF9o1zhcn2XvjRlSGxTLaOm/view?usp=drivesdk","Uploaded and verified by Google Drive folder readback."
"verification/selection-exhaustive/evidence/A/A-011__PASS.png","A-011__PASS.png","310488","8449993efc8fb03ba189f407a7a6415aee16cb8cfcff28534ce04b38325d639d","MOLEXPLORER_SELECTION_A_BF_468AA79DBEC6F723","61_SCREENSHOTS","DRIVE_VERIFIED","true","https://drive.google.com/file/d/1ZZDFCO_KvgXt2JBEOVS8k5QtYK5-1AQP/view?usp=drivesdk","Uploaded and verified by Google Drive folder readback."
"verification/selection-exhaustive/evidence/A/A-012__PASS.png","A-012__PASS.png","315602","712b2e846ebf7bdcf2a12af2feb2756a0202acf7c26cc8618cd15d25c8421094","MOLEXPLORER_SELECTION_A_BF_468AA79DBEC6F723","61_SCREENSHOTS","DRIVE_VERIFIED","true","https://drive.google.com/file/d/1nB2-sudSPCQGMzq6GLG9_96TJD9juPY-/view?usp=drivesdk","Uploaded and verified by Google Drive folder readback."
"verification/selection-exhaustive/evidence/A/A-013__EMPTY_VALID.png","A-013__EMPTY_VALID.png","302349","0bd97e755cc99ec3de7ff9b90692501a83fa0f9238c66ec0da26d0f0f350a007","MOLEXPLORER_SELECTION_A_BF_468AA79DBEC6F723","61_SCREENSHOTS","DRIVE_VERIFIED","true","https://drive.google.com/file/d/1p8pgYbAIE_MiDY-0pWgDSSMYJXaEhsIZ/view?usp=drivesdk","Uploaded and verified by Google Drive folder readback."
"verification/selection-exhaustive/evidence/A/A-014__PASS.png","A-014__PASS.png","319725","a36cc9b2278bf7fcd31274ffe8a7ec891ceca40533b98bf875fffc5f5e770369","MOLEXPLORER_SELECTION_A_BF_468AA79DBEC6F723","61_SCREENSHOTS","DRIVE_VERIFIED","true","https://drive.google.com/file/d/1n-DlzVwbjEKs06qxxYmNtB6pYYTb1pIO/view?usp=drivesdk","Uploaded and verified by Google Drive folder readback."
"verification/selection-exhaustive/evidence/A/A-015__PASS.png","A-015__PASS.png","308969","5e34b7eaae699511d03ae30cb0d249b96dab79b680b6c5275925a80b5f91be4e","MOLEXPLORER_SELECTION_A_BF_468AA79DBEC6F723","61_SCREENSHOTS","DRIVE_VERIFIED","true","https://drive.google.com/file/d/1sDgjeOx4vn4SYE-khcgyVMRjlxsqK4qk/view?usp=drivesdk","Uploaded and verified by Google Drive folder readback."
"verification/selection-exhaustive/evidence/A/A-016__EMPTY_VALID.png","A-016__EMPTY_VALID.png","301815","eafa7ff99d25cbf46160588b97129467ca22a8dace5e585d1124091cbe53930c","MOLEXPLORER_SELECTION_A_BF_468AA79DBEC6F723","61_SCREENSHOTS","DRIVE_VERIFIED","true","https://drive.google.com/file/d/1waquA85xmKqxcE5uByVlhlvVv0OSL6mt/view?usp=drivesdk","Uploaded and verified by Google Drive folder readback."
"verification/selection-exhaustive/evidence/A/A-017__PASS.png","A-017__PASS.png","301853","64e759b2cc29d16a7d494be6aa5b3e9e8daf014c4d62bbf73771c079d2d90981","MOLEXPLORER_SELECTION_A_BF_468AA79DBEC6F723","61_SCREENSHOTS","DRIVE_VERIFIED","true","https://drive.google.com/file/d/1FCrbpPmg1P7PwNmiiIYjt0um9vDgaOqt/view?usp=drivesdk","Uploaded and verified by Google Drive folder readback."
"verification/selection-exhaustive/evidence/A/A-018__PASS.png","A-018__PASS.png","308141","94b7ab3d8f94d3425b1ecd18187fd2c2415d97628e2dcf3e69600ebbb904cf01","MOLEXPLORER_SELECTION_A_BF_468AA79DBEC6F723","61_SCREENSHOTS","DRIVE_VERIFIED","true","https://drive.google.com/file/d/104kC-B5g283u3ksLDkojkhJ_kV5d-wI1/view?usp=drivesdk","Uploaded and verified by Google Drive folder readback."
"verification/selection-exhaustive/evidence/A/A-019__PASS.png","A-019__PASS.png","323031","3a3c94403f64a936e0a0350441fe5cad6a33be3dd779a279c33c38dfcf0a29cd","MOLEXPLORER_SELECTION_A_BF_468AA79DBEC6F723","61_SCREENSHOTS","DRIVE_VERIFIED","true","https://drive.google.com/file/d/1dwRdVAi5dlENgY5U5ZR5cStfxUtkt-zw/view?usp=drivesdk","Uploaded and verified by Google Drive folder readback."
"verification/selection-exhaustive/evidence/A/A-020__PASS.png","A-020__PASS.png","311043","b6b28e81057bd0152d906703c9b2eafe66dcf6795a9d926ec9302956c3117bb6","MOLEXPLORER_SELECTION_A_BF_468AA79DBEC6F723","61_SCREENSHOTS","DRIVE_VERIFIED","true","https://drive.google.com/file/d/1oZpqtNZwRkmzR0AJRJOenx9tkBVjPAzL/view?usp=drivesdk","Uploaded and verified by Google Drive folder readback."
"verification/selection-exhaustive/evidence/BA/BA-001__EMPTY_VALID.png","BA-001__EMPTY_VALID.png","296468","98a67a1bd6b01dabb68cf68781284d7d40973408703ffbd12528d85536b02cec","MOLEXPLORER_SELECTION_A_BF_468AA79DBEC6F723","61_SCREENSHOTS","DRIVE_VERIFIED","true","https://drive.google.com/file/d/1SV0r9d4nElBS89XTaYlu_ZsD70zzEZ8_/view?usp=drivesdk","Uploaded and verified by Google Drive folder readback."
"verification/selection-exhaustive/evidence/BA/BA-002__INVALID_EXPECTED.png","BA-002__INVALID_EXPECTED.png","296491","58965fe5a32b3fab3b3cc677f09ad264a4f766e092bec373eb2b4802fee764d8","MOLEXPLORER_SELECTION_A_BF_468AA79DBEC6F723","61_SCREENSHOTS","DRIVE_VERIFIED","true","https://drive.google.com/file/d/1RAQ1UWGuA2Bmy_xL0sAEyPSemSzCSSR8/view?usp=drivesdk","Uploaded and verified by Google Drive folder readback."
"verification/selection-exhaustive/evidence/BA/BA-003__INVALID_EXPECTED.png","BA-003__INVALID_EXPECTED.png","296491","58965fe5a32b3fab3b3cc677f09ad264a4f766e092bec373eb2b4802fee764d8","MOLEXPLORER_SELECTION_A_BF_468AA79DBEC6F723","61_SCREENSHOTS","DRIVE_VERIFIED","true","https://drive.google.com/file/d/1ATXHLKZij0hY895R--o9jcNxeQR-Hp5a/view?usp=drivesdk","Uploaded and verified by Google Drive folder readback."
"verification/selection-exhaustive/evidence/BA/BA-004__PASS.png","BA-004__PASS.png","296468","98a67a1bd6b01dabb68cf68781284d7d40973408703ffbd12528d85536b02cec","MOLEXPLORER_SELECTION_A_BF_468AA79DBEC6F723","61_SCREENSHOTS","DRIVE_VERIFIED","true","https://drive.google.com/file/d/1Llfe1iTfHjli_jCZwsg86oIe-4Fky3Zv/view?usp=drivesdk","Uploaded and verified by Google Drive folder readback."
"verification/selection-exhaustive/evidence/BA/BA-005__PASS.png","BA-005__PASS.png","296468","98a67a1bd6b01dabb68cf68781284d7d40973408703ffbd12528d85536b02cec","MOLEXPLORER_SELECTION_A_BF_468AA79DBEC6F723","61_SCREENSHOTS","DRIVE_VERIFIED","true","https://drive.google.com/file/d/1G-5KJOn2wdTnr7y7EtmvfcwamWS1j4fb/view?usp=drivesdk","Uploaded and verified by Google Drive folder readback."
"verification/selection-exhaustive/evidence/BA/BA-006__PASS.png","BA-006__PASS.png","296468","98a67a1bd6b01dabb68cf68781284d7d40973408703ffbd12528d85536b02cec","MOLEXPLORER_SELECTION_A_BF_468AA79DBEC6F723","61_SCREENSHOTS","DRIVE_VERIFIED","true","https://drive.google.com/file/d/140J17sr1uiYU8Jg1CCzMaPWab0Rmwcs6/view?usp=drivesdk","Uploaded and verified by Google Drive folder readback."
"verification/selection-exhaustive/evidence/BA/BA-007__INVALID_EXPECTED.png","BA-007__INVALID_EXPECTED.png","296491","58965fe5a32b3fab3b3cc677f09ad264a4f766e092bec373eb2b4802fee764d8","MOLEXPLORER_SELECTION_A_BF_468AA79DBEC6F723","61_SCREENSHOTS","DRIVE_VERIFIED","true","https://drive.google.com/file/d/1lpBF0AXLyVLHGyCXzAZZQMGIIP91TUet/view?usp=drivesdk","Uploaded and verified by Google Drive folder readback."
"verification/selection-exhaustive/evidence/BA/BA-008__INVALID_EXPECTED.png","BA-008__INVALID_EXPECTED.png","296491","58965fe5a32b3fab3b3cc677f09ad264a4f766e092bec373eb2b4802fee764d8","MOLEXPLORER_SELECTION_A_BF_468AA79DBEC6F723","61_SCREENSHOTS","DRIVE_VERIFIED","true","https://drive.google.com/file/d/1AUY_KoRS21H8swE9DSN70tmAJ1tKaSPa/view?usp=drivesdk","Uploaded and verified by Google Drive folder readback."
"verification/selection-exhaustive/evidence/BA/BA-009__INVALID_EXPECTED.png","BA-009__INVALID_EXPECTED.png","296491","58965fe5a32b3fab3b3cc677f09ad264a4f766e092bec373eb2b4802fee764d8","MOLEXPLORER_SELECTION_A_BF_468AA79DBEC6F723","61_SCREENSHOTS","DRIVE_VERIFIED","true","https://drive.google.com/file/d/1DtIuLnYyLKvYX0kWOjH0yriSeiTh8Vbn/view?usp=drivesdk","Uploaded and verified by Google Drive folder readback."
"verification/selection-exhaustive/evidence/BB/BB-001__EMPTY_VALID.png","BB-001__EMPTY_VALID.png","296468","98a67a1bd6b01dabb68cf68781284d7d40973408703ffbd12528d85536b02cec","MOLEXPLORER_SELECTION_A_BF_468AA79DBEC6F723","61_SCREENSHOTS","DRIVE_VERIFIED","true","https://drive.google.com/file/d/1A7Kx1TSl19MyqJHbGRXpvNiMGwygvvxV/view?usp=drivesdk","Uploaded and verified by Google Drive folder readback."
"verification/selection-exhaustive/evidence/BB/BB-002__PASS.png","BB-002__PASS.png","296468","98a67a1bd6b01dabb68cf68781284d7d40973408703ffbd12528d85536b02cec","MOLEXPLORER_SELECTION_A_BF_468AA79DBEC6F723","61_SCREENSHOTS","DRIVE_VERIFIED","true","https://drive.google.com/file/d/1CUd7msa2ETYkZ_Ypom5xrKUnTUV5KlI4/view?usp=drivesdk","Uploaded and verified by Google Drive folder readback."
"verification/selection-exhaustive/evidence/BB/BB-003__PASS.png","BB-003__PASS.png","296468","98a67a1bd6b01dabb68cf68781284d7d40973408703ffbd12528d85536b02cec","MOLEXPLORER_SELECTION_A_BF_468AA79DBEC6F723","61_SCREENSHOTS","DRIVE_VERIFIED","true","https://drive.google.com/file/d/1OoDIZj8NlCid9FutjpsRf1JsjaXAf2jR/view?usp=drivesdk","Uploaded and verified by Google Drive folder readback."
"verification/selection-exhaustive/evidence/BB/BB-004__PASS.png","BB-004__PASS.png","296468","98a67a1bd6b01dabb68cf68781284d7d40973408703ffbd12528d85536b02cec","MOLEXPLORER_SELECTION_A_BF_468AA79DBEC6F723","61_SCREENSHOTS","DRIVE_VERIFIED","true","https://drive.google.com/file/d/177H0Ua_H-hRyUzg677f8-0F33AFm130W/view?usp=drivesdk","Uploaded and verified by Google Drive folder readback."
"verification/selection-exhaustive/evidence/BB/BB-005__PASS.png","BB-005__PASS.png","296468","98a67a1bd6b01dabb68cf68781284d7d40973408703ffbd12528d85536b02cec","MOLEXPLORER_SELECTION_A_BF_468AA79DBEC6F723","61_SCREENSHOTS","DRIVE_VERIFIED","true","https://drive.google.com/file/d/1t7aHIECU08ZCbStcNZUCwXmNlGYcnCA7/view?usp=drivesdk","Uploaded and verified by Google Drive folder readback."
"verification/selection-exhaustive/evidence/BB/BB-006__PASS.png","BB-006__PASS.png","296468","98a67a1bd6b01dabb68cf68781284d7d40973408703ffbd12528d85536b02cec","MOLEXPLORER_SELECTION_A_BF_468AA79DBEC6F723","61_SCREENSHOTS","DRIVE_VERIFIED","true","https://drive.google.com/file/d/1Rx1QwC5zElSOo6oNklZjJnhrDu5okkZy/view?usp=drivesdk","Uploaded and verified by Google Drive folder readback."
"verification/selection-exhaustive/evidence/BB/BB-007__PASS.png","BB-007__PASS.png","296468","98a67a1bd6b01dabb68cf68781284d7d40973408703ffbd12528d85536b02cec","MOLEXPLORER_SELECTION_A_BF_468AA79DBEC6F723","61_SCREENSHOTS","DRIVE_VERIFIED","true","https://drive.google.com/file/d/1yrilP1dMvdpUEQCuRav1MkMpGb_JP6NC/view?usp=drivesdk","Uploaded and verified by Google Drive folder readback."
"verification/selection-exhaustive/evidence/BB/BB-008__PASS.png","BB-008__PASS.png","296468","98a67a1bd6b01dabb68cf68781284d7d40973408703ffbd12528d85536b02cec","MOLEXPLORER_SELECTION_A_BF_468AA79DBEC6F723","61_SCREENSHOTS","DRIVE_VERIFIED","true","https://drive.google.com/file/d/1tOr0lVnfX24TDs-m9_s1T6Kx3kqcGIov/view?usp=drivesdk","Uploaded and verified by Google Drive folder readback."
"verification/selection-exhaustive/evidence/BC/BC-001__PASS.png","BC-001__PASS.png","299896","4222977c18f56ba5663f221070bcca1f0c4d32b915e13303e704cd432cf1c877","MOLEXPLORER_SELECTION_A_BF_468AA79DBEC6F723","61_SCREENSHOTS","DRIVE_VERIFIED","true","https://drive.google.com/file/d/1Xa2EBpGt1NEOECNmFTtziWb6kE0m6Gtw/view?usp=drivesdk","Uploaded and verified by Google Drive folder readback."
"verification/selection-exhaustive/evidence/BC/BC-002__PASS.png","BC-002__PASS.png","297900","00c4ef8b12134c25238340b6e2b13b728720e2dcf6b85db34bf1ef0bf9a03fc0","MOLEXPLORER_SELECTION_A_BF_468AA79DBEC6F723","61_SCREENSHOTS","DRIVE_VERIFIED","true","https://drive.google.com/file/d/1tJwpoTss6H3rknUPTblbfvCQW5GVe6d3/view?usp=drivesdk","Uploaded and verified by Google Drive folder readback."
"verification/selection-exhaustive/evidence/BC/BC-003__PASS.png","BC-003__PASS.png","297870","275f17f6c2ab4dc3b03a4dc21876e35f22e9b224c100f3691ab3b6d901d96347","MOLEXPLORER_SELECTION_A_BF_468AA79DBEC6F723","61_SCREENSHOTS","DRIVE_VERIFIED","true","https://drive.google.com/file/d/1WUboBtW9XDvDeeNC5C9uKQrXcV3t9Uvd/view?usp=drivesdk","Uploaded and verified by Google Drive folder readback."
"verification/selection-exhaustive/evidence/BC/BC-004__PASS.png","BC-004__PASS.png","298069","ff6f564c1ff268ee37a9fad37425fd050018567ebb9bf992a560758bd9c2bae7","MOLEXPLORER_SELECTION_A_BF_468AA79DBEC6F723","61_SCREENSHOTS","DRIVE_VERIFIED","true","https://drive.google.com/file/d/1hz9iI_mAj-1leWpCfZrfilHf7miieXuu/view?usp=drivesdk","Uploaded and verified by Google Drive folder readback."
"verification/selection-exhaustive/evidence/BC/BC-005__PASS.png","BC-005__PASS.png","298069","ff6f564c1ff268ee37a9fad37425fd050018567ebb9bf992a560758bd9c2bae7","MOLEXPLORER_SELECTION_A_BF_468AA79DBEC6F723","61_SCREENSHOTS","DRIVE_VERIFIED","true","https://drive.google.com/file/d/1EDQtT9jQxV-nbu_Cual5lruB-yvpwYpx/view?usp=drivesdk","Uploaded and verified by Google Drive folder readback."
"verification/selection-exhaustive/evidence/BC/BC-006__PASS.png","BC-006__PASS.png","297870","275f17f6c2ab4dc3b03a4dc21876e35f22e9b224c100f3691ab3b6d901d96347","MOLEXPLORER_SELECTION_A_BF_468AA79DBEC6F723","61_SCREENSHOTS","DRIVE_VERIFIED","true","https://drive.google.com/file/d/134_JZbuz4peHz-s2uYzlMASLW5HdwpZZ/view?usp=drivesdk","Uploaded and verified by Google Drive folder readback."
"verification/selection-exhaustive/evidence/BC/BC-007__PASS.png","BC-007__PASS.png","297870","275f17f6c2ab4dc3b03a4dc21876e35f22e9b224c100f3691ab3b6d901d96347","MOLEXPLORER_SELECTION_A_BF_468AA79DBEC6F723","61_SCREENSHOTS","DRIVE_VERIFIED","true","https://drive.google.com/file/d/10sLHySXlhvR0G_xDnNjJ7Zrn__j82ctA/view?usp=drivesdk","Uploaded and verified by Google Drive folder readback."
"verification/selection-exhaustive/evidence/BD/BD-001__PASS.png","BD-001__PASS.png","297592","b933d99626b7d284c649beab32ae705d75fc690eda41080af835bd1c8594cf8d","MOLEXPLORER_SELECTION_A_BF_468AA79DBEC6F723","61_SCREENSHOTS","DRIVE_VERIFIED","true","https://drive.google.com/file/d/1dgObeGtEMa6Ic4qC0ESmrs5uM7SF0ADq/view?usp=drivesdk","Uploaded and verified by Google Drive folder readback."
"verification/selection-exhaustive/evidence/BD/BD-002__PASS.png","BD-002__PASS.png","295655","626e42f6f736a15651b5baa909b7d9e4ff602d7c31c30b0503afaf0c8eb9b5da","MOLEXPLORER_SELECTION_A_BF_468AA79DBEC6F723","61_SCREENSHOTS","DRIVE_VERIFIED","true","https://drive.google.com/file/d/1RNieOMDV5FtWWTY_9JUic262jlOgiswa/view?usp=drivesdk","Uploaded and verified by Google Drive folder readback."
"verification/selection-exhaustive/evidence/BD/BD-003__INVALID_EXPECTED.png","BD-003__INVALID_EXPECTED.png","295682","e02b63ae5103248e349ee1b5121ed73dbef5495982eb9f6a74a65603d0ca31a8","MOLEXPLORER_SELECTION_A_BF_468AA79DBEC6F723","61_SCREENSHOTS","DRIVE_VERIFIED","true","https://drive.google.com/file/d/1DOW5kWSxvCQDJB12fhkp_k4ZdEPzmQ-V/view?usp=drivesdk","Uploaded and verified by Google Drive folder readback."
"verification/selection-exhaustive/evidence/BD/BD-004__EMPTY_VALID.png","BD-004__EMPTY_VALID.png","294882","732b0f114242997391051becf740840535b13664866abf7e59ab0691dbcdc0f3","MOLEXPLORER_SELECTION_A_BF_468AA79DBEC6F723","61_SCREENSHOTS","DRIVE_VERIFIED","true","https://drive.google.com/file/d/1ST-zpHICtTxnXETovUpu_-rtbZANuyeY/view?usp=drivesdk","Uploaded and verified by Google Drive folder readback."
"verification/selection-exhaustive/evidence/BD/BD-005__INVALID_EXPECTED.png","BD-005__INVALID_EXPECTED.png","294882","732b0f114242997391051becf740840535b13664866abf7e59ab0691dbcdc0f3","MOLEXPLORER_SELECTION_A_BF_468AA79DBEC6F723","61_SCREENSHOTS","DRIVE_VERIFIED","true","https://drive.google.com/file/d/1j_NfXUH9yRvvR0-kGJD3QKLKtP2Jq9vf/view?usp=drivesdk","Uploaded and verified by Google Drive folder readback."
"verification/selection-exhaustive/evidence/BD/BD-006__PASS.png","BD-006__PASS.png","295977","a97ad50104317daf944f709fadc1e654ef3cad1f390e4797d510e0c47174a925","MOLEXPLORER_SELECTION_A_BF_468AA79DBEC6F723","61_SCREENSHOTS","DRIVE_VERIFIED","true","https://drive.google.com/file/d/1680A5N9JfSE7RG2BsSrkBKsI0K26tme5/view?usp=drivesdk","Uploaded and verified by Google Drive folder readback."
"verification/selection-exhaustive/evidence/BD/BD-007__PASS.png","BD-007__PASS.png","295682","e02b63ae5103248e349ee1b5121ed73dbef5495982eb9f6a74a65603d0ca31a8","MOLEXPLORER_SELECTION_A_BF_468AA79DBEC6F723","61_SCREENSHOTS","DRIVE_VERIFIED","true","https://drive.google.com/file/d/1huNRMRpT48BpRuA_xG-BVlzvC0rGbXG2/view?usp=drivesdk","Uploaded and verified by Google Drive folder readback."
"verification/selection-exhaustive/evidence/BE/BE-001__PASS.png","BE-001__PASS.png","297472","fd05f5c7f388a6160290ea2887f5476dd1cd63bf378fdc5d03403add7438b658","MOLEXPLORER_SELECTION_A_BF_468AA79DBEC6F723","61_SCREENSHOTS","DRIVE_VERIFIED","true","https://drive.google.com/file/d/13EOvcXatDhBTWhL0NEp6PgWQIYbPjyqv/view?usp=drivesdk","Uploaded and verified by Google Drive folder readback."
"verification/selection-exhaustive/evidence/BE/BE-002__PASS.png","BE-002__PASS.png","297472","fd05f5c7f388a6160290ea2887f5476dd1cd63bf378fdc5d03403add7438b658","MOLEXPLORER_SELECTION_A_BF_468AA79DBEC6F723","61_SCREENSHOTS","DRIVE_VERIFIED","true","https://drive.google.com/file/d/1G9lFuFXe6fh-vTRbzTzwts3snaoGD_Mb/view?usp=drivesdk","Uploaded and verified by Google Drive folder readback."
"verification/selection-exhaustive/evidence/BE/BE-003__PASS.png","BE-003__PASS.png","297448","c4b9a09f15389d5f8aac146da6bf3cf0c4fb5b9e56a3a50f48acc91f4eb14ccc","MOLEXPLORER_SELECTION_A_BF_468AA79DBEC6F723","61_SCREENSHOTS","DRIVE_VERIFIED","true","https://drive.google.com/file/d/1kyOjNDU6hHmNRrPfhGWHJG-Lpqb6O_bi/view?usp=drivesdk","Uploaded and verified by Google Drive folder readback."
"verification/selection-exhaustive/evidence/BE/BE-004__PASS.png","BE-004__PASS.png","297472","fd05f5c7f388a6160290ea2887f5476dd1cd63bf378fdc5d03403add7438b658","MOLEXPLORER_SELECTION_A_BF_468AA79DBEC6F723","61_SCREENSHOTS","DRIVE_VERIFIED","true","https://drive.google.com/file/d/1ETVJt7Jk3pRfddiXqN_qrZX41Qb0KdDx/view?usp=drivesdk","Uploaded and verified by Google Drive folder readback."
"verification/selection-exhaustive/evidence/BE/BE-005__PASS.png","BE-005__PASS.png","297472","fd05f5c7f388a6160290ea2887f5476dd1cd63bf378fdc5d03403add7438b658","MOLEXPLORER_SELECTION_A_BF_468AA79DBEC6F723","61_SCREENSHOTS","DRIVE_VERIFIED","true","https://drive.google.com/file/d/1LSf1tM9m8vAIc7lWg5iHx9DwnSzqVYrL/view?usp=drivesdk","Uploaded and verified by Google Drive folder readback."
"verification/selection-exhaustive/evidence/BE/BE-006__PASS.png","BE-006__PASS.png","297472","fd05f5c7f388a6160290ea2887f5476dd1cd63bf378fdc5d03403add7438b658","MOLEXPLORER_SELECTION_A_BF_468AA79DBEC6F723","61_SCREENSHOTS","DRIVE_VERIFIED","true","https://drive.google.com/file/d/1yAgQdRY6xuBhveMrWmJdflalaxDppOId/view?usp=drivesdk","Uploaded and verified by Google Drive folder readback."
"verification/selection-exhaustive/evidence/BE/BE-007__EMPTY_VALID.png","BE-007__EMPTY_VALID.png","296473","9d00432e3c06d8f0fb64efa8b252975712bb4751f0e33d9ada614bad8d14a868","MOLEXPLORER_SELECTION_A_BF_468AA79DBEC6F723","61_SCREENSHOTS","DRIVE_VERIFIED","true","https://drive.google.com/file/d/1_4R0dQbgcn8aTouLI_gEkf73uEK3caUf/view?usp=drivesdk","Uploaded and verified by Google Drive folder readback."
"verification/selection-exhaustive/evidence/BE/BE-008__EMPTY_VALID.png","BE-008__EMPTY_VALID.png","296473","9d00432e3c06d8f0fb64efa8b252975712bb4751f0e33d9ada614bad8d14a868","MOLEXPLORER_SELECTION_A_BF_468AA79DBEC6F723","61_SCREENSHOTS","DRIVE_VERIFIED","true","https://drive.google.com/file/d/1IqKH1IFi04bXe8nrhpv3b0TyHCu3etzg/view?usp=drivesdk","Uploaded and verified by Google Drive folder readback."
"verification/selection-exhaustive/evidence/B/B-001__PASS.png","B-001__PASS.png","294242","5eab9563d48c247c895eb50364b1dacad58367f29ec2bb0c4d0be4d28a940dd1","MOLEXPLORER_SELECTION_A_BF_468AA79DBEC6F723","61_SCREENSHOTS","DRIVE_VERIFIED","true","https://drive.google.com/file/d/1tmJo8s_M2UXixBkIEGieOzw1DhxMmYvK/view?usp=drivesdk","Uploaded and verified by Google Drive folder readback."
"verification/selection-exhaustive/evidence/B/B-002__PASS.png","B-002__PASS.png","294242","5eab9563d48c247c895eb50364b1dacad58367f29ec2bb0c4d0be4d28a940dd1","MOLEXPLORER_SELECTION_A_BF_468AA79DBEC6F723","61_SCREENSHOTS","DRIVE_VERIFIED","true","https://drive.google.com/file/d/1gEaYSiEkhIidLRDxnaC6PmpFH5CicNg3/view?usp=drivesdk","Uploaded and verified by Google Drive folder readback."
"verification/selection-exhaustive/evidence/B/B-003__PASS.png","B-003__PASS.png","294242","5eab9563d48c247c895eb50364b1dacad58367f29ec2bb0c4d0be4d28a940dd1","MOLEXPLORER_SELECTION_A_BF_468AA79DBEC6F723","61_SCREENSHOTS","DRIVE_VERIFIED","true","https://drive.google.com/file/d/110wnwLhsP2RJ_o46UQxWhU3p2KJ6t8Iu/view?usp=drivesdk","Uploaded and verified by Google Drive folder readback."
"verification/selection-exhaustive/evidence/B/B-004__PASS.png","B-004__PASS.png","294242","5eab9563d48c247c895eb50364b1dacad58367f29ec2bb0c4d0be4d28a940dd1","MOLEXPLORER_SELECTION_A_BF_468AA79DBEC6F723","61_SCREENSHOTS","DRIVE_VERIFIED","true","https://drive.google.com/file/d/1uLOMg-5F0a-oMkUzZP3qabroYa_TWhBB/view?usp=drivesdk","Uploaded and verified by Google Drive folder readback."
"verification/selection-exhaustive/evidence/B/B-005__EMPTY_VALID.png","B-005__EMPTY_VALID.png","293026","503e349c1c261b823ef52788b3888fb52ec22a25891b94691506c0aaa2bd8423","MOLEXPLORER_SELECTION_A_BF_468AA79DBEC6F723","61_SCREENSHOTS","DRIVE_VERIFIED","true","https://drive.google.com/file/d/1of681VAl9NM25_0hhvKlf4Q3GIlYujwU/view?usp=drivesdk","Uploaded and verified by Google Drive folder readback."
"verification/selection-exhaustive/evidence/B/B-006__PASS.png","B-006__PASS.png","294242","5eab9563d48c247c895eb50364b1dacad58367f29ec2bb0c4d0be4d28a940dd1","MOLEXPLORER_SELECTION_A_BF_468AA79DBEC6F723","61_SCREENSHOTS","DRIVE_VERIFIED","true","https://drive.google.com/file/d/14DmaG0GXUOTfIKh1Zun-0hmQGnPchuVf/view?usp=drivesdk","Uploaded and verified by Google Drive folder readback."
"verification/selection-exhaustive/evidence/C/C-001__PASS.png","C-001__PASS.png","296283","10790b45697ea51693869c015f34e44bf374c70fc0ba0442e5fc23107e14f51e","MOLEXPLORER_SELECTION_A_BF_468AA79DBEC6F723","61_SCREENSHOTS","DRIVE_VERIFIED","true","https://drive.google.com/file/d/1veA7mRcgwQRiNTlV2DQiczcGevq-lJHE/view?usp=drivesdk","Uploaded and verified by Google Drive folder readback."
"verification/selection-exhaustive/evidence/C/C-002__PASS.png","C-002__PASS.png","295922","27c97a994a73bebbbd0f164cbf5acd80f17b618b49b93eb7b7186f40662691f2","MOLEXPLORER_SELECTION_A_BF_468AA79DBEC6F723","61_SCREENSHOTS","DRIVE_VERIFIED","true","https://drive.google.com/file/d/1FF-Vn5dgwbrTiyLd1O3Nvq438WToTsKL/view?usp=drivesdk","Uploaded and verified by Google Drive folder readback."
"verification/selection-exhaustive/evidence/C/C-003__PASS.png","C-003__PASS.png","296396","b2b3b96012e5d7b59d4e17dd9dab75715b49e99b664f4c15d7f86ff9bde673f2","MOLEXPLORER_SELECTION_A_BF_468AA79DBEC6F723","61_SCREENSHOTS","DRIVE_VERIFIED","true","https://drive.google.com/file/d/1VfX_q6FQt-fOmOGft01QIirCwvJRVu7w/view?usp=drivesdk","Uploaded and verified by Google Drive folder readback."
"verification/selection-exhaustive/evidence/C/C-004__PASS.png","C-004__PASS.png","296042","3fd6ad1763dd50eb426c37233b1008c7949289b22790b7b6643f9bc5629ac40e","MOLEXPLORER_SELECTION_A_BF_468AA79DBEC6F723","61_SCREENSHOTS","DRIVE_VERIFIED","true","https://drive.google.com/file/d/1E9bXgrohyV3e_9NnrJhh2V-Iu_UQ3Cat/view?usp=drivesdk","Uploaded and verified by Google Drive folder readback."
"verification/selection-exhaustive/evidence/C/C-005__EMPTY_VALID.png","C-005__EMPTY_VALID.png","295126","f1218087e0265eed0f0ed41f28d3796700f18ab0cc6c4017b5c967df2907117a","MOLEXPLORER_SELECTION_A_BF_468AA79DBEC6F723","61_SCREENSHOTS","DRIVE_VERIFIED","true","https://drive.google.com/file/d/15BPshCy27_-5Ov5OONqMCV7QPWEZ1AP7/view?usp=drivesdk","Uploaded and verified by Google Drive folder readback."
"verification/selection-exhaustive/evidence/C/C-006__PASS.png","C-006__PASS.png","296283","10790b45697ea51693869c015f34e44bf374c70fc0ba0442e5fc23107e14f51e","MOLEXPLORER_SELECTION_A_BF_468AA79DBEC6F723","61_SCREENSHOTS","DRIVE_VERIFIED","true","https://drive.google.com/file/d/1Lws0wKSrhDW1Yyw_1HbN71_ENPHnaaUr/view?usp=drivesdk","Uploaded and verified by Google Drive folder readback."
"verification/selection-exhaustive/evidence/C/C-007__PASS.png","C-007__PASS.png","296283","10790b45697ea51693869c015f34e44bf374c70fc0ba0442e5fc23107e14f51e","MOLEXPLORER_SELECTION_A_BF_468AA79DBEC6F723","61_SCREENSHOTS","DRIVE_VERIFIED","true","https://drive.google.com/file/d/1k6mdTpOe0UEpACvHcZ65GO-7qg4FKeR7/view?usp=drivesdk","Uploaded and verified by Google Drive folder readback."
"verification/selection-exhaustive/evidence/D/D-001__PASS.png","D-001__PASS.png","296021","dea3fdc00ed3376f8df91ffaeeec7ad2dc1fb6c151d817a278dd4bf0e7e239a5","MOLEXPLORER_SELECTION_A_BF_468AA79DBEC6F723","61_SCREENSHOTS","DRIVE_VERIFIED","true","https://drive.google.com/file/d/1qxpCUikZ2eoxKnRvrXeJ9RZ8zOjGVxu5/view?usp=drivesdk","Uploaded and verified by Google Drive folder readback."
"verification/selection-exhaustive/evidence/D/D-002__PASS.png","D-002__PASS.png","296021","dea3fdc00ed3376f8df91ffaeeec7ad2dc1fb6c151d817a278dd4bf0e7e239a5","MOLEXPLORER_SELECTION_A_BF_468AA79DBEC6F723","61_SCREENSHOTS","DRIVE_VERIFIED","true","https://drive.google.com/file/d/1Xc_0MhRrI2Qbth4Oo35RGxsvQ9U0T1iT/view?usp=drivesdk","Uploaded and verified by Google Drive folder readback."
"verification/selection-exhaustive/evidence/D/D-003__EMPTY_VALID.png","D-003__EMPTY_VALID.png","295126","f1218087e0265eed0f0ed41f28d3796700f18ab0cc6c4017b5c967df2907117a","MOLEXPLORER_SELECTION_A_BF_468AA79DBEC6F723","61_SCREENSHOTS","DRIVE_VERIFIED","true","https://drive.google.com/file/d/1NR3b_j9YeVta_ZEbRAXL5-QQDbL3tIJe/view?usp=drivesdk","Uploaded and verified by Google Drive folder readback."
"verification/selection-exhaustive/evidence/D/D-004__EMPTY_VALID.png","D-004__EMPTY_VALID.png","295126","f1218087e0265eed0f0ed41f28d3796700f18ab0cc6c4017b5c967df2907117a","MOLEXPLORER_SELECTION_A_BF_468AA79DBEC6F723","61_SCREENSHOTS","DRIVE_VERIFIED","true","https://drive.google.com/file/d/1JHAokPARyLSjnWhpvxZNRpCSI72NEZ05/view?usp=drivesdk","Uploaded and verified by Google Drive folder readback."
"verification/selection-exhaustive/evidence/D/D-005__EMPTY_VALID.png","D-005__EMPTY_VALID.png","295126","f1218087e0265eed0f0ed41f28d3796700f18ab0cc6c4017b5c967df2907117a","MOLEXPLORER_SELECTION_A_BF_468AA79DBEC6F723","61_SCREENSHOTS","DRIVE_VERIFIED","true","https://drive.google.com/file/d/1Sm7e0DF4pN-76854NrNYVfwXUKqLzciM/view?usp=drivesdk","Uploaded and verified by Google Drive folder readback."
"verification/selection-exhaustive/evidence/D/D-006__EMPTY_VALID.png","D-006__EMPTY_VALID.png","295126","f1218087e0265eed0f0ed41f28d3796700f18ab0cc6c4017b5c967df2907117a","MOLEXPLORER_SELECTION_A_BF_468AA79DBEC6F723","61_SCREENSHOTS","DRIVE_VERIFIED","true","https://drive.google.com/file/d/1-SSWooTVOaAkAy-ey0dml8wsfKd6_1fT/view?usp=drivesdk","Uploaded and verified by Google Drive folder readback."
"verification/selection-exhaustive/evidence/D/D-007__EMPTY_VALID.png","D-007__EMPTY_VALID.png","295126","f1218087e0265eed0f0ed41f28d3796700f18ab0cc6c4017b5c967df2907117a","MOLEXPLORER_SELECTION_A_BF_468AA79DBEC6F723","61_SCREENSHOTS","DRIVE_VERIFIED","true","https://drive.google.com/file/d/1rod_yzgSZCZDkyNxjke593Kr9jaYo3Ae/view?usp=drivesdk","Uploaded and verified by Google Drive folder readback."
"verification/selection-exhaustive/evidence/D/D-008__PASS.png","D-008__PASS.png","295955","4654c9cfb81f1a11841f80c5e907648f4a379cd72ba004ad33b472370d83a70f","MOLEXPLORER_SELECTION_A_BF_468AA79DBEC6F723","61_SCREENSHOTS","DRIVE_VERIFIED","true","https://drive.google.com/file/d/11atrti3rWijsUysyBEa4v36V4LeseWWg/view?usp=drivesdk","Uploaded and verified by Google Drive folder readback."
"verification/selection-exhaustive/evidence/E/E-001__EMPTY_VALID.png","E-001__EMPTY_VALID.png","295126","f1218087e0265eed0f0ed41f28d3796700f18ab0cc6c4017b5c967df2907117a","MOLEXPLORER_SELECTION_A_BF_468AA79DBEC6F723","61_SCREENSHOTS","DRIVE_VERIFIED","true","https://drive.google.com/file/d/1vam-lOLeRboyrA8BGi5wQJR0WNqFSZZn/view?usp=drivesdk","Uploaded and verified by Google Drive folder readback."
"verification/selection-exhaustive/evidence/E/E-002__EMPTY_VALID.png","E-002__EMPTY_VALID.png","295126","f1218087e0265eed0f0ed41f28d3796700f18ab0cc6c4017b5c967df2907117a","MOLEXPLORER_SELECTION_A_BF_468AA79DBEC6F723","61_SCREENSHOTS","DRIVE_VERIFIED","true","https://drive.google.com/file/d/1-FywDAlq_acUc29v7T3g1o7RDthognmK/view?usp=drivesdk","Uploaded and verified by Google Drive folder readback."
"verification/selection-exhaustive/evidence/E/E-003__EMPTY_VALID.png","E-003__EMPTY_VALID.png","295126","f1218087e0265eed0f0ed41f28d3796700f18ab0cc6c4017b5c967df2907117a","MOLEXPLORER_SELECTION_A_BF_468AA79DBEC6F723","61_SCREENSHOTS","DRIVE_VERIFIED","true","https://drive.google.com/file/d/1-SwazuK4sZhqf5rDnQjh5_9--RU2QDMG/view?usp=drivesdk","Uploaded and verified by Google Drive folder readback."
"verification/selection-exhaustive/evidence/E/E-004__EMPTY_VALID.png","E-004__EMPTY_VALID.png","295126","f1218087e0265eed0f0ed41f28d3796700f18ab0cc6c4017b5c967df2907117a","MOLEXPLORER_SELECTION_A_BF_468AA79DBEC6F723","61_SCREENSHOTS","DRIVE_VERIFIED","true","https://drive.google.com/file/d/10ZdO_KJ1HEmbpH_ZHM_hp7bQo327TzBy/view?usp=drivesdk","Uploaded and verified by Google Drive folder readback."
"verification/selection-exhaustive/evidence/E/E-005__EMPTY_VALID.png","E-005__EMPTY_VALID.png","295126","f1218087e0265eed0f0ed41f28d3796700f18ab0cc6c4017b5c967df2907117a","MOLEXPLORER_SELECTION_A_BF_468AA79DBEC6F723","61_SCREENSHOTS","DRIVE_VERIFIED","true","https://drive.google.com/file/d/1g4EXC5TG4fuUXednXfqdrnMfYM5UCjI3/view?usp=drivesdk","Uploaded and verified by Google Drive folder readback."
"verification/selection-exhaustive/evidence/E/E-006__PASS.png","E-006__PASS.png","296021","dea3fdc00ed3376f8df91ffaeeec7ad2dc1fb6c151d817a278dd4bf0e7e239a5","MOLEXPLORER_SELECTION_A_BF_468AA79DBEC6F723","61_SCREENSHOTS","DRIVE_VERIFIED","true","https://drive.google.com/file/d/1fsrS_7VlgMjegQ9I0gkPnjnYz42biaXq/view?usp=drivesdk","Uploaded and verified by Google Drive folder readback."
"verification/selection-exhaustive/evidence/E/E-007__EMPTY_VALID.png","E-007__EMPTY_VALID.png","296021","dea3fdc00ed3376f8df91ffaeeec7ad2dc1fb6c151d817a278dd4bf0e7e239a5","MOLEXPLORER_SELECTION_A_BF_468AA79DBEC6F723","61_SCREENSHOTS","DRIVE_VERIFIED","true","https://drive.google.com/file/d/1lfrEMWJWMuiN7rdj9W0wP4VMt9m_It72/view?usp=drivesdk","Uploaded and verified by Google Drive folder readback."
"verification/selection-exhaustive/evidence/F/F-001__PASS.png","F-001__PASS.png","295955","4654c9cfb81f1a11841f80c5e907648f4a379cd72ba004ad33b472370d83a70f","MOLEXPLORER_SELECTION_A_BF_468AA79DBEC6F723","61_SCREENSHOTS","DRIVE_VERIFIED","true","https://drive.google.com/file/d/1QqmvL5cGik7dcH33s77qTbI6WnZ182Kv/view?usp=drivesdk","Uploaded and verified by Google Drive folder readback."
"verification/selection-exhaustive/evidence/F/F-002__PASS.png","F-002__PASS.png","295955","4654c9cfb81f1a11841f80c5e907648f4a379cd72ba004ad33b472370d83a70f","MOLEXPLORER_SELECTION_A_BF_468AA79DBEC6F723","61_SCREENSHOTS","DRIVE_VERIFIED","true","https://drive.google.com/file/d/1Ig7kKzejNwQ8sqWsd2DjY9gmGDxDmKzk/view?usp=drivesdk","Uploaded and verified by Google Drive folder readback."
"verification/selection-exhaustive/evidence/F/F-003__PASS.png","F-003__PASS.png","295955","4654c9cfb81f1a11841f80c5e907648f4a379cd72ba004ad33b472370d83a70f","MOLEXPLORER_SELECTION_A_BF_468AA79DBEC6F723","61_SCREENSHOTS","DRIVE_VERIFIED","true","https://drive.google.com/file/d/1q2FTFkM5LrRZYzUpsODQnja8j0f1Z6E_/view?usp=drivesdk","Uploaded and verified by Google Drive folder readback."
"verification/selection-exhaustive/evidence/F/F-004__PASS.png","F-004__PASS.png","296005","ed69963d9f9e39f5d917e09cb938369b15518337109f26b2c5e14d9571daa5b7","MOLEXPLORER_SELECTION_A_BF_468AA79DBEC6F723","61_SCREENSHOTS","DRIVE_VERIFIED","true","https://drive.google.com/file/d/1FV56NYx-50EiBXJ3DxGKAs5Jhlayc98j/view?usp=drivesdk","Uploaded and verified by Google Drive folder readback."
"verification/selection-exhaustive/evidence/F/F-005__EMPTY_VALID.png","F-005__EMPTY_VALID.png","295126","f1218087e0265eed0f0ed41f28d3796700f18ab0cc6c4017b5c967df2907117a","MOLEXPLORER_SELECTION_A_BF_468AA79DBEC6F723","61_SCREENSHOTS","DRIVE_VERIFIED","true","https://drive.google.com/file/d/1IlnEoKdRt4D467vEeEzA8BCYwnxnHxDC/view?usp=drivesdk","Uploaded and verified by Google Drive folder readback."
"verification/selection-exhaustive/evidence/F/F-006__PASS.png","F-006__PASS.png","295955","4654c9cfb81f1a11841f80c5e907648f4a379cd72ba004ad33b472370d83a70f","MOLEXPLORER_SELECTION_A_BF_468AA79DBEC6F723","61_SCREENSHOTS","DRIVE_VERIFIED","true","https://drive.google.com/file/d/1n-vNRKfXnhg8phexzXSz40knPLhKxnMZ/view?usp=drivesdk","Uploaded and verified by Google Drive folder readback."
"verification/selection-exhaustive/evidence/F/F-007__PASS.png","F-007__PASS.png","295955","4654c9cfb81f1a11841f80c5e907648f4a379cd72ba004ad33b472370d83a70f","MOLEXPLORER_SELECTION_A_BF_468AA79DBEC6F723","61_SCREENSHOTS","DRIVE_VERIFIED","true","https://drive.google.com/file/d/1dydI1Dd7IJjj5bna_hv9jExbURLw7-TD/view?usp=drivesdk","Uploaded and verified by Google Drive folder readback."
"verification/selection-exhaustive/evidence/F/F-008__EMPTY_VALID.png","F-008__EMPTY_VALID.png","295126","f1218087e0265eed0f0ed41f28d3796700f18ab0cc6c4017b5c967df2907117a","MOLEXPLORER_SELECTION_A_BF_468AA79DBEC6F723","61_SCREENSHOTS","DRIVE_VERIFIED","true","https://drive.google.com/file/d/1svfHrklvWxbaBA_sibMqfU2tBabgXL2s/view?usp=drivesdk","Uploaded and verified by Google Drive folder readback."
"verification/selection-exhaustive/evidence/G/G-001__PASS.png","G-001__PASS.png","296021","82324d67a9d7ea5ec3f30b89466fa7c74e9e9d230a914fe604da61632eff8ae4","MOLEXPLORER_SELECTION_A_BF_468AA79DBEC6F723","61_SCREENSHOTS","DRIVE_VERIFIED","true","https://drive.google.com/file/d/18RmifUP9g4Wqlm0htCccJPhwdf4Hxwp9/view?usp=drivesdk","Uploaded and verified by Google Drive folder readback."
"verification/selection-exhaustive/evidence/G/G-002__PASS.png","G-002__PASS.png","295955","4654c9cfb81f1a11841f80c5e907648f4a379cd72ba004ad33b472370d83a70f","MOLEXPLORER_SELECTION_A_BF_468AA79DBEC6F723","61_SCREENSHOTS","DRIVE_VERIFIED","true","https://drive.google.com/file/d/17gUVEoQbQaV_XMbnWhzx03ucl2cQSxi-/view?usp=drivesdk","Uploaded and verified by Google Drive folder readback."
"verification/selection-exhaustive/evidence/G/G-003__PASS.png","G-003__PASS.png","296021","dea3fdc00ed3376f8df91ffaeeec7ad2dc1fb6c151d817a278dd4bf0e7e239a5","MOLEXPLORER_SELECTION_A_BF_468AA79DBEC6F723","61_SCREENSHOTS","DRIVE_VERIFIED","true","https://drive.google.com/file/d/11ifs80IeC8cvcjWblv0G67vuTa1KAXiX/view?usp=drivesdk","Uploaded and verified by Google Drive folder readback."
"verification/selection-exhaustive/evidence/G/G-004__EMPTY_VALID.png","G-004__EMPTY_VALID.png","295126","f1218087e0265eed0f0ed41f28d3796700f18ab0cc6c4017b5c967df2907117a","MOLEXPLORER_SELECTION_A_BF_468AA79DBEC6F723","61_SCREENSHOTS","DRIVE_VERIFIED","true","https://drive.google.com/file/d/1SIV2Yncd1mf2nfKd3UDPNkZjM1JySO3W/view?usp=drivesdk","Uploaded and verified by Google Drive folder readback."
"verification/selection-exhaustive/evidence/G/G-005__EMPTY_VALID.png","G-005__EMPTY_VALID.png","295126","f1218087e0265eed0f0ed41f28d3796700f18ab0cc6c4017b5c967df2907117a","MOLEXPLORER_SELECTION_A_BF_468AA79DBEC6F723","61_SCREENSHOTS","DRIVE_VERIFIED","true","https://drive.google.com/file/d/1-Uvulaavq32QEGgS1TApUv9P8s1J4-5v/view?usp=drivesdk","Uploaded and verified by Google Drive folder readback."
"verification/selection-exhaustive/evidence/G/G-006__PASS.png","G-006__PASS.png","295922","27c97a994a73bebbbd0f164cbf5acd80f17b618b49b93eb7b7186f40662691f2","MOLEXPLORER_SELECTION_A_BF_468AA79DBEC6F723","61_SCREENSHOTS","DRIVE_VERIFIED","true","https://drive.google.com/file/d/1X_4rEMBlyF5J6vpbBekoKN1cajRW2MG0/view?usp=drivesdk","Uploaded and verified by Google Drive folder readback."
"verification/selection-exhaustive/evidence/G/G-007__PASS.png","G-007__PASS.png","295955","4654c9cfb81f1a11841f80c5e907648f4a379cd72ba004ad33b472370d83a70f","MOLEXPLORER_SELECTION_A_BF_468AA79DBEC6F723","61_SCREENSHOTS","DRIVE_VERIFIED","true","https://drive.google.com/file/d/1ISMl9t0CiTct-rlG6141qHhBst1mH9QW/view?usp=drivesdk","Uploaded and verified by Google Drive folder readback."
"verification/selection-exhaustive/evidence/G/G-008__PASS.png","G-008__PASS.png","295922","27c97a994a73bebbbd0f164cbf5acd80f17b618b49b93eb7b7186f40662691f2","MOLEXPLORER_SELECTION_A_BF_468AA79DBEC6F723","61_SCREENSHOTS","DRIVE_VERIFIED","true","https://drive.google.com/file/d/1TO3_O_5S5_w1PPrc-GyZfCN-iyWdNhNU/view?usp=drivesdk","Uploaded and verified by Google Drive folder readback."
"verification/selection-exhaustive/evidence/G/G-009__EMPTY_VALID.png","G-009__EMPTY_VALID.png","294033","cf88f5668c988b8bed99a39fbc7443fa960b64df577e3fc9a9f7343f3e353dbb","MOLEXPLORER_SELECTION_A_BF_468AA79DBEC6F723","61_SCREENSHOTS","DRIVE_VERIFIED","true","https://drive.google.com/file/d/1h0fqfMfT4PtRRN1gHJul-ZC28KRo_tJO/view?usp=drivesdk","Uploaded and verified by Google Drive folder readback."
"verification/selection-exhaustive/evidence/H/H-001__PASS.png","H-001__PASS.png","296042","3fd6ad1763dd50eb426c37233b1008c7949289b22790b7b6643f9bc5629ac40e","MOLEXPLORER_SELECTION_A_BF_468AA79DBEC6F723","61_SCREENSHOTS","DRIVE_VERIFIED","true","https://drive.google.com/file/d/1YT9K6DLT_7Elc9lPIozTgnLaOz8kpdI6/view?usp=drivesdk","Uploaded and verified by Google Drive folder readback."
"verification/selection-exhaustive/evidence/H/H-002__PASS.png","H-002__PASS.png","296391","2821d525767b2454bf7752c443456f3d5b036d35494d40177028fd81e61859a4","MOLEXPLORER_SELECTION_A_BF_468AA79DBEC6F723","61_SCREENSHOTS","DRIVE_VERIFIED","true","https://drive.google.com/file/d/12f8clLgba6DIjx1Tpckzgr5VQLJajKLh/view?usp=drivesdk","Uploaded and verified by Google Drive folder readback."
"verification/selection-exhaustive/evidence/H/H-003__PASS.png","H-003__PASS.png","296283","10790b45697ea51693869c015f34e44bf374c70fc0ba0442e5fc23107e14f51e","MOLEXPLORER_SELECTION_A_BF_468AA79DBEC6F723","61_SCREENSHOTS","DRIVE_VERIFIED","true","https://drive.google.com/file/d/18wZAWHdxLs3p-j3hKX8KuSUIi966DfQz/view?usp=drivesdk","Uploaded and verified by Google Drive folder readback."
"verification/selection-exhaustive/evidence/H/H-004__PASS.png","H-004__PASS.png","296021","dea3fdc00ed3376f8df91ffaeeec7ad2dc1fb6c151d817a278dd4bf0e7e239a5","MOLEXPLORER_SELECTION_A_BF_468AA79DBEC6F723","61_SCREENSHOTS","DRIVE_VERIFIED","true","https://drive.google.com/file/d/13oygjxQLDZ7I-5AwHGD7yp-JkBtWAZSW/view?usp=drivesdk","Uploaded and verified by Google Drive folder readback."
"verification/selection-exhaustive/evidence/H/H-005__PASS.png","H-005__PASS.png","295955","4654c9cfb81f1a11841f80c5e907648f4a379cd72ba004ad33b472370d83a70f","MOLEXPLORER_SELECTION_A_BF_468AA79DBEC6F723","61_SCREENSHOTS","DRIVE_VERIFIED","true","https://drive.google.com/file/d/11g4U-TpMBrVK0kxKNA-7Er9pvSJ5A1H6/view?usp=drivesdk","Uploaded and verified by Google Drive folder readback."
"verification/selection-exhaustive/evidence/H/H-006__PASS.png","H-006__PASS.png","296042","3fd6ad1763dd50eb426c37233b1008c7949289b22790b7b6643f9bc5629ac40e","MOLEXPLORER_SELECTION_A_BF_468AA79DBEC6F723","61_SCREENSHOTS","DRIVE_VERIFIED","true","https://drive.google.com/file/d/1QZI-ATyVnr4SCED3qukENnGSb76O-_Pf/view?usp=drivesdk","Uploaded and verified by Google Drive folder readback."
"verification/selection-exhaustive/evidence/H/H-007__PASS.png","H-007__PASS.png","295955","4654c9cfb81f1a11841f80c5e907648f4a379cd72ba004ad33b472370d83a70f","MOLEXPLORER_SELECTION_A_BF_468AA79DBEC6F723","61_SCREENSHOTS","DRIVE_VERIFIED","true","https://drive.google.com/file/d/1t5BsIj7ATl41ovLl3JQgr1dPYEdW6QvL/view?usp=drivesdk","Uploaded and verified by Google Drive folder readback."
"verification/selection-exhaustive/evidence/H/H-008__PASS.png","H-008__PASS.png","296020","cd5a00a092c1395d854099e64911fae74844fae57b09c02d567c8128fb08b89a","MOLEXPLORER_SELECTION_A_BF_468AA79DBEC6F723","61_SCREENSHOTS","DRIVE_VERIFIED","true","https://drive.google.com/file/d/1S0wkmD8dw3yFUCSx57sTVTXBBCTIh-MW/view?usp=drivesdk","Uploaded and verified by Google Drive folder readback."
"verification/selection-exhaustive/evidence/H/H-009__PASS.png","H-009__PASS.png","295922","27c97a994a73bebbbd0f164cbf5acd80f17b618b49b93eb7b7186f40662691f2","MOLEXPLORER_SELECTION_A_BF_468AA79DBEC6F723","61_SCREENSHOTS","DRIVE_VERIFIED","true","https://drive.google.com/file/d/1ZtcigSZP4FRmDBfWEq3NRcsyZzBUoapK/view?usp=drivesdk","Uploaded and verified by Google Drive folder readback."
"verification/selection-exhaustive/evidence/H/H-010__PASS.png","H-010__PASS.png","296042","3fd6ad1763dd50eb426c37233b1008c7949289b22790b7b6643f9bc5629ac40e","MOLEXPLORER_SELECTION_A_BF_468AA79DBEC6F723","61_SCREENSHOTS","DRIVE_VERIFIED","true","https://drive.google.com/file/d/17oFKGv2N11K2OLg3pDihmFPAs5_SjLIl/view?usp=drivesdk","Uploaded and verified by Google Drive folder readback."
"verification/selection-exhaustive/evidence/H/H-011__PASS.png","H-011__PASS.png","296042","3fd6ad1763dd50eb426c37233b1008c7949289b22790b7b6643f9bc5629ac40e","MOLEXPLORER_SELECTION_A_BF_468AA79DBEC6F723","61_SCREENSHOTS","DRIVE_VERIFIED","true","https://drive.google.com/file/d/1gBxmqlyRQJAbt_-ZIeXoyPBpLonZTEiR/view?usp=drivesdk","Uploaded and verified by Google Drive folder readback."
"verification/selection-exhaustive/evidence/I/I-001__PASS.png","I-001__PASS.png","295922","27c97a994a73bebbbd0f164cbf5acd80f17b618b49b93eb7b7186f40662691f2","MOLEXPLORER_SELECTION_A_BF_468AA79DBEC6F723","61_SCREENSHOTS","DRIVE_VERIFIED","true","https://drive.google.com/file/d/16pSS7pDG1MHBIf8aAmSef1K5geyqmUoB/view?usp=drivesdk","Uploaded and verified by Google Drive folder readback."
"verification/selection-exhaustive/evidence/I/I-002__PASS.png","I-002__PASS.png","295922","27c97a994a73bebbbd0f164cbf5acd80f17b618b49b93eb7b7186f40662691f2","MOLEXPLORER_SELECTION_A_BF_468AA79DBEC6F723","61_SCREENSHOTS","DRIVE_VERIFIED","true","https://drive.google.com/file/d/1YFooo5w8QZwhIwXaIW8nTZb9UyRpx_68/view?usp=drivesdk","Uploaded and verified by Google Drive folder readback."
"verification/selection-exhaustive/evidence/I/I-003__PASS.png","I-003__PASS.png","295922","27c97a994a73bebbbd0f164cbf5acd80f17b618b49b93eb7b7186f40662691f2","MOLEXPLORER_SELECTION_A_BF_468AA79DBEC6F723","61_SCREENSHOTS","DRIVE_VERIFIED","true","https://drive.google.com/file/d/1MzWADsI5WPN7YDC9xMxJE8uCSzBLh4nk/view?usp=drivesdk","Uploaded and verified by Google Drive folder readback."
"verification/selection-exhaustive/evidence/I/I-004__PASS.png","I-004__PASS.png","295922","27c97a994a73bebbbd0f164cbf5acd80f17b618b49b93eb7b7186f40662691f2","MOLEXPLORER_SELECTION_A_BF_468AA79DBEC6F723","61_SCREENSHOTS","DRIVE_VERIFIED","true","https://drive.google.com/file/d/1D-Q-bzu3YVmlhzVMMGx0uNSq9779vc4K/view?usp=drivesdk","Uploaded and verified by Google Drive folder readback."
"verification/selection-exhaustive/evidence/I/I-005__EMPTY_VALID.png","I-005__EMPTY_VALID.png","295126","f1218087e0265eed0f0ed41f28d3796700f18ab0cc6c4017b5c967df2907117a","MOLEXPLORER_SELECTION_A_BF_468AA79DBEC6F723","61_SCREENSHOTS","DRIVE_VERIFIED","true","https://drive.google.com/file/d/1rHy1D5ayxKzjLsvHM-HP72EFMTu3eENN/view?usp=drivesdk","Uploaded and verified by Google Drive folder readback."
"verification/selection-exhaustive/evidence/I/I-006__EMPTY_VALID.png","I-006__EMPTY_VALID.png","295126","f1218087e0265eed0f0ed41f28d3796700f18ab0cc6c4017b5c967df2907117a","MOLEXPLORER_SELECTION_A_BF_468AA79DBEC6F723","61_SCREENSHOTS","DRIVE_VERIFIED","true","https://drive.google.com/file/d/1dUmkzEmtRm242xVo3Q0zX1CN8FfXlPBj/view?usp=drivesdk","Uploaded and verified by Google Drive folder readback."
"verification/selection-exhaustive/evidence/J/J-001__PASS.png","J-001__PASS.png","295955","4654c9cfb81f1a11841f80c5e907648f4a379cd72ba004ad33b472370d83a70f","MOLEXPLORER_SELECTION_A_BF_468AA79DBEC6F723","61_SCREENSHOTS","DRIVE_VERIFIED","true","https://drive.google.com/file/d/1qfbcl6vOnxJgGn2AZzxQB-7RVmVp9vlw/view?usp=drivesdk","Uploaded and verified by Google Drive folder readback."
"verification/selection-exhaustive/evidence/J/J-002__PASS.png","J-002__PASS.png","296333","02f47aee196ebbdf7d90e33e50c58eb78308abcd1ce40d3b16716115b562f4c5","MOLEXPLORER_SELECTION_A_BF_468AA79DBEC6F723","61_SCREENSHOTS","DRIVE_VERIFIED","true","https://drive.google.com/file/d/1cgdw7ibtPmRLO775cZ0pxM3S46nRNcwv/view?usp=drivesdk","Uploaded and verified by Google Drive folder readback."
"verification/selection-exhaustive/evidence/J/J-003__PASS.png","J-003__PASS.png","296368","8f6f0dfec7384b9a08cc7adb703bff1db5c10c05151f19b04deeef4be427549a","MOLEXPLORER_SELECTION_A_BF_468AA79DBEC6F723","61_SCREENSHOTS","DRIVE_VERIFIED","true","https://drive.google.com/file/d/1bdmlHrvu_ZT6o6xzZXRecxc_3h8xuHZq/view?usp=drivesdk","Uploaded and verified by Google Drive folder readback."
"verification/selection-exhaustive/evidence/J/J-004__PASS.png","J-004__PASS.png","296333","02f47aee196ebbdf7d90e33e50c58eb78308abcd1ce40d3b16716115b562f4c5","MOLEXPLORER_SELECTION_A_BF_468AA79DBEC6F723","61_SCREENSHOTS","DRIVE_VERIFIED","true","https://drive.google.com/file/d/1uKpPbj-sCtC_lYlp1ZxFUHyLXdtrUE3w/view?usp=drivesdk","Uploaded and verified by Google Drive folder readback."
"verification/selection-exhaustive/evidence/J/J-005__PASS.png","J-005__PASS.png","296333","02f47aee196ebbdf7d90e33e50c58eb78308abcd1ce40d3b16716115b562f4c5","MOLEXPLORER_SELECTION_A_BF_468AA79DBEC6F723","61_SCREENSHOTS","DRIVE_VERIFIED","true","https://drive.google.com/file/d/1lp-1eEZC5UjNUdKEK4nW1Y4-tU_Wgsil/view?usp=drivesdk","Uploaded and verified by Google Drive folder readback."
"verification/selection-exhaustive/evidence/J/J-006__PASS.png","J-006__PASS.png","296368","8f6f0dfec7384b9a08cc7adb703bff1db5c10c05151f19b04deeef4be427549a","MOLEXPLORER_SELECTION_A_BF_468AA79DBEC6F723","61_SCREENSHOTS","DRIVE_VERIFIED","true","https://drive.google.com/file/d/1Sno7BJz1dFu-5xnyxhgJxot_CbSSc1K6/view?usp=drivesdk","Uploaded and verified by Google Drive folder readback."
"verification/selection-exhaustive/evidence/J/J-007__PASS.png","J-007__PASS.png","296368","8f6f0dfec7384b9a08cc7adb703bff1db5c10c05151f19b04deeef4be427549a","MOLEXPLORER_SELECTION_A_BF_468AA79DBEC6F723","61_SCREENSHOTS","DRIVE_VERIFIED","true","https://drive.google.com/file/d/1jarV4EGL-KcScONAS9catjA-baZmPCXz/view?usp=drivesdk","Uploaded and verified by Google Drive folder readback."
"verification/selection-exhaustive/evidence/J/J-008__PASS.png","J-008__PASS.png","296368","8f6f0dfec7384b9a08cc7adb703bff1db5c10c05151f19b04deeef4be427549a","MOLEXPLORER_SELECTION_A_BF_468AA79DBEC6F723","61_SCREENSHOTS","DRIVE_VERIFIED","true","https://drive.google.com/file/d/17Cpd5YExY7Ux2UchTX-0ndSunL7Qo1_W/view?usp=drivesdk","Uploaded and verified by Google Drive folder readback."
"verification/selection-exhaustive/evidence/K/K-001__EMPTY_VALID.png","K-001__EMPTY_VALID.png","295126","f1218087e0265eed0f0ed41f28d3796700f18ab0cc6c4017b5c967df2907117a","MOLEXPLORER_SELECTION_A_BF_468AA79DBEC6F723","61_SCREENSHOTS","DRIVE_VERIFIED","true","https://drive.google.com/file/d/1YqQ-CNggT6E0ZakTT9lDtfRdmj4EX2za/view?usp=drivesdk","Uploaded and verified by Google Drive folder readback."
"verification/selection-exhaustive/evidence/K/K-002__EMPTY_VALID.png","K-002__EMPTY_VALID.png","295126","f1218087e0265eed0f0ed41f28d3796700f18ab0cc6c4017b5c967df2907117a","MOLEXPLORER_SELECTION_A_BF_468AA79DBEC6F723","61_SCREENSHOTS","DRIVE_VERIFIED","true","https://drive.google.com/file/d/1B0_59J411RQgqEtyQGmY4JI-JQ4NRPAc/view?usp=drivesdk","Uploaded and verified by Google Drive folder readback."
"verification/selection-exhaustive/evidence/K/K-003__PASS.png","K-003__PASS.png","295955","4654c9cfb81f1a11841f80c5e907648f4a379cd72ba004ad33b472370d83a70f","MOLEXPLORER_SELECTION_A_BF_468AA79DBEC6F723","61_SCREENSHOTS","DRIVE_VERIFIED","true","https://drive.google.com/file/d/1O30-lb3I6oI2DRfxdz3m3YVxfRuRsUo7/view?usp=drivesdk","Uploaded and verified by Google Drive folder readback."
"verification/selection-exhaustive/evidence/K/K-004__EMPTY_VALID.png","K-004__EMPTY_VALID.png","295126","f1218087e0265eed0f0ed41f28d3796700f18ab0cc6c4017b5c967df2907117a","MOLEXPLORER_SELECTION_A_BF_468AA79DBEC6F723","61_SCREENSHOTS","DRIVE_VERIFIED","true","https://drive.google.com/file/d/1K7lCmlAPQwQaZERrBEkok2-s2Mc3HseN/view?usp=drivesdk","Uploaded and verified by Google Drive folder readback."
"verification/selection-exhaustive/evidence/K/K-005__EMPTY_VALID.png","K-005__EMPTY_VALID.png","295126","f1218087e0265eed0f0ed41f28d3796700f18ab0cc6c4017b5c967df2907117a","MOLEXPLORER_SELECTION_A_BF_468AA79DBEC6F723","61_SCREENSHOTS","DRIVE_VERIFIED","true","https://drive.google.com/file/d/1tK9_lWat7pfa6VTa3x8es8Qs35Pe3_Mq/view?usp=drivesdk","Uploaded and verified by Google Drive folder readback."
"verification/selection-exhaustive/evidence/K/K-006__IMPLEMENTED_WITH_LIMITATION.png","K-006__IMPLEMENTED_WITH_LIMITATION.png","295126","f1218087e0265eed0f0ed41f28d3796700f18ab0cc6c4017b5c967df2907117a","MOLEXPLORER_SELECTION_A_BF_468AA79DBEC6F723","61_SCREENSHOTS","DRIVE_VERIFIED","true","https://drive.google.com/file/d/1pv4o4iE2HwWrlG3qx_kKb1AwV6ZiQTD9/view?usp=drivesdk","Uploaded and verified by Google Drive folder readback."
"verification/selection-exhaustive/evidence/K/K-007__PASS.png","K-007__PASS.png","296189","85c59769ee168267ee5e30fc18e1203bd0aee408e3a16aca4d90077b1d279a9a","MOLEXPLORER_SELECTION_A_BF_468AA79DBEC6F723","61_SCREENSHOTS","DRIVE_VERIFIED","true","https://drive.google.com/file/d/1UkvpR8tymmRa08uT7_mZpFXPYa68K272/view?usp=drivesdk","Uploaded and verified by Google Drive folder readback."
"verification/selection-exhaustive/evidence/K/K-008__PASS.png","K-008__PASS.png","296396","b2b3b96012e5d7b59d4e17dd9dab75715b49e99b664f4c15d7f86ff9bde673f2","MOLEXPLORER_SELECTION_A_BF_468AA79DBEC6F723","61_SCREENSHOTS","DRIVE_UPLOAD_BLOCKED","false","","Google Drive upload throttled (429): file upload limit reached; local evidence retained for retry."
"verification/selection-exhaustive/evidence/K/K-009__PASS.png","K-009__PASS.png","296396","b2b3b96012e5d7b59d4e17dd9dab75715b49e99b664f4c15d7f86ff9bde673f2","MOLEXPLORER_SELECTION_A_BF_468AA79DBEC6F723","61_SCREENSHOTS","DRIVE_UPLOAD_BLOCKED","false","","Google Drive upload throttled (429): file upload limit reached; local evidence retained for retry."
"verification/selection-exhaustive/evidence/L/L-001__EMPTY_VALID.png","L-001__EMPTY_VALID.png","295126","f1218087e0265eed0f0ed41f28d3796700f18ab0cc6c4017b5c967df2907117a","MOLEXPLORER_SELECTION_A_BF_468AA79DBEC6F723","61_SCREENSHOTS","DRIVE_UPLOAD_BLOCKED","false","","Google Drive upload throttled (429): file upload limit reached; local evidence retained for retry."
"verification/selection-exhaustive/evidence/L/L-002__EMPTY_VALID.png","L-002__EMPTY_VALID.png","295126","f1218087e0265eed0f0ed41f28d3796700f18ab0cc6c4017b5c967df2907117a","MOLEXPLORER_SELECTION_A_BF_468AA79DBEC6F723","61_SCREENSHOTS","DRIVE_UPLOAD_BLOCKED","false","","Google Drive upload throttled (429): file upload limit reached; local evidence retained for retry."
"verification/selection-exhaustive/evidence/L/L-003__EMPTY_VALID.png","L-003__EMPTY_VALID.png","295126","f1218087e0265eed0f0ed41f28d3796700f18ab0cc6c4017b5c967df2907117a","MOLEXPLORER_SELECTION_A_BF_468AA79DBEC6F723","61_SCREENSHOTS","DRIVE_UPLOAD_BLOCKED","false","","Google Drive upload throttled (429): file upload limit reached; local evidence retained for retry."
"verification/selection-exhaustive/evidence/M/M-001__EMPTY_VALID.png","M-001__EMPTY_VALID.png","295126","f1218087e0265eed0f0ed41f28d3796700f18ab0cc6c4017b5c967df2907117a","MOLEXPLORER_SELECTION_A_BF_468AA79DBEC6F723","61_SCREENSHOTS","DRIVE_UPLOAD_BLOCKED","false","","Google Drive upload throttled (429): file upload limit reached; local evidence retained for retry."
"verification/selection-exhaustive/evidence/M/M-002__EMPTY_VALID.png","M-002__EMPTY_VALID.png","295126","f1218087e0265eed0f0ed41f28d3796700f18ab0cc6c4017b5c967df2907117a","MOLEXPLORER_SELECTION_A_BF_468AA79DBEC6F723","61_SCREENSHOTS","DRIVE_UPLOAD_BLOCKED","false","","Google Drive upload throttled (429): file upload limit reached; local evidence retained for retry."
"verification/selection-exhaustive/evidence/N/N-001__EMPTY_VALID.png","N-001__EMPTY_VALID.png","295126","f1218087e0265eed0f0ed41f28d3796700f18ab0cc6c4017b5c967df2907117a","MOLEXPLORER_SELECTION_A_BF_468AA79DBEC6F723","61_SCREENSHOTS","DRIVE_UPLOAD_BLOCKED","false","","Google Drive upload throttled (429): file upload limit reached; local evidence retained for retry."
"verification/selection-exhaustive/evidence/N/N-002__EMPTY_VALID.png","N-002__EMPTY_VALID.png","295126","f1218087e0265eed0f0ed41f28d3796700f18ab0cc6c4017b5c967df2907117a","MOLEXPLORER_SELECTION_A_BF_468AA79DBEC6F723","61_SCREENSHOTS","DRIVE_UPLOAD_BLOCKED","false","","Google Drive upload throttled (429): file upload limit reached; local evidence retained for retry."
"verification/selection-exhaustive/evidence/N/N-003__EMPTY_VALID.png","N-003__EMPTY_VALID.png","295126","f1218087e0265eed0f0ed41f28d3796700f18ab0cc6c4017b5c967df2907117a","MOLEXPLORER_SELECTION_A_BF_468AA79DBEC6F723","61_SCREENSHOTS","DRIVE_UPLOAD_BLOCKED","false","","Google Drive upload throttled (429): file upload limit reached; local evidence retained for retry."
"verification/selection-exhaustive/evidence/O/O-001__PASS.png","O-001__PASS.png","296333","02f47aee196ebbdf7d90e33e50c58eb78308abcd1ce40d3b16716115b562f4c5","MOLEXPLORER_SELECTION_A_BF_468AA79DBEC6F723","61_SCREENSHOTS","DRIVE_UPLOAD_BLOCKED","false","","Google Drive upload throttled (429): file upload limit reached; local evidence retained for retry."
"verification/selection-exhaustive/evidence/O/O-002__PASS.png","O-002__PASS.png","296334","934c59dd6c5035f01fc202591482d745511778217cd847764c25dc1ad8ff4678","MOLEXPLORER_SELECTION_A_BF_468AA79DBEC6F723","61_SCREENSHOTS","DRIVE_UPLOAD_BLOCKED","false","","Google Drive upload throttled (429): file upload limit reached; local evidence retained for retry."
"verification/selection-exhaustive/evidence/O/O-003__EMPTY_VALID.png","O-003__EMPTY_VALID.png","295554","92bf0fa4ead0297cc5af878b1af36c91a78efa81d2c570bd60f326a9b9a53880","MOLEXPLORER_SELECTION_A_BF_468AA79DBEC6F723","61_SCREENSHOTS","DRIVE_UPLOAD_BLOCKED","false","","Google Drive upload throttled (429): file upload limit reached; local evidence retained for retry."
"verification/selection-exhaustive/evidence/O/O-004__EMPTY_VALID.png","O-004__EMPTY_VALID.png","295554","92bf0fa4ead0297cc5af878b1af36c91a78efa81d2c570bd60f326a9b9a53880","MOLEXPLORER_SELECTION_A_BF_468AA79DBEC6F723","61_SCREENSHOTS","DRIVE_UPLOAD_BLOCKED","false","","Google Drive upload throttled (429): file upload limit reached; local evidence retained for retry."
"verification/selection-exhaustive/evidence/O/O-005__PASS.png","O-005__PASS.png","296334","934c59dd6c5035f01fc202591482d745511778217cd847764c25dc1ad8ff4678","MOLEXPLORER_SELECTION_A_BF_468AA79DBEC6F723","61_SCREENSHOTS","DRIVE_UPLOAD_BLOCKED","false","","Google Drive upload throttled (429): file upload limit reached; local evidence retained for retry."
"verification/selection-exhaustive/evidence/O/O-006__PASS.png","O-006__PASS.png","296265","c923e5ea91731232bde61b8bbd3f07f9e54270c5a6a29a9f5ccff51520ae37bc","MOLEXPLORER_SELECTION_A_BF_468AA79DBEC6F723","61_SCREENSHOTS","DRIVE_UPLOAD_BLOCKED","false","","Google Drive upload throttled (429): file upload limit reached; local evidence retained for retry."
"verification/selection-exhaustive/evidence/O/O-007__PASS.png","O-007__PASS.png","296265","c923e5ea91731232bde61b8bbd3f07f9e54270c5a6a29a9f5ccff51520ae37bc","MOLEXPLORER_SELECTION_A_BF_468AA79DBEC6F723","61_SCREENSHOTS","DRIVE_UPLOAD_BLOCKED","false","","Google Drive upload throttled (429): file upload limit reached; local evidence retained for retry."
"verification/selection-exhaustive/evidence/O/O-008__PASS.png","O-008__PASS.png","296718","25126ac58262764ff63ecb6f4e33ef113c81428a029130822a3263329ad0c4d0","MOLEXPLORER_SELECTION_A_BF_468AA79DBEC6F723","61_SCREENSHOTS","DRIVE_UPLOAD_BLOCKED","false","","Google Drive upload throttled (429): file upload limit reached; local evidence retained for retry."
"verification/selection-exhaustive/evidence/P/P-001__INVALID_EXPECTED.png","P-001__INVALID_EXPECTED.png","296718","25126ac58262764ff63ecb6f4e33ef113c81428a029130822a3263329ad0c4d0","MOLEXPLORER_SELECTION_A_BF_468AA79DBEC6F723","61_SCREENSHOTS","DRIVE_UPLOAD_BLOCKED","false","","Google Drive upload throttled (429): file upload limit reached; local evidence retained for retry."
"verification/selection-exhaustive/evidence/P/P-002__PASS.png","P-002__PASS.png","296334","934c59dd6c5035f01fc202591482d745511778217cd847764c25dc1ad8ff4678","MOLEXPLORER_SELECTION_A_BF_468AA79DBEC6F723","61_SCREENSHOTS","DRIVE_UPLOAD_BLOCKED","false","","Google Drive upload throttled (429): file upload limit reached; local evidence retained for retry."
"verification/selection-exhaustive/evidence/P/P-003__INVALID_EXPECTED.png","P-003__INVALID_EXPECTED.png","296334","934c59dd6c5035f01fc202591482d745511778217cd847764c25dc1ad8ff4678","MOLEXPLORER_SELECTION_A_BF_468AA79DBEC6F723","61_SCREENSHOTS","DRIVE_UPLOAD_BLOCKED","false","","Google Drive upload throttled (429): file upload limit reached; local evidence retained for retry."
"verification/selection-exhaustive/evidence/Q/Q-001__PASS.png","Q-001__PASS.png","296333","02f47aee196ebbdf7d90e33e50c58eb78308abcd1ce40d3b16716115b562f4c5","MOLEXPLORER_SELECTION_A_BF_468AA79DBEC6F723","61_SCREENSHOTS","DRIVE_UPLOAD_BLOCKED","false","","Google Drive upload throttled (429): file upload limit reached; local evidence retained for retry."
"verification/selection-exhaustive/evidence/Q/Q-002__PASS.png","Q-002__PASS.png","296334","934c59dd6c5035f01fc202591482d745511778217cd847764c25dc1ad8ff4678","MOLEXPLORER_SELECTION_A_BF_468AA79DBEC6F723","61_SCREENSHOTS","DRIVE_UPLOAD_BLOCKED","false","","Google Drive upload throttled (429): file upload limit reached; local evidence retained for retry."
"verification/selection-exhaustive/evidence/R/R-001__PASS.png","R-001__PASS.png","296334","934c59dd6c5035f01fc202591482d745511778217cd847764c25dc1ad8ff4678","MOLEXPLORER_SELECTION_A_BF_468AA79DBEC6F723","61_SCREENSHOTS","DRIVE_UPLOAD_BLOCKED","false","","Google Drive upload throttled (429): file upload limit reached; local evidence retained for retry."
"verification/selection-exhaustive/evidence/R/R-002__EMPTY_VALID.png","R-002__EMPTY_VALID.png","295554","92bf0fa4ead0297cc5af878b1af36c91a78efa81d2c570bd60f326a9b9a53880","MOLEXPLORER_SELECTION_A_BF_468AA79DBEC6F723","61_SCREENSHOTS","DRIVE_UPLOAD_BLOCKED","false","","Google Drive upload throttled (429): file upload limit reached; local evidence retained for retry."
"verification/selection-exhaustive/evidence/R/R-003__EMPTY_VALID.png","R-003__EMPTY_VALID.png","295554","92bf0fa4ead0297cc5af878b1af36c91a78efa81d2c570bd60f326a9b9a53880","MOLEXPLORER_SELECTION_A_BF_468AA79DBEC6F723","61_SCREENSHOTS","DRIVE_UPLOAD_BLOCKED","false","","Google Drive upload throttled (429): file upload limit reached; local evidence retained for retry."
"verification/selection-exhaustive/evidence/S/S-001__PASS.png","S-001__PASS.png","296317","dc6944b9be0655c53ed1cfcb3251e4b996410a0e9eb41fb6bc96ea4fc2f6f865","MOLEXPLORER_SELECTION_A_BF_468AA79DBEC6F723","61_SCREENSHOTS","DRIVE_UPLOAD_BLOCKED","false","","Google Drive upload throttled (429): file upload limit reached; local evidence retained for retry."
"verification/selection-exhaustive/evidence/S/S-002__PASS.png","S-002__PASS.png","296334","934c59dd6c5035f01fc202591482d745511778217cd847764c25dc1ad8ff4678","MOLEXPLORER_SELECTION_A_BF_468AA79DBEC6F723","61_SCREENSHOTS","DRIVE_UPLOAD_BLOCKED","false","","Google Drive upload throttled (429): file upload limit reached; local evidence retained for retry."
"verification/selection-exhaustive/evidence/S/S-003__PASS.png","S-003__PASS.png","296607","297ad3dff00a5b28d13374bace07f0979b5f85cbf788cdd9d1c4fbaf9cd77af8","MOLEXPLORER_SELECTION_A_BF_468AA79DBEC6F723","61_SCREENSHOTS","DRIVE_UPLOAD_BLOCKED","false","","Google Drive upload throttled (429): file upload limit reached; local evidence retained for retry."
"verification/selection-exhaustive/evidence/S/S-004__PASS.png","S-004__PASS.png","295955","4654c9cfb81f1a11841f80c5e907648f4a379cd72ba004ad33b472370d83a70f","MOLEXPLORER_SELECTION_A_BF_468AA79DBEC6F723","61_SCREENSHOTS","DRIVE_UPLOAD_BLOCKED","false","","Google Drive upload throttled (429): file upload limit reached; local evidence retained for retry."
"verification/selection-exhaustive/evidence/T/T-001__PASS.png","T-001__PASS.png","296319","3b60951bef0e469a34fdf6537929f83154d5732b4645f2369f2cda9acd06223c","MOLEXPLORER_SELECTION_A_BF_468AA79DBEC6F723","61_SCREENSHOTS","DRIVE_UPLOAD_BLOCKED","false","","Google Drive upload throttled (429): file upload limit reached; local evidence retained for retry."
"verification/selection-exhaustive/evidence/T/T-002__PASS.png","T-002__PASS.png","296265","c923e5ea91731232bde61b8bbd3f07f9e54270c5a6a29a9f5ccff51520ae37bc","MOLEXPLORER_SELECTION_A_BF_468AA79DBEC6F723","61_SCREENSHOTS","DRIVE_UPLOAD_BLOCKED","false","","Google Drive upload throttled (429): file upload limit reached; local evidence retained for retry."
"verification/selection-exhaustive/evidence/U/U-001__PASS.png","U-001__PASS.png","296718","25126ac58262764ff63ecb6f4e33ef113c81428a029130822a3263329ad0c4d0","MOLEXPLORER_SELECTION_A_BF_468AA79DBEC6F723","61_SCREENSHOTS","DRIVE_UPLOAD_BLOCKED","false","","Google Drive upload throttled (429): file upload limit reached; local evidence retained for retry."
"verification/selection-exhaustive/evidence/U/U-002__PASS.png","U-002__PASS.png","296718","25126ac58262764ff63ecb6f4e33ef113c81428a029130822a3263329ad0c4d0","MOLEXPLORER_SELECTION_A_BF_468AA79DBEC6F723","61_SCREENSHOTS","DRIVE_UPLOAD_BLOCKED","false","","Google Drive upload throttled (429): file upload limit reached; local evidence retained for retry."
"verification/selection-exhaustive/evidence/U/U-003__PASS.png","U-003__PASS.png","296718","25126ac58262764ff63ecb6f4e33ef113c81428a029130822a3263329ad0c4d0","MOLEXPLORER_SELECTION_A_BF_468AA79DBEC6F723","61_SCREENSHOTS","DRIVE_UPLOAD_BLOCKED","false","","Google Drive upload throttled (429): file upload limit reached; local evidence retained for retry."
"verification/selection-exhaustive/evidence/U/U-004__EMPTY_VALID.png","U-004__EMPTY_VALID.png","295554","92bf0fa4ead0297cc5af878b1af36c91a78efa81d2c570bd60f326a9b9a53880","MOLEXPLORER_SELECTION_A_BF_468AA79DBEC6F723","61_SCREENSHOTS","DRIVE_UPLOAD_BLOCKED","false","","Google Drive upload throttled (429): file upload limit reached; local evidence retained for retry."
"verification/selection-exhaustive/evidence/U/U-005__EMPTY_VALID.png","U-005__EMPTY_VALID.png","295554","92bf0fa4ead0297cc5af878b1af36c91a78efa81d2c570bd60f326a9b9a53880","MOLEXPLORER_SELECTION_A_BF_468AA79DBEC6F723","61_SCREENSHOTS","DRIVE_UPLOAD_BLOCKED","false","","Google Drive upload throttled (429): file upload limit reached; local evidence retained for retry."
"verification/selection-exhaustive/evidence/U/U-006__EMPTY_VALID.png","U-006__EMPTY_VALID.png","295554","92bf0fa4ead0297cc5af878b1af36c91a78efa81d2c570bd60f326a9b9a53880","MOLEXPLORER_SELECTION_A_BF_468AA79DBEC6F723","61_SCREENSHOTS","DRIVE_UPLOAD_BLOCKED","false","","Google Drive upload throttled (429): file upload limit reached; local evidence retained for retry."
"verification/selection-exhaustive/evidence/V/V-001__EMPTY_VALID.png","V-001__EMPTY_VALID.png","295554","92bf0fa4ead0297cc5af878b1af36c91a78efa81d2c570bd60f326a9b9a53880","MOLEXPLORER_SELECTION_A_BF_468AA79DBEC6F723","61_SCREENSHOTS","DRIVE_UPLOAD_BLOCKED","false","","Google Drive upload throttled (429): file upload limit reached; local evidence retained for retry."
"verification/selection-exhaustive/evidence/V/V-002__PASS.png","V-002__PASS.png","296718","25126ac58262764ff63ecb6f4e33ef113c81428a029130822a3263329ad0c4d0","MOLEXPLORER_SELECTION_A_BF_468AA79DBEC6F723","61_SCREENSHOTS","DRIVE_UPLOAD_BLOCKED","false","","Google Drive upload throttled (429): file upload limit reached; local evidence retained for retry."
"verification/selection-exhaustive/evidence/V/V-003__PASS.png","V-003__PASS.png","296718","25126ac58262764ff63ecb6f4e33ef113c81428a029130822a3263329ad0c4d0","MOLEXPLORER_SELECTION_A_BF_468AA79DBEC6F723","61_SCREENSHOTS","DRIVE_UPLOAD_BLOCKED","false","","Google Drive upload throttled (429): file upload limit reached; local evidence retained for retry."
"verification/selection-exhaustive/evidence/W/W-001__EMPTY_VALID.png","W-001__EMPTY_VALID.png","298637","c3dc5de8c714886bac21432edf54684b0cd8e86bc01b2988915fed7b21683a1e","MOLEXPLORER_SELECTION_A_BF_468AA79DBEC6F723","61_SCREENSHOTS","DRIVE_UPLOAD_BLOCKED","false","","Google Drive upload throttled (429): file upload limit reached; local evidence retained for retry."
"verification/selection-exhaustive/evidence/W/W-002__EMPTY_VALID.png","W-002__EMPTY_VALID.png","298637","c3dc5de8c714886bac21432edf54684b0cd8e86bc01b2988915fed7b21683a1e","MOLEXPLORER_SELECTION_A_BF_468AA79DBEC6F723","61_SCREENSHOTS","DRIVE_UPLOAD_BLOCKED","false","","Google Drive upload throttled (429): file upload limit reached; local evidence retained for retry."
"verification/selection-exhaustive/evidence/W/W-003__EMPTY_VALID.png","W-003__EMPTY_VALID.png","298637","c3dc5de8c714886bac21432edf54684b0cd8e86bc01b2988915fed7b21683a1e","MOLEXPLORER_SELECTION_A_BF_468AA79DBEC6F723","61_SCREENSHOTS","DRIVE_UPLOAD_BLOCKED","false","","Google Drive upload throttled (429): file upload limit reached; local evidence retained for retry."
"verification/selection-exhaustive/evidence/W/W-004__EMPTY_VALID.png","W-004__EMPTY_VALID.png","298637","c3dc5de8c714886bac21432edf54684b0cd8e86bc01b2988915fed7b21683a1e","MOLEXPLORER_SELECTION_A_BF_468AA79DBEC6F723","61_SCREENSHOTS","DRIVE_UPLOAD_BLOCKED","false","","Google Drive upload throttled (429): file upload limit reached; local evidence retained for retry."
"verification/selection-exhaustive/evidence/W/W-005__EMPTY_VALID.png","W-005__EMPTY_VALID.png","298637","c3dc5de8c714886bac21432edf54684b0cd8e86bc01b2988915fed7b21683a1e","MOLEXPLORER_SELECTION_A_BF_468AA79DBEC6F723","61_SCREENSHOTS","DRIVE_UPLOAD_BLOCKED","false","","Google Drive upload throttled (429): file upload limit reached; local evidence retained for retry."
"verification/selection-exhaustive/evidence/X/X-001__IMPLEMENTED_WITH_LIMITATION.png","X-001__IMPLEMENTED_WITH_LIMITATION.png","294313","b83844f4f0144305fdc025bda2c4d014da6f554aeaeffc6831c773b4d17400d5","MOLEXPLORER_SELECTION_A_BF_468AA79DBEC6F723","61_SCREENSHOTS","DRIVE_UPLOAD_BLOCKED","false","","Google Drive upload throttled (429): file upload limit reached; local evidence retained for retry."
"verification/selection-exhaustive/evidence/X/X-002__IMPLEMENTED_WITH_LIMITATION.png","X-002__IMPLEMENTED_WITH_LIMITATION.png","294313","b83844f4f0144305fdc025bda2c4d014da6f554aeaeffc6831c773b4d17400d5","MOLEXPLORER_SELECTION_A_BF_468AA79DBEC6F723","61_SCREENSHOTS","DRIVE_UPLOAD_BLOCKED","false","","Google Drive upload throttled (429): file upload limit reached; local evidence retained for retry."
"verification/selection-exhaustive/evidence/X/X-003__PASS.png","X-003__PASS.png","294929","68f22555d08d1322e11438608daef22a74e747ae5dd574b0c52f92b055e20fb4","MOLEXPLORER_SELECTION_A_BF_468AA79DBEC6F723","61_SCREENSHOTS","DRIVE_UPLOAD_BLOCKED","false","","Google Drive upload throttled (429): file upload limit reached; local evidence retained for retry."
"verification/selection-exhaustive/evidence/X/X-004__PASS.png","X-004__PASS.png","294967","0634791577d6649242c46e6d3d7359e6be70141324e6cf52849c1e9ad2f4cd21","MOLEXPLORER_SELECTION_A_BF_468AA79DBEC6F723","61_SCREENSHOTS","DRIVE_UPLOAD_BLOCKED","false","","Google Drive upload throttled (429): file upload limit reached; local evidence retained for retry."
"verification/selection-exhaustive/evidence/Y/Y-001__EMPTY_VALID.png","Y-001__EMPTY_VALID.png","295554","92bf0fa4ead0297cc5af878b1af36c91a78efa81d2c570bd60f326a9b9a53880","MOLEXPLORER_SELECTION_A_BF_468AA79DBEC6F723","61_SCREENSHOTS","DRIVE_UPLOAD_BLOCKED","false","","Google Drive upload throttled (429): file upload limit reached; local evidence retained for retry."
"verification/selection-exhaustive/evidence/Y/Y-002__PASS.png","Y-002__PASS.png","296728","78b70e168cd544f748a2a344652c0164fd670911a518fd33f7aa8fdfe1006d77","MOLEXPLORER_SELECTION_A_BF_468AA79DBEC6F723","61_SCREENSHOTS","DRIVE_UPLOAD_BLOCKED","false","","Google Drive upload throttled (429): file upload limit reached; local evidence retained for retry."
"verification/selection-exhaustive/evidence/Y/Y-003__PASS.png","Y-003__PASS.png","296265","c923e5ea91731232bde61b8bbd3f07f9e54270c5a6a29a9f5ccff51520ae37bc","MOLEXPLORER_SELECTION_A_BF_468AA79DBEC6F723","61_SCREENSHOTS","DRIVE_UPLOAD_BLOCKED","false","","Google Drive upload throttled (429): file upload limit reached; local evidence retained for retry."
"verification/selection-exhaustive/evidence/Y/Y-004__EMPTY_VALID.png","Y-004__EMPTY_VALID.png","295554","92bf0fa4ead0297cc5af878b1af36c91a78efa81d2c570bd60f326a9b9a53880","MOLEXPLORER_SELECTION_A_BF_468AA79DBEC6F723","61_SCREENSHOTS","DRIVE_UPLOAD_BLOCKED","false","","Google Drive upload throttled (429): file upload limit reached; local evidence retained for retry."
"verification/selection-exhaustive/evidence/Y/Y-005__PASS.png","Y-005__PASS.png","296310","5f8e588d73be4719b5375c8e9c887e1c2683e76c1c38ae9a277a6400121d7532","MOLEXPLORER_SELECTION_A_BF_468AA79DBEC6F723","61_SCREENSHOTS","DRIVE_UPLOAD_BLOCKED","false","","Google Drive upload throttled (429): file upload limit reached; local evidence retained for retry."
"verification/selection-exhaustive/evidence/Z/Z-001__PASS.png","Z-001__PASS.png","295468","98f5c6ca5f17aecf2fe93985a067108d36317a5d1dbc7cc44570eb2adbb54a47","MOLEXPLORER_SELECTION_A_BF_468AA79DBEC6F723","61_SCREENSHOTS","DRIVE_UPLOAD_BLOCKED","false","","Google Drive upload throttled (429): file upload limit reached; local evidence retained for retry."
"verification/selection-exhaustive/evidence/Z/Z-002__EMPTY_VALID.png","Z-002__EMPTY_VALID.png","294934","7f8bbe5b7ca5b5cd49a8a8168f126433b3b619327e2c014c07eb31513139074a","MOLEXPLORER_SELECTION_A_BF_468AA79DBEC6F723","61_SCREENSHOTS","DRIVE_UPLOAD_BLOCKED","false","","Google Drive upload throttled (429): file upload limit reached; local evidence retained for retry."
"verification/selection-exhaustive/evidence/Z/Z-003__PASS.png","Z-003__PASS.png","295468","98f5c6ca5f17aecf2fe93985a067108d36317a5d1dbc7cc44570eb2adbb54a47","MOLEXPLORER_SELECTION_A_BF_468AA79DBEC6F723","61_SCREENSHOTS","DRIVE_UPLOAD_BLOCKED","false","","Google Drive upload throttled (429): file upload limit reached; local evidence retained for retry."
"verification/selection-exhaustive/evidence/Z/Z-004__PASS.png","Z-004__PASS.png","295468","98f5c6ca5f17aecf2fe93985a067108d36317a5d1dbc7cc44570eb2adbb54a47","MOLEXPLORER_SELECTION_A_BF_468AA79DBEC6F723","61_SCREENSHOTS","DRIVE_UPLOAD_BLOCKED","false","","Google Drive upload throttled (429): file upload limit reached; local evidence retained for retry."
"verification/selection-exhaustive/ui/viewport-1024x768.png","viewport-1024x768.png","266502","8a4bff42053c9ee57406ee55cc68b8e3afb347f4b3cddf0e9d82cfe2ea167120","MOLEXPLORER_SELECTION_A_BF_468AA79DBEC6F723","61_SCREENSHOTS","DRIVE_UPLOAD_BLOCKED","false","","Google Drive upload throttled (429): file upload limit reached; local evidence retained for retry."
"verification/selection-exhaustive/ui/viewport-1280x720.png","viewport-1280x720.png","248758","43160187466c5a532367e0d472d63cfe3bf8c45fdd17b226aa8cbde94bb4f07a","MOLEXPLORER_SELECTION_A_BF_468AA79DBEC6F723","61_SCREENSHOTS","DRIVE_UPLOAD_BLOCKED","false","","Google Drive upload throttled (429): file upload limit reached; local evidence retained for retry."
"verification/selection-exhaustive/ui/viewport-1366x768.png","viewport-1366x768.png","301953","546e027316b34d7b9bf962817a1a33ce39791542740ffbb6d7eb7812f97d59ee","MOLEXPLORER_SELECTION_A_BF_468AA79DBEC6F723","61_SCREENSHOTS","DRIVE_UPLOAD_BLOCKED","false","","Google Drive upload throttled (429): file upload limit reached; local evidence retained for retry."
"verification/selection-exhaustive/ui/viewport-1440x900.png","viewport-1440x900.png","341372","7a3f19345ccbe75681d4913ee18bb8c8307e5eaad54d30ce8091932715057d8b","MOLEXPLORER_SELECTION_A_BF_468AA79DBEC6F723","61_SCREENSHOTS","DRIVE_UPLOAD_BLOCKED","false","","Google Drive upload throttled (429): file upload limit reached; local evidence retained for retry."
"verification/selection-exhaustive/ui/viewport-1600x900.png","viewport-1600x900.png","333982","4935de2d23103f4b58425ccfc7a264eae3f3c42fb5a1a3618f1c33a3a8a84933","MOLEXPLORER_SELECTION_A_BF_468AA79DBEC6F723","61_SCREENSHOTS","DRIVE_UPLOAD_BLOCKED","false","","Google Drive upload throttled (429): file upload limit reached; local evidence retained for retry."
"verification/selection-exhaustive/ui/viewport-1920x1080.png","viewport-1920x1080.png","393172","0d17441da76be5bc2c82e53ce9b45672f632dd0d524266a4291fbbd5907edc39","MOLEXPLORER_SELECTION_A_BF_468AA79DBEC6F723","61_SCREENSHOTS","DRIVE_UPLOAD_BLOCKED","false","","Google Drive upload throttled (429): file upload limit reached; local evidence retained for retry."
"verification/selection-exhaustive/ui/viewport-360x800.png","viewport-360x800.png","104948","92b0e3e4914cf7257dcf29f563aadbeb491ff5ebe622adca8279f7c4b293c770","MOLEXPLORER_SELECTION_A_BF_468AA79DBEC6F723","61_SCREENSHOTS","DRIVE_UPLOAD_BLOCKED","false","","Google Drive upload throttled (429): file upload limit reached; local evidence retained for retry."
"verification/selection-exhaustive/ui/viewport-390x844.png","viewport-390x844.png","115254","9103f1c50a979a849e689f15a2150772b2da6dde4f8bd99e82e5c65b08193cd9","MOLEXPLORER_SELECTION_A_BF_468AA79DBEC6F723","61_SCREENSHOTS","DRIVE_UPLOAD_BLOCKED","false","","Google Drive upload throttled (429): file upload limit reached; local evidence retained for retry."
"verification/selection-exhaustive/ui/viewport-430x932.png","viewport-430x932.png","129047","f159801dda40bda1f409b9a8acf50af30f3c7e056a526c32336c8ef3182c49d0","MOLEXPLORER_SELECTION_A_BF_468AA79DBEC6F723","61_SCREENSHOTS","DRIVE_UPLOAD_BLOCKED","false","","Google Drive upload throttled (429): file upload limit reached; local evidence retained for retry."
"verification/selection-exhaustive/ui/viewport-600x960.png","viewport-600x960.png","176124","ac3d4fe190c24f83721df19432773023ca720636378352c955417d3e0adef7a3","MOLEXPLORER_SELECTION_A_BF_468AA79DBEC6F723","61_SCREENSHOTS","DRIVE_UPLOAD_BLOCKED","false","","Google Drive upload throttled (429): file upload limit reached; local evidence retained for retry."
"verification/selection-exhaustive/ui/viewport-768x1024.png","viewport-768x1024.png","238478","5eb1dc7fde95fae8c7d72acc6fd2919c095f4f7f19a25d8298cf8b62524bff8c","MOLEXPLORER_SELECTION_A_BF_468AA79DBEC6F723","61_SCREENSHOTS","DRIVE_UPLOAD_BLOCKED","false","","Google Drive upload throttled (429): file upload limit reached; local evidence retained for retry."
"verification/selection-exhaustive/ui/viewport-820x1180.png","viewport-820x1180.png","279046","ae005bcd204d654524110f723744db98019c2605f6490da7d937f8cdb5e9fdc9","MOLEXPLORER_SELECTION_A_BF_468AA79DBEC6F723","61_SCREENSHOTS","DRIVE_UPLOAD_BLOCKED","false","","Google Drive upload throttled (429): file upload limit reached; local evidence retained for retry."
"verification/selection-exhaustive/ui/viewport-900x900.png","viewport-900x900.png","256227","35b9528206003d78856bbaa039079e4233e19dd0b5606931d3cae2132d2e3f8f","MOLEXPLORER_SELECTION_A_BF_468AA79DBEC6F723","61_SCREENSHOTS","DRIVE_UPLOAD_BLOCKED","false","","Google Drive upload throttled (429): file upload limit reached; local evidence retained for retry."
