test_id,category,query,fixture,expected_classification,actual_classification,actual_count,programmatic_count,mole_hash,canonical_sha256,visual_pass,screenshot,duration_ms,notes
"A-001","A","all","tests/fixtures/mini-protein.pdb","VALID_NONEMPTY","PASS","12","12","","","true","verification/selection-exhaustive/evidence/A/A-001__PASS.png","8100",""
"A-002","A","none","tests/fixtures/mini-protein.pdb","VALID_EMPTY","EMPTY_VALID","0","0","","","true","verification/selection-exhaustive/evidence/A/A-002__EMPTY_VALID.png","913",""
"A-003","A","enabled","tests/fixtures/mini-protein.pdb","VALID_NONEMPTY","PASS","12","12","","","true","verification/selection-exhaustive/evidence/A/A-003__PASS.png","1845",""
"A-004","A","present","tests/fixtures/mini-protein.pdb","VALID_NONEMPTY","PASS","12","12","","","true","verification/selection-exhaustive/evidence/A/A-004__PASS.png","1501",""
"A-005","A","visible","tests/fixtures/mini-protein.pdb","MISSING_DEPENDENCY","PASS","11","0","","","true","verification/selection-exhaustive/evidence/A/A-005__PASS.png","1513",""
"A-006","A","polymer","tests/fixtures/mini-protein.pdb","VALID_NONEMPTY","PASS","8","8","","","true","verification/selection-exhaustive/evidence/A/A-006__PASS.png","1510",""
"A-007","A","polymer.protein","tests/fixtures/mini-protein.pdb","VALID_NONEMPTY","PASS","8","8","","","true","verification/selection-exhaustive/evidence/A/A-007__PASS.png","1490",""
"A-008","A","polymer.nucleic","tests/fixtures/mini-protein.pdb","MISSING_DEPENDENCY","IMPLEMENTED_WITH_LIMITATION","0","0","","","true","verification/selection-exhaustive/evidence/A/A-008__IMPLEMENTED_WITH_LIMITATION.png","507",""
"A-009","A","organic","tests/fixtures/mini-protein.pdb","VALID_NONEMPTY","PASS","2","2","","","true","verification/selection-exhaustive/evidence/A/A-009__PASS.png","1459",""
"A-010","A","inorganic","tests/fixtures/mini-protein.pdb","VALID_NONEMPTY","PASS","1","1","","","true","verification/selection-exhaustive/evidence/A/A-010__PASS.png","1522",""
"A-011","A","solvent","tests/fixtures/mini-protein.pdb","VALID_NONEMPTY","PASS","1","1","","","true","verification/selection-exhaustive/evidence/A/A-011__PASS.png","1503",""
"A-012","A","metals","tests/fixtures/mini-protein.pdb","VALID_NONEMPTY","PASS","1","1","","","true","verification/selection-exhaustive/evidence/A/A-012__PASS.png","1470",""
"A-013","A","hydrogens","tests/fixtures/mini-protein.pdb","VALID_EMPTY","EMPTY_VALID","0","0","","","true","verification/selection-exhaustive/evidence/A/A-013__EMPTY_VALID.png","645",""
"A-014","A","hetatm","tests/fixtures/mini-protein.pdb","VALID_NONEMPTY","PASS","4","4","","","true","verification/selection-exhaustive/evidence/A/A-014__PASS.png","1474",""
"A-015","A","backbone","tests/fixtures/mini-protein.pdb","VALID_NONEMPTY","PASS","8","8","","","true","verification/selection-exhaustive/evidence/A/A-015__PASS.png","1373",""
"A-016","A","sidechain","tests/fixtures/mini-protein.pdb","VALID_EMPTY","EMPTY_VALID","0","0","","","true","verification/selection-exhaustive/evidence/A/A-016__EMPTY_VALID.png","631",""
"A-017","A","guide","tests/fixtures/mini-protein.pdb","VALID_NONEMPTY","PASS","2","2","","","true","verification/selection-exhaustive/evidence/A/A-017__PASS.png","1422",""
"A-018","A","bonded","tests/fixtures/mini-protein.pdb","VALID_NONEMPTY","PASS","10","10","","","true","verification/selection-exhaustive/evidence/A/A-018__PASS.png","1433",""
"A-019","A","donors","tests/fixtures/mini-protein.pdb","VALID_NONEMPTY","PASS","7","7","","","true","verification/selection-exhaustive/evidence/A/A-019__PASS.png","1602",""
"A-020","A","acceptors","tests/fixtures/mini-protein.pdb","VALID_NONEMPTY","PASS","4","4","","","true","verification/selection-exhaustive/evidence/A/A-020__PASS.png","1532",""
"AA-001","AA","show cartoon, polymer.protein","tests/fixtures/mini-protein.pdb","COMMAND_HANDLED","PASS","8","","","","true","verification/selection-exhaustive/evidence/AA/AA-001__PASS.png","1404",""
"AA-002","AA","rep cartoon","tests/fixtures/mini-protein.pdb","COMMAND_HANDLED","PASS","8","","","","true","verification/selection-exhaustive/evidence/AA/AA-002__PASS.png","1535",""
"AA-003","AA","hide cartoon, polymer.protein","tests/fixtures/mini-protein.pdb","COMMAND_HANDLED","PASS","8","","","","true","verification/selection-exhaustive/evidence/AA/AA-003__PASS.png","1507",""
"AA-004","AA","rep cartoon","tests/fixtures/mini-protein.pdb","COMMAND_HANDLED","EMPTY_VALID","0","","","","true","verification/selection-exhaustive/evidence/AA/AA-004__EMPTY_VALID.png","590",""
"AB-001","AB","color blue, chain A","tests/fixtures/mini-protein.pdb","COMMAND_HANDLED","PASS","11","","","","true","verification/selection-exhaustive/evidence/AB/AB-001__PASS.png","1235",""
"AB-002","AB","color blue","tests/fixtures/mini-protein.pdb","COMMAND_HANDLED","PASS","12","","","","true","verification/selection-exhaustive/evidence/AB/AB-002__PASS.png","1253",""
"AB-003","AB","color red, chain A","tests/fixtures/mini-protein.pdb","COMMAND_HANDLED","PASS","11","","","","true","verification/selection-exhaustive/evidence/AB/AB-003__PASS.png","1417",""
"AB-004","AB","color blue","tests/fixtures/mini-protein.pdb","COMMAND_HANDLED","PASS","12","","","","true","verification/selection-exhaustive/evidence/AB/AB-004__PASS.png","1288",""
"AB-005","AB","color red","tests/fixtures/mini-protein.pdb","COMMAND_HANDLED","PASS","12","","","","true","verification/selection-exhaustive/evidence/AB/AB-005__PASS.png","1431",""
"AC-001","AC","select active_site, byres (polymer.protein within 4 of organic)","tests/fixtures/mini-protein.pdb","UNKNOWN_PROPERTY","PASS","8","0","","","true","verification/selection-exhaustive/evidence/AC/AC-001__PASS.png","2090",""
"AC-002","AC","active_site","tests/fixtures/mini-protein.pdb","UNKNOWN_NAME","PASS","8","0","","","true","verification/selection-exhaustive/evidence/AC/AC-002__PASS.png","1557",""
"AC-003","AC","%active_site","tests/fixtures/mini-protein.pdb","UNKNOWN_NAME","PASS","8","0","","","true","verification/selection-exhaustive/evidence/AC/AC-003__PASS.png","1540",""
"AC-004","AC","?active_site","tests/fixtures/mini-protein.pdb","VALID_EMPTY","PASS","8","0","","","true","verification/selection-exhaustive/evidence/AC/AC-004__PASS.png","1345",""
"AC-005","AC","?does_not_exist","tests/fixtures/mini-protein.pdb","VALID_EMPTY","EMPTY_VALID","0","0","","","true","verification/selection-exhaustive/evidence/AC/AC-005__EMPTY_VALID.png","620",""
"AD-001","AD","select ligand_test, organic","tests/fixtures/mini-protein.pdb","UNKNOWN_PROPERTY","PASS","2","0","","","true","verification/selection-exhaustive/evidence/AD/AD-001__PASS.png","2048",""
"AD-002","AD","select pocket_test, byres (polymer.protein within 4 of ligand_test)","tests/fixtures/mini-protein.pdb","UNKNOWN_PROPERTY","PASS","8","0","","","true","verification/selection-exhaustive/evidence/AD/AD-002__PASS.png","2251",""
"AD-003","AD","pocket_test and chain A","tests/fixtures/mini-protein.pdb","UNKNOWN_NAME","PASS","8","0","","","true","verification/selection-exhaustive/evidence/AD/AD-003__PASS.png","1500",""
"AD-004","AD","pocket_test and name CA","tests/fixtures/mini-protein.pdb","UNKNOWN_NAME","PASS","2","0","","","true","verification/selection-exhaustive/evidence/AD/AD-004__PASS.png","1409",""
"AD-005","AD","not pocket_test","tests/fixtures/mini-protein.pdb","UNKNOWN_NAME","PASS","4","12","","","true","verification/selection-exhaustive/evidence/AD/AD-005__PASS.png","1557",""
"AD-006","AD","bychain pocket_test","tests/fixtures/mini-protein.pdb","UNKNOWN_NAME","PASS","11","0","","","true","verification/selection-exhaustive/evidence/AD/AD-006__PASS.png","1387",""
"AE-001","AE","model mini-protein.pdb in model mini-protein.pdb","tests/fixtures/mini-protein.pdb","VALID_NONEMPTY","PASS","12","12","","","true","verification/selection-exhaustive/evidence/AE/AE-001__PASS.png","1437",""
"AF-001","AF","model mini-protein.pdb like model mini-protein.pdb","tests/fixtures/mini-protein.pdb","VALID_NONEMPTY","PASS","12","12","","","true","verification/selection-exhaustive/evidence/AF/AF-001__PASS.png","1576",""
"AG-001","AG","chain ZZZ","tests/fixtures/mini-protein.pdb","VALID_EMPTY","EMPTY_VALID","0","0","","","true","verification/selection-exhaustive/evidence/AG/AG-001__EMPTY_VALID.png","632",""
"AG-002","AG","resi 999999","tests/fixtures/mini-protein.pdb","VALID_EMPTY","EMPTY_VALID","0","0","","","true","verification/selection-exhaustive/evidence/AG/AG-002__EMPTY_VALID.png","674",""
"AG-003","AG","resn ZZZ","tests/fixtures/mini-protein.pdb","VALID_EMPTY","EMPTY_VALID","0","0","","","true","verification/selection-exhaustive/evidence/AG/AG-003__EMPTY_VALID.png","693",""
"AG-004","AG","name DOESNOTEXIST","tests/fixtures/mini-protein.pdb","VALID_EMPTY","EMPTY_VALID","0","0","","","true","verification/selection-exhaustive/evidence/AG/AG-004__EMPTY_VALID.png","473",""
"AG-005","AG","elem Xe","tests/fixtures/mini-protein.pdb","VALID_EMPTY","EMPTY_VALID","0","0","","","true","verification/selection-exhaustive/evidence/AG/AG-005__EMPTY_VALID.png","307",""
"AG-006","AG","model does_not_exist","tests/fixtures/mini-protein.pdb","VALID_EMPTY","EMPTY_VALID","0","0","","","true","verification/selection-exhaustive/evidence/AG/AG-006__EMPTY_VALID.png","309",""
"AG-007","AG","polymer.nucleic","tests/fixtures/mini-protein.pdb","MISSING_DEPENDENCY","IMPLEMENTED_WITH_LIMITATION","0","0","","","true","verification/selection-exhaustive/evidence/AG/AG-007__IMPLEMENTED_WITH_LIMITATION.png","263",""
"AG-008","AG","metals","tests/fixtures/mini-protein.pdb","VALID_NONEMPTY","PASS","1","1","","","true","verification/selection-exhaustive/evidence/AG/AG-008__PASS.png","786",""
"AG-009","AG","hydrogens","tests/fixtures/mini-protein.pdb","VALID_EMPTY","EMPTY_VALID","0","0","","","true","verification/selection-exhaustive/evidence/AG/AG-009__EMPTY_VALID.png","334",""
"AH-001","AH","chain","tests/fixtures/mini-protein.pdb","SYNTAX_ERROR","INVALID_EXPECTED","0","0","","","true","verification/selection-exhaustive/evidence/AH/AH-001__INVALID_EXPECTED.png","208",""
"AH-002","AH","resi","tests/fixtures/mini-protein.pdb","SYNTAX_ERROR","INVALID_EXPECTED","0","0","","","true","verification/selection-exhaustive/evidence/AH/AH-002__INVALID_EXPECTED.png","221",""
"AH-003","AH","name","tests/fixtures/mini-protein.pdb","SYNTAX_ERROR","INVALID_EXPECTED","0","0","","","true","verification/selection-exhaustive/evidence/AH/AH-003__INVALID_EXPECTED.png","240",""
"AH-004","AH","elem","tests/fixtures/mini-protein.pdb","SYNTAX_ERROR","INVALID_EXPECTED","0","0","","","true","verification/selection-exhaustive/evidence/AH/AH-004__INVALID_EXPECTED.png","221",""
"AH-005","AH","within 4 of","tests/fixtures/mini-protein.pdb","SYNTAX_ERROR","INVALID_EXPECTED","0","0","","","true","verification/selection-exhaustive/evidence/AH/AH-005__INVALID_EXPECTED.png","210",""
"AH-006","AH","all within of organic","tests/fixtures/mini-protein.pdb","SYNTAX_ERROR","INVALID_EXPECTED","0","0","","","true","verification/selection-exhaustive/evidence/AH/AH-006__INVALID_EXPECTED.png","228",""
"AH-007","AH","byres","tests/fixtures/mini-protein.pdb","SYNTAX_ERROR","INVALID_EXPECTED","0","0","","","true","verification/selection-exhaustive/evidence/AH/AH-007__INVALID_EXPECTED.png","225",""
"AH-008","AH","neighbor","tests/fixtures/mini-protein.pdb","SYNTAX_ERROR","INVALID_EXPECTED","0","0","","","true","verification/selection-exhaustive/evidence/AH/AH-008__INVALID_EXPECTED.png","221",""
"AH-009","AH","extend","tests/fixtures/mini-protein.pdb","SYNTAX_ERROR","INVALID_EXPECTED","0","0","","","true","verification/selection-exhaustive/evidence/AH/AH-009__INVALID_EXPECTED.png","218",""
"AH-010","AH","all and","tests/fixtures/mini-protein.pdb","SYNTAX_ERROR","INVALID_EXPECTED","0","0","","","true","verification/selection-exhaustive/evidence/AH/AH-010__INVALID_EXPECTED.png","236",""
"AH-011","AH","or all","tests/fixtures/mini-protein.pdb","UNKNOWN_PROPERTY","INVALID_EXPECTED","0","0","","","true","verification/selection-exhaustive/evidence/AH/AH-011__INVALID_EXPECTED.png","251",""
"AH-012","AH","not","tests/fixtures/mini-protein.pdb","SYNTAX_ERROR","INVALID_EXPECTED","0","0","","","true","verification/selection-exhaustive/evidence/AH/AH-012__INVALID_EXPECTED.png","230",""
"AH-013","AH","((chain A)","tests/fixtures/mini-protein.pdb","SYNTAX_ERROR","PASS","","0","","","true","verification/selection-exhaustive/evidence/AH/AH-013__PASS.png","237",""
"AH-014","AH","chain A))","tests/fixtures/mini-protein.pdb","SYNTAX_ERROR","PASS","","0","","","true","verification/selection-exhaustive/evidence/AH/AH-014__PASS.png","252",""
"AH-015","AH","resi abc---","tests/fixtures/mini-protein.pdb","INVALID_VALUE","EMPTY_VALID","0","0","","","true","verification/selection-exhaustive/evidence/AH/AH-015__EMPTY_VALID.png","254",""
"AH-016","AH","b <","tests/fixtures/mini-protein.pdb","SYNTAX_ERROR","INVALID_EXPECTED","0","0","","","true","verification/selection-exhaustive/evidence/AH/AH-016__INVALID_EXPECTED.png","249",""
"AH-017","AH","q >","tests/fixtures/mini-protein.pdb","SYNTAX_ERROR","INVALID_EXPECTED","0","0","","","true","verification/selection-exhaustive/evidence/AH/AH-017__INVALID_EXPECTED.png","244",""
"AH-018","AH","unknown_selector_xyz","tests/fixtures/mini-protein.pdb","UNKNOWN_NAME","INVALID_EXPECTED","0","0","","","true","verification/selection-exhaustive/evidence/AH/AH-018__INVALID_EXPECTED.png","236",""
"AH-019","AH","chain A and and name CA","tests/fixtures/mini-protein.pdb","UNKNOWN_PROPERTY","INVALID_EXPECTED","0","0","","","true","verification/selection-exhaustive/evidence/AH/AH-019__INVALID_EXPECTED.png","218",""
"AI-001","AI","all within -1 of organic","tests/fixtures/mini-protein.pdb","SYNTAX_ERROR","INVALID_EXPECTED","0","0","","","true","verification/selection-exhaustive/evidence/AI/AI-001__INVALID_EXPECTED.png","209",""
"AI-002","AI","all within NaN of organic","tests/fixtures/mini-protein.pdb","SYNTAX_ERROR","INVALID_EXPECTED","0","0","","","true","verification/selection-exhaustive/evidence/AI/AI-002__INVALID_EXPECTED.png","212",""
"AI-003","AI","all within Infinity of organic","tests/fixtures/mini-protein.pdb","SYNTAX_ERROR","INVALID_EXPECTED","0","0","","","true","verification/selection-exhaustive/evidence/AI/AI-003__INVALID_EXPECTED.png","236",""
"AI-004","AI","all within abc of organic","tests/fixtures/mini-protein.pdb","SYNTAX_ERROR","INVALID_EXPECTED","0","0","","","true","verification/selection-exhaustive/evidence/AI/AI-004__INVALID_EXPECTED.png","217",""
"AI-005","AI","organic expand -2","tests/fixtures/mini-protein.pdb","SYNTAX_ERROR","INVALID_EXPECTED","0","0","","","true","verification/selection-exhaustive/evidence/AI/AI-005__INVALID_EXPECTED.png","201",""
"AI-006","AI","resi 4--9","tests/fixtures/mini-protein.pdb","VALID_EMPTY","EMPTY_VALID","0","0","","","true","verification/selection-exhaustive/evidence/AI/AI-006__EMPTY_VALID.png","284",""
"AJ-001","AJ","chain A","tests/fixtures/mini-protein.pdb","VALID_NONEMPTY","PASS","11","11","","","true","verification/selection-exhaustive/evidence/AJ/AJ-001__PASS.png","988",""
"AJ-002","AJ","chain    A","tests/fixtures/mini-protein.pdb","VALID_NONEMPTY","PASS","11","11","","","true","verification/selection-exhaustive/evidence/AJ/AJ-002__PASS.png","1460",""
"AJ-003","AJ","chain A","tests/fixtures/mini-protein.pdb","VALID_NONEMPTY","PASS","11","11","","","true","verification/selection-exhaustive/evidence/AJ/AJ-003__PASS.png","1361",""
"AJ-004","AJ","chain A","tests/fixtures/mini-protein.pdb","VALID_NONEMPTY","PASS","11","11","","","true","verification/selection-exhaustive/evidence/AJ/AJ-004__PASS.png","975",""
"AJ-005","AJ","(chain A)","tests/fixtures/mini-protein.pdb","VALID_NONEMPTY","PASS","11","11","","","true","verification/selection-exhaustive/evidence/AJ/AJ-005__PASS.png","975",""
"AJ-006","AJ","( chain A )","tests/fixtures/mini-protein.pdb","VALID_NONEMPTY","PASS","11","11","","","true","verification/selection-exhaustive/evidence/AJ/AJ-006__PASS.png","803",""
"AJ-007","AJ","polymer.protein and chain A","tests/fixtures/mini-protein.pdb","VALID_NONEMPTY","PASS","8","8","","","true","verification/selection-exhaustive/evidence/AJ/AJ-007__PASS.png","990",""
"AJ-008","AJ","polymer.protein    and    chain A","tests/fixtures/mini-protein.pdb","VALID_NONEMPTY","PASS","8","8","","","true","verification/selection-exhaustive/evidence/AJ/AJ-008__PASS.png","819",""
"AK-001","AK","chain A","tests/fixtures/mini-protein.pdb","VALID_NONEMPTY","PASS","11","11","","","true","verification/selection-exhaustive/evidence/AK/AK-001__PASS.png","758",""
"AK-002","AK","CHAIN A","tests/fixtures/mini-protein.pdb","VALID_NONEMPTY","PASS","11","11","","","true","verification/selection-exhaustive/evidence/AK/AK-002__PASS.png","778",""
"AK-003","AK","Chain A","tests/fixtures/mini-protein.pdb","VALID_NONEMPTY","PASS","11","11","","","true","verification/selection-exhaustive/evidence/AK/AK-003__PASS.png","711",""
"AL-001","AL","byres (polymer.protein within 4.0 of organic)","tests/fixtures/mini-protein.pdb","VALID_NONEMPTY","PASS","8","8","","","true","verification/selection-exhaustive/evidence/AL/AL-001__PASS.png","825",""
"AL-002","AL","byres ((polymer.protein and chain A) within 4.0 of organic)","tests/fixtures/mini-protein.pdb","VALID_NONEMPTY","PASS","8","8","","","true","verification/selection-exhaustive/evidence/AL/AL-002__PASS.png","794",""
"AL-003","AL","byres ((polymer.protein and not resn GLY) within 4.0 of organic)","tests/fixtures/mini-protein.pdb","VALID_NONEMPTY","PASS","4","4","","","true","verification/selection-exhaustive/evidence/AL/AL-003__PASS.png","801",""
"AL-004","AL","byres (polymer.protein within 4.0 of (organic and elem O+N))","tests/fixtures/mini-protein.pdb","VALID_EMPTY","EMPTY_VALID","0","0","","","true","verification/selection-exhaustive/evidence/AL/AL-004__EMPTY_VALID.png","317",""
"AL-005","AL","(byres (polymer.protein within 4.0 of organic)) and name CA","tests/fixtures/mini-protein.pdb","VALID_NONEMPTY","PASS","2","2","","","true","verification/selection-exhaustive/evidence/AL/AL-005__PASS.png","764",""
"AM-001","AM","polymer.protein and backbone","tests/fixtures/mini-protein.pdb","VALID_NONEMPTY","PASS","8","8","","","true","verification/selection-exhaustive/evidence/AM/AM-001__PASS.png","705",""
"AM-002","AM","polymer.protein and sidechain","tests/fixtures/mini-protein.pdb","VALID_EMPTY","EMPTY_VALID","0","0","","","true","verification/selection-exhaustive/evidence/AM/AM-002__EMPTY_VALID.png","299",""
"AM-003","AM","(polymer.protein and backbone) or (polymer.protein and sidechain)","tests/fixtures/mini-protein.pdb","VALID_NONEMPTY","PASS","8","8","","","true","verification/selection-exhaustive/evidence/AM/AM-003__PASS.png","766",""
"AN-001","AN","organic","tests/fixtures/mini-protein.pdb","VALID_NONEMPTY","PASS","2","2","","","true","verification/selection-exhaustive/evidence/AN/AN-001__PASS.png","817",""
"AN-002","AN","organic and elem C","tests/fixtures/mini-protein.pdb","VALID_NONEMPTY","PASS","1","1","","","true","verification/selection-exhaustive/evidence/AN/AN-002__PASS.png","787",""
"AN-003","AN","organic and elem N","tests/fixtures/mini-protein.pdb","VALID_EMPTY","EMPTY_VALID","0","0","","","true","verification/selection-exhaustive/evidence/AN/AN-003__EMPTY_VALID.png","347",""
"AN-004","AN","organic and elem O","tests/fixtures/mini-protein.pdb","VALID_NONEMPTY","PASS","1","1","","","true","verification/selection-exhaustive/evidence/AN/AN-004__PASS.png","817",""
"AN-005","AN","organic and donors","tests/fixtures/mini-protein.pdb","VALID_NONEMPTY","PASS","1","1","","","true","verification/selection-exhaustive/evidence/AN/AN-005__PASS.png","819",""
"AN-006","AN","organic and acceptors","tests/fixtures/mini-protein.pdb","VALID_NONEMPTY","PASS","1","1","","","true","verification/selection-exhaustive/evidence/AN/AN-006__PASS.png","762",""
"AN-007","AN","neighbor organic","tests/fixtures/mini-protein.pdb","VALID_EMPTY","EMPTY_VALID","0","0","","","true","verification/selection-exhaustive/evidence/AN/AN-007__EMPTY_VALID.png","311",""
"AN-008","AN","bymolecule organic","tests/fixtures/mini-protein.pdb","VALID_NONEMPTY","PASS","2","2","","","true","verification/selection-exhaustive/evidence/AN/AN-008__PASS.png","752",""
"AN-009","AN","byring organic","tests/fixtures/mini-protein.pdb","VALID_EMPTY","EMPTY_VALID","0","0","","","true","verification/selection-exhaustive/evidence/AN/AN-009__EMPTY_VALID.png","315",""
"AN-010","AN","polymer.protein within 3 of organic","tests/fixtures/mini-protein.pdb","VALID_NONEMPTY","PASS","3","3","","","true","verification/selection-exhaustive/evidence/AN/AN-010__PASS.png","883",""
"AN-011","AN","polymer.protein within 4 of organic","tests/fixtures/mini-protein.pdb","VALID_NONEMPTY","PASS","4","4","","","true","verification/selection-exhaustive/evidence/AN/AN-011__PASS.png","779",""
"AN-012","AN","polymer.protein within 5 of organic","tests/fixtures/mini-protein.pdb","VALID_NONEMPTY","PASS","7","7","","","true","verification/selection-exhaustive/evidence/AN/AN-012__PASS.png","810",""
"AN-013","AN","byres (polymer.protein within 4 of organic)","tests/fixtures/mini-protein.pdb","VALID_NONEMPTY","PASS","8","8","","","true","verification/selection-exhaustive/evidence/AN/AN-013__PASS.png","780",""
"AO-001","AO","solvent","tests/fixtures/water.xyz","VALID_EMPTY","EMPTY_VALID","0","0","","","true","verification/selection-exhaustive/evidence/AO/AO-001__EMPTY_VALID.png","2566",""
"AO-002","AO","solvent and elem O","tests/fixtures/water.xyz","VALID_EMPTY","EMPTY_VALID","0","0","","","true","verification/selection-exhaustive/evidence/AO/AO-002__EMPTY_VALID.png","301",""
"AO-003","AO","solvent within 3.5 of organic","tests/fixtures/water.xyz","VALID_EMPTY","EMPTY_VALID","0","0","","","true","verification/selection-exhaustive/evidence/AO/AO-003__EMPTY_VALID.png","356",""
"AO-004","AO","byres (solvent within 3.5 of organic)","tests/fixtures/water.xyz","VALID_EMPTY","EMPTY_VALID","0","0","","","true","verification/selection-exhaustive/evidence/AO/AO-004__EMPTY_VALID.png","324",""
"AP-001","AP","metals","tests/fixtures/unit-cell.pdb","VALID_NONEMPTY","PASS","1","1","","","true","verification/selection-exhaustive/evidence/AP/AP-001__PASS.png","2835",""
"AP-002","AP","inorganic","tests/fixtures/unit-cell.pdb","VALID_NONEMPTY","PASS","1","1","","","true","verification/selection-exhaustive/evidence/AP/AP-002__PASS.png","772",""
"AP-003","AP","metals within 4 of organic","tests/fixtures/unit-cell.pdb","VALID_EMPTY","EMPTY_VALID","0","0","","","true","verification/selection-exhaustive/evidence/AP/AP-003__EMPTY_VALID.png","342",""
"AP-004","AP","polymer.protein within 3 of metals","tests/fixtures/unit-cell.pdb","VALID_EMPTY","EMPTY_VALID","0","0","","","true","verification/selection-exhaustive/evidence/AP/AP-004__EMPTY_VALID.png","630",""
"AP-005","AP","byres (polymer.protein within 3 of metals)","tests/fixtures/unit-cell.pdb","VALID_EMPTY","EMPTY_VALID","0","0","","","true","verification/selection-exhaustive/evidence/AP/AP-005__EMPTY_VALID.png","670",""
"AQ-001","AQ","model mini-protein.pdb and chain A","tests/fixtures/mini-protein.pdb","VALID_NONEMPTY","PASS","11","11","","","true","verification/selection-exhaustive/evidence/AQ/AQ-001__PASS.png","5727",""
"AQ-002","AQ","model mini-protein.pdb and chain A","tests/fixtures/mini-protein.pdb","VALID_NONEMPTY","PASS","11","11","","","true","verification/selection-exhaustive/evidence/AQ/AQ-002__PASS.png","1623",""
"AQ-003","AQ","chain A","tests/fixtures/mini-protein.pdb","VALID_NONEMPTY","PASS","11","11","","","true","verification/selection-exhaustive/evidence/AQ/AQ-003__PASS.png","1472",""
"AQ-004","AQ","model mini-protein.pdb and resi 45","tests/fixtures/mini-protein.pdb","VALID_EMPTY","EMPTY_VALID","0","0","","","true","verification/selection-exhaustive/evidence/AQ/AQ-004__EMPTY_VALID.png","560",""
"AQ-005","AQ","model mini-protein.pdb and resi 45","tests/fixtures/mini-protein.pdb","VALID_EMPTY","EMPTY_VALID","0","0","","","true","verification/selection-exhaustive/evidence/AQ/AQ-005__EMPTY_VALID.png","351",""
"AR-001","AR","select testsel, chain A","tests/fixtures/mini-protein.pdb","UNKNOWN_PROPERTY","PASS","11","0","","","true","verification/selection-exhaustive/evidence/AR/AR-001__PASS.png","1127",""
"AR-002","AR","enabled","tests/fixtures/mini-protein.pdb","VALID_NONEMPTY","PASS","12","12","","","true","verification/selection-exhaustive/evidence/AR/AR-002__PASS.png","807",""
"AR-003","AR","visible","tests/fixtures/mini-protein.pdb","MISSING_DEPENDENCY","PASS","11","0","","","true","verification/selection-exhaustive/evidence/AR/AR-003__PASS.png","787",""
"AS-001","AS","select pocket, byres (polymer.protein within 4 of organic)","tests/fixtures/mini-protein.pdb","UNKNOWN_PROPERTY","PASS","8","0","","","true","verification/selection-exhaustive/evidence/AS/AS-001__PASS.png","1202",""
"AS-002","AS","show sticks, pocket","tests/fixtures/mini-protein.pdb","COMMAND_HANDLED","PASS","8","","","","true","verification/selection-exhaustive/evidence/AS/AS-002__PASS.png","648",""
"AS-003","AS","show surface, pocket","tests/fixtures/mini-protein.pdb","COMMAND_HANDLED","PASS","8","","","","true","verification/selection-exhaustive/evidence/AS/AS-003__PASS.png","710",""
"AS-004","AS","show mesh, pocket","tests/fixtures/mini-protein.pdb","COMMAND_HANDLED","PASS","8","","","","true","verification/selection-exhaustive/evidence/AS/AS-004__PASS.png","1096",""
"AS-005","AS","hide sticks, pocket","tests/fixtures/mini-protein.pdb","COMMAND_HANDLED","PASS","8","","","","true","verification/selection-exhaustive/evidence/AS/AS-005__PASS.png","1242",""
"AS-006","AS","hide surface, pocket","tests/fixtures/mini-protein.pdb","COMMAND_HANDLED","PASS","8","","","","true","verification/selection-exhaustive/evidence/AS/AS-006__PASS.png","1314",""
"AS-007","AS","hide mesh, pocket","tests/fixtures/mini-protein.pdb","COMMAND_HANDLED","PASS","8","","","","true","verification/selection-exhaustive/evidence/AS/AS-007__PASS.png","1389",""
"AT-001","AT","select residue45, resi 45","tests/fixtures/mini-protein.pdb","UNKNOWN_PROPERTY","EMPTY_VALID","0","0","","","true","verification/selection-exhaustive/evidence/AT/AT-001__EMPTY_VALID.png","1157",""
"AT-002","AT","color magenta, residue45","tests/fixtures/mini-protein.pdb","COMMAND_HANDLED","PASS","0","","","","true","verification/selection-exhaustive/evidence/AT/AT-002__PASS.png","1166",""
"AT-003","AT","none","tests/fixtures/mini-protein.pdb","VALID_EMPTY","EMPTY_VALID","0","0","","","true","verification/selection-exhaustive/evidence/AT/AT-003__EMPTY_VALID.png","400",""
"AT-004","AT","select residue45, resi 45","tests/fixtures/mini-protein.pdb","UNKNOWN_PROPERTY","EMPTY_VALID","0","0","","","true","verification/selection-exhaustive/evidence/AT/AT-004__EMPTY_VALID.png","732",""
"AU-001","AU","name CA","tests/fixtures/mini-protein.pdb","VALID_NONEMPTY","PASS","2","2","","","true","verification/selection-exhaustive/evidence/AU/AU-001__PASS.png","1005",""
"AU-002","AU","resi 45","tests/fixtures/mini-protein.pdb","VALID_EMPTY","EMPTY_VALID","0","0","","","true","verification/selection-exhaustive/evidence/AU/AU-002__EMPTY_VALID.png","491",""
"AU-003","AU","chain A","tests/fixtures/mini-protein.pdb","VALID_NONEMPTY","PASS","11","11","","","true","verification/selection-exhaustive/evidence/AU/AU-003__PASS.png","967",""
"AU-004","AU","organic","tests/fixtures/mini-protein.pdb","VALID_NONEMPTY","PASS","2","2","","","true","verification/selection-exhaustive/evidence/AU/AU-004__PASS.png","1336",""
"AU-005","AU","all","tests/fixtures/mini-protein.pdb","VALID_NONEMPTY","PASS","12","12","","","true","verification/selection-exhaustive/evidence/AU/AU-005__PASS.png","2233",""
"AV-001-01","AV","resi 45","tests/fixtures/mini-protein.pdb","VALID_EMPTY","EMPTY_VALID","0","0","","","true","verification/selection-exhaustive/evidence/AV/AV-001-01__EMPTY_VALID.png","658",""
"AV-001-02","AV","none","tests/fixtures/mini-protein.pdb","VALID_EMPTY","EMPTY_VALID","0","0","","","true","verification/selection-exhaustive/evidence/AV/AV-001-02__EMPTY_VALID.png","628",""
"AV-001-03","AV","organic","tests/fixtures/mini-protein.pdb","VALID_NONEMPTY","PASS","2","2","","","true","verification/selection-exhaustive/evidence/AV/AV-001-03__PASS.png","1473",""
"AV-001-04","AV","none","tests/fixtures/mini-protein.pdb","VALID_EMPTY","EMPTY_VALID","0","0","","","true","verification/selection-exhaustive/evidence/AV/AV-001-04__EMPTY_VALID.png","657",""
"AV-001-05","AV","chain A","tests/fixtures/mini-protein.pdb","VALID_NONEMPTY","PASS","11","11","","","true","verification/selection-exhaustive/evidence/AV/AV-001-05__PASS.png","1396",""
"AV-001-06","AV","none","tests/fixtures/mini-protein.pdb","VALID_EMPTY","EMPTY_VALID","0","0","","","true","verification/selection-exhaustive/evidence/AV/AV-001-06__EMPTY_VALID.png","636",""
"AV-002-01","AV","resi 45","tests/fixtures/mini-protein.pdb","VALID_EMPTY","EMPTY_VALID","0","0","","","true","verification/selection-exhaustive/evidence/AV/AV-002-01__EMPTY_VALID.png","636",""
"AV-002-02","AV","none","tests/fixtures/mini-protein.pdb","VALID_EMPTY","EMPTY_VALID","0","0","","","true","verification/selection-exhaustive/evidence/AV/AV-002-02__EMPTY_VALID.png","640",""
"AV-002-03","AV","organic","tests/fixtures/mini-protein.pdb","VALID_NONEMPTY","PASS","2","2","","","true","verification/selection-exhaustive/evidence/AV/AV-002-03__PASS.png","1529",""
"AV-002-04","AV","none","tests/fixtures/mini-protein.pdb","VALID_EMPTY","EMPTY_VALID","0","0","","","true","verification/selection-exhaustive/evidence/AV/AV-002-04__EMPTY_VALID.png","724",""
"AV-002-05","AV","chain A","tests/fixtures/mini-protein.pdb","VALID_NONEMPTY","PASS","11","11","","","true","verification/selection-exhaustive/evidence/AV/AV-002-05__PASS.png","1721",""
"AV-002-06","AV","none","tests/fixtures/mini-protein.pdb","VALID_EMPTY","EMPTY_VALID","0","0","","","true","verification/selection-exhaustive/evidence/AV/AV-002-06__EMPTY_VALID.png","765",""
"AV-003-01","AV","resi 45","tests/fixtures/mini-protein.pdb","VALID_EMPTY","EMPTY_VALID","0","0","","","true","verification/selection-exhaustive/evidence/AV/AV-003-01__EMPTY_VALID.png","755",""
"AV-003-02","AV","none","tests/fixtures/mini-protein.pdb","VALID_EMPTY","EMPTY_VALID","0","0","","","true","verification/selection-exhaustive/evidence/AV/AV-003-02__EMPTY_VALID.png","781",""
"AV-003-03","AV","organic","tests/fixtures/mini-protein.pdb","VALID_NONEMPTY","PASS","2","2","","","true","verification/selection-exhaustive/evidence/AV/AV-003-03__PASS.png","1758",""
"AV-003-04","AV","none","tests/fixtures/mini-protein.pdb","VALID_EMPTY","EMPTY_VALID","0","0","","","true","verification/selection-exhaustive/evidence/AV/AV-003-04__EMPTY_VALID.png","825",""
"AV-003-05","AV","chain A","tests/fixtures/mini-protein.pdb","VALID_NONEMPTY","PASS","11","11","","","true","verification/selection-exhaustive/evidence/AV/AV-003-05__PASS.png","1519",""
"AV-003-06","AV","none","tests/fixtures/mini-protein.pdb","VALID_EMPTY","EMPTY_VALID","0","0","","","true","verification/selection-exhaustive/evidence/AV/AV-003-06__EMPTY_VALID.png","775",""
"AV-004-01","AV","resi 45","tests/fixtures/mini-protein.pdb","VALID_EMPTY","EMPTY_VALID","0","0","","","true","verification/selection-exhaustive/evidence/AV/AV-004-01__EMPTY_VALID.png","732",""
"AV-004-02","AV","none","tests/fixtures/mini-protein.pdb","VALID_EMPTY","EMPTY_VALID","0","0","","","true","verification/selection-exhaustive/evidence/AV/AV-004-02__EMPTY_VALID.png","665",""
"AV-004-03","AV","organic","tests/fixtures/mini-protein.pdb","VALID_NONEMPTY","PASS","2","2","","","true","verification/selection-exhaustive/evidence/AV/AV-004-03__PASS.png","794",""
"AV-004-04","AV","none","tests/fixtures/mini-protein.pdb","VALID_EMPTY","EMPTY_VALID","0","0","","","true","verification/selection-exhaustive/evidence/AV/AV-004-04__EMPTY_VALID.png","362",""
"AV-004-05","AV","chain A","tests/fixtures/mini-protein.pdb","VALID_NONEMPTY","PASS","11","11","","","true","verification/selection-exhaustive/evidence/AV/AV-004-05__PASS.png","838",""
"AV-004-06","AV","none","tests/fixtures/mini-protein.pdb","VALID_EMPTY","EMPTY_VALID","0","0","","","true","verification/selection-exhaustive/evidence/AV/AV-004-06__EMPTY_VALID.png","328",""
"AV-005-01","AV","resi 45","tests/fixtures/mini-protein.pdb","VALID_EMPTY","EMPTY_VALID","0","0","","","true","verification/selection-exhaustive/evidence/AV/AV-005-01__EMPTY_VALID.png","294",""
"AV-005-02","AV","none","tests/fixtures/mini-protein.pdb","VALID_EMPTY","EMPTY_VALID","0","0","","","true","verification/selection-exhaustive/evidence/AV/AV-005-02__EMPTY_VALID.png","323",""
"AV-005-03","AV","organic","tests/fixtures/mini-protein.pdb","VALID_NONEMPTY","PASS","2","2","","","true","verification/selection-exhaustive/evidence/AV/AV-005-03__PASS.png","851",""
"AV-005-04","AV","none","tests/fixtures/mini-protein.pdb","VALID_EMPTY","EMPTY_VALID","0","0","","","true","verification/selection-exhaustive/evidence/AV/AV-005-04__EMPTY_VALID.png","409",""
"AV-005-05","AV","chain A","tests/fixtures/mini-protein.pdb","VALID_NONEMPTY","PASS","11","11","","","true","verification/selection-exhaustive/evidence/AV/AV-005-05__PASS.png","1293",""
"AV-005-06","AV","none","tests/fixtures/mini-protein.pdb","VALID_EMPTY","EMPTY_VALID","0","0","","","true","verification/selection-exhaustive/evidence/AV/AV-005-06__EMPTY_VALID.png","568",""
"AV-006-01","AV","resi 45","tests/fixtures/mini-protein.pdb","VALID_EMPTY","EMPTY_VALID","0","0","","","true","verification/selection-exhaustive/evidence/AV/AV-006-01__EMPTY_VALID.png","613",""
"AV-006-02","AV","none","tests/fixtures/mini-protein.pdb","VALID_EMPTY","EMPTY_VALID","0","0","","","true","verification/selection-exhaustive/evidence/AV/AV-006-02__EMPTY_VALID.png","535",""
"AV-006-03","AV","organic","tests/fixtures/mini-protein.pdb","VALID_NONEMPTY","PASS","2","2","","","true","verification/selection-exhaustive/evidence/AV/AV-006-03__PASS.png","1321",""
"AV-006-04","AV","none","tests/fixtures/mini-protein.pdb","VALID_EMPTY","EMPTY_VALID","0","0","","","true","verification/selection-exhaustive/evidence/AV/AV-006-04__EMPTY_VALID.png","577",""
"AV-006-05","AV","chain A","tests/fixtures/mini-protein.pdb","VALID_NONEMPTY","PASS","11","11","","","true","verification/selection-exhaustive/evidence/AV/AV-006-05__PASS.png","1251",""
"AV-006-06","AV","none","tests/fixtures/mini-protein.pdb","VALID_EMPTY","EMPTY_VALID","0","0","","","true","verification/selection-exhaustive/evidence/AV/AV-006-06__EMPTY_VALID.png","599",""
"AV-007-01","AV","resi 45","tests/fixtures/mini-protein.pdb","VALID_EMPTY","EMPTY_VALID","0","0","","","true","verification/selection-exhaustive/evidence/AV/AV-007-01__EMPTY_VALID.png","531",""
"AV-007-02","AV","none","tests/fixtures/mini-protein.pdb","VALID_EMPTY","EMPTY_VALID","0","0","","","true","verification/selection-exhaustive/evidence/AV/AV-007-02__EMPTY_VALID.png","564",""
"AV-007-03","AV","organic","tests/fixtures/mini-protein.pdb","VALID_NONEMPTY","PASS","2","2","","","true","verification/selection-exhaustive/evidence/AV/AV-007-03__PASS.png","1238",""
"AV-007-04","AV","none","tests/fixtures/mini-protein.pdb","VALID_EMPTY","EMPTY_VALID","0","0","","","true","verification/selection-exhaustive/evidence/AV/AV-007-04__EMPTY_VALID.png","565",""
"AV-007-05","AV","chain A","tests/fixtures/mini-protein.pdb","VALID_NONEMPTY","PASS","11","11","","","true","verification/selection-exhaustive/evidence/AV/AV-007-05__PASS.png","1377",""
"AV-007-06","AV","none","tests/fixtures/mini-protein.pdb","VALID_EMPTY","EMPTY_VALID","0","0","","","true","verification/selection-exhaustive/evidence/AV/AV-007-06__EMPTY_VALID.png","602",""
"AV-008-01","AV","resi 45","tests/fixtures/mini-protein.pdb","VALID_EMPTY","EMPTY_VALID","0","0","","","true","verification/selection-exhaustive/evidence/AV/AV-008-01__EMPTY_VALID.png","666",""
"AV-008-02","AV","none","tests/fixtures/mini-protein.pdb","VALID_EMPTY","EMPTY_VALID","0","0","","","true","verification/selection-exhaustive/evidence/AV/AV-008-02__EMPTY_VALID.png","625",""
"AV-008-03","AV","organic","tests/fixtures/mini-protein.pdb","VALID_NONEMPTY","PASS","2","2","","","true","verification/selection-exhaustive/evidence/AV/AV-008-03__PASS.png","1451",""
"AV-008-04","AV","none","tests/fixtures/mini-protein.pdb","VALID_EMPTY","EMPTY_VALID","0","0","","","true","verification/selection-exhaustive/evidence/AV/AV-008-04__EMPTY_VALID.png","651",""
"AV-008-05","AV","chain A","tests/fixtures/mini-protein.pdb","VALID_NONEMPTY","PASS","11","11","","","true","verification/selection-exhaustive/evidence/AV/AV-008-05__PASS.png","1532",""
"AV-008-06","AV","none","tests/fixtures/mini-protein.pdb","VALID_EMPTY","EMPTY_VALID","0","0","","","true","verification/selection-exhaustive/evidence/AV/AV-008-06__EMPTY_VALID.png","648",""
"AV-009-01","AV","resi 45","tests/fixtures/mini-protein.pdb","VALID_EMPTY","EMPTY_VALID","0","0","","","true","verification/selection-exhaustive/evidence/AV/AV-009-01__EMPTY_VALID.png","628",""
"AV-009-02","AV","none","tests/fixtures/mini-protein.pdb","VALID_EMPTY","EMPTY_VALID","0","0","","","true","verification/selection-exhaustive/evidence/AV/AV-009-02__EMPTY_VALID.png","624",""
"AV-009-03","AV","organic","tests/fixtures/mini-protein.pdb","VALID_NONEMPTY","PASS","2","2","","","true","verification/selection-exhaustive/evidence/AV/AV-009-03__PASS.png","1553",""
"AV-009-04","AV","none","tests/fixtures/mini-protein.pdb","VALID_EMPTY","EMPTY_VALID","0","0","","","true","verification/selection-exhaustive/evidence/AV/AV-009-04__EMPTY_VALID.png","647",""
"AV-009-05","AV","chain A","tests/fixtures/mini-protein.pdb","VALID_NONEMPTY","PASS","11","11","","","true","verification/selection-exhaustive/evidence/AV/AV-009-05__PASS.png","1518",""
"AV-009-06","AV","none","tests/fixtures/mini-protein.pdb","VALID_EMPTY","EMPTY_VALID","0","0","","","true","verification/selection-exhaustive/evidence/AV/AV-009-06__EMPTY_VALID.png","660",""
"AV-010-01","AV","resi 45","tests/fixtures/mini-protein.pdb","VALID_EMPTY","EMPTY_VALID","0","0","","","true","verification/selection-exhaustive/evidence/AV/AV-010-01__EMPTY_VALID.png","679",""
"AV-010-02","AV","none","tests/fixtures/mini-protein.pdb","VALID_EMPTY","EMPTY_VALID","0","0","","","true","verification/selection-exhaustive/evidence/AV/AV-010-02__EMPTY_VALID.png","630",""
"AV-010-03","AV","organic","tests/fixtures/mini-protein.pdb","VALID_NONEMPTY","PASS","2","2","","","true","verification/selection-exhaustive/evidence/AV/AV-010-03__PASS.png","1385",""
"AV-010-04","AV","none","tests/fixtures/mini-protein.pdb","VALID_EMPTY","EMPTY_VALID","0","0","","","true","verification/selection-exhaustive/evidence/AV/AV-010-04__EMPTY_VALID.png","628",""
"AV-010-05","AV","chain A","tests/fixtures/mini-protein.pdb","VALID_NONEMPTY","PASS","11","11","","","true","verification/selection-exhaustive/evidence/AV/AV-010-05__PASS.png","1335",""
"AV-010-06","AV","none","tests/fixtures/mini-protein.pdb","VALID_EMPTY","EMPTY_VALID","0","0","","","true","verification/selection-exhaustive/evidence/AV/AV-010-06__EMPTY_VALID.png","659",""
"AV-011-01","AV","resi 45","tests/fixtures/mini-protein.pdb","VALID_EMPTY","EMPTY_VALID","0","0","","","true","verification/selection-exhaustive/evidence/AV/AV-011-01__EMPTY_VALID.png","652",""
"AV-011-02","AV","none","tests/fixtures/mini-protein.pdb","VALID_EMPTY","EMPTY_VALID","0","0","","","true","verification/selection-exhaustive/evidence/AV/AV-011-02__EMPTY_VALID.png","650",""
"AV-011-03","AV","organic","tests/fixtures/mini-protein.pdb","VALID_NONEMPTY","PASS","2","2","","","true","verification/selection-exhaustive/evidence/AV/AV-011-03__PASS.png","1364",""
"AV-011-04","AV","none","tests/fixtures/mini-protein.pdb","VALID_EMPTY","EMPTY_VALID","0","0","","","true","verification/selection-exhaustive/evidence/AV/AV-011-04__EMPTY_VALID.png","635",""
"AV-011-05","AV","chain A","tests/fixtures/mini-protein.pdb","VALID_NONEMPTY","PASS","11","11","","","true","verification/selection-exhaustive/evidence/AV/AV-011-05__PASS.png","1321",""
"AV-011-06","AV","none","tests/fixtures/mini-protein.pdb","VALID_EMPTY","EMPTY_VALID","0","0","","","true","verification/selection-exhaustive/evidence/AV/AV-011-06__EMPTY_VALID.png","639",""
"AV-012-01","AV","resi 45","tests/fixtures/mini-protein.pdb","VALID_EMPTY","EMPTY_VALID","0","0","","","true","verification/selection-exhaustive/evidence/AV/AV-012-01__EMPTY_VALID.png","584",""
"AV-012-02","AV","none","tests/fixtures/mini-protein.pdb","VALID_EMPTY","EMPTY_VALID","0","0","","","true","verification/selection-exhaustive/evidence/AV/AV-012-02__EMPTY_VALID.png","577",""
"AV-012-03","AV","organic","tests/fixtures/mini-protein.pdb","VALID_NONEMPTY","PASS","2","2","","","true","verification/selection-exhaustive/evidence/AV/AV-012-03__PASS.png","1277",""
"AV-012-04","AV","none","tests/fixtures/mini-protein.pdb","VALID_EMPTY","EMPTY_VALID","0","0","","","true","verification/selection-exhaustive/evidence/AV/AV-012-04__EMPTY_VALID.png","626",""
"AV-012-05","AV","chain A","tests/fixtures/mini-protein.pdb","VALID_NONEMPTY","PASS","11","11","","","true","verification/selection-exhaustive/evidence/AV/AV-012-05__PASS.png","1362",""
"AV-012-06","AV","none","tests/fixtures/mini-protein.pdb","VALID_EMPTY","EMPTY_VALID","0","0","","","true","verification/selection-exhaustive/evidence/AV/AV-012-06__EMPTY_VALID.png","631",""
"AV-013-01","AV","resi 45","tests/fixtures/mini-protein.pdb","VALID_EMPTY","EMPTY_VALID","0","0","","","true","verification/selection-exhaustive/evidence/AV/AV-013-01__EMPTY_VALID.png","666",""
"AV-013-02","AV","none","tests/fixtures/mini-protein.pdb","VALID_EMPTY","EMPTY_VALID","0","0","","","true","verification/selection-exhaustive/evidence/AV/AV-013-02__EMPTY_VALID.png","649",""
"AV-013-03","AV","organic","tests/fixtures/mini-protein.pdb","VALID_NONEMPTY","PASS","2","2","","","true","verification/selection-exhaustive/evidence/AV/AV-013-03__PASS.png","1319",""
"AV-013-04","AV","none","tests/fixtures/mini-protein.pdb","VALID_EMPTY","EMPTY_VALID","0","0","","","true","verification/selection-exhaustive/evidence/AV/AV-013-04__EMPTY_VALID.png","592",""
"AV-013-05","AV","chain A","tests/fixtures/mini-protein.pdb","VALID_NONEMPTY","PASS","11","11","","","true","verification/selection-exhaustive/evidence/AV/AV-013-05__PASS.png","1281",""
"AV-013-06","AV","none","tests/fixtures/mini-protein.pdb","VALID_EMPTY","EMPTY_VALID","0","0","","","true","verification/selection-exhaustive/evidence/AV/AV-013-06__EMPTY_VALID.png","647",""
"AV-014-01","AV","resi 45","tests/fixtures/mini-protein.pdb","VALID_EMPTY","EMPTY_VALID","0","0","","","true","verification/selection-exhaustive/evidence/AV/AV-014-01__EMPTY_VALID.png","584",""
"AV-014-02","AV","none","tests/fixtures/mini-protein.pdb","VALID_EMPTY","EMPTY_VALID","0","0","","","true","verification/selection-exhaustive/evidence/AV/AV-014-02__EMPTY_VALID.png","581",""
"AV-014-03","AV","organic","tests/fixtures/mini-protein.pdb","VALID_NONEMPTY","PASS","2","2","","","true","verification/selection-exhaustive/evidence/AV/AV-014-03__PASS.png","1343",""
"AV-014-04","AV","none","tests/fixtures/mini-protein.pdb","VALID_EMPTY","EMPTY_VALID","0","0","","","true","verification/selection-exhaustive/evidence/AV/AV-014-04__EMPTY_VALID.png","606",""
"AV-014-05","AV","chain A","tests/fixtures/mini-protein.pdb","VALID_NONEMPTY","PASS","11","11","","","true","verification/selection-exhaustive/evidence/AV/AV-014-05__PASS.png","1249",""
"AV-014-06","AV","none","tests/fixtures/mini-protein.pdb","VALID_EMPTY","EMPTY_VALID","0","0","","","true","verification/selection-exhaustive/evidence/AV/AV-014-06__EMPTY_VALID.png","320",""
"AV-015-01","AV","resi 45","tests/fixtures/mini-protein.pdb","VALID_EMPTY","EMPTY_VALID","0","0","","","true","verification/selection-exhaustive/evidence/AV/AV-015-01__EMPTY_VALID.png","342",""
"AV-015-02","AV","none","tests/fixtures/mini-protein.pdb","VALID_EMPTY","EMPTY_VALID","0","0","","","true","verification/selection-exhaustive/evidence/AV/AV-015-02__EMPTY_VALID.png","357",""
"AV-015-03","AV","organic","tests/fixtures/mini-protein.pdb","VALID_NONEMPTY","PASS","2","2","","","true","verification/selection-exhaustive/evidence/AV/AV-015-03__PASS.png","766",""
"AV-015-04","AV","none","tests/fixtures/mini-protein.pdb","VALID_EMPTY","EMPTY_VALID","0","0","","","true","verification/selection-exhaustive/evidence/AV/AV-015-04__EMPTY_VALID.png","361",""
"AV-015-05","AV","chain A","tests/fixtures/mini-protein.pdb","VALID_NONEMPTY","PASS","11","11","","","true","verification/selection-exhaustive/evidence/AV/AV-015-05__PASS.png","718",""
"AV-015-06","AV","none","tests/fixtures/mini-protein.pdb","VALID_EMPTY","EMPTY_VALID","0","0","","","true","verification/selection-exhaustive/evidence/AV/AV-015-06__EMPTY_VALID.png","366",""
"AV-016-01","AV","resi 45","tests/fixtures/mini-protein.pdb","VALID_EMPTY","EMPTY_VALID","0","0","","","true","verification/selection-exhaustive/evidence/AV/AV-016-01__EMPTY_VALID.png","351",""
"AV-016-02","AV","none","tests/fixtures/mini-protein.pdb","VALID_EMPTY","EMPTY_VALID","0","0","","","true","verification/selection-exhaustive/evidence/AV/AV-016-02__EMPTY_VALID.png","361",""
"AV-016-03","AV","organic","tests/fixtures/mini-protein.pdb","VALID_NONEMPTY","PASS","2","2","","","true","verification/selection-exhaustive/evidence/AV/AV-016-03__PASS.png","807",""
"AV-016-04","AV","none","tests/fixtures/mini-protein.pdb","VALID_EMPTY","EMPTY_VALID","0","0","","","true","verification/selection-exhaustive/evidence/AV/AV-016-04__EMPTY_VALID.png","371",""
"AV-016-05","AV","chain A","tests/fixtures/mini-protein.pdb","VALID_NONEMPTY","PASS","11","11","","","true","verification/selection-exhaustive/evidence/AV/AV-016-05__PASS.png","782",""
"AV-016-06","AV","none","tests/fixtures/mini-protein.pdb","VALID_EMPTY","EMPTY_VALID","0","0","","","true","verification/selection-exhaustive/evidence/AV/AV-016-06__EMPTY_VALID.png","376",""
"AV-017-01","AV","resi 45","tests/fixtures/mini-protein.pdb","VALID_EMPTY","EMPTY_VALID","0","0","","","true","verification/selection-exhaustive/evidence/AV/AV-017-01__EMPTY_VALID.png","423",""
"AV-017-02","AV","none","tests/fixtures/mini-protein.pdb","VALID_EMPTY","EMPTY_VALID","0","0","","","true","verification/selection-exhaustive/evidence/AV/AV-017-02__EMPTY_VALID.png","407",""
"AV-017-03","AV","organic","tests/fixtures/mini-protein.pdb","VALID_NONEMPTY","PASS","2","2","","","true","verification/selection-exhaustive/evidence/AV/AV-017-03__PASS.png","876",""
"AV-017-04","AV","none","tests/fixtures/mini-protein.pdb","VALID_EMPTY","EMPTY_VALID","0","0","","","true","verification/selection-exhaustive/evidence/AV/AV-017-04__EMPTY_VALID.png","355",""
"AV-017-05","AV","chain A","tests/fixtures/mini-protein.pdb","VALID_NONEMPTY","PASS","11","11","","","true","verification/selection-exhaustive/evidence/AV/AV-017-05__PASS.png","757",""
"AV-017-06","AV","none","tests/fixtures/mini-protein.pdb","VALID_EMPTY","EMPTY_VALID","0","0","","","true","verification/selection-exhaustive/evidence/AV/AV-017-06__EMPTY_VALID.png","396",""
"AV-018-01","AV","resi 45","tests/fixtures/mini-protein.pdb","VALID_EMPTY","EMPTY_VALID","0","0","","","true","verification/selection-exhaustive/evidence/AV/AV-018-01__EMPTY_VALID.png","368",""
"AV-018-02","AV","none","tests/fixtures/mini-protein.pdb","VALID_EMPTY","EMPTY_VALID","0","0","","","true","verification/selection-exhaustive/evidence/AV/AV-018-02__EMPTY_VALID.png","345",""
"AV-018-03","AV","organic","tests/fixtures/mini-protein.pdb","VALID_NONEMPTY","PASS","2","2","","","true","verification/selection-exhaustive/evidence/AV/AV-018-03__PASS.png","763",""
"AV-018-04","AV","none","tests/fixtures/mini-protein.pdb","VALID_EMPTY","EMPTY_VALID","0","0","","","true","verification/selection-exhaustive/evidence/AV/AV-018-04__EMPTY_VALID.png","347",""
"AV-018-05","AV","chain A","tests/fixtures/mini-protein.pdb","VALID_NONEMPTY","PASS","11","11","","","true","verification/selection-exhaustive/evidence/AV/AV-018-05__PASS.png","774",""
"AV-018-06","AV","none","tests/fixtures/mini-protein.pdb","VALID_EMPTY","EMPTY_VALID","0","0","","","true","verification/selection-exhaustive/evidence/AV/AV-018-06__EMPTY_VALID.png","345",""
"AV-019-01","AV","resi 45","tests/fixtures/mini-protein.pdb","VALID_EMPTY","EMPTY_VALID","0","0","","","true","verification/selection-exhaustive/evidence/AV/AV-019-01__EMPTY_VALID.png","368",""
"AV-019-02","AV","none","tests/fixtures/mini-protein.pdb","VALID_EMPTY","EMPTY_VALID","0","0","","","true","verification/selection-exhaustive/evidence/AV/AV-019-02__EMPTY_VALID.png","378",""
"AV-019-03","AV","organic","tests/fixtures/mini-protein.pdb","VALID_NONEMPTY","PASS","2","2","","","true","verification/selection-exhaustive/evidence/AV/AV-019-03__PASS.png","912",""
"AV-019-04","AV","none","tests/fixtures/mini-protein.pdb","VALID_EMPTY","EMPTY_VALID","0","0","","","true","verification/selection-exhaustive/evidence/AV/AV-019-04__EMPTY_VALID.png","387",""
"AV-019-05","AV","chain A","tests/fixtures/mini-protein.pdb","VALID_NONEMPTY","PASS","11","11","","","true","verification/selection-exhaustive/evidence/AV/AV-019-05__PASS.png","799",""
"AV-019-06","AV","none","tests/fixtures/mini-protein.pdb","VALID_EMPTY","EMPTY_VALID","0","0","","","true","verification/selection-exhaustive/evidence/AV/AV-019-06__EMPTY_VALID.png","335",""
"AV-020-01","AV","resi 45","tests/fixtures/mini-protein.pdb","VALID_EMPTY","EMPTY_VALID","0","0","","","true","verification/selection-exhaustive/evidence/AV/AV-020-01__EMPTY_VALID.png","354",""
"AV-020-02","AV","none","tests/fixtures/mini-protein.pdb","VALID_EMPTY","EMPTY_VALID","0","0","","","true","verification/selection-exhaustive/evidence/AV/AV-020-02__EMPTY_VALID.png","377",""
"AV-020-03","AV","organic","tests/fixtures/mini-protein.pdb","VALID_NONEMPTY","PASS","2","2","","","true","verification/selection-exhaustive/evidence/AV/AV-020-03__PASS.png","807",""
"AV-020-04","AV","none","tests/fixtures/mini-protein.pdb","VALID_EMPTY","EMPTY_VALID","0","0","","","true","verification/selection-exhaustive/evidence/AV/AV-020-04__EMPTY_VALID.png","383",""
"AV-020-05","AV","chain A","tests/fixtures/mini-protein.pdb","VALID_NONEMPTY","PASS","11","11","","","true","verification/selection-exhaustive/evidence/AV/AV-020-05__PASS.png","860",""
"AV-020-06","AV","none","tests/fixtures/mini-protein.pdb","VALID_EMPTY","EMPTY_VALID","0","0","","","true","verification/selection-exhaustive/evidence/AV/AV-020-06__EMPTY_VALID.png","362",""
"AW-001-001","AW","chain A","tests/fixtures/mini-protein.pdb","VALID_NONEMPTY","PASS","11","11","","","true","verification/selection-exhaustive/evidence/AW/AW-001-001__PASS.png","828",""
"AW-001-002","AW","name CA","tests/fixtures/mini-protein.pdb","VALID_NONEMPTY","PASS","2","2","","","true","verification/selection-exhaustive/evidence/AW/AW-001-002__PASS.png","801",""
"AW-001-003","AW","resi 45","tests/fixtures/mini-protein.pdb","VALID_EMPTY","EMPTY_VALID","0","0","","","true","verification/selection-exhaustive/evidence/AW/AW-001-003__EMPTY_VALID.png","388",""
"AW-001-004","AW","organic","tests/fixtures/mini-protein.pdb","VALID_NONEMPTY","PASS","2","2","","","true","verification/selection-exhaustive/evidence/AW/AW-001-004__PASS.png","776",""
"AW-001-005","AW","solvent","tests/fixtures/mini-protein.pdb","VALID_NONEMPTY","PASS","1","1","","","true","verification/selection-exhaustive/evidence/AW/AW-001-005__PASS.png","912",""
"AW-001-006","AW","all","tests/fixtures/mini-protein.pdb","VALID_NONEMPTY","PASS","12","12","","","true","verification/selection-exhaustive/evidence/AW/AW-001-006__PASS.png","1066",""
"AW-001-007","AW","none","tests/fixtures/mini-protein.pdb","VALID_EMPTY","EMPTY_VALID","0","0","","","true","verification/selection-exhaustive/evidence/AW/AW-001-007__EMPTY_VALID.png","371",""
"AW-001-008","AW","byres (polymer.protein within 4 of organic)","tests/fixtures/mini-protein.pdb","VALID_NONEMPTY","PASS","8","8","","","true","verification/selection-exhaustive/evidence/AW/AW-001-008__PASS.png","922",""
"AW-002-001","AW","chain A","tests/fixtures/mini-protein.pdb","VALID_NONEMPTY","PASS","11","11","","","true","verification/selection-exhaustive/evidence/AW/AW-002-001__PASS.png","932",""
"AW-002-002","AW","name CA","tests/fixtures/mini-protein.pdb","VALID_NONEMPTY","PASS","2","2","","","true","verification/selection-exhaustive/evidence/AW/AW-002-002__PASS.png","889",""
"AW-002-003","AW","resi 45","tests/fixtures/mini-protein.pdb","VALID_EMPTY","EMPTY_VALID","0","0","","","true","verification/selection-exhaustive/evidence/AW/AW-002-003__EMPTY_VALID.png","396",""
"AW-002-004","AW","organic","tests/fixtures/mini-protein.pdb","VALID_NONEMPTY","PASS","2","2","","","true","verification/selection-exhaustive/evidence/AW/AW-002-004__PASS.png","924",""
"AW-002-005","AW","solvent","tests/fixtures/mini-protein.pdb","VALID_NONEMPTY","PASS","1","1","","","true","verification/selection-exhaustive/evidence/AW/AW-002-005__PASS.png","839",""
"AW-002-006","AW","all","tests/fixtures/mini-protein.pdb","VALID_NONEMPTY","PASS","12","12","","","true","verification/selection-exhaustive/evidence/AW/AW-002-006__PASS.png","1259",""
"AW-002-007","AW","none","tests/fixtures/mini-protein.pdb","VALID_EMPTY","EMPTY_VALID","0","0","","","true","verification/selection-exhaustive/evidence/AW/AW-002-007__EMPTY_VALID.png","502",""
"AW-002-008","AW","byres (polymer.protein within 4 of organic)","tests/fixtures/mini-protein.pdb","VALID_NONEMPTY","PASS","8","8","","","true","verification/selection-exhaustive/evidence/AW/AW-002-008__PASS.png","1038",""
"AW-003-001","AW","chain A","tests/fixtures/mini-protein.pdb","VALID_NONEMPTY","PASS","11","11","","","true","verification/selection-exhaustive/evidence/AW/AW-003-001__PASS.png","1079",""
"AW-003-002","AW","name CA","tests/fixtures/mini-protein.pdb","VALID_NONEMPTY","PASS","2","2","","","true","verification/selection-exhaustive/evidence/AW/AW-003-002__PASS.png","768",""
"AW-003-003","AW","resi 45","tests/fixtures/mini-protein.pdb","VALID_EMPTY","EMPTY_VALID","0","0","","","true","verification/selection-exhaustive/evidence/AW/AW-003-003__EMPTY_VALID.png","370",""
"AW-003-004","AW","organic","tests/fixtures/mini-protein.pdb","VALID_NONEMPTY","PASS","2","2","","","true","verification/selection-exhaustive/evidence/AW/AW-003-004__PASS.png","814",""
"AW-003-005","AW","solvent","tests/fixtures/mini-protein.pdb","VALID_NONEMPTY","PASS","1","1","","","true","verification/selection-exhaustive/evidence/AW/AW-003-005__PASS.png","826",""
"AW-003-006","AW","all","tests/fixtures/mini-protein.pdb","VALID_NONEMPTY","PASS","12","12","","","true","verification/selection-exhaustive/evidence/AW/AW-003-006__PASS.png","1238",""
"AW-003-007","AW","none","tests/fixtures/mini-protein.pdb","VALID_EMPTY","EMPTY_VALID","0","0","","","true","verification/selection-exhaustive/evidence/AW/AW-003-007__EMPTY_VALID.png","411",""
"AW-003-008","AW","byres (polymer.protein within 4 of organic)","tests/fixtures/mini-protein.pdb","VALID_NONEMPTY","PASS","8","8","","","true","verification/selection-exhaustive/evidence/AW/AW-003-008__PASS.png","895",""
"AW-004-001","AW","chain A","tests/fixtures/mini-protein.pdb","VALID_NONEMPTY","PASS","11","11","","","true","verification/selection-exhaustive/evidence/AW/AW-004-001__PASS.png","827",""
"AW-004-002","AW","name CA","tests/fixtures/mini-protein.pdb","VALID_NONEMPTY","PASS","2","2","","","true","verification/selection-exhaustive/evidence/AW/AW-004-002__PASS.png","795",""
"AW-004-003","AW","resi 45","tests/fixtures/mini-protein.pdb","VALID_EMPTY","EMPTY_VALID","0","0","","","true","verification/selection-exhaustive/evidence/AW/AW-004-003__EMPTY_VALID.png","374",""
"AW-004-004","AW","organic","tests/fixtures/mini-protein.pdb","VALID_NONEMPTY","PASS","2","2","","","true","verification/selection-exhaustive/evidence/AW/AW-004-004__PASS.png","855",""
"AW-004-005","AW","solvent","tests/fixtures/mini-protein.pdb","VALID_NONEMPTY","PASS","1","1","","","true","verification/selection-exhaustive/evidence/AW/AW-004-005__PASS.png","834",""
"AW-004-006","AW","all","tests/fixtures/mini-protein.pdb","VALID_NONEMPTY","PASS","12","12","","","true","verification/selection-exhaustive/evidence/AW/AW-004-006__PASS.png","1172",""
"AW-004-007","AW","none","tests/fixtures/mini-protein.pdb","VALID_EMPTY","EMPTY_VALID","0","0","","","true","verification/selection-exhaustive/evidence/AW/AW-004-007__EMPTY_VALID.png","363",""
"AW-004-008","AW","byres (polymer.protein within 4 of organic)","tests/fixtures/mini-protein.pdb","VALID_NONEMPTY","PASS","8","8","","","true","verification/selection-exhaustive/evidence/AW/AW-004-008__PASS.png","882",""
"AW-005-001","AW","chain A","tests/fixtures/mini-protein.pdb","VALID_NONEMPTY","PASS","11","11","","","true","verification/selection-exhaustive/evidence/AW/AW-005-001__PASS.png","877",""
"AW-005-002","AW","name CA","tests/fixtures/mini-protein.pdb","VALID_NONEMPTY","PASS","2","2","","","true","verification/selection-exhaustive/evidence/AW/AW-005-002__PASS.png","757",""
"AW-005-003","AW","resi 45","tests/fixtures/mini-protein.pdb","VALID_EMPTY","EMPTY_VALID","0","0","","","true","verification/selection-exhaustive/evidence/AW/AW-005-003__EMPTY_VALID.png","654",""
"AW-005-004","AW","organic","tests/fixtures/mini-protein.pdb","VALID_NONEMPTY","PASS","2","2","","","true","verification/selection-exhaustive/evidence/AW/AW-005-004__PASS.png","1355",""
"AW-005-005","AW","solvent","tests/fixtures/mini-protein.pdb","VALID_NONEMPTY","PASS","1","1","","","true","verification/selection-exhaustive/evidence/AW/AW-005-005__PASS.png","1478",""
"AW-005-006","AW","all","tests/fixtures/mini-protein.pdb","VALID_NONEMPTY","PASS","12","12","","","true","verification/selection-exhaustive/evidence/AW/AW-005-006__PASS.png","1852",""
"AW-005-007","AW","none","tests/fixtures/mini-protein.pdb","VALID_EMPTY","EMPTY_VALID","0","0","","","true","verification/selection-exhaustive/evidence/AW/AW-005-007__EMPTY_VALID.png","484",""
"AW-005-008","AW","byres (polymer.protein within 4 of organic)","tests/fixtures/mini-protein.pdb","VALID_NONEMPTY","PASS","8","8","","","true","verification/selection-exhaustive/evidence/AW/AW-005-008__PASS.png","840",""
"AW-006-001","AW","chain A","tests/fixtures/mini-protein.pdb","VALID_NONEMPTY","PASS","11","11","","","true","verification/selection-exhaustive/evidence/AW/AW-006-001__PASS.png","797",""
"AW-006-002","AW","name CA","tests/fixtures/mini-protein.pdb","VALID_NONEMPTY","PASS","2","2","","","true","verification/selection-exhaustive/evidence/AW/AW-006-002__PASS.png","824",""
"AW-006-003","AW","resi 45","tests/fixtures/mini-protein.pdb","VALID_EMPTY","EMPTY_VALID","0","0","","","true","verification/selection-exhaustive/evidence/AW/AW-006-003__EMPTY_VALID.png","437",""
"AW-006-004","AW","organic","tests/fixtures/mini-protein.pdb","VALID_NONEMPTY","PASS","2","2","","","true","verification/selection-exhaustive/evidence/AW/AW-006-004__PASS.png","823",""
"AW-006-005","AW","solvent","tests/fixtures/mini-protein.pdb","VALID_NONEMPTY","PASS","1","1","","","true","verification/selection-exhaustive/evidence/AW/AW-006-005__PASS.png","1026",""
"AW-006-006","AW","all","tests/fixtures/mini-protein.pdb","VALID_NONEMPTY","PASS","12","12","","","true","verification/selection-exhaustive/evidence/AW/AW-006-006__PASS.png","1989",""
"AW-006-007","AW","none","tests/fixtures/mini-protein.pdb","VALID_EMPTY","EMPTY_VALID","0","0","","","true","verification/selection-exhaustive/evidence/AW/AW-006-007__EMPTY_VALID.png","757",""
"AW-006-008","AW","byres (polymer.protein within 4 of organic)","tests/fixtures/mini-protein.pdb","VALID_NONEMPTY","PASS","8","8","","","true","verification/selection-exhaustive/evidence/AW/AW-006-008__PASS.png","1430",""
"AW-007-001","AW","chain A","tests/fixtures/mini-protein.pdb","VALID_NONEMPTY","PASS","11","11","","","true","verification/selection-exhaustive/evidence/AW/AW-007-001__PASS.png","1531",""
"AW-007-002","AW","name CA","tests/fixtures/mini-protein.pdb","VALID_NONEMPTY","PASS","2","2","","","true","verification/selection-exhaustive/evidence/AW/AW-007-002__PASS.png","1377",""
"AW-007-003","AW","resi 45","tests/fixtures/mini-protein.pdb","VALID_EMPTY","EMPTY_VALID","0","0","","","true","verification/selection-exhaustive/evidence/AW/AW-007-003__EMPTY_VALID.png","656",""
"AW-007-004","AW","organic","tests/fixtures/mini-protein.pdb","VALID_NONEMPTY","PASS","2","2","","","true","verification/selection-exhaustive/evidence/AW/AW-007-004__PASS.png","1372",""
"AW-007-005","AW","solvent","tests/fixtures/mini-protein.pdb","VALID_NONEMPTY","PASS","1","1","","","true","verification/selection-exhaustive/evidence/AW/AW-007-005__PASS.png","1333",""
"AW-007-006","AW","all","tests/fixtures/mini-protein.pdb","VALID_NONEMPTY","PASS","12","12","","","true","verification/selection-exhaustive/evidence/AW/AW-007-006__PASS.png","2018",""
"AW-007-007","AW","none","tests/fixtures/mini-protein.pdb","VALID_EMPTY","EMPTY_VALID","0","0","","","true","verification/selection-exhaustive/evidence/AW/AW-007-007__EMPTY_VALID.png","520",""
"AW-007-008","AW","byres (polymer.protein within 4 of organic)","tests/fixtures/mini-protein.pdb","VALID_NONEMPTY","PASS","8","8","","","true","verification/selection-exhaustive/evidence/AW/AW-007-008__PASS.png","845",""
"AW-008-001","AW","chain A","tests/fixtures/mini-protein.pdb","VALID_NONEMPTY","PASS","11","11","","","true","verification/selection-exhaustive/evidence/AW/AW-008-001__PASS.png","817",""
"AW-008-002","AW","name CA","tests/fixtures/mini-protein.pdb","VALID_NONEMPTY","PASS","2","2","","","true","verification/selection-exhaustive/evidence/AW/AW-008-002__PASS.png","839",""
"AW-008-003","AW","resi 45","tests/fixtures/mini-protein.pdb","VALID_EMPTY","EMPTY_VALID","0","0","","","true","verification/selection-exhaustive/evidence/AW/AW-008-003__EMPTY_VALID.png","359",""
"AW-008-004","AW","organic","tests/fixtures/mini-protein.pdb","VALID_NONEMPTY","PASS","2","2","","","true","verification/selection-exhaustive/evidence/AW/AW-008-004__PASS.png","890",""
"AW-008-005","AW","solvent","tests/fixtures/mini-protein.pdb","VALID_NONEMPTY","PASS","1","1","","","true","verification/selection-exhaustive/evidence/AW/AW-008-005__PASS.png","1154",""
"AW-008-006","AW","all","tests/fixtures/mini-protein.pdb","VALID_NONEMPTY","PASS","12","12","","","true","verification/selection-exhaustive/evidence/AW/AW-008-006__PASS.png","1180",""
"AW-008-007","AW","none","tests/fixtures/mini-protein.pdb","VALID_EMPTY","EMPTY_VALID","0","0","","","true","verification/selection-exhaustive/evidence/AW/AW-008-007__EMPTY_VALID.png","334",""
"AW-008-008","AW","byres (polymer.protein within 4 of organic)","tests/fixtures/mini-protein.pdb","VALID_NONEMPTY","PASS","8","8","","","true","verification/selection-exhaustive/evidence/AW/AW-008-008__PASS.png","784",""
"AW-009-001","AW","chain A","tests/fixtures/mini-protein.pdb","VALID_NONEMPTY","PASS","11","11","","","true","verification/selection-exhaustive/evidence/AW/AW-009-001__PASS.png","777",""
"AW-009-002","AW","name CA","tests/fixtures/mini-protein.pdb","VALID_NONEMPTY","PASS","2","2","","","true","verification/selection-exhaustive/evidence/AW/AW-009-002__PASS.png","900",""
"AW-009-003","AW","resi 45","tests/fixtures/mini-protein.pdb","VALID_EMPTY","EMPTY_VALID","0","0","","","true","verification/selection-exhaustive/evidence/AW/AW-009-003__EMPTY_VALID.png","459",""
"AW-009-004","AW","organic","tests/fixtures/mini-protein.pdb","VALID_NONEMPTY","PASS","2","2","","","true","verification/selection-exhaustive/evidence/AW/AW-009-004__PASS.png","976",""
"AW-009-005","AW","solvent","tests/fixtures/mini-protein.pdb","VALID_NONEMPTY","PASS","1","1","","","true","verification/selection-exhaustive/evidence/AW/AW-009-005__PASS.png","976",""
"AW-009-006","AW","all","tests/fixtures/mini-protein.pdb","VALID_NONEMPTY","PASS","12","12","","","true","verification/selection-exhaustive/evidence/AW/AW-009-006__PASS.png","1436",""
"AW-009-007","AW","none","tests/fixtures/mini-protein.pdb","VALID_EMPTY","EMPTY_VALID","0","0","","","true","verification/selection-exhaustive/evidence/AW/AW-009-007__EMPTY_VALID.png","401",""
"AW-009-008","AW","byres (polymer.protein within 4 of organic)","tests/fixtures/mini-protein.pdb","VALID_NONEMPTY","PASS","8","8","","","true","verification/selection-exhaustive/evidence/AW/AW-009-008__PASS.png","1077",""
"AW-010-001","AW","chain A","tests/fixtures/mini-protein.pdb","VALID_NONEMPTY","PASS","11","11","","","true","verification/selection-exhaustive/evidence/AW/AW-010-001__PASS.png","1036",""
"AW-010-002","AW","name CA","tests/fixtures/mini-protein.pdb","VALID_NONEMPTY","PASS","2","2","","","true","verification/selection-exhaustive/evidence/AW/AW-010-002__PASS.png","1164",""
"AW-010-003","AW","resi 45","tests/fixtures/mini-protein.pdb","VALID_EMPTY","EMPTY_VALID","0","0","","","true","verification/selection-exhaustive/evidence/AW/AW-010-003__EMPTY_VALID.png","559",""
"AW-010-004","AW","organic","tests/fixtures/mini-protein.pdb","VALID_NONEMPTY","PASS","2","2","","","true","verification/selection-exhaustive/evidence/AW/AW-010-004__PASS.png","1233",""
"AW-010-005","AW","solvent","tests/fixtures/mini-protein.pdb","VALID_NONEMPTY","PASS","1","1","","","true","verification/selection-exhaustive/evidence/AW/AW-010-005__PASS.png","1315",""
"AW-010-006","AW","all","tests/fixtures/mini-protein.pdb","VALID_NONEMPTY","PASS","12","12","","","true","verification/selection-exhaustive/evidence/AW/AW-010-006__PASS.png","1466",""
"AW-010-007","AW","none","tests/fixtures/mini-protein.pdb","VALID_EMPTY","EMPTY_VALID","0","0","","","true","verification/selection-exhaustive/evidence/AW/AW-010-007__EMPTY_VALID.png","367",""
"AW-010-008","AW","byres (polymer.protein within 4 of organic)","tests/fixtures/mini-protein.pdb","VALID_NONEMPTY","PASS","8","8","","","true","verification/selection-exhaustive/evidence/AW/AW-010-008__PASS.png","833",""
"AX-001","AX","select lig_test, organic; show sticks, lig_test","tests/fixtures/mini-protein.pdb","UNKNOWN_PROPERTY","PASS","2","0","","","true","verification/selection-exhaustive/evidence/AX/AX-001__PASS.png","1167",""
"AX-002","AX","select pocket, byres (polymer.protein within 4.0 of organic); show sticks, pocket; color yellow, pocket","tests/fixtures/mini-protein.pdb","UNKNOWN_PROPERTY","PASS","8","0","","","true","verification/selection-exhaustive/evidence/AX/AX-002__PASS.png","1314",""
"AX-003","AX","select a, chain A; show spheres, a; hide spheres, a; show sticks, a","tests/fixtures/mini-protein.pdb","UNKNOWN_PROPERTY","PASS","11","0","","","true","verification/selection-exhaustive/evidence/AX/AX-003__PASS.png","1265",""
"AY-001","AY","select a, chain A; BADCOMMAND; color red, a","tests/fixtures/mini-protein.pdb","SYNTAX_ERROR","PASS","11","","","","true","verification/selection-exhaustive/evidence/AY/AY-001__PASS.png","1229",""
"AZ-001","AZ","model mini-protein.pdb and polymer.protein and chain A and (resn ALA or resn GLY or resn SER or resn THR) and not name H* and not solvent","tests/fixtures/mini-protein.pdb","VALID_NONEMPTY","PASS","8","8","","","true","verification/selection-exhaustive/evidence/AZ/AZ-001__PASS.png","882",""
"AZ-002","AZ","((polymer.protein and chain A) or (organic and elem O)) and not solvent","tests/fixtures/mini-protein.pdb","VALID_NONEMPTY","PASS","9","9","","","true","verification/selection-exhaustive/evidence/AZ/AZ-002__PASS.png","1518",""
"AZ-003","AZ","not (not (not (not (not (not chain A)))))","tests/fixtures/mini-protein.pdb","VALID_NONEMPTY","PASS","11","11","","","true","verification/selection-exhaustive/evidence/AZ/AZ-003__PASS.png","1428",""
"B-001","B","model mini-protein.pdb","tests/fixtures/mini-protein.pdb","VALID_NONEMPTY","PASS","12","12","","","true","verification/selection-exhaustive/evidence/B/B-001__PASS.png","1424",""
"B-002","B","model mini-protein.pdb","tests/fixtures/mini-protein.pdb","VALID_NONEMPTY","PASS","12","12","","","true","verification/selection-exhaustive/evidence/B/B-002__PASS.png","1505",""
"B-003","B","model mini-protein.pdb or model mini-protein.pdb","tests/fixtures/mini-protein.pdb","VALID_NONEMPTY","PASS","12","12","","","true","verification/selection-exhaustive/evidence/B/B-003__PASS.png","1418",""
"B-004","B","model mini-protein.pdb and model mini-protein.pdb","tests/fixtures/mini-protein.pdb","VALID_NONEMPTY","PASS","12","12","","","true","verification/selection-exhaustive/evidence/B/B-004__PASS.png","1496",""
"B-005","B","not model mini-protein.pdb","tests/fixtures/mini-protein.pdb","VALID_EMPTY","EMPTY_VALID","0","0","","","true","verification/selection-exhaustive/evidence/B/B-005__EMPTY_VALID.png","765",""
"B-006","B","byobject (model mini-protein.pdb and name CA)","tests/fixtures/mini-protein.pdb","VALID_NONEMPTY","PASS","12","12","","","true","verification/selection-exhaustive/evidence/B/B-006__PASS.png","1559",""
"BA-001","BA","select pocket, byres (polymer.protein within 4 of organic)","tests/fixtures/multistate.pdb","UNKNOWN_PROPERTY","EMPTY_VALID","0","0","","","true","verification/selection-exhaustive/evidence/BA/BA-001__EMPTY_VALID.png","5789",""
"BA-002","BA","rotate 15","tests/fixtures/multistate.pdb","COMMAND_HANDLED","INVALID_EXPECTED","0","","","","true","verification/selection-exhaustive/evidence/BA/BA-002__INVALID_EXPECTED.png","616",""
"BA-003","BA","pan 1","tests/fixtures/multistate.pdb","COMMAND_HANDLED","INVALID_EXPECTED","0","","","","true","verification/selection-exhaustive/evidence/BA/BA-003__INVALID_EXPECTED.png","561",""
"BA-004","BA","zoom 1","tests/fixtures/multistate.pdb","COMMAND_HANDLED","PASS","0","","","","true","verification/selection-exhaustive/evidence/BA/BA-004__PASS.png","1248",""
"BA-005","BA","fit","tests/fixtures/multistate.pdb","COMMAND_HANDLED","PASS","","","","","true","verification/selection-exhaustive/evidence/BA/BA-005__PASS.png","1329",""
"BA-006","BA","center","tests/fixtures/multistate.pdb","COMMAND_HANDLED","PASS","","","","","true","verification/selection-exhaustive/evidence/BA/BA-006__PASS.png","1300",""
"BA-007","BA","orient","tests/fixtures/multistate.pdb","COMMAND_HANDLED","INVALID_EXPECTED","0","","","","true","verification/selection-exhaustive/evidence/BA/BA-007__INVALID_EXPECTED.png","638",""
"BA-008","BA","perspective","tests/fixtures/multistate.pdb","COMMAND_HANDLED","INVALID_EXPECTED","0","","","","true","verification/selection-exhaustive/evidence/BA/BA-008__INVALID_EXPECTED.png","612",""
"BA-009","BA","orthographic","tests/fixtures/multistate.pdb","COMMAND_HANDLED","INVALID_EXPECTED","0","","","","true","verification/selection-exhaustive/evidence/BA/BA-009__INVALID_EXPECTED.png","606",""
"BB-001","BB","select pocket, byres (polymer.protein within 4 of organic)","tests/fixtures/multistate.pdb","UNKNOWN_PROPERTY","EMPTY_VALID","0","0","","","true","verification/selection-exhaustive/evidence/BB/BB-001__EMPTY_VALID.png","1439",""
"BB-002","BB","show cartoon, all","tests/fixtures/multistate.pdb","COMMAND_HANDLED","PASS","4","","","","true","verification/selection-exhaustive/evidence/BB/BB-002__PASS.png","1314",""
"BB-003","BB","show sticks, all","tests/fixtures/multistate.pdb","COMMAND_HANDLED","PASS","4","","","","true","verification/selection-exhaustive/evidence/BB/BB-003__PASS.png","1487",""
"BB-004","BB","show surface, all","tests/fixtures/multistate.pdb","COMMAND_HANDLED","PASS","4","","","","true","verification/selection-exhaustive/evidence/BB/BB-004__PASS.png","1413",""
"BB-005","BB","show mesh, all","tests/fixtures/multistate.pdb","COMMAND_HANDLED","PASS","4","","","","true","verification/selection-exhaustive/evidence/BB/BB-005__PASS.png","1381",""
"BB-006","BB","show spheres, all","tests/fixtures/multistate.pdb","COMMAND_HANDLED","PASS","4","","","","true","verification/selection-exhaustive/evidence/BB/BB-006__PASS.png","1373",""
"BB-007","BB","show lines, all","tests/fixtures/multistate.pdb","COMMAND_HANDLED","PASS","4","","","","true","verification/selection-exhaustive/evidence/BB/BB-007__PASS.png","1311",""
"BB-008","BB","show sticks, all","tests/fixtures/multistate.pdb","COMMAND_HANDLED","PASS","4","","","","true","verification/selection-exhaustive/evidence/BB/BB-008__PASS.png","1448",""
"BC-001","BC","select edit_target, index 2","tests/fixtures/r07-b2-topology.pdb","UNKNOWN_PROPERTY","PASS","1","0","","","true","verification/selection-exhaustive/evidence/BC/BC-001__PASS.png","4569",""
"BC-002","BC","remove index 2","tests/fixtures/r07-b2-topology.pdb","COMMAND_HANDLED","PASS","1","","","","true","verification/selection-exhaustive/evidence/BC/BC-002__PASS.png","8198",""
"BC-003","BC","edit_test","tests/fixtures/r07-b2-topology.pdb","COMMAND_HANDLED","PASS","","","","","true","verification/selection-exhaustive/evidence/BC/BC-003__PASS.png","7954",""
"BC-004","BC","undo","tests/fixtures/r07-b2-topology.pdb","COMMAND_HANDLED","PASS","","","","","true","verification/selection-exhaustive/evidence/BC/BC-004__PASS.png","8368",""
"BC-005","BC","edit_test","tests/fixtures/r07-b2-topology.pdb","COMMAND_HANDLED","PASS","","","","","true","verification/selection-exhaustive/evidence/BC/BC-005__PASS.png","7815",""
"BC-006","BC","redo","tests/fixtures/r07-b2-topology.pdb","COMMAND_HANDLED","PASS","","","","","true","verification/selection-exhaustive/evidence/BC/BC-006__PASS.png","8334",""
"BC-007","BC","edit_test","tests/fixtures/r07-b2-topology.pdb","COMMAND_HANDLED","PASS","","","","","true","verification/selection-exhaustive/evidence/BC/BC-007__PASS.png","7805",""
"BD-001","BD","select one, chain A","tests/fixtures/mini-protein.pdb","UNKNOWN_PROPERTY","PASS","11","0","","","true","verification/selection-exhaustive/evidence/BD/BD-001__PASS.png","3578",""
"BD-002","BD","select two, organic","tests/fixtures/mini-protein.pdb","UNKNOWN_PROPERTY","PASS","2","0","","","true","verification/selection-exhaustive/evidence/BD/BD-002__PASS.png","1411",""
"BD-003","BD","save","tests/fixtures/mini-protein.pdb","COMMAND_HANDLED","INVALID_EXPECTED","0","","","","true","verification/selection-exhaustive/evidence/BD/BD-003__INVALID_EXPECTED.png","302",""
"BD-004","BD","none","tests/fixtures/mini-protein.pdb","VALID_EMPTY","EMPTY_VALID","0","0","","","true","verification/selection-exhaustive/evidence/BD/BD-004__EMPTY_VALID.png","391",""
"BD-005","BD","open","tests/fixtures/mini-protein.pdb","COMMAND_HANDLED","INVALID_EXPECTED","0","","","","true","verification/selection-exhaustive/evidence/BD/BD-005__INVALID_EXPECTED.png","340",""
"BD-006","BD","one","tests/fixtures/mini-protein.pdb","UNKNOWN_NAME","PASS","11","0","","","true","verification/selection-exhaustive/evidence/BD/BD-006__PASS.png","861",""
"BD-007","BD","two","tests/fixtures/mini-protein.pdb","UNKNOWN_NAME","PASS","2","0","","","true","verification/selection-exhaustive/evidence/BD/BD-007__PASS.png","853",""
"BE-001","BE","polymer.nucleic","tests/fixtures/typed-nucleic.mmcif","VALID_NONEMPTY","PASS","2","2","","","true","verification/selection-exhaustive/evidence/BE/BE-001__PASS.png","3237",""
"BE-002","BE","polymer.protein","tests/fixtures/typed-nucleic.mmcif","VALID_NONEMPTY","PASS","2","2","","","true","verification/selection-exhaustive/evidence/BE/BE-002__PASS.png","893",""
"BE-003","BE","guide","tests/fixtures/typed-nucleic.mmcif","VALID_NONEMPTY","PASS","1","1","","","true","verification/selection-exhaustive/evidence/BE/BE-003__PASS.png","953",""
"BE-004","BE","backbone","tests/fixtures/typed-nucleic.mmcif","VALID_NONEMPTY","PASS","2","2","","","true","verification/selection-exhaustive/evidence/BE/BE-004__PASS.png","799",""
"BE-005","BE","sidechain","tests/fixtures/typed-nucleic.mmcif","VALID_NONEMPTY","PASS","2","2","","","true","verification/selection-exhaustive/evidence/BE/BE-005__PASS.png","849",""
"BE-006","BE","chain A","tests/fixtures/typed-nucleic.mmcif","VALID_NONEMPTY","PASS","2","2","","","true","verification/selection-exhaustive/evidence/BE/BE-006__PASS.png","865",""
"BE-007","BE","resn DA+DT+DG+DC","tests/fixtures/typed-nucleic.mmcif","VALID_EMPTY","EMPTY_VALID","0","0","","","true","verification/selection-exhaustive/evidence/BE/BE-007__EMPTY_VALID.png","421",""
"BE-008","BE","resn A+U","tests/fixtures/typed-nucleic.mmcif","VALID_EMPTY","EMPTY_VALID","0","0","","","true","verification/selection-exhaustive/evidence/BE/BE-008__EMPTY_VALID.png","516",""
"C-001","C","chain A","tests/fixtures/mini-protein.pdb","VALID_NONEMPTY","PASS","11","11","","","true","verification/selection-exhaustive/evidence/C/C-001__PASS.png","3295",""
"C-002","C","not chain A","tests/fixtures/mini-protein.pdb","VALID_NONEMPTY","PASS","1","1","","","true","verification/selection-exhaustive/evidence/C/C-002__PASS.png","992",""
"C-003","C","chain A or chain B","tests/fixtures/mini-protein.pdb","VALID_NONEMPTY","PASS","12","12","","","true","verification/selection-exhaustive/evidence/C/C-003__PASS.png","873",""
"C-004","C","chain A and polymer.protein","tests/fixtures/mini-protein.pdb","VALID_NONEMPTY","PASS","8","8","","","true","verification/selection-exhaustive/evidence/C/C-004__PASS.png","893",""
"C-005","C","chain ZZZ","tests/fixtures/mini-protein.pdb","VALID_EMPTY","EMPTY_VALID","0","0","","","true","verification/selection-exhaustive/evidence/C/C-005__EMPTY_VALID.png","397",""
"C-006","C","chain A","tests/fixtures/mini-protein.pdb","VALID_NONEMPTY","PASS","11","11","","","true","verification/selection-exhaustive/evidence/C/C-006__PASS.png","893",""
"C-007","C","chain a","tests/fixtures/mini-protein.pdb","VALID_NONEMPTY","PASS","11","11","","","true","verification/selection-exhaustive/evidence/C/C-007__PASS.png","911",""
"D-001","D","resn ALA","tests/fixtures/mini-protein.pdb","VALID_NONEMPTY","PASS","4","4","","","true","verification/selection-exhaustive/evidence/D/D-001__PASS.png","923",""
"D-002","D","resn GLY","tests/fixtures/mini-protein.pdb","VALID_NONEMPTY","PASS","4","4","","","true","verification/selection-exhaustive/evidence/D/D-002__PASS.png","822",""
"D-003","D","resn TYR","tests/fixtures/mini-protein.pdb","VALID_EMPTY","EMPTY_VALID","0","0","","","true","verification/selection-exhaustive/evidence/D/D-003__EMPTY_VALID.png","423",""
"D-004","D","resn ASP","tests/fixtures/mini-protein.pdb","VALID_EMPTY","EMPTY_VALID","0","0","","","true","verification/selection-exhaustive/evidence/D/D-004__EMPTY_VALID.png","400",""
"D-005","D","resn ALA+GLY","tests/fixtures/mini-protein.pdb","VALID_EMPTY","EMPTY_VALID","0","0","","","true","verification/selection-exhaustive/evidence/D/D-005__EMPTY_VALID.png","404",""
"D-006","D","polymer.protein and resn TYR","tests/fixtures/mini-protein.pdb","VALID_EMPTY","EMPTY_VALID","0","0","","","true","verification/selection-exhaustive/evidence/D/D-006__EMPTY_VALID.png","426",""
"D-007","D","chain A and resn ASP","tests/fixtures/mini-protein.pdb","VALID_EMPTY","EMPTY_VALID","0","0","","","true","verification/selection-exhaustive/evidence/D/D-007__EMPTY_VALID.png","432",""
"D-008","D","resn LIG","tests/fixtures/mini-protein.pdb","VALID_NONEMPTY","PASS","2","2","","","true","verification/selection-exhaustive/evidence/D/D-008__PASS.png","890",""
"E-001","E","resi 45","tests/fixtures/mini-protein.pdb","VALID_EMPTY","EMPTY_VALID","0","0","","","true","verification/selection-exhaustive/evidence/E/E-001__EMPTY_VALID.png","397",""
"E-002","E","resi 45+46","tests/fixtures/mini-protein.pdb","INVALID_VALUE","EMPTY_VALID","0","0","","","true","verification/selection-exhaustive/evidence/E/E-002__EMPTY_VALID.png","340",""
"E-003","E","resi 40-50","tests/fixtures/mini-protein.pdb","VALID_EMPTY","EMPTY_VALID","0","0","","","true","verification/selection-exhaustive/evidence/E/E-003__EMPTY_VALID.png","397",""
"E-004","E","chain A and resi 45","tests/fixtures/mini-protein.pdb","VALID_EMPTY","EMPTY_VALID","0","0","","","true","verification/selection-exhaustive/evidence/E/E-004__EMPTY_VALID.png","391",""
"E-005","E","chain A and resi 40-50","tests/fixtures/mini-protein.pdb","VALID_EMPTY","EMPTY_VALID","0","0","","","true","verification/selection-exhaustive/evidence/E/E-005__EMPTY_VALID.png","469",""
"E-006","E","resi 1","tests/fixtures/mini-protein.pdb","VALID_NONEMPTY","PASS","4","4","","","true","verification/selection-exhaustive/evidence/E/E-006__PASS.png","1023",""
"E-007","E","resi HETOM","tests/fixtures/mini-protein.pdb","INVALID_VALUE","EMPTY_VALID","0","0","","","true","verification/selection-exhaustive/evidence/E/E-007__EMPTY_VALID.png","404",""
"F-001","F","name CA","tests/fixtures/mini-protein.pdb","VALID_NONEMPTY","PASS","2","2","","","true","verification/selection-exhaustive/evidence/F/F-001__PASS.png","831",""
"F-002","F","name N","tests/fixtures/mini-protein.pdb","VALID_NONEMPTY","PASS","2","2","","","true","verification/selection-exhaustive/evidence/F/F-002__PASS.png","882",""
"F-003","F","name C","tests/fixtures/mini-protein.pdb","VALID_NONEMPTY","PASS","2","2","","","true","verification/selection-exhaustive/evidence/F/F-003__PASS.png","913",""
"F-004","F","name O","tests/fixtures/mini-protein.pdb","VALID_NONEMPTY","PASS","3","3","","","true","verification/selection-exhaustive/evidence/F/F-004__PASS.png","970",""
"F-005","F","name CA+N+C+O","tests/fixtures/mini-protein.pdb","VALID_EMPTY","EMPTY_VALID","0","0","","","true","verification/selection-exhaustive/evidence/F/F-005__EMPTY_VALID.png","504",""
"F-006","F","polymer.protein and name CA","tests/fixtures/mini-protein.pdb","VALID_NONEMPTY","PASS","2","2","","","true","verification/selection-exhaustive/evidence/F/F-006__PASS.png","815",""
"F-007","F","chain A and name CA","tests/fixtures/mini-protein.pdb","VALID_NONEMPTY","PASS","2","2","","","true","verification/selection-exhaustive/evidence/F/F-007__PASS.png","869",""
"F-008","F","resi 45 and name CA","tests/fixtures/mini-protein.pdb","VALID_EMPTY","EMPTY_VALID","0","0","","","true","verification/selection-exhaustive/evidence/F/F-008__EMPTY_VALID.png","423",""
"G-001","G","elem C","tests/fixtures/mini-protein.pdb","VALID_NONEMPTY","PASS","5","5","","","true","verification/selection-exhaustive/evidence/G/G-001__PASS.png","946",""
"G-002","G","elem N","tests/fixtures/mini-protein.pdb","VALID_NONEMPTY","PASS","2","2","","","true","verification/selection-exhaustive/evidence/G/G-002__PASS.png","1008",""
"G-003","G","elem O","tests/fixtures/mini-protein.pdb","VALID_NONEMPTY","PASS","4","4","","","true","verification/selection-exhaustive/evidence/G/G-003__PASS.png","874",""
"G-004","G","elem S","tests/fixtures/mini-protein.pdb","VALID_EMPTY","EMPTY_VALID","0","0","","","true","verification/selection-exhaustive/evidence/G/G-004__EMPTY_VALID.png","390",""
"G-005","G","elem P","tests/fixtures/mini-protein.pdb","VALID_EMPTY","EMPTY_VALID","0","0","","","true","verification/selection-exhaustive/evidence/G/G-005__EMPTY_VALID.png","417",""
"G-006","G","organic and elem C","tests/fixtures/mini-protein.pdb","VALID_NONEMPTY","PASS","1","1","","","true","verification/selection-exhaustive/evidence/G/G-006__PASS.png","928",""
"G-007","G","polymer.protein and elem N","tests/fixtures/mini-protein.pdb","VALID_NONEMPTY","PASS","2","2","","","true","verification/selection-exhaustive/evidence/G/G-007__PASS.png","998",""
"G-008","G","solvent and elem O","tests/fixtures/mini-protein.pdb","VALID_NONEMPTY","PASS","1","1","","","true","verification/selection-exhaustive/evidence/G/G-008__PASS.png","922",""
"G-009","G","metals and elem Zn","tests/fixtures/unit-cell.pdb","VALID_EMPTY","EMPTY_VALID","0","0","","","true","verification/selection-exhaustive/evidence/G/G-009__EMPTY_VALID.png","2821",""
"H-001","H","polymer.protein and chain A","tests/fixtures/mini-protein.pdb","VALID_NONEMPTY","PASS","8","8","","","true","verification/selection-exhaustive/evidence/H/H-001__PASS.png","3319",""
"H-002","H","polymer.protein or organic","tests/fixtures/mini-protein.pdb","VALID_NONEMPTY","PASS","10","10","","","true","verification/selection-exhaustive/evidence/H/H-002__PASS.png","1094",""
"H-003","H","not solvent","tests/fixtures/mini-protein.pdb","VALID_NONEMPTY","PASS","11","11","","","true","verification/selection-exhaustive/evidence/H/H-003__PASS.png","917",""
"H-004","H","not polymer","tests/fixtures/mini-protein.pdb","VALID_NONEMPTY","PASS","4","4","","","true","verification/selection-exhaustive/evidence/H/H-004__PASS.png","906",""
"H-005","H","chain A and name CA","tests/fixtures/mini-protein.pdb","VALID_NONEMPTY","PASS","2","2","","","true","verification/selection-exhaustive/evidence/H/H-005__PASS.png","864",""
"H-006","H","chain A and (resn ALA or resn GLY)","tests/fixtures/mini-protein.pdb","VALID_NONEMPTY","PASS","8","8","","","true","verification/selection-exhaustive/evidence/H/H-006__PASS.png","953",""
"H-007","H","(chain A or chain B) and name CA","tests/fixtures/mini-protein.pdb","VALID_NONEMPTY","PASS","2","2","","","true","verification/selection-exhaustive/evidence/H/H-007__PASS.png","868",""
"H-008","H","polymer.protein and not name CA","tests/fixtures/mini-protein.pdb","VALID_NONEMPTY","PASS","6","6","","","true","verification/selection-exhaustive/evidence/H/H-008__PASS.png","829",""
"H-009","H","organic and not elem C","tests/fixtures/mini-protein.pdb","VALID_NONEMPTY","PASS","1","1","","","true","verification/selection-exhaustive/evidence/H/H-009__PASS.png","904",""
"H-010","H","chain A and resn ALA or resn GLY","tests/fixtures/mini-protein.pdb","VALID_NONEMPTY","PASS","8","8","","","true","verification/selection-exhaustive/evidence/H/H-010__PASS.png","946",""
"H-011","H","chain A and (resn ALA or resn GLY)","tests/fixtures/mini-protein.pdb","VALID_NONEMPTY","PASS","8","8","","","true","verification/selection-exhaustive/evidence/H/H-011__PASS.png","997",""
"I-001","I","first all","tests/fixtures/mini-protein.pdb","VALID_NONEMPTY","PASS","1","1","","","true","verification/selection-exhaustive/evidence/I/I-001__PASS.png","802",""
"I-002","I","last all","tests/fixtures/mini-protein.pdb","VALID_NONEMPTY","PASS","1","1","","","true","verification/selection-exhaustive/evidence/I/I-002__PASS.png","849",""
"I-003","I","first polymer.protein","tests/fixtures/mini-protein.pdb","VALID_NONEMPTY","PASS","1","1","","","true","verification/selection-exhaustive/evidence/I/I-003__PASS.png","851",""
"I-004","I","last polymer.protein","tests/fixtures/mini-protein.pdb","VALID_NONEMPTY","PASS","1","1","","","true","verification/selection-exhaustive/evidence/I/I-004__PASS.png","899",""
"I-005","I","first none","tests/fixtures/mini-protein.pdb","VALID_EMPTY","EMPTY_VALID","0","0","","","true","verification/selection-exhaustive/evidence/I/I-005__EMPTY_VALID.png","513",""
"I-006","I","last none","tests/fixtures/mini-protein.pdb","VALID_EMPTY","EMPTY_VALID","0","0","","","true","verification/selection-exhaustive/evidence/I/I-006__EMPTY_VALID.png","405",""
"J-001","J","organic","tests/fixtures/mini-protein.pdb","VALID_NONEMPTY","PASS","2","2","","","true","verification/selection-exhaustive/evidence/J/J-001__PASS.png","861",""
"J-002","J","polymer.protein within 4.0 of organic","tests/fixtures/mini-protein.pdb","VALID_NONEMPTY","PASS","4","4","","","true","verification/selection-exhaustive/evidence/J/J-002__PASS.png","869",""
"J-003","J","byres (polymer.protein within 4.0 of organic)","tests/fixtures/mini-protein.pdb","VALID_NONEMPTY","PASS","8","8","","","true","verification/selection-exhaustive/evidence/J/J-003__PASS.png","858",""
"J-004","J","byres (polymer.protein within 2.5 of organic)","tests/fixtures/mini-protein.pdb","VALID_NONEMPTY","PASS","4","4","","","true","verification/selection-exhaustive/evidence/J/J-004__PASS.png","922",""
"J-005","J","byres (polymer.protein within 3.0 of organic)","tests/fixtures/mini-protein.pdb","VALID_NONEMPTY","PASS","4","4","","","true","verification/selection-exhaustive/evidence/J/J-005__PASS.png","887",""
"J-006","J","byres (polymer.protein within 4.0 of organic)","tests/fixtures/mini-protein.pdb","VALID_NONEMPTY","PASS","8","8","","","true","verification/selection-exhaustive/evidence/J/J-006__PASS.png","829",""
"J-007","J","byres (polymer.protein within 5.0 of organic)","tests/fixtures/mini-protein.pdb","VALID_NONEMPTY","PASS","8","8","","","true","verification/selection-exhaustive/evidence/J/J-007__PASS.png","889",""
"J-008","J","byres (polymer.protein within 8.0 of organic)","tests/fixtures/mini-protein.pdb","VALID_NONEMPTY","PASS","8","8","","","true","verification/selection-exhaustive/evidence/J/J-008__PASS.png","885",""
"K-001","K","bychain (resi 45)","tests/fixtures/mini-protein.pdb","VALID_EMPTY","EMPTY_VALID","0","0","","","true","verification/selection-exhaustive/evidence/K/K-001__EMPTY_VALID.png","487",""
"K-002","K","byobject (resi 45)","tests/fixtures/mini-protein.pdb","VALID_EMPTY","EMPTY_VALID","0","0","","","true","verification/selection-exhaustive/evidence/K/K-002__EMPTY_VALID.png","437",""
"K-003","K","bymolecule (organic)","tests/fixtures/mini-protein.pdb","VALID_NONEMPTY","PASS","2","2","","","true","verification/selection-exhaustive/evidence/K/K-003__PASS.png","893",""
"K-004","K","bycalpha (resi 45)","tests/fixtures/mini-protein.pdb","VALID_EMPTY","EMPTY_VALID","0","0","","","true","verification/selection-exhaustive/evidence/K/K-004__EMPTY_VALID.png","441",""
"K-005","K","bysegi (resi 45)","tests/fixtures/mini-protein.pdb","UNSUPPORTED_OPERATOR_OR_PROFILE","EMPTY_VALID","0","0","","","true","verification/selection-exhaustive/evidence/K/K-005__EMPTY_VALID.png","359",""
"K-006","K","byfragment (organic)","tests/fixtures/mini-protein.pdb","MISSING_DEPENDENCY","IMPLEMENTED_WITH_LIMITATION","0","0","","","true","verification/selection-exhaustive/evidence/K/K-006__IMPLEMENTED_WITH_LIMITATION.png","343",""
"K-007","K","byring (organic)","tests/fixtures/ring-ligand.pdb","VALID_NONEMPTY","PASS","6","6","","","true","verification/selection-exhaustive/evidence/K/K-007__PASS.png","3305",""
"K-008","K","byres (chain A or chain B)","tests/fixtures/mini-protein.pdb","VALID_NONEMPTY","PASS","12","12","","","true","verification/selection-exhaustive/evidence/K/K-008__PASS.png","3314",""
"K-009","K","(byres chain A) or chain B","tests/fixtures/mini-protein.pdb","VALID_NONEMPTY","PASS","12","12","","","true","verification/selection-exhaustive/evidence/K/K-009__PASS.png","782",""
"L-001","L","chain A and resi 45 and name CA","tests/fixtures/mini-protein.pdb","VALID_EMPTY","EMPTY_VALID","0","0","","","true","verification/selection-exhaustive/evidence/L/L-001__EMPTY_VALID.png","432",""
"L-002","L","neighbor (chain A and resi 45 and name CA)","tests/fixtures/mini-protein.pdb","VALID_EMPTY","EMPTY_VALID","0","0","","","true","verification/selection-exhaustive/evidence/L/L-002__EMPTY_VALID.png","431",""
"L-003","L","neighbor organic","tests/fixtures/mini-protein.pdb","VALID_EMPTY","EMPTY_VALID","0","0","","","true","verification/selection-exhaustive/evidence/L/L-003__EMPTY_VALID.png","409",""
"M-001","M","bound_to (chain A and resi 45 and name CA)","tests/fixtures/mini-protein.pdb","VALID_EMPTY","EMPTY_VALID","0","0","","","true","verification/selection-exhaustive/evidence/M/M-001__EMPTY_VALID.png","471",""
"M-002","M","neighbor (chain A and resi 45 and name CA)","tests/fixtures/mini-protein.pdb","VALID_EMPTY","EMPTY_VALID","0","0","","","true","verification/selection-exhaustive/evidence/M/M-002__EMPTY_VALID.png","455",""
"N-001","N","(chain A and resi 45 and name CA) extend 1","tests/fixtures/mini-protein.pdb","VALID_EMPTY","EMPTY_VALID","0","0","","","true","verification/selection-exhaustive/evidence/N/N-001__EMPTY_VALID.png","436",""
"N-002","N","(chain A and resi 45 and name CA) extend 2","tests/fixtures/mini-protein.pdb","VALID_EMPTY","EMPTY_VALID","0","0","","","true","verification/selection-exhaustive/evidence/N/N-002__EMPTY_VALID.png","398",""
"N-003","N","(chain A and resi 45 and name CA) extend 3","tests/fixtures/mini-protein.pdb","VALID_EMPTY","EMPTY_VALID","0","0","","","true","verification/selection-exhaustive/evidence/N/N-003__EMPTY_VALID.png","453",""
"O-001","O","polymer.protein within 4.0 of organic","tests/fixtures/mini-protein.pdb","VALID_NONEMPTY","PASS","4","4","","","true","verification/selection-exhaustive/evidence/O/O-001__PASS.png","901",""
"O-002","O","all within 4.0 of organic","tests/fixtures/mini-protein.pdb","VALID_NONEMPTY","PASS","6","6","","","true","verification/selection-exhaustive/evidence/O/O-002__PASS.png","908",""
"O-003","O","solvent within 4.0 of organic","tests/fixtures/mini-protein.pdb","VALID_EMPTY","EMPTY_VALID","0","0","","","true","verification/selection-exhaustive/evidence/O/O-003__EMPTY_VALID.png","472",""
"O-004","O","metals within 5.0 of organic","tests/fixtures/mini-protein.pdb","VALID_EMPTY","EMPTY_VALID","0","0","","","true","verification/selection-exhaustive/evidence/O/O-004__EMPTY_VALID.png","466",""
"O-005","O","chain A within 4.0 of organic","tests/fixtures/mini-protein.pdb","VALID_NONEMPTY","PASS","6","6","","","true","verification/selection-exhaustive/evidence/O/O-005__PASS.png","880",""
"O-006","O","all within 0 of organic","tests/fixtures/mini-protein.pdb","VALID_NONEMPTY","PASS","2","2","","","true","verification/selection-exhaustive/evidence/O/O-006__PASS.png","878",""
"O-007","O","all within 0.1 of organic","tests/fixtures/mini-protein.pdb","VALID_NONEMPTY","PASS","2","2","","","true","verification/selection-exhaustive/evidence/O/O-007__PASS.png","933",""
"O-008","O","all within 100 of organic","tests/fixtures/mini-protein.pdb","VALID_NONEMPTY","PASS","12","12","","","true","verification/selection-exhaustive/evidence/O/O-008__PASS.png","992",""
"P-001","P","organic around 4.0","tests/fixtures/mini-protein.pdb","SYNTAX_ERROR","INVALID_EXPECTED","0","0","","","true","verification/selection-exhaustive/evidence/P/P-001__INVALID_EXPECTED.png","389",""
"P-002","P","all within 4.0 of organic","tests/fixtures/mini-protein.pdb","VALID_NONEMPTY","PASS","6","6","","","true","verification/selection-exhaustive/evidence/P/P-002__PASS.png","934",""
"P-003","P","resi 45 around 3","tests/fixtures/mini-protein.pdb","SYNTAX_ERROR","INVALID_EXPECTED","0","0","","","true","verification/selection-exhaustive/evidence/P/P-003__INVALID_EXPECTED.png","386",""
"Q-001","Q","all near_to 4.0 of organic","tests/fixtures/mini-protein.pdb","VALID_NONEMPTY","PASS","4","4","","","true","verification/selection-exhaustive/evidence/Q/Q-001__PASS.png","961",""
"Q-002","Q","all within 4.0 of organic","tests/fixtures/mini-protein.pdb","VALID_NONEMPTY","PASS","6","6","","","true","verification/selection-exhaustive/evidence/Q/Q-002__PASS.png","858",""
"R-001","R","all beyond 4.0 of organic","tests/fixtures/mini-protein.pdb","VALID_NONEMPTY","PASS","6","6","","","true","verification/selection-exhaustive/evidence/R/R-001__PASS.png","932",""
"R-002","R","all beyond 8.0 of organic","tests/fixtures/mini-protein.pdb","VALID_EMPTY","EMPTY_VALID","0","0","","","true","verification/selection-exhaustive/evidence/R/R-002__EMPTY_VALID.png","487",""
"R-003","R","all beyond 20.0 of organic","tests/fixtures/mini-protein.pdb","VALID_EMPTY","EMPTY_VALID","0","0","","","true","verification/selection-exhaustive/evidence/R/R-003__EMPTY_VALID.png","422",""
"S-001","S","organic expand 2","tests/fixtures/mini-protein.pdb","VALID_NONEMPTY","PASS","3","3","","","true","verification/selection-exhaustive/evidence/S/S-001__PASS.png","973",""
"S-002","S","organic expand 4","tests/fixtures/mini-protein.pdb","VALID_NONEMPTY","PASS","6","6","","","true","verification/selection-exhaustive/evidence/S/S-002__PASS.png","1176",""
"S-003","S","organic expand 6","tests/fixtures/mini-protein.pdb","VALID_NONEMPTY","PASS","11","11","","","true","verification/selection-exhaustive/evidence/S/S-003__PASS.png","1408",""
"S-004","S","organic extend 4","tests/fixtures/mini-protein.pdb","VALID_NONEMPTY","PASS","2","2","","","true","verification/selection-exhaustive/evidence/S/S-004__PASS.png","1236",""
"T-001","T","organic gap 1.0","tests/fixtures/mini-protein.pdb","VALID_NONEMPTY","PASS","5","5","","","true","verification/selection-exhaustive/evidence/T/T-001__PASS.png","1289",""
"T-002","T","organic gap 2.0","tests/fixtures/mini-protein.pdb","VALID_NONEMPTY","PASS","2","2","","","true","verification/selection-exhaustive/evidence/T/T-002__PASS.png","1272",""
"U-001","U","b < 100","tests/fixtures/mini-protein.pdb","VALID_NONEMPTY","PASS","12","12","","","true","verification/selection-exhaustive/evidence/U/U-001__PASS.png","1252",""
"U-002","U","b < 50","tests/fixtures/mini-protein.pdb","VALID_NONEMPTY","PASS","12","12","","","true","verification/selection-exhaustive/evidence/U/U-002__PASS.png","1228",""
"U-003","U","b >= 20","tests/fixtures/mini-protein.pdb","VALID_NONEMPTY","PASS","12","12","","","true","verification/selection-exhaustive/evidence/U/U-003__PASS.png","1458",""
"U-004","U","polymer.protein and b > 30","tests/fixtures/mini-protein.pdb","VALID_EMPTY","EMPTY_VALID","0","0","","","true","verification/selection-exhaustive/evidence/U/U-004__EMPTY_VALID.png","634",""
"U-005","U","b < -999","tests/fixtures/mini-protein.pdb","VALID_EMPTY","EMPTY_VALID","0","0","","","true","verification/selection-exhaustive/evidence/U/U-005__EMPTY_VALID.png","450",""
"U-006","U","b > 99999","tests/fixtures/mini-protein.pdb","VALID_EMPTY","EMPTY_VALID","0","0","","","true","verification/selection-exhaustive/evidence/U/U-006__EMPTY_VALID.png","476",""
"V-001","V","q < 1.0","tests/fixtures/mini-protein.pdb","VALID_EMPTY","EMPTY_VALID","0","0","","","true","verification/selection-exhaustive/evidence/V/V-001__EMPTY_VALID.png","454",""
"V-002","V","q = 1.0","tests/fixtures/mini-protein.pdb","VALID_NONEMPTY","PASS","12","12","","","true","verification/selection-exhaustive/evidence/V/V-002__PASS.png","938",""
"V-003","V","q > 0.5","tests/fixtures/mini-protein.pdb","VALID_NONEMPTY","PASS","12","12","","","true","verification/selection-exhaustive/evidence/V/V-003__PASS.png","932",""
"W-001","W","ss H","tests/fixtures/g1c-secondary-formal.pdb","VALID_EMPTY","EMPTY_VALID","0","0","","","true","verification/selection-exhaustive/evidence/W/W-001__EMPTY_VALID.png","2630",""
"W-002","W","ss S","tests/fixtures/g1c-secondary-formal.pdb","VALID_EMPTY","EMPTY_VALID","0","0","","","true","verification/selection-exhaustive/evidence/W/W-002__EMPTY_VALID.png","539",""
"W-003","W","ss L","tests/fixtures/g1c-secondary-formal.pdb","VALID_EMPTY","EMPTY_VALID","0","0","","","true","verification/selection-exhaustive/evidence/W/W-003__EMPTY_VALID.png","480",""
"W-004","W","ss H+S","tests/fixtures/g1c-secondary-formal.pdb","VALID_EMPTY","EMPTY_VALID","0","0","","","true","verification/selection-exhaustive/evidence/W/W-004__EMPTY_VALID.png","489",""
"W-005","W","polymer.protein and ss H","tests/fixtures/g1c-secondary-formal.pdb","VALID_EMPTY","EMPTY_VALID","0","0","","","true","verification/selection-exhaustive/evidence/W/W-005__EMPTY_VALID.png","434",""
"X-001","X","formal_charge = 1","tests/fixtures/charged.pqr","MISSING_DEPENDENCY","IMPLEMENTED_WITH_LIMITATION","0","0","","","true","verification/selection-exhaustive/evidence/X/X-001__IMPLEMENTED_WITH_LIMITATION.png","9719",""
"X-002","X","formal_charge = -1","tests/fixtures/charged.pqr","MISSING_DEPENDENCY","IMPLEMENTED_WITH_LIMITATION","0","0","","","true","verification/selection-exhaustive/evidence/X/X-002__IMPLEMENTED_WITH_LIMITATION.png","7387",""
"X-003","X","partial_charge < 0","tests/fixtures/charged.pqr","VALID_NONEMPTY","PASS","2","2","","","true","verification/selection-exhaustive/evidence/X/X-003__PASS.png","933",""
"X-004","X","partial_charge > 0","tests/fixtures/charged.pqr","VALID_NONEMPTY","PASS","1","1","","","true","verification/selection-exhaustive/evidence/X/X-004__PASS.png","944",""
"Y-001","Y","x < 0","tests/fixtures/mini-protein.pdb","VALID_EMPTY","EMPTY_VALID","0","0","","","true","verification/selection-exhaustive/evidence/Y/Y-001__EMPTY_VALID.png","2735",""
"Y-002","Y","x > 0","tests/fixtures/mini-protein.pdb","VALID_NONEMPTY","PASS","10","10","","","true","verification/selection-exhaustive/evidence/Y/Y-002__PASS.png","1035",""
"Y-003","Y","y < 0","tests/fixtures/mini-protein.pdb","VALID_NONEMPTY","PASS","2","2","","","true","verification/selection-exhaustive/evidence/Y/Y-003__PASS.png","866",""
"Y-004","Y","z > 0","tests/fixtures/mini-protein.pdb","VALID_EMPTY","EMPTY_VALID","0","0","","","true","verification/selection-exhaustive/evidence/Y/Y-004__EMPTY_VALID.png","430",""
"Y-005","Y","polymer.protein and x > 0","tests/fixtures/mini-protein.pdb","VALID_NONEMPTY","PASS","7","7","","","true","verification/selection-exhaustive/evidence/Y/Y-005__PASS.png","896",""
"Z-001","Z","state 1","tests/fixtures/multistate.pdb","MISSING_DEPENDENCY","PASS","4","0","","","true","verification/selection-exhaustive/evidence/Z/Z-001__PASS.png","3053",""
"Z-002","Z","state 2","tests/fixtures/multistate.pdb","MISSING_DEPENDENCY","EMPTY_VALID","0","0","","","true","verification/selection-exhaustive/evidence/Z/Z-002__EMPTY_VALID.png","375",""
"Z-003","Z","present","tests/fixtures/multistate.pdb","VALID_NONEMPTY","PASS","4","4","","","true","verification/selection-exhaustive/evidence/Z/Z-003__PASS.png","850",""
"Z-004","Z","present","tests/fixtures/multistate.pdb","VALID_NONEMPTY","PASS","4","4","","","true","verification/selection-exhaustive/evidence/Z/Z-004__PASS.png","883",""
